index,target
0,0.043986
1,0.755102
2,0.049935
3,0.034988
4,0.951986
5,0.000000
6,0.984556
7,0.193450
8,0.063140
9,0.701203
10,0.022778
11,0.003333
12,0.026553
13,0.569722
14,0.596884
15,0.354821
16,0.361754
17,0.763847
18,0.576558
19,0.991632
20,0.147663
21,0.859556
22,0.987527
23,0.135536
24,0.966788
25,0.072735
26,0.025550
27,0.006795
28,0.001905
29,0.001333
30,0.013757
31,0.003333
32,0.007222
33,0.358960
34,0.077232
35,0.215805
36,0.866105
37,0.013669
38,0.065051
39,0.173373
40,0.067604
41,0.953833
42,0.002500
43,0.457473
44,0.880000
45,0.014372
46,0.745427
47,0.210460
48,0.524230
49,0.229960
50,0.048896
51,0.002222
52,0.317083
53,0.020470
54,0.180813
55,0.040651
56,0.022356
57,0.952700
58,0.070619
59,0.629274
60,0.211162
61,0.035770
62,0.807861
63,0.775158
64,0.181095
65,0.001667
66,0.111336
67,0.899500
68,0.966258
69,0.333052
70,0.113478
71,0.306856
72,0.033910
73,0.118876
74,0.095729
75,0.002333
76,0.007500
77,0.008333
78,0.026701
79,0.857026
80,0.341884
81,0.437370
82,0.244640
83,0.150133
84,0.165093
85,0.491503
86,0.616112
87,0.042667
88,0.345303
89,0.005556
90,0.746005
91,0.058267
92,0.119602
93,0.165819
94,0.220589
95,0.551440
96,0.497110
97,0.119389
98,0.988722
99,0.334336
100,0.016203
101,0.049489
102,0.062020
103,0.235389
104,0.374655
105,0.055056
106,0.870453
107,0.783747
108,0.532459
109,0.263647
110,0.924271
111,0.077897
112,0.238294
113,0.004167
114,0.012611
115,0.234899
116,0.972141
117,0.279206
118,0.258338
119,0.914182
120,0.892317
121,0.000270
122,0.509000
123,0.108353
124,0.103341
125,0.214423
126,0.030716
127,0.286774
128,0.177721
129,0.028998
130,0.033333
131,0.058266
132,0.993222
133,0.146306
134,0.994444
135,0.873358
136,0.988683
137,0.924758
138,0.792992
139,0.130103
140,0.027778
141,0.571948
142,0.032737
143,0.111073
144,0.000833
145,0.993109
146,0.645677
147,0.871236
148,0.915694
149,0.130704
150,0.722833
151,0.102714
152,0.083857
153,0.042917
154,0.023210
155,0.043128
156,0.450893
157,0.508117
158,0.067581
159,0.034066
160,0.006944
161,0.601800
162,0.052678
163,0.676262
164,0.182667
165,0.036492
166,0.155945
167,0.000742
168,0.975397
169,0.010000
170,0.097946
171,0.121452
172,0.118944
173,0.870604
174,0.004683
175,0.009722
176,0.969047
177,0.985119
178,0.000000
179,0.893533
180,0.194424
181,0.109278
182,0.505964
183,0.133618
184,0.941438
185,0.284544
186,0.448764
187,0.005619
188,0.231081
189,0.022667
190,0.011841
191,0.928083
192,0.134595
193,0.064206
194,0.274499
195,0.971161
196,0.033271
197,0.990498
198,0.182714
199,0.432620
200,0.403955
201,0.079028
202,0.976875
203,0.015833
204,0.039865
205,0.028516
206,0.115043
207,0.868667
208,0.109835
209,1.000000
210,0.199444
211,0.005667
212,0.536544
213,0.023000
214,0.063249
215,0.193563
216,0.046861
217,0.411299
218,0.919535
219,0.628970
220,0.235473
221,0.133675
222,0.068290
223,0.067730
224,0.254655
225,1.000000
226,0.914984
227,0.044553
228,0.830194
229,0.003333
230,0.050317
231,0.990556
232,0.296093
233,0.017270
234,0.441310
235,0.085890
236,0.259280
237,0.456505
238,0.063945
239,0.934060
240,0.053918
241,0.006452
242,0.215443
243,0.329963
244,0.963046
245,0.152460
246,0.248841
247,0.005833
248,0.550154
249,0.999333
250,0.156616
251,0.044656
252,0.111119
253,0.113526
254,0.202893
255,0.166998
256,0.479022
257,0.591333
258,0.013056
259,0.029640
260,0.348222
261,0.097210
262,0.983889
263,0.915230
264,0.002778
265,0.211845
266,0.702888
267,0.126233
268,0.009571
269,0.005925
270,0.324320
271,0.090083
272,0.031058
273,0.055534
274,0.996333
275,0.995000
276,0.183489
277,0.026540
278,0.018333
279,0.174735
280,0.948225
281,0.841560
282,0.645651
283,0.022845
284,0.209322
285,0.120315
286,0.057478
287,0.023611
288,0.940025
289,0.465733
290,0.480894
291,0.990919
292,0.859538
293,0.998333
294,0.005284
295,0.168510
296,0.159323
297,0.239105
298,0.002222
299,0.957619
300,0.147946
301,0.878923
302,0.785762
303,0.059317
304,0.702056
305,0.832139
306,0.152505
307,0.034179
308,0.461222
309,0.412939
310,0.985500
311,0.019211
312,0.411339
313,0.030556
314,0.522249
315,0.010021
316,0.951841
317,0.056986
318,0.000000
319,0.558094
320,0.365274
321,0.032667
322,0.000000
323,0.053778
324,0.204126
325,0.701206
326,0.064473
327,0.731418
328,0.021222
329,0.003718
330,0.626154
331,0.006203
332,0.218077
333,0.069400
334,0.156825
335,0.271187
336,0.050889
337,0.996567
338,0.099857
339,0.136218
340,0.030000
341,0.998333
342,0.856140
343,0.358912
344,0.108057
345,0.979213
346,0.313667
347,0.101254
348,0.007778
349,0.321237
350,0.996667
351,0.025528
352,0.025133
353,0.187260
354,0.137210
355,0.135822
356,0.899929
357,0.014428
358,0.981048
359,0.343415
360,0.258857
361,0.563717
362,0.007778
363,0.089333
364,0.012418
365,0.616996
366,0.109256
367,0.407812
368,0.497710
369,0.927168
370,0.678289
371,0.780795
372,0.085701
373,0.194153
374,0.055667
375,0.794472
376,0.203898
377,0.000000
378,0.035370
379,0.002333
380,0.024971
381,0.121418
382,0.827431
383,0.171893
384,0.188334
385,0.318608
386,0.046828
387,0.534264
388,0.097536
389,0.036929
390,0.798460
391,0.023667
392,0.016222
393,0.677052
394,0.978333
395,0.725301
396,0.875722
397,0.372178
398,0.091604
399,0.000000
400,0.110569
401,0.000000
402,0.010833
403,0.246395
404,0.045079
405,0.040944
406,0.973280
407,0.158771
408,0.066589
409,0.088045
410,0.062458
411,0.708582
412,0.058165
413,0.378618
414,0.161235
415,0.140698
416,0.974564
417,0.224942
418,0.115484
419,0.993333
420,0.181712
421,0.004000
422,0.021410
423,0.772354
424,0.919293
425,0.044032
426,0.184407
427,0.023389
428,0.817361
429,0.906944
430,0.988333
431,0.140872
432,0.295893
433,0.139464
434,0.719885
435,0.053898
436,0.956612
437,0.100343
438,0.013333
439,0.889722
440,0.693833
441,0.097079
442,0.055783
443,0.008944
444,0.128939
445,0.019769
446,0.999004
447,0.170079
448,0.056063
449,0.333787
450,0.129729
451,0.421603
452,0.969858
453,0.332534
454,0.035093
455,0.912105
456,0.847032
457,0.053079
458,0.461227
459,0.302685
460,0.322070
461,0.382019
462,0.384947
463,0.951801
464,0.084167
465,0.994386
466,0.803540
467,0.005556
468,0.845719
469,0.907204
470,0.194238
471,0.487325
472,0.991600
473,0.101024
474,0.034653
475,0.010556
476,0.017833
477,0.139769
478,0.210751
479,0.594398
480,0.009056
481,0.995940
482,0.096291
483,0.999940
484,0.912887
485,0.021925
486,0.028219
487,0.088110
488,0.029000
489,0.006425
490,0.059572
491,0.031286
492,0.000000
493,0.063937
494,0.357762
495,0.161198
496,0.058746
497,0.618039
498,0.335957
499,0.090937
500,0.959880
501,0.049990
502,0.196663
503,0.191629
504,0.679141
505,0.178745
506,0.006944
507,0.995000
508,0.693942
509,0.083550
510,0.246455
511,0.591809
512,0.103683
513,0.978016
514,0.972829
515,0.908828
516,0.681274
517,0.318261
518,0.186285
519,0.093689
520,0.564498
521,0.194536
522,0.907320
523,0.554448
524,0.255738
525,0.939944
526,0.358434
527,0.007667
528,0.338712
529,0.994381
530,0.029778
531,0.000000
532,0.042556
533,0.003485
534,0.002500
535,0.268396
536,0.070714
537,0.834267
538,0.019359
539,0.934603
540,0.372310
541,0.049968
542,0.002222
543,0.372529
544,0.903825
545,0.013910
546,0.503156
547,0.002778
548,0.085046
549,0.023211
550,0.878889
551,0.738424
552,0.337153
553,0.038500
554,0.122729
555,0.352244
556,0.006667
557,0.128298
558,0.508031
559,0.011349
560,0.070148
561,0.253066
562,0.990012
563,0.370015
564,0.006111
565,0.988602
566,0.120048
567,0.014645
568,0.684981
569,0.334501
570,0.274483
571,0.113920
572,0.624870
573,0.020750
574,0.449374
575,0.065573
576,0.916666
577,0.027591
578,0.012667
579,0.153522
580,0.148278
581,0.325469
582,0.000000
583,0.021444
584,0.000000
585,0.427461
586,0.578885
587,0.561221
588,0.002222
589,0.077286
590,0.172034
591,0.005000
592,0.077432
593,0.039860
594,0.132222
595,0.368564
596,0.064884
597,0.102339
598,0.203205
599,0.911561
600,0.012244
601,0.009444
602,0.002328
603,0.248678
604,0.916643
605,0.109685
606,0.037667
607,0.036822
608,0.000000
609,0.023000
610,0.067956
611,0.239181
612,0.025644
613,0.008833
614,0.103653
615,0.422663
616,0.003056
617,0.050556
618,0.002667
619,0.010919
620,0.034179
621,0.016056
622,0.429620
623,0.001111
624,0.099927
625,0.437619
626,0.820671
627,0.992774
628,0.017309
629,0.873087
630,0.012222
631,0.051800
632,0.490933
633,0.986237
634,0.078886
635,0.634176
636,0.005556
637,0.007403
638,0.000000
639,0.973236
640,0.293994
641,0.647024
642,0.007778
643,0.082546
644,0.947333
645,0.016032
646,0.053016
647,0.099426
648,0.230683
649,0.459382
650,0.115386
651,0.955657
652,0.894319
653,0.023825
654,0.067581
655,0.006278
656,0.175889
657,0.962273
658,0.495206
659,0.173167
660,0.004000
661,0.456757
662,0.054894
663,0.168928
664,0.601846
665,0.044399
666,0.075039
667,0.961500
668,0.160538
669,0.743396
670,0.029167
671,0.471731
672,0.026230
673,0.150313
674,1.000000
675,0.007061
676,0.008333
677,0.670534
678,0.148346
679,0.525869
680,0.168279
681,0.064486
682,0.845611
683,0.184000
684,0.188446
685,0.103522
686,0.132385
687,0.138845
688,0.968034
689,0.117852
690,0.968368
691,0.052382
692,0.027593
693,0.941889
694,0.034984
695,0.774876
696,0.009262
697,0.282283
698,0.975991
699,0.013914
700,0.048369
701,0.247838
702,0.003778
703,0.005556
704,0.046139
705,0.067833
706,0.045500
707,0.501022
708,0.059187
709,0.129584
710,0.019802
711,0.120585
712,0.995000
713,0.160538
714,0.838352
715,0.027472
716,0.009000
717,0.168816
718,0.190121
719,0.066659
720,0.005000
721,0.144906
722,0.295772
723,0.593068
724,0.513513
725,0.489365
726,0.020304
727,0.995995
728,0.076934
729,0.138599
730,0.178508
731,0.029855
732,0.996742
733,0.952388
734,0.377882
735,0.008611
736,0.493228
737,0.052778
738,0.250704
739,0.431174
740,0.956982
741,0.704486
742,0.294612
743,0.218312
744,0.071811
745,0.018597
746,0.969000
747,0.843841
748,0.109767
749,0.527433
750,0.071084
751,0.255531
752,0.386614
753,0.329835
754,0.058167
755,0.076437
756,0.269905
757,0.129904
758,0.001667
759,0.038944
760,0.723761
761,0.094965
762,0.798504
763,0.042540
764,0.005278
765,0.972849
766,0.198066
767,0.875320
768,0.366051
769,0.491087
770,0.333715
771,0.019188
772,0.989051
773,0.025924
774,0.295009
775,0.987956
776,0.293025
777,0.002540
778,0.330570
779,0.548425
780,0.005000
781,0.023611
782,0.382857
783,0.030101
784,0.490392
785,0.977016
786,0.645801
787,0.014853
788,0.900646
789,0.026394
790,0.585745
791,0.016667
792,0.053151
793,0.060229
794,0.206980
795,0.186572
796,0.091238
797,0.008056
798,0.695288
799,0.493929
800,0.423241
801,0.671435
802,0.021192
803,0.009722
804,0.129770
805,0.102454
806,0.011889
807,0.012790
808,0.078433
809,0.302658
810,0.086753
811,0.150389
812,0.949364
813,0.345520
814,0.963230
815,0.023056
816,0.324388
817,0.832908
818,0.457468
819,0.021735
820,0.999167
821,1.000000
822,0.202003
823,0.068417
824,0.412284
825,0.001667
826,0.254306
827,0.112449
828,0.092750
829,0.977099
830,0.783946
831,0.008211
832,0.960908
833,0.402488
834,0.809458
835,0.000833
836,0.425228
837,0.175527
838,0.372219
839,0.985556
840,0.069610
841,0.091348
842,0.288286
843,0.016000
844,0.357164
845,0.990611
846,0.998889
847,0.019643
848,0.001667
849,0.719364
850,0.342317
851,0.839153
852,0.170299
853,0.097389
854,0.996790
855,0.040778
856,0.791179
857,0.937600
858,0.027050
859,0.617967
860,0.014778
861,0.773577
862,0.371251
863,0.862028
864,0.016899
865,0.385937
866,0.920537
867,0.043668
868,0.122500
869,0.642326
870,0.023553
871,1.000000
872,0.020333
873,0.011389
874,0.982083
875,0.787614
876,0.014222
877,0.205659
878,0.138466
879,0.829627
880,0.034290
881,0.234363
882,0.843687
883,0.221446
884,0.008823
885,0.997155
886,0.007061
887,0.975083
888,0.031889
889,0.018667
890,0.278942
891,0.385915
892,0.212246
893,0.072056
894,0.591795
895,0.403202
896,0.793306
897,0.130167
898,0.013222
899,0.569083
900,0.158245
901,0.003095
902,0.464850
903,0.913230
904,0.025529
905,0.974889
906,0.083952
907,0.010149
908,0.937579
909,0.048645
910,0.148015
911,0.147371
912,0.043957
913,0.039465
914,0.035167
915,0.070282
916,0.197123
917,0.422832
918,0.054103
919,0.498876
920,0.001111
921,0.001239
922,0.021713
923,0.979222
924,0.987116
925,0.859393
926,0.094306
927,0.104870
928,0.134313
929,0.560624
930,0.538803
931,0.048176
932,0.925349
933,0.028611
934,0.039408
935,0.129478
936,0.836670
937,0.081278
938,0.096474
939,0.537592
940,0.054966
941,0.957206
942,0.891437
943,1.000000
944,0.444824
945,0.191290
946,0.063669
947,0.574397
948,0.072056
949,0.073643
950,0.954584
951,0.227927
952,0.294546
953,0.232827
954,0.080268
955,0.396590
956,0.999190
957,0.364584
958,0.046407
959,0.618129
960,0.020000
961,0.980754
962,0.019296
963,0.399472
964,0.515185
965,0.130294
966,0.199595
967,0.008333
968,0.023167
969,0.003556
970,0.093444
971,0.085832
972,1.000000
973,0.066244
974,0.626156
975,0.017153
976,0.024667
977,0.797448
978,0.065175
979,0.985722
980,0.864046
981,0.985756
982,0.256784
983,0.047827
984,0.926111
985,0.053508
986,0.854151
987,0.256752
988,0.311878
989,0.650444
990,0.928201
991,0.100738
992,0.080129
993,0.031410
994,0.071099
995,0.996667
996,0.156389
997,0.030468
998,0.189581
999,0.845752
1000,0.934767
1001,0.956611
1002,0.006389
1003,0.008889
1004,0.522859
1005,0.880977
1006,0.979317
1007,0.528034
1008,0.017960
1009,0.412870
1010,0.075965
1011,0.174253
1012,0.043625
1013,0.265279
1014,0.467753
1015,0.029278
1016,0.012500
1017,0.484220
1018,0.807456
1019,0.008333
1020,0.239469
1021,0.993570
1022,0.692143
1023,0.577253
1024,0.016056
1025,0.005146
1026,0.044722
1027,0.108283
1028,0.034144
1029,0.137373
1030,0.000000
1031,0.425278
1032,0.437092
1033,0.008444
1034,0.696294
1035,0.036932
1036,0.165887
1037,0.786563
1038,0.059291
1039,0.902478
1040,0.390912
1041,0.083517
1042,0.019528
1043,0.394438
1044,0.003333
1045,0.069142
1046,0.000833
1047,0.235312
1048,0.509815
1049,0.744911
1050,0.000000
1051,0.197400
1052,0.031789
1053,0.991944
1054,0.380017
1055,0.142197
1056,0.177747
1057,0.157484
1058,0.000000
1059,0.979545
1060,0.299311
1061,0.016374
1062,0.016778
1063,0.324317
1064,0.955566
1065,0.115000
1066,0.035611
1067,0.116562
1068,0.119960
1069,1.000000
1070,0.175296
1071,0.455071
1072,0.021992
1073,0.912317
1074,0.014889
1075,0.038401
1076,0.000000
1077,0.011687
1078,0.027971
1079,0.964389
1080,0.001667
1081,0.008780
1082,0.834834
1083,0.059810
1084,0.789616
1085,0.554829
1086,0.675227
1087,0.252095
1088,0.006944
1089,0.815972
1090,0.061870
1091,0.992167
1092,0.072788
1093,0.063093
1094,1.000000
1095,0.595198
1096,0.072167
1097,0.512320
1098,0.036905
1099,0.418164
1100,0.240300
1101,0.067167
1102,0.142191
1103,0.244233
1104,0.103811
1105,0.176238
1106,0.177693
1107,0.122291
1108,0.019957
1109,0.433524
1110,0.789573
1111,0.009444
1112,0.013333
1113,0.503212
1114,0.330997
1115,0.254587
1116,0.181063
1117,0.854139
1118,0.265997
1119,0.003333
1120,0.058373
1121,0.167671
1122,0.026431
1123,0.394490
1124,0.021410
1125,0.179147
1126,0.968716
1127,0.265861
1128,0.026444
1129,0.054155
1130,0.032778
1131,0.028099
1132,0.025500
1133,0.010000
1134,0.999837
1135,0.119520
1136,0.021577
1137,0.003333
1138,0.884944
1139,0.159389
1140,0.564123
1141,0.989444
1142,0.008807
1143,0.239332
1144,0.941706
1145,0.989475
1146,1.000000
1147,0.088044
1148,0.006667
1149,0.429909
1150,0.990278
1151,0.000000
1152,0.160335
1153,0.985778
1154,0.221643
1155,0.017102
1156,0.251719
1157,0.485460
1158,0.552682
1159,0.858900
1160,0.118652
1161,0.026085
1162,0.215380
1163,0.025444
1164,0.173907
1165,0.001831
1166,0.437944
1167,0.808920
1168,0.921718
1169,0.764662
1170,0.050407
1171,0.011889
1172,0.951351
1173,0.016848
1174,0.029509
1175,0.239331
1176,0.047691
1177,0.025314
1178,0.017617
1179,0.025398
1180,0.916304
1181,0.125592
1182,0.043314
1183,0.075470
1184,0.644460
1185,0.134798
1186,0.842330
1187,0.015479
1188,0.001667
1189,0.223785
1190,0.155841
1191,0.210213
1192,0.989844
1193,0.112611
1194,0.146680
1195,0.015149
1196,0.240270
1197,0.684647
1198,0.100556
1199,0.948299
1200,0.545592
1201,0.065509
1202,0.374934
1203,0.091686
1204,0.481397
1205,0.032500
1206,0.767056
1207,0.053633
1208,0.310200
1209,0.167056
1210,0.892500
1211,0.679879
1212,0.002222
1213,0.034014
1214,0.018064
1215,0.041958
1216,0.040718
1217,0.618234
1218,0.083762
1219,0.013576
1220,0.870556
1221,0.180576
1222,0.621993
1223,0.102368
1224,0.272519
1225,0.614169
1226,0.073442
1227,0.989306
1228,0.104107
1229,0.766398
1230,0.001944
1231,0.876056
1232,0.455056
1233,0.022500
1234,0.052332
1235,0.664726
1236,0.370706
1237,0.397383
1238,0.081347
1239,0.506260
1240,0.497979
1241,0.039567
1242,0.026667
1243,0.182556
1244,0.428905
1245,0.040869
1246,0.020278
1247,0.032929
1248,0.256972
1249,0.975452
1250,0.193810
1251,0.052005
1252,0.767238
1253,0.989711
1254,1.000000
1255,0.612279
1256,0.155958
1257,0.958564
1258,0.003556
1259,1.000000
1260,0.414995
1261,0.075517
1262,0.005000
1263,0.015413
1264,0.075556
1265,0.993665
1266,0.022056
1267,0.982440
1268,0.057257
1269,0.018889
1270,0.579575
1271,0.020688
1272,0.079000
1273,0.421868
1274,0.872619
1275,0.192757
1276,0.026514
1277,0.171907
1278,0.378710
1279,0.010778
1280,0.927167
1281,0.016570
1282,0.919419
1283,0.066163
1284,0.130667
1285,0.431615
1286,0.311219
1287,0.456457
1288,0.252474
1289,0.004444
1290,0.278776
1291,0.102875
1292,0.125833
1293,0.012616
1294,0.275740
1295,0.457926
1296,0.835595
1297,0.078778
1298,0.016296
1299,0.003056
1300,0.314958
1301,0.038002
1302,0.074148
1303,0.973611
1304,0.032924
1305,0.996667
1306,0.271523
1307,0.004667
1308,0.001667
1309,0.978746
1310,0.133139
1311,0.041468
1312,0.388000
1313,0.016389
1314,0.844857
1315,0.002083
1316,0.092191
1317,0.510407
1318,0.216635
1319,0.269429
1320,0.376578
1321,0.853048
1322,0.015056
1323,0.060207
1324,0.024586
1325,0.059722
1326,0.924508
1327,0.884184
1328,0.030594
1329,0.386359
1330,0.971444
1331,0.243996
1332,0.047944
1333,0.048984
1334,0.741699
1335,0.426851
1336,0.011111
1337,0.005556
1338,0.030278
1339,0.113983
1340,0.398268
1341,0.813493
1342,0.884351
1343,0.451207
1344,0.185222
1345,0.132183
1346,0.995000
1347,0.751921
1348,0.064614
1349,0.025944
1350,0.205472
1351,0.236487
1352,0.230935
1353,0.006944
1354,0.207312
1355,0.974526
1356,0.077212
1357,0.508344
1358,0.359169
1359,0.079559
1360,0.955602
1361,0.270029
1362,0.588830
1363,0.912745
1364,0.028603
1365,0.973050
1366,0.133852
1367,0.890412
1368,0.633425
1369,0.461148
1370,0.470056
1371,0.298474
1372,0.015222
1373,0.161995
1374,0.089656
1375,0.946873
1376,0.101655
1377,1.000000
1378,0.033859
1379,0.037889
1380,0.827073
1381,0.869482
1382,0.006825
1383,0.988667
1384,0.102417
1385,0.380585
1386,0.598732
1387,0.885639
1388,0.776218
1389,0.996667
1390,0.019161
1391,0.736758
1392,0.309889
1393,0.547129
1394,0.012306
1395,0.734227
1396,0.082069
1397,0.086067
1398,0.034520
1399,0.996384
1400,0.023889
1401,0.021092
1402,0.005333
1403,0.514997
1404,0.018214
1405,0.090929
1406,0.040485
1407,0.125522
1408,0.031611
1409,0.000000
1410,0.007444
1411,0.071046
1412,0.582579
1413,0.873603
1414,0.034000
1415,0.253685
1416,0.987308
1417,0.058109
1418,0.230608
1419,0.527933
1420,0.288085
1421,0.982080
1422,0.055095
1423,0.039890
1424,0.054721
1425,0.009602
1426,0.033444
1427,0.015460
1428,0.011534
1429,0.000758
1430,0.097103
1431,0.462473
1432,0.076500
1433,0.646367
1434,0.727621
1435,0.004999
1436,0.010556
1437,0.980385
1438,0.017693
1439,0.974889
1440,0.010705
1441,0.064611
1442,0.444120
1443,0.043508
1444,0.184775
1445,0.678256
1446,0.827953
1447,0.065935
1448,0.145693
1449,0.821151
1450,0.165833
1451,0.005000
1452,0.161023
1453,0.965582
1454,0.980271
1455,0.138216
1456,0.062778
1457,0.117056
1458,0.945613
1459,0.955967
1460,0.006688
1461,0.035925
1462,0.075653
1463,0.954061
1464,0.329033
1465,0.067111
1466,0.589570
1467,0.500951
1468,0.974456
1469,0.988056
1470,0.996603
1471,0.193310
1472,0.217954
1473,0.974278
1474,0.307957
1475,0.216211
1476,0.994444
1477,0.729905
1478,0.314516
1479,0.012333
1480,0.401180
1481,0.032797
1482,0.857897
1483,0.097016
1484,0.162199
1485,0.044871
1486,0.138920
1487,0.225438
1488,0.119746
1489,0.163578
1490,0.894919
1491,0.006032
1492,0.969908
1493,0.969722
1494,0.985778
1495,0.108719
1496,0.409035
1497,0.025667
1498,0.799183
1499,0.793105
1500,0.043775
1501,0.088701
1502,0.178434
1503,0.184808
1504,0.244257
1505,0.354279
1506,0.242131
1507,0.928551
1508,0.096508
1509,0.006611
1510,0.433531
1511,0.588154
1512,0.013798
1513,0.520002
1514,0.722585
1515,0.092480
1516,0.093801
1517,0.013056
1518,0.298202
1519,0.149026
1520,0.027373
1521,0.026000
1522,0.072421
1523,0.046270
1524,0.838991
1525,0.051497
1526,0.008500
1527,0.675387
1528,0.031857
1529,0.811569
1530,0.041278
1531,0.329954
1532,0.890722
1533,0.057394
1534,0.140765
1535,0.023571
1536,0.097139
1537,0.371101
1538,0.269667
1539,0.434666
1540,0.897390
1541,0.953032
1542,0.188059
1543,0.010833
1544,0.064278
1545,0.031159
1546,0.700298
1547,0.664305
1548,0.067799
1549,0.889366
1550,0.557370
1551,0.229516
1552,0.005833
1553,0.767837
1554,0.029924
1555,0.003214
1556,0.000000
1557,0.243389
1558,0.002145
1559,0.196960
1560,0.057555
1561,0.017716
1562,0.207592
1563,0.229899
1564,0.179003
1565,0.078611
1566,0.000000
1567,0.166169
1568,0.587160
1569,0.190296
1570,0.062297
1571,0.405760
1572,0.433013
1573,0.341959
1574,0.253222
1575,0.051935
1576,0.784248
1577,0.152559
1578,0.002500
1579,0.400470
1580,0.963998
1581,0.991946
1582,0.140802
1583,0.037001
1584,0.211085
1585,0.926635
1586,0.035500
1587,0.001133
1588,0.895546
1589,0.869278
1590,0.057100
1591,0.018056
1592,0.084386
1593,0.160371
1594,0.028703
1595,0.332951
1596,0.071082
1597,0.970711
1598,0.413563
1599,0.131630
1600,0.141167
1601,0.359468
1602,0.464697
1603,0.906870
1604,0.844985
1605,0.991333
1606,0.042139
1607,0.010741
1608,0.166080
1609,0.850182
1610,0.931950
1611,0.713960
1612,0.125580
1613,0.098699
1614,0.024652
1615,0.958825
1616,0.175373
1617,0.005378
1618,0.067480
1619,0.125274
1620,0.058480
1621,0.868200
1622,0.092848
1623,0.267758
1624,0.943285
1625,0.012778
1626,0.013514
1627,0.279730
1628,0.995295
1629,0.068984
1630,0.026667
1631,0.058287
1632,0.128565
1633,0.762702
1634,0.585184
1635,0.079379
1636,0.232194
1637,0.236232
1638,0.997778
1639,0.158756
1640,0.179711
1641,0.061112
1642,0.065500
1643,0.073630
1644,0.107185
1645,0.007222
1646,0.048462
1647,0.277940
1648,0.005397
1649,0.001111
1650,0.155780
1651,0.052648
1652,0.070350
1653,0.037125
1654,0.133563
1655,0.217903
1656,0.559110
1657,0.264217
1658,0.278631
1659,0.209793
1660,0.016111
1661,0.598627
1662,0.144330
1663,0.221421
1664,0.029524
1665,0.544726
1666,0.408482
1667,0.958188
1668,0.033979
1669,0.194736
1670,0.016444
1671,0.168097
1672,0.084090
1673,0.005000
1674,0.974960
1675,0.084193
1676,0.000000
1677,0.296232
1678,0.092881
1679,0.033750
1680,0.151004
1681,0.243163
1682,0.001111
1683,0.089000
1684,0.003889
1685,0.126119
1686,0.103622
1687,0.202100
1688,0.076675
1689,1.000000
1690,0.310965
1691,0.942423
1692,0.999942
1693,0.986040
1694,0.621492
1695,0.804814
1696,0.877516
1697,0.149314
1698,0.238132
1699,0.603509
1700,0.226014
1701,0.006667
1702,0.040448
1703,1.000000
1704,0.007778
1705,0.350052
1706,0.084575
1707,0.366504
1708,0.010397
1709,0.903595
1710,0.002078
1711,0.060175
1712,0.033064
1713,0.201530
1714,0.162605
1715,0.000000
1716,0.020211
1717,0.497417
1718,0.052339
1719,0.257468
1720,0.002778
1721,0.106433
1722,0.027222
1723,0.864243
1724,0.007500
1725,0.128353
1726,0.029500
1727,0.343103
1728,0.221721
1729,0.037163
1730,0.788167
1731,0.062578
1732,0.015444
1733,0.993333
1734,0.964229
1735,0.063710
1736,0.047048
1737,0.996667
1738,0.094410
1739,0.711681
1740,0.011873
1741,0.984873
1742,0.055305
1743,0.011806
1744,0.067044
1745,0.160167
1746,0.196157
1747,0.000000
1748,0.108574
1749,0.817038
1750,0.115413
1751,0.003889
1752,0.761745
1753,0.305488
1754,0.357667
1755,0.924663
1756,0.713382
1757,0.023889
1758,0.113603
1759,0.004683
1760,0.534032
1761,0.050762
1762,0.628732
1763,0.412511
1764,0.111153
1765,0.068823
1766,0.045827
1767,0.958785
1768,0.994167
1769,0.000000
1770,0.040854
1771,0.621891
1772,0.915847
1773,0.996333
1774,0.519700
1775,0.920119
1776,0.660272
1777,0.001667
1778,0.057167
1779,0.336875
1780,0.005556
1781,0.989876
1782,0.059587
1783,0.606453
1784,0.353705
1785,0.044415
1786,0.746938
1787,0.525224
1788,0.046869
1789,0.019394
1790,0.000022
1791,0.029960
1792,0.329551
1793,0.163996
1794,0.002222
1795,0.110948
1796,0.170294
1797,0.354980
1798,0.031957
1799,0.025056
1800,0.037448
1801,0.002889
1802,0.309524
1803,0.571850
1804,0.000000
1805,0.323781
1806,0.593963
1807,0.006889
1808,0.172389
1809,0.004253
1810,0.022513
1811,0.109798
1812,0.224113
1813,0.084590
1814,0.218729
1815,0.024097
1816,0.087618
1817,0.278325
1818,0.086463
1819,0.142100
1820,0.918389
1821,0.010833
1822,0.176314
1823,0.272447
1824,0.007222
1825,0.997718
1826,0.014053
1827,0.989110
1828,0.021917
1829,0.238631
1830,0.401095
1831,0.134414
1832,0.074889
1833,0.981444
1834,0.174107
1835,0.013077
1836,0.073144
1837,0.058063
1838,0.015444
1839,0.018417
1840,0.157608
1841,0.909033
1842,0.169951
1843,0.355569
1844,0.014222
1845,0.989107
1846,0.031840
1847,0.072888
1848,0.813932
1849,0.497124
1850,0.163036
1851,0.033335
1852,0.191643
1853,0.059711
1854,0.105710
1855,0.041584
1856,0.906194
1857,0.008722
1858,0.103155
1859,0.245042
1860,0.213008
1861,0.013869
1862,0.261530
1863,0.003611
1864,0.806220
1865,0.000000
1866,0.150110
1867,0.135484
1868,0.534358
1869,0.998103
1870,0.036880
1871,0.284895
1872,0.149376
1873,0.013278
1874,0.524388
1875,0.346869
1876,0.019056
1877,0.036255
1878,0.004111
1879,0.101874
1880,0.225535
1881,0.087574
1882,0.003889
1883,0.993246
1884,0.963500
1885,0.006111
1886,0.387251
1887,0.313383
1888,0.159309
1889,0.003175
1890,0.004167
1891,0.477429
1892,0.838138
1893,0.819237
1894,0.054500
1895,0.025022
1896,0.798301
1897,0.003889
1898,0.711377
1899,0.027059
1900,0.056837
1901,0.196042
1902,0.132222
1903,0.057000
1904,0.036952
1905,0.016856
1906,1.000000
1907,0.082593
1908,0.004444
1909,0.442879
1910,0.971802
1911,0.105204
1912,0.078254
1913,0.720214
1914,0.111052
1915,0.996389
1916,0.067222
1917,0.994635
1918,0.646488
1919,0.193362
1920,0.276369
1921,0.911878
1922,0.494265
1923,0.000000
1924,0.763961
1925,0.170225
1926,0.933359
1927,0.921394
1928,0.314508
1929,0.372387
1930,0.968991
1931,0.020597
1932,0.061056
1933,0.188107
1934,0.347960
1935,0.972291
1936,0.147053
1937,0.096511
1938,0.056976
1939,0.025333
1940,0.674062
1941,0.023198
1942,0.949649
1943,0.565270
1944,0.003944
1945,0.000000
1946,0.272214
1947,0.060922
1948,0.570238
1949,0.006222
1950,0.369941
1951,0.963273
1952,0.937050
1953,0.149909
1954,0.185026
1955,0.016656
1956,0.047889
1957,0.747974
1958,0.303001
1959,0.072835
1960,0.078179
1961,0.254476
1962,0.281497
1963,0.127608
1964,0.202439
1965,0.188021
1966,0.991789
1967,0.006730
1968,0.062450
1969,0.195004
1970,0.296194
1971,0.984333
1972,0.700686
1973,0.028735
1974,0.903550
1975,0.582061
1976,0.001688
1977,0.917714
1978,0.037631
1979,1.000000
1980,0.986833
1981,0.424222
1982,0.116067
1983,0.127722
1984,0.429837
1985,0.084868
1986,0.100809
1987,0.515725
1988,0.001667
1989,0.077999
1990,0.350213
1991,0.995903
1992,0.143207
1993,0.003889
1994,0.886004
1995,0.391086
1996,0.360746
1997,0.263287
1998,0.537531
1999,0.948944
2000,0.279611
2001,0.041425
2002,0.253225
2003,0.998333
2004,0.051738
2005,0.054184
2006,0.997306
2007,0.106985
2008,0.355069
2009,0.169279
2010,0.951265
2011,0.691284
2012,0.525562
2013,0.785281
2014,0.953532
2015,0.009308
2016,0.800925
2017,0.756183
2018,0.001667
2019,0.125164
2020,0.017294
2021,0.819858
2022,0.262007
2023,0.329506
2024,0.998333
2025,0.852374
2026,0.738317
2027,0.004167
2028,0.154526
2029,0.002222
2030,0.998273
2031,0.207127
2032,0.981000
2033,0.467560
2034,0.977672
2035,0.998889
2036,0.081413
2037,0.026833
2038,0.037758
2039,0.852889
2040,0.008444
2041,0.698183
2042,0.189222
2043,0.965405
2044,0.728881
2045,0.005000
2046,0.010800
2047,0.302809
2048,0.109083
2049,0.980671
2050,0.970746
2051,0.751835
2052,0.023127
2053,0.249042
2054,0.763388
2055,0.007481
2056,0.019556
2057,0.775686
2058,0.002222
2059,0.010222
2060,0.048139
2061,0.373132
2062,0.155751
2063,0.138082
2064,0.850447
2065,0.716857
2066,0.239180
2067,0.946408
2068,0.578306
2069,0.385840
2070,0.233882
2071,0.452375
2072,0.260746
2073,0.002778
2074,0.186370
2075,0.434710
2076,0.008688
2077,0.056500
2078,0.024833
2079,0.034444
2080,0.061116
2081,0.607596
2082,0.259957
2083,0.068070
2084,0.526099
2085,0.075360
2086,0.038014
2087,0.109059
2088,0.967343
2089,0.026944
2090,0.476262
2091,0.131904
2092,0.088595
2093,0.016727
2094,0.528778
2095,1.000000
2096,0.251203
2097,0.025548
2098,0.627765
2099,0.291905
2100,0.987500
2101,0.041889
2102,0.590040
2103,0.355452
2104,0.006388
2105,0.009008
2106,0.052344
2107,0.835445
2108,0.027903
2109,0.041686
2110,0.010556
2111,0.537230
2112,0.142698
2113,0.595526
2114,0.306234
2115,0.236941
2116,0.986731
2117,0.947409
2118,0.008611
2119,0.788958
2120,0.215355
2121,0.031667
2122,0.106076
2123,0.963139
2124,0.064237
2125,0.829056
2126,0.042373
2127,0.099384
2128,0.049961
2129,0.083878
2130,0.055167
2131,0.131125
2132,0.953841
2133,0.065347
2134,0.001349
2135,0.171243
2136,0.000000
2137,0.987056
2138,0.020278
2139,0.085300
2140,0.021069
2141,0.373758
2142,0.345905
2143,0.752034
2144,0.699819
2145,0.850917
2146,0.290560
2147,0.989444
2148,0.040810
2149,0.849048
2150,0.387791
2151,0.934046
2152,0.682642
2153,0.165389
2154,0.046611
2155,0.143957
2156,0.978139
2157,0.003611
2158,0.577349
2159,0.885811
2160,0.812056
2161,0.008976
2162,0.350310
2163,0.071822
2164,0.113666
2165,0.214503
2166,0.228672
2167,0.407102
2168,0.051653
2169,0.045511
2170,0.893485
2171,0.019244
2172,0.630547
2173,0.976713
2174,0.418993
2175,0.013914
2176,0.082716
2177,0.013778
2178,0.073154
2179,0.040302
2180,0.788907
2181,0.035715
2182,0.002500
2183,0.329178
2184,0.139085
2185,0.080945
2186,0.587008
2187,0.013889
2188,0.059165
2189,0.339688
2190,0.001667
2191,0.980196
2192,0.930774
2193,0.036688
2194,0.004816
2195,0.142392
2196,0.046387
2197,0.985774
2198,0.934837
2199,0.142135
2200,0.027663
2201,0.253255
2202,0.009778
2203,0.869810
2204,0.955000
2205,0.691805
2206,0.265020
2207,0.168075
2208,0.927498
2209,0.253452
2210,0.221291
2211,0.067639
2212,0.478738
2213,0.006667
2214,0.019100
2215,0.029848
2216,0.570200
2217,0.186298
2218,0.019653
2219,0.028167
2220,0.009861
2221,0.021389
2222,0.062361
2223,0.881767
2224,0.165629
2225,0.006111
2226,0.442127
2227,0.763285
2228,0.194925
2229,0.006286
2230,0.679382
2231,0.014799
2232,0.385291
2233,0.006778
2234,0.888603
2235,0.058503
2236,0.287280
2237,0.062968
2238,0.170469
2239,0.799328
2240,0.329903
2241,0.015025
2242,0.023601
2243,0.207296
2244,0.000000
2245,0.000843
2246,0.140869
2247,0.083728
2248,0.061950
2249,0.578448
2250,0.036083
2251,0.393429
2252,0.540406
2253,0.984275
2254,0.040695
2255,0.039000
2256,0.327815
2257,0.007889
2258,0.020778
2259,0.017142
2260,0.368895
2261,0.429124
2262,0.706911
2263,0.395504
2264,0.096980
2265,0.001667
2266,0.542843
2267,0.946841
2268,0.207155
2269,0.428769
2270,0.150887
2271,0.209864
2272,0.142568
2273,0.914593
2274,0.884544
2275,0.000000
2276,0.049032
2277,0.989878
2278,0.630341
2279,0.079354
2280,0.157222
2281,0.311158
2282,0.197095
2283,0.201879
2284,0.443665
2285,0.079830
2286,0.991859
2287,0.056904
2288,0.008889
2289,0.017639
2290,0.019258
2291,0.915575
2292,0.196028
2293,0.053559
2294,0.012121
2295,0.988889
2296,0.772014
2297,0.243533
2298,0.018756
2299,0.079306
2300,0.149202
2301,0.018056
2302,0.068498
2303,0.226429
2304,0.872217
2305,0.062405
2306,0.068223
2307,0.128686
2308,0.267403
2309,0.003556
2310,0.016389
2311,0.009167
2312,0.014639
2313,0.011565
2314,0.991071
2315,0.218562
2316,0.162859
2317,0.829276
2318,0.197881
2319,0.004722
2320,0.107589
2321,1.000000
2322,0.678471
2323,0.221373
2324,0.845197
2325,0.192045
2326,0.472905
2327,0.052249
2328,0.997607
2329,0.186941
2330,0.042235
2331,0.007000
2332,0.178939
2333,0.988667
2334,0.003333
2335,0.182101
2336,0.083146
2337,0.904534
2338,0.274712
2339,0.993056
2340,0.185449
2341,0.011111
2342,0.352095
2343,1.000000
2344,0.074527
2345,0.007045
2346,0.016200
2347,0.296475
2348,0.000000
2349,0.552191
2350,0.125650
2351,0.812213
2352,0.412980
2353,0.989795
2354,0.024750
2355,0.177889
2356,0.264690
2357,0.956672
2358,0.009548
2359,0.018577
2360,0.189096
2361,0.133278
2362,0.014167
2363,0.083691
2364,0.004881
2365,0.650444
2366,0.722869
2367,0.127807
2368,0.027222
2369,0.009722
2370,0.160714
2371,0.952797
2372,0.309773
2373,0.076786
2374,0.002222
2375,0.909429
2376,0.060770
2377,0.282880
2378,0.942278
2379,0.018159
2380,0.106027
2381,0.006667
2382,0.742780
2383,0.574619
2384,0.926089
2385,0.352819
2386,0.067789
2387,0.165296
2388,0.989722
2389,0.008611
2390,0.263102
2391,0.276565
2392,0.072762
2393,0.149603
2394,0.327751
2395,0.180392
2396,0.037881
2397,0.500157
2398,0.121400
2399,0.449827
2400,0.024204
2401,0.036667
2402,0.159205
2403,0.145353
2404,0.963452
2405,0.078937
2406,0.064049
2407,0.612138
2408,0.439850
2409,0.091242
2410,0.144584
2411,0.068637
2412,0.004167
2413,0.961262
2414,0.034778
2415,1.000000
2416,0.502566
2417,0.832101
2418,0.005333
2419,0.054712
2420,0.963481
2421,0.156899
2422,0.002778
2423,0.060333
2424,0.006389
2425,0.555456
2426,0.838503
2427,1.000000
2428,0.017698
2429,0.887333
2430,0.729776
2431,0.560985
2432,0.819408
2433,0.035273
2434,0.105177
2435,0.106676
2436,0.243447
2437,0.990903
2438,0.164714
2439,0.206314
2440,0.182863
2441,0.995278
2442,0.247838
2443,0.135899
2444,0.792637
2445,0.253262
2446,0.436571
2447,0.044528
2448,0.052770
2449,0.826889
2450,0.183655
2451,0.030833
2452,0.435146
2453,0.423111
2454,0.001688
2455,0.290238
2456,0.011333
2457,0.993829
2458,0.266278
2459,0.855304
2460,0.131217
2461,0.009622
2462,0.009000
2463,0.874889
2464,0.004167
2465,0.024333
2466,0.046157
2467,0.044957
2468,0.821866
2469,0.483405
2470,0.988701
2471,0.005057
2472,0.082926
2473,0.002617
2474,0.016667
2475,0.000000
2476,0.763374
2477,0.031111
2478,0.019841
2479,0.143773
2480,0.995556
2481,0.033512
2482,0.270886
2483,0.710078
2484,0.033937
2485,0.632352
2486,0.141546
2487,0.987103
2488,0.451378
2489,0.002692
2490,0.256785
2491,0.002222
2492,0.469384
2493,0.263206
2494,0.023556
2495,0.474237
2496,0.044579
2497,0.164526
2498,0.155237
2499,1.000000
2500,0.023500
2501,0.024278
2502,0.132615
2503,0.165183
2504,0.997333
2505,0.117230
2506,0.069791
2507,0.409398
2508,0.173426
2509,0.051995
2510,0.075738
2511,0.280417
2512,0.033209
2513,0.105929
2514,0.111611
2515,0.133423
2516,0.035222
2517,0.742234
2518,0.335160
2519,0.124179
2520,0.013289
2521,0.234350
2522,0.171890
2523,0.213167
2524,0.011824
2525,0.074524
2526,0.114167
2527,0.406724
2528,0.253423
2529,0.285075
2530,0.709102
2531,0.008111
2532,0.878169
2533,0.250661
2534,0.012799
2535,0.997183
2536,0.098723
2537,0.053333
2538,0.038278
2539,0.639005
2540,0.130167
2541,0.258348
2542,0.189791
2543,0.295607
2544,0.991616
2545,0.005287
2546,0.151611
2547,0.023931
2548,0.498323
2549,0.000000
2550,0.887333
2551,0.336877
2552,0.040618
2553,0.011257
2554,0.001667
2555,0.760667
2556,0.971254
2557,0.212766
2558,0.013249
2559,0.315658
2560,0.298848
2561,0.003535
2562,0.559278
2563,0.169476
2564,0.805424
2565,0.932040
2566,0.101000
2567,0.977143
2568,0.237022
2569,0.006667
2570,0.005458
2571,0.626771
2572,0.028111
2573,0.066342
2574,0.007556
2575,0.916153
2576,0.996504
2577,0.092754
2578,0.007727
2579,0.225053
2580,0.212145
2581,0.936535
2582,0.022389
2583,0.185741
2584,0.405917
2585,0.054373
2586,0.022000
2587,0.107199
2588,0.608241
2589,0.011758
2590,0.007222
2591,0.121399
2592,0.249208
2593,0.364579
2594,0.266270
2595,0.035089
2596,0.123645
2597,0.987940
2598,0.955936
2599,0.112843
2600,0.565237
2601,0.040889
2602,0.042175
2603,0.854127
2604,0.904360
2605,0.237503
2606,0.142058
2607,0.293537
2608,0.944667
2609,0.175267
2610,0.946111
2611,0.747083
2612,0.007222
2613,0.505862
2614,0.003333
2615,0.012046
2616,0.007079
2617,0.016389
2618,0.020056
2619,0.870532
2620,0.064444
2621,0.939027
2622,0.164609
2623,0.054123
2624,0.113016
2625,0.188535
2626,0.850944
2627,0.000000
2628,0.251529
2629,0.965831
2630,0.493977
2631,0.770872
2632,0.975929
2633,0.393187
2634,0.982439
2635,0.549803
2636,0.991833
2637,0.159181
2638,0.026333
2639,0.054802
2640,0.007778
2641,0.075471
2642,0.268036
2643,0.992667
2644,0.937825
2645,0.011333
2646,0.000000
2647,0.353931
2648,0.024635
2649,0.873449
2650,0.255632
2651,0.075556
2652,0.534643
2653,0.535884
2654,0.015000
2655,0.034963
2656,0.131274
2657,0.918492
2658,0.498058
2659,0.451780
2660,0.855542
2661,0.031889
2662,0.015361
2663,0.043032
2664,0.011667
2665,0.955595
2666,0.985717
2667,0.176511
2668,0.273516
2669,0.340006
2670,0.687717
2671,0.380767
2672,0.110372
2673,0.080019
2674,0.088292
2675,0.016852
2676,0.972326
2677,0.984560
2678,0.116277
2679,0.010133
2680,0.986540
2681,0.005556
2682,0.000000
2683,0.540120
2684,0.004167
2685,0.320351
2686,0.902889
2687,0.021222
2688,0.589340
2689,0.181123
2690,0.011667
2691,0.023580
2692,0.008500
2693,0.267817
2694,0.092563
2695,0.094365
2696,0.156468
2697,0.965111
2698,0.505752
2699,0.029757
2700,0.358405
2701,0.968000
2702,0.935652
2703,0.965000
2704,0.853222
2705,0.270592
2706,0.023016
2707,1.000000
2708,0.000092
2709,0.865385
2710,0.432389
2711,0.041095
2712,0.072111
2713,0.011913
2714,0.886262
2715,0.120255
2716,0.002222
2717,0.947533
2718,0.165940
2719,0.211068
2720,0.618657
2721,0.032008
2722,0.963444
2723,0.042167
2724,0.263801
2725,0.014901
2726,0.854803
2727,0.919667
2728,0.019500
2729,0.388026
2730,0.266814
2731,0.028625
2732,0.413045
2733,0.006333
2734,0.024778
2735,0.001111
2736,0.291349
2737,0.012889
2738,0.588374
2739,0.187127
2740,0.802316
2741,1.000000
2742,0.987778
2743,0.240940
2744,0.306512
2745,0.791955
2746,0.879921
2747,0.613053
2748,0.081646
2749,0.089768
2750,0.008889
2751,0.055939
2752,0.245371
2753,0.038034
2754,0.081390
2755,0.441688
2756,0.257968
2757,0.054085
2758,0.095286
2759,0.063579
2760,0.369829
2761,0.732944
2762,0.986167
2763,0.527103
2764,0.003756
2765,0.161271
2766,0.171116
2767,0.703528
2768,0.006548
2769,0.800344
2770,0.047583
2771,0.040394
2772,0.299815
2773,0.870864
2774,0.174438
2775,0.196329
2776,0.452509
2777,0.026971
2778,0.098317
2779,0.103146
2780,0.544581
2781,0.549303
2782,0.008889
2783,0.001111
2784,0.116445
2785,0.008056
2786,0.005091
2787,0.000000
2788,0.069865
2789,0.053022
2790,0.002500
2791,0.012359
2792,0.750814
2793,0.843303
2794,0.381288
2795,0.228935
2796,0.001944
2797,0.027879
2798,0.624884
2799,0.844968
2800,0.045240
2801,0.849982
2802,0.048275
2803,1.000000
2804,0.040417
2805,0.028234
2806,0.097103
2807,0.036749
2808,0.119212
2809,0.237066
2810,0.000794
2811,0.000000
2812,0.952348
2813,0.080872
2814,0.002800
2815,0.749458
2816,0.046133
2817,0.036389
2818,0.728443
2819,0.983275
2820,0.670776
2821,0.008937
2822,0.131757
2823,0.485806
2824,0.378772
2825,0.040833
2826,0.991389
2827,0.049224
2828,0.019022
2829,0.793647
2830,0.030368
2831,0.032961
2832,0.107850
2833,0.852852
2834,0.999940
2835,0.068865
2836,0.005133
2837,0.089994
2838,0.041482
2839,0.108064
2840,0.007747
2841,1.000000
2842,0.987778
2843,0.949834
2844,0.054896
2845,0.033667
2846,0.194312
2847,0.012833
2848,0.006966
2849,0.002799
2850,0.091975
2851,0.740245
2852,0.039670
2853,0.907981
2854,0.000000
2855,0.654357
2856,0.022333
2857,0.178517
2858,0.021291
2859,0.110765
2860,0.026814
2861,0.206482
2862,0.529547
2863,0.033714
2864,0.395098
2865,0.874415
2866,0.062448
2867,0.035896
2868,0.012222
2869,0.055496
2870,0.031998
2871,0.008048
2872,0.412155
2873,0.289642
2874,0.022568
2875,0.069754
2876,0.033596
2877,0.022012
2878,0.235209
2879,0.173365
2880,0.978485
2881,0.396258
2882,0.238284
2883,0.022799
2884,0.760218
2885,0.963108
2886,0.996491
2887,0.760504
2888,0.107636
2889,0.035833
2890,0.455613
2891,0.990556
2892,0.000000
2893,0.491766
2894,0.335182
2895,0.942288
2896,0.057674
2897,0.002500
2898,0.333914
2899,0.095401
2900,0.057696
2901,0.045619
2902,0.298251
2903,0.000000
2904,0.061444
2905,0.380827
2906,0.177859
2907,0.000000
2908,0.121960
2909,0.000890
2910,0.392081
2911,0.169152
2912,0.694828
2913,0.046811
2914,0.989667
2915,0.141598
2916,0.447440
2917,0.078500
2918,0.610518
2919,0.142803
2920,0.035893
2921,0.167926
2922,0.116373
2923,0.032111
2924,0.702533
2925,0.732587
2926,0.576866
2927,0.266050
2928,0.716323
2929,0.982316
2930,0.013684
2931,0.993333
2932,0.987517
2933,0.203385
2934,0.006185
2935,0.562241
2936,0.010423
2937,0.011781
2938,0.624574
2939,0.976784
2940,0.362951
2941,0.000000
2942,0.884886
2943,0.023333
2944,0.445619
2945,0.024706
2946,0.064082
2947,0.058897
2948,0.249350
2949,0.008563
2950,0.043635
2951,0.002842
2952,0.473230
2953,0.977995
2954,0.128773
2955,0.036700
2956,0.970786
2957,0.472127
2958,0.034917
2959,0.313386
2960,0.042016
2961,0.001944
2962,0.812221
2963,0.157399
2964,0.556421
2965,0.942103
2966,0.003657
2967,0.315724
2968,0.066980
2969,0.376544
2970,0.043799
2971,0.132642
2972,0.016768
2973,0.377206
2974,0.898848
2975,0.040996
2976,0.118596
2977,0.934204
2978,0.001667
2979,0.092025
2980,0.009919
2981,0.027516
2982,0.637313
2983,0.744899
2984,0.129222
2985,0.192624
2986,0.047472
2987,0.053333
2988,0.027141
2989,0.136167
2990,0.023807
2991,0.916289
2992,0.937532
2993,0.299626
2994,0.154528
2995,0.166743
2996,0.151746
2997,0.188383
2998,0.208338
2999,0.388828
3000,0.151690
3001,0.000000
3002,0.995000
3003,0.002222
3004,0.346576
3005,0.783190
3006,0.048349
3007,0.279948
3008,0.337820
3009,0.123528
3010,0.018586
3011,0.046736
3012,0.974507
3013,0.121076
3014,0.005889
3015,0.000000
3016,0.026167
3017,0.830350
3018,0.040863
3019,0.535411
3020,0.191139
3021,0.205602
3022,0.946226
3023,0.001667
3024,0.168326
3025,0.157556
3026,0.892854
3027,0.078405
3028,0.221052
3029,0.130222
3030,0.007799
3031,0.021308
3032,0.054471
3033,0.634093
3034,0.224924
3035,0.124790
3036,0.488006
3037,0.208444
3038,0.406971
3039,0.010750
3040,0.063606
3041,0.113072
3042,0.826710
3043,0.033077
3044,0.396642
3045,0.732333
3046,0.098841
3047,0.082787
3048,0.996333
3049,0.686634
3050,0.989575
3051,0.932476
3052,0.037324
3053,0.936112
3054,0.087203
3055,0.072812
3056,0.731698
3057,0.013492
3058,0.988333
3059,0.010333
3060,0.966371
3061,0.999167
3062,0.143140
3063,0.460547
3064,0.101154
3065,0.008391
3066,0.706300
3067,0.316603
3068,0.504449
3069,0.051655
3070,0.012222
3071,0.004222
3072,0.102181
3073,0.349870
3074,0.423111
3075,0.249739
3076,0.000000
3077,0.987158
3078,0.990849
3079,0.060757
3080,0.000000
3081,0.107925
3082,0.855700
3083,0.019056
3084,0.560751
3085,0.491204
3086,0.094318
3087,0.093034
3088,0.059185
3089,0.049786
3090,0.037639
3091,0.037556
3092,0.034208
3093,0.834631
3094,0.007667
3095,0.222631
3096,0.203303
3097,0.075019
3098,0.998333
3099,0.020556
3100,0.110376
3101,0.011486
3102,0.031815
3103,0.032111
3104,0.224464
3105,0.360663
3106,0.114110
3107,0.416663
3108,0.084945
3109,0.023570
3110,0.013611
3111,0.068470
3112,0.000000
3113,0.119799
3114,0.016778
3115,0.756726
3116,0.089399
3117,0.000000
3118,0.283395
3119,0.520897
3120,0.000000
3121,0.041054
3122,0.009085
3123,0.994444
3124,0.080056
3125,0.415036
3126,0.009550
3127,0.431646
3128,0.010925
3129,0.063722
3130,0.609066
3131,0.821894
3132,0.039989
3133,0.167059
3134,0.055657
3135,0.015111
3136,0.355011
3137,0.013922
3138,0.031706
3139,0.987694
3140,0.191265
3141,0.026111
3142,0.938457
3143,0.744511
3144,0.988238
3145,0.095231
3146,0.100111
3147,0.083901
3148,0.169750
3149,0.981551
3150,0.003333
3151,0.506920
3152,0.017167
3153,0.047556
3154,0.045980
3155,0.113147
3156,0.026111
3157,0.199502
3158,0.001667
3159,0.046196
3160,0.637513
3161,0.049531
3162,0.962183
3163,0.035000
3164,0.174934
3165,0.014581
3166,0.083015
3167,0.050817
3168,0.019333
3169,0.933748
3170,0.072218
3171,0.054849
3172,0.297098
3173,0.040726
3174,0.858742
3175,0.726430
3176,0.000000
3177,0.447222
3178,0.335099
3179,0.001111
3180,0.168670
3181,0.018734
3182,0.279667
3183,0.493900
3184,0.007500
3185,0.392341
3186,0.153181
3187,0.983220
3188,0.035167
3189,0.052173
3190,0.998667
3191,0.513016
3192,0.012855
3193,0.141798
3194,0.083451
3195,0.744670
3196,0.818050
3197,0.022556
3198,0.032204
3199,0.249266
3200,0.996607
3201,0.116183
3202,0.011952
3203,0.133071
3204,0.482716
3205,0.958810
3206,0.671860
3207,0.015267
3208,0.067749
3209,0.999388
3210,0.005000
3211,0.975492
3212,0.169514
3213,0.637195
3214,0.038643
3215,0.077752
3216,0.999940
3217,0.990777
3218,0.966989
3219,0.923572
3220,0.593237
3221,0.182117
3222,0.142564
3223,0.862591
3224,0.032379
3225,0.014000
3226,0.155222
3227,0.964311
3228,0.908040
3229,0.503994
3230,0.014641
3231,0.048230
3232,0.218823
3233,0.300897
3234,0.248671
3235,0.090258
3236,0.210429
3237,0.876614
3238,0.019722
3239,0.314509
3240,0.059917
3241,0.014944
3242,0.397820
3243,0.051813
3244,0.118079
3245,0.798540
3246,0.335333
3247,0.236618
3248,0.063093
3249,0.052247
3250,0.536343
3251,0.007652
3252,0.023955
3253,0.001111
3254,0.338909
3255,0.017431
3256,0.011111
3257,0.014833
3258,0.870776
3259,0.013256
3260,0.453653
3261,0.112786
3262,0.048708
3263,0.633456
3264,0.018056
3265,0.092981
3266,0.283756
3267,0.794177
3268,0.992833
3269,0.057742
3270,0.173419
3271,0.891944
3272,0.177432
3273,0.080250
3274,0.029843
3275,0.327893
3276,0.413921
3277,0.364468
3278,0.951609
3279,0.627435
3280,0.057643
3281,0.015641
3282,0.081613
3283,0.005000
3284,0.997718
3285,0.013444
3286,0.573316
3287,0.330033
3288,0.662897
3289,0.012944
3290,0.361785
3291,0.064727
3292,0.174500
3293,0.474061
3294,0.710906
3295,0.932541
3296,0.025750
3297,0.674317
3298,0.630901
3299,0.780364
3300,0.010833
3301,0.122694
3302,0.594913
3303,0.046278
3304,0.295155
3305,0.998889
3306,0.990205
3307,0.614229
3308,0.617221
3309,0.073471
3310,0.991650
3311,0.530368
3312,0.302442
3313,0.056008
3314,0.417912
3315,0.195848
3316,0.911163
3317,0.967290
3318,0.495262
3319,0.977833
3320,0.006111
3321,0.016110
3322,0.001667
3323,0.084581
3324,0.669897
3325,0.081139
3326,0.007939
3327,0.158655
3328,0.010689
3329,0.965187
3330,0.991434
3331,0.213813
3332,0.831559
3333,0.517782
3334,0.143639
3335,0.903111
3336,0.950865
3337,0.795182
3338,0.527086
3339,0.116035
3340,0.945474
3341,0.926220
3342,0.495845
3343,0.011628
3344,0.628778
3345,0.440659
3346,0.949333
3347,0.648004
3348,0.518246
3349,0.021830
3350,0.152826
3351,0.570413
3352,0.732141
3353,0.018333
3354,0.002444
3355,0.219500
3356,0.003931
3357,0.248766
3358,0.002403
3359,0.013000
3360,0.000000
3361,0.000000
3362,0.068010
3363,0.363515
3364,0.166922
3365,0.006441
3366,0.951046
3367,0.121169
3368,0.295501
3369,0.023111
3370,0.417014
3371,0.186278
3372,0.016133
3373,0.002500
3374,0.487380
3375,0.089767
3376,0.012369
3377,0.490169
3378,0.918186
3379,0.076060
3380,0.089478
3381,0.013425
3382,0.106925
3383,0.241979
3384,0.959649
3385,0.927751
3386,0.024611
3387,0.018167
3388,0.470958
3389,0.246622
3390,0.343664
3391,0.998889
3392,0.000000
3393,0.193815
3394,0.201444
3395,0.132343
3396,0.945471
3397,0.914315
3398,0.006378
3399,0.037337
3400,0.128565
3401,0.139500
3402,0.055451
3403,0.942498
3404,0.074303
3405,0.081655
3406,0.292754
3407,0.846245
3408,0.057480
3409,0.029056
3410,0.972311
3411,0.087476
3412,0.959167
3413,0.870667
3414,0.147535
3415,0.283131
3416,0.010444
3417,0.075631
3418,0.032077
3419,0.039548
3420,0.365990
3421,0.032870
3422,0.068000
3423,0.105500
3424,0.091355
3425,0.010355
3426,0.034218
3427,0.026389
3428,0.142632
3429,0.834560
3430,0.003056
3431,0.515825
3432,0.231625
3433,0.017181
3434,0.979628
3435,0.069335
3436,0.136199
3437,0.278944
3438,0.171770
3439,0.247936
3440,0.925646
3441,0.336304
3442,0.001667
3443,0.210398
3444,0.506794
3445,0.214354
3446,0.621622
3447,0.058958
3448,0.075746
3449,0.142067
3450,0.051143
3451,0.018444
3452,0.292285
3453,0.627171
3454,1.000000
3455,0.745320
3456,0.404833
3457,0.110000
3458,0.328843
3459,0.003889
3460,0.113928
3461,0.988627
3462,0.310532
3463,0.047009
3464,0.007083
3465,0.069852
3466,0.011778
3467,0.029050
3468,0.157894
3469,0.887633
3470,0.007917
3471,0.412150
3472,0.084679
3473,0.001939
3474,0.032167
3475,0.524894
3476,0.199817
3477,0.015097
3478,0.021667
3479,0.967278
3480,0.941119
3481,0.083234
3482,0.078537
3483,0.757833
3484,0.014714
3485,0.620335
3486,0.986111
3487,0.037804
3488,0.012801
3489,0.366036
3490,0.046452
3491,0.042222
3492,0.056607
3493,0.028981
3494,0.499894
3495,0.371418
3496,0.752270
3497,0.712571
3498,0.000000
3499,0.462575
3500,0.948696
3501,0.651359
3502,0.078188
3503,0.075333
3504,0.024656
3505,0.005833
3506,0.036619
3507,0.206939
3508,0.363706
3509,0.019627
3510,0.031814
3511,0.992211
3512,0.016389
3513,0.063579
3514,0.083448
3515,0.027222
3516,0.012222
3517,0.933530
3518,0.310292
3519,0.984043
3520,0.000022
3521,0.013938
3522,0.204415
3523,0.359661
3524,0.239644
3525,0.324369
3526,0.465762
3527,0.050516
3528,0.116313
3529,0.705551
3530,0.032592
3531,0.050111
3532,0.997778
3533,0.039889
3534,0.323627
3535,0.003607
3536,0.041610
3537,0.030817
3538,0.013667
3539,0.963619
3540,0.022278
3541,0.148509
3542,0.116042
3543,0.598089
3544,0.043036
3545,0.224181
3546,0.052667
3547,0.019452
3548,0.040695
3549,0.016667
3550,0.029667
3551,0.975071
3552,0.991111
3553,0.527109
3554,0.349352
3555,0.990056
3556,0.375099
3557,0.506024
3558,0.002500
3559,0.236408
3560,0.013611
3561,0.251085
3562,0.135835
3563,0.942032
3564,0.258685
3565,0.886016
3566,0.924310
3567,0.038204
3568,0.003889
3569,0.828255
3570,0.192410
3571,0.663168
3572,0.838222
3573,0.015264
3574,0.016472
3575,0.486129
3576,1.000000
3577,0.030111
3578,0.948672
3579,0.932365
3580,0.213882
3581,0.000000
3582,0.488504
3583,0.047722
3584,0.985924
3585,0.345659
3586,0.704973
3587,0.002222
3588,0.144447
3589,0.997877
3590,0.161574
3591,0.556386
3592,0.886357
3593,0.842582
3594,0.990278
3595,0.040208
3596,0.250066
3597,0.887102
3598,0.014889
3599,0.006723
3600,0.984252
3601,0.003333
3602,0.003333
3603,0.042072
3604,0.143788
3605,0.530865
3606,0.977889
3607,0.000000
3608,0.421679
3609,0.000833
3610,0.215532
3611,0.708194
3612,0.345217
3613,0.799194
3614,0.802031
3615,0.041758
3616,0.025643
3617,0.008333
3618,0.992667
3619,0.827976
3620,0.075257
3621,0.195139
3622,0.008095
3623,0.993333
3624,0.016592
3625,0.731986
3626,0.721316
3627,0.321604
3628,0.489075
3629,0.118929
3630,0.918040
3631,0.134222
3632,0.026778
3633,0.035061
3634,0.044549
3635,0.011667
3636,0.016239
3637,0.050000
3638,0.863820
3639,0.014918
3640,0.135173
3641,0.248193
3642,0.004889
3643,0.007778
3644,1.000000
3645,0.793436
3646,0.967169
3647,0.196624
3648,0.495094
3649,0.930349
3650,0.011667
3651,0.043871
3652,0.005022
3653,0.007747
3654,0.774533
3655,0.367196
3656,0.006944
3657,0.000000
3658,0.034361
3659,0.768555
3660,0.256008
3661,0.710550
3662,0.012194
3663,0.094928
3664,0.016421
3665,0.466885
3666,0.863444
3667,0.044861
3668,0.935556
3669,0.416525
3670,0.133593
3671,0.002720
3672,0.008933
3673,0.713119
3674,0.072413
3675,0.965452
3676,0.085619
3677,0.154154
3678,0.972083
3679,0.906721
3680,0.009127
3681,0.112960
3682,0.016167
3683,0.121209
3684,0.347274
3685,0.183704
3686,0.958321
3687,0.181926
3688,0.319291
3689,0.942579
3690,0.006667
3691,0.731821
3692,0.380984
3693,0.990278
3694,0.003889
3695,0.946667
3696,0.012167
3697,0.832441
3698,0.026203
3699,0.053381
3700,0.314563
3701,0.077426
3702,0.998056
3703,0.266091
3704,0.973135
3705,0.957103
3706,0.346389
3707,0.464452
3708,0.344547
3709,0.022572
3710,0.022307
3711,0.986904
3712,0.273637
3713,0.165611
3714,0.293258
3715,0.005833
3716,0.188204
3717,0.877937
3718,0.929910
3719,0.183757
3720,0.908084
3721,0.367611
3722,0.923749
3723,0.996944
3724,0.067000
3725,0.120929
3726,0.028248
3727,0.222283
3728,0.330689
3729,0.638013
3730,0.824556
3731,0.007611
3732,0.078358
3733,0.075673
3734,0.049964
3735,0.352480
3736,0.029611
3737,0.020500
3738,0.975137
3739,0.739498
3740,0.453439
3741,0.824321
3742,0.915105
3743,0.020294
3744,0.549052
3745,0.340556
3746,0.380694
3747,0.098137
3748,0.743334
3749,0.005944
3750,0.099963
3751,0.004347
3752,0.014664
3753,0.353037
3754,0.888762
3755,0.014401
3756,0.018611
3757,0.039119
3758,0.005167
3759,0.147881
3760,0.602943
3761,0.937513
3762,0.618345
3763,0.416539
3764,0.204434
3765,0.188283
3766,0.111334
3767,0.202008
3768,0.116258
3769,0.936080
3770,0.103286
3771,0.974943
3772,0.462873
3773,0.060222
3774,0.000000
3775,0.140760
3776,0.146869
3777,0.195728
3778,0.001111
3779,0.032507
3780,0.087779
3781,0.463410
3782,0.610704
3783,0.120040
3784,0.135270
3785,0.908134
3786,0.059164
3787,0.448456
3788,0.024775
3789,0.654423
3790,0.935864
3791,0.999415
3792,0.841325
3793,0.128024
3794,0.363589
3795,0.461610
3796,0.864435
3797,0.161259
3798,0.146059
3799,0.033111
3800,0.017778
3801,0.051936
3802,0.981237
3803,0.316925
3804,0.843056
3805,0.085987
3806,0.136167
3807,0.985778
3808,0.363571
3809,0.197511
3810,0.087921
3811,0.141972
3812,0.024008
3813,0.021443
3814,0.910052
3815,0.042504
3816,0.435695
3817,0.107738
3818,0.984683
3819,0.950105
3820,0.380698
3821,0.025806
3822,0.843923
3823,0.074453
3824,0.025907
3825,1.000000
3826,0.484538
3827,0.043679
3828,0.832349
3829,0.021667
3830,0.036222
3831,0.999837
3832,0.018167
3833,0.131056
3834,0.680188
3835,0.047936
3836,0.628520
3837,1.000000
3838,0.582004
3839,0.969571
3840,0.123653
3841,0.089988
3842,0.082692
3843,0.286771
3844,0.212439
3845,0.985556
3846,0.013667
3847,0.977667
3848,0.000000
3849,0.036397
3850,0.525455
3851,0.983333
3852,0.232877
3853,0.641965
3854,0.838336
3855,0.003889
3856,0.009444
3857,0.017611
3858,0.165600
3859,0.026763
3860,0.032593
3861,0.049995
3862,0.041389
3863,0.968694
3864,0.996333
3865,0.161627
3866,0.998889
3867,0.057459
3868,0.349258
3869,0.009944
3870,0.533291
3871,0.012056
3872,0.376933
3873,0.191101
3874,0.158812
3875,0.998333
3876,0.465681
3877,0.982707
3878,0.051500
3879,0.023222
3880,1.000000
3881,0.990250
3882,0.371177
3883,0.431318
3884,0.012278
3885,0.134325
3886,0.834881
3887,0.389842
3888,0.187038
3889,0.087519
3890,0.040246
3891,0.950278
3892,0.011758
3893,0.805769
3894,0.134619
3895,0.370373
3896,0.316863
3897,0.931619
3898,0.327661
3899,0.364648
3900,0.086363
3901,0.010647
3902,0.899591
3903,0.577552
3904,0.026559
3905,0.276206
3906,0.971183
3907,0.125167
3908,0.108342
3909,1.000000
3910,0.001291
3911,0.011383
3912,0.497385
3913,0.026036
3914,0.765728
3915,0.022256
3916,0.298464
3917,0.067251
3918,0.131183
3919,0.017410
3920,0.110227
3921,0.013944
3922,0.515531
3923,0.010577
3924,0.194177
3925,0.803690
3926,0.475991
3927,0.025278
3928,0.074376
3929,0.940944
3930,0.992164
3931,0.000000
3932,0.386596
3933,0.001667
3934,0.949015
3935,0.002222
3936,0.110424
3937,0.180160
3938,0.961889
3939,0.050381
3940,0.203112
3941,0.990108
3942,0.005958
3943,0.246246
3944,0.917623
3945,0.593886
3946,0.026516
3947,0.012778
3948,0.258371
3949,0.986667
3950,0.022960
3951,0.072634
3952,0.965409
3953,0.016534
3954,0.998333
3955,0.025079
3956,0.114964
3957,0.345923
3958,0.033339
3959,0.884767
3960,0.113625
3961,0.103436
3962,0.015278
3963,0.649322
3964,0.247071
3965,0.167008
3966,0.509134
3967,0.018986
3968,0.006878
3969,0.044932
3970,0.343121
3971,0.925900
3972,0.438151
3973,0.359052
3974,0.044196
3975,0.786960
3976,0.945199
3977,0.190566
3978,0.015944
3979,0.715481
3980,0.809919
3981,0.974411
3982,0.980774
3983,0.092389
3984,0.450052
3985,0.022000
3986,0.624376
3987,0.014389
3988,0.787249
3989,0.017092
3990,0.451078
3991,0.714429
3992,0.002778
3993,0.197936
3994,0.725444
3995,0.968422
3996,0.521763
3997,0.008889
3998,0.179804
3999,0.058167
4000,0.022443
4001,0.036833
4002,0.033380
4003,0.150579
4004,0.595611
4005,0.291730
4006,0.216334
4007,0.005000
4008,0.936405
4009,0.106389
4010,0.998333
4011,0.866176
4012,0.065892
4013,0.027214
4014,1.000000
4015,0.968833
4016,0.192167
4017,0.064619
4018,0.109791
4019,0.014196
4020,0.042944
4021,0.010547
4022,0.038709
4023,0.005000
4024,0.015338
4025,0.587085
4026,0.698352
4027,0.018973
4028,0.014564
4029,0.075915
4030,0.002778
4031,0.987100
4032,0.205714
4033,0.025888
4034,0.034381
4035,0.038049
4036,0.006125
4037,0.025333
4038,0.973011
4039,0.006556
4040,0.469667
4041,0.705910
4042,0.077246
4043,0.156784
4044,0.026615
4045,0.007525
4046,0.016806
4047,0.067222
4048,0.073254
4049,0.190963
4050,0.188087
4051,0.090710
4052,0.239597
4053,0.769103
4054,0.135544
4055,0.001944
4056,0.193528
4057,0.372951
4058,0.529755
4059,0.187336
4060,0.226107
4061,0.998194
4062,0.147975
4063,0.489674
4064,0.276237
4065,0.123452
4066,0.017333
4067,0.513758
4068,0.027518
4069,0.016688
4070,0.053226
4071,0.951563
4072,0.000000
4073,0.132071
4074,0.059880
4075,0.020750
4076,0.524690
4077,0.152853
4078,0.484105
4079,0.093639
4080,0.004167
4081,0.678709
4082,0.870356
4083,0.329386
4084,0.073183
4085,0.283997
4086,0.173124
4087,0.007778
4088,0.132056
4089,0.008577
4090,0.184206
4091,0.001111
4092,0.253044
4093,0.400978
4094,0.010000
4095,0.008087
4096,0.015868
4097,0.286765
4098,0.026955
4099,0.984333
4100,0.611139
4101,0.160092
4102,0.076714
4103,0.169857
4104,0.977386
4105,0.457222
4106,0.453608
4107,0.442141
4108,0.998333
4109,0.952373
4110,0.078262
4111,0.002222
4112,0.829444
4113,0.462921
4114,0.051556
4115,0.002656
4116,0.013077
4117,0.982238
4118,0.021934
4119,0.154403
4120,0.979444
4121,0.299375
4122,0.718991
4123,0.008583
4124,0.479772
4125,0.040061
4126,0.138144
4127,0.111528
4128,0.186536
4129,0.453070
4130,0.032463
4131,0.319374
4132,0.936931
4133,0.970481
4134,0.000917
4135,0.321155
4136,0.048111
4137,0.809415
4138,0.001111
4139,0.201859
4140,0.998889
4141,0.868001
4142,0.091861
4143,0.065937
4144,0.961204
4145,0.067329
4146,0.215561
4147,0.222931
4148,0.187055
4149,0.033944
4150,0.239536
4151,0.037222
4152,0.015769
4153,0.192805
4154,0.490284
4155,0.721241
4156,0.058237
4157,0.000000
4158,0.929111
4159,0.250577
4160,0.486421
4161,0.478521
4162,0.001667
4163,0.028778
4164,0.988659
4165,0.312718
4166,0.007167
4167,0.995420
4168,0.344886
4169,0.304672
4170,1.000000
4171,0.077524
4172,0.841183
4173,0.017743
4174,0.000667
4175,0.602746
4176,0.030701
4177,0.000000
4178,0.577726
4179,0.223333
4180,0.990000
4181,0.387738
4182,0.005776
4183,0.760324
4184,0.973155
4185,0.626919
4186,0.980878
4187,0.065030
4188,0.020354
4189,0.191530
4190,0.005556
4191,0.156724
4192,0.921000
4193,0.131977
4194,0.830428
4195,0.128935
4196,1.000000
4197,0.697084
4198,0.081406
4199,0.915525
4200,0.027849
4201,0.564060
4202,0.149978
4203,0.296774
4204,0.113630
4205,0.061538
4206,0.424350
4207,0.273059
4208,0.355123
4209,0.174849
4210,0.297786
4211,0.172917
4212,0.215580
4213,0.388233
4214,0.090780
4215,0.032000
4216,0.062056
4217,0.858636
4218,0.990971
4219,0.003794
4220,0.205345
4221,0.986970
4222,0.114860
4223,0.480427
4224,0.034347
4225,0.028955
4226,0.995833
4227,0.391556
4228,0.017500
4229,0.297155
4230,0.760254
4231,0.017114
4232,0.001667
4233,0.059167
4234,0.000000
4235,0.492342
4236,0.023930
4237,0.143627
4238,0.067944
4239,0.233795
4240,0.386602
4241,0.844213
4242,0.010000
4243,0.023280
4244,0.983825
4245,0.121423
4246,0.034794
4247,0.015258
4248,0.019812
4249,0.588836
4250,0.760598
4251,0.322027
4252,0.009556
4253,0.790882
4254,0.075960
4255,0.012778
4256,0.272599
4257,0.005556
4258,0.774990
4259,0.007778
4260,0.991491
4261,0.949682
4262,0.671198
4263,0.832943
4264,0.011667
4265,0.327064
4266,0.971991
4267,0.082926
4268,0.982723
4269,0.130472
4270,0.275751
4271,0.008889
4272,0.200186
4273,0.030056
4274,0.008050
4275,0.949135
4276,0.691333
4277,0.018444
4278,0.006667
4279,0.248142
4280,0.989765
4281,0.351452
4282,0.230083
4283,0.010667
4284,0.008487
4285,0.416162
4286,0.099894
4287,0.582332
4288,0.601298
4289,0.029944
4290,0.707889
4291,0.075944
4292,0.039279
4293,0.596340
4294,0.941886
4295,0.380707
4296,0.308691
4297,0.832437
4298,0.184160
4299,0.064063
4300,0.203407
4301,1.000000
4302,0.033241
4303,0.105873
4304,0.215602
4305,0.006581
4306,0.121483
4307,0.022556
4308,0.935679
4309,0.783286
4310,0.104510
4311,0.017742
4312,0.967585
4313,0.881741
4314,0.103629
4315,0.107507
4316,0.822737
4317,0.900467
4318,0.736203
4319,0.026278
4320,0.820710
4321,0.016322
4322,0.409612
4323,0.355444
4324,0.525016
4325,0.363187
4326,0.000000
4327,0.426974
4328,0.985833
4329,0.006762
4330,0.207127
4331,0.021667
4332,0.030333
4333,0.039889
4334,0.158960
4335,0.069352
4336,0.017378
4337,0.095574
4338,0.127152
4339,0.480650
4340,0.124947
4341,0.128011
4342,0.181058
4343,0.982488
4344,0.795840
4345,0.047810
4346,0.043667
4347,0.021385
4348,0.184127
4349,0.000000
4350,0.033167
4351,0.029705
4352,0.993938
4353,0.454958
4354,0.111114
4355,0.017611
4356,0.972784
4357,0.066972
4358,0.179000
4359,0.002778
4360,0.955652
4361,0.277118
4362,0.724227
4363,0.041833
4364,0.769422
4365,0.318163
4366,0.121341
4367,0.993611
4368,0.002222
4369,0.078305
4370,0.255004
4371,0.125555
4372,1.000000
4373,0.010778
4374,0.054502
4375,0.706020
4376,0.037932
4377,0.128711
4378,0.978692
4379,1.000000
4380,0.139255
4381,0.019167
4382,0.080944
4383,0.372775
4384,0.813863
4385,0.093415
4386,0.122444
4387,0.001667
4388,0.099195
4389,0.089264
4390,0.741366
4391,0.051437
4392,0.936090
4393,0.116440
4394,0.543568
4395,0.039986
4396,0.777426
4397,0.000000
4398,1.000000
4399,0.139152
4400,0.927877
4401,0.163800
4402,0.101162
4403,0.018611
4404,0.044119
4405,0.106536
4406,0.000000
4407,0.056118
4408,0.288034
4409,0.235400
4410,0.003333
4411,0.004889
4412,0.014005
4413,0.038653
4414,0.849950
4415,0.016987
4416,0.426024
4417,0.019556
4418,0.062414
4419,0.213298
4420,0.016667
4421,0.003203
4422,0.000000
4423,0.076898
4424,0.010965
4425,0.073312
4426,0.087674
4427,0.000000
4428,0.033889
4429,0.167579
4430,0.034495
4431,0.521517
4432,0.001667
4433,0.200426
4434,0.031905
4435,0.162321
4436,0.002222
4437,0.508171
4438,0.070144
4439,0.227508
4440,0.646969
4441,0.077175
4442,0.389806
4443,0.157851
4444,0.227482
4445,0.207951
4446,0.099667
4447,0.353000
4448,0.050972
4449,0.737802
4450,0.184341
4451,0.865113
4452,0.866605
4453,0.267384
4454,0.899595
4455,0.027582
4456,0.033417
4457,0.981561
4458,0.019642
4459,0.144464
4460,0.706476
4461,0.114476
4462,0.013179
4463,0.006389
4464,0.140199
4465,0.026611
4466,0.155802
4467,0.980778
4468,0.941404
4469,0.014816
4470,0.142361
4471,0.022833
4472,0.178056
4473,0.198823
4474,0.333230
4475,0.960402
4476,0.105101
4477,0.024024
4478,0.919399
4479,0.229553
4480,0.548633
4481,0.070685
4482,0.028703
4483,0.938920
4484,0.012780
4485,0.030833
4486,0.943360
4487,0.177541
4488,0.066913
4489,0.018889
4490,0.098406
4491,0.001667
4492,0.029188
4493,0.462016
4494,0.309108
4495,0.321402
4496,0.264313
4497,0.357842
4498,0.008532
4499,0.057071
4500,0.248579
4501,0.018640
4502,0.325408
4503,0.980611
4504,0.323389
4505,0.097298
4506,0.540788
4507,0.171913
4508,0.017633
4509,0.000000
4510,0.446463
4511,0.421762
4512,0.037289
4513,0.000000
4514,0.090160
4515,0.518709
4516,0.921689
4517,0.244447
4518,0.995491
4519,0.053335
4520,0.265394
4521,0.551244
4522,0.206011
4523,0.874098
4524,0.614696
4525,0.955359
4526,0.052000
4527,0.034667
4528,0.000000
4529,0.992025
4530,0.489856
4531,0.036744
4532,0.006778
4533,0.336876
4534,0.863849
4535,0.020799
4536,0.484675
4537,0.079870
4538,0.044782
4539,0.409567
4540,0.322787
4541,0.040287
4542,0.010167
4543,0.998274
4544,0.998333
4545,0.040917
4546,0.194576
4547,0.091284
4548,0.750749
4549,0.107120
4550,0.059420
4551,0.955034
4552,0.660118
4553,0.266161
4554,0.016444
4555,0.259655
4556,0.107184
4557,0.467071
4558,0.963690
4559,0.863756
4560,0.000000
4561,0.006667
4562,0.974016
4563,0.004444
4564,0.060231
4565,0.197117
4566,0.145180
4567,0.278738
4568,0.003333
4569,0.059774
4570,0.005111
4571,0.034197
4572,0.134879
4573,0.031556
4574,0.331565
4575,0.028611
4576,0.141484
4577,0.329568
4578,0.162386
4579,0.026211
4580,0.231480
4581,0.150464
4582,0.859940
4583,0.105707
4584,0.946355
4585,0.878051
4586,0.186356
4587,0.274045
4588,0.069704
4589,0.040056
4590,0.152416
4591,0.012444
4592,0.132049
4593,0.087852
4594,0.930444
4595,0.038552
4596,0.175887
4597,0.953507
4598,0.357053
4599,0.622050
4600,0.036717
4601,0.011111
4602,0.014167
4603,0.048212
4604,0.019389
4605,0.145485
4606,0.192102
4607,0.110444
4608,0.978722
4609,0.040444
4610,0.982432
4611,0.153944
4612,0.193746
4613,0.149402
4614,0.902389
4615,0.983349
4616,0.023556
4617,0.317108
4618,0.987720
4619,0.743273
4620,0.961692
4621,0.079757
4622,0.477618
4623,0.182669
4624,0.396515
4625,0.002222
4626,0.122153
4627,0.110024
4628,0.904761
4629,0.148074
4630,0.209237
4631,0.832134
4632,0.132180
4633,0.787234
4634,0.048889
4635,0.061123
4636,0.116431
4637,0.977242
4638,0.209951
4639,0.072016
4640,0.192657
4641,0.028434
4642,0.967877
4643,1.000000
4644,1.000000
4645,0.009641
4646,0.611442
4647,0.129954
4648,0.076427
4649,0.278916
4650,0.002222
4651,0.639038
4652,0.040300
4653,0.237940
4654,0.122289
4655,0.005201
4656,0.538071
4657,0.968861
4658,0.024258
4659,0.771099
4660,0.316926
4661,0.433299
4662,0.012500
4663,0.093446
4664,0.218229
4665,0.000000
4666,0.556265
4667,0.070925
4668,0.100241
4669,0.040662
4670,0.430271
4671,0.987833
4672,0.184574
4673,0.010778
4674,0.007778
4675,0.947667
4676,0.049389
4677,0.051795
4678,0.023529
4679,0.924196
4680,0.115742
4681,0.064854
4682,0.027889
4683,0.564659
4684,0.006667
4685,0.645401
4686,0.275036
4687,0.009819
4688,0.102704
4689,0.209632
4690,0.060111
4691,0.244631
4692,0.210601
4693,0.942974
4694,0.033861
4695,0.402819
4696,0.165381
4697,0.391339
4698,0.959997
4699,0.118793
4700,0.449109
4701,0.134745
4702,0.009444
4703,0.282041
4704,0.058833
4705,0.106155
4706,0.080516
4707,0.019375
4708,0.196465
4709,0.010181
4710,0.342009
4711,0.965492
4712,0.313480
4713,0.027514
4714,0.000181
4715,0.100754
4716,0.000000
4717,0.036492
4718,0.640246
4719,0.323012
4720,0.007342
4721,0.085251
4722,0.993758
4723,0.784117
4724,0.067715
4725,0.004444
4726,0.219307
4727,0.099765
4728,0.168464
4729,0.029611
4730,0.001349
4731,0.001667
4732,0.153912
4733,0.968413
4734,0.013045
4735,0.020944
4736,0.946256
4737,0.377263
4738,0.698172
4739,0.521492
4740,0.995833
4741,0.020099
4742,0.936439
4743,0.028944
4744,0.186905
4745,0.233042
4746,0.063672
4747,0.039380
4748,0.008889
4749,0.149790
4750,0.750371
4751,0.879694
4752,0.046999
4753,0.360246
4754,0.230644
4755,0.169627
4756,0.083333
4757,0.085397
4758,0.187238
4759,0.112819
4760,0.918712
4761,0.526175
4762,0.071093
4763,0.006414
4764,0.005000
4765,0.316733
4766,0.235008
4767,0.558230
4768,0.943394
4769,0.498635
4770,0.014990
4771,0.017553
4772,0.059990
4773,0.007778
4774,0.574138
4775,0.005556
4776,0.092698
4777,0.093559
4778,0.009167
4779,0.991331
4780,0.954929
4781,0.429746
4782,0.920071
4783,0.186052
4784,0.267377
4785,0.109452
4786,0.041079
4787,0.703460
4788,0.184992
4789,0.006968
4790,0.008333
4791,0.045333
4792,0.854075
4793,0.987493
4794,0.081142
4795,0.004167
4796,0.978056
4797,0.019791
4798,0.854977
4799,0.579464
4800,0.523968
4801,0.636640
4802,0.002778
4803,0.007611
4804,0.032931
4805,0.030889
4806,0.411541
4807,0.948515
4808,0.385821
4809,0.036241
4810,0.018033
4811,0.227913
4812,0.155815
4813,0.700629
4814,0.965750
4815,0.314701
4816,0.464518
4817,0.005417
4818,0.147532
4819,0.204806
4820,0.987149
4821,0.738561
4822,0.005556
4823,0.559918
4824,0.327738
4825,0.640906
4826,0.069691
4827,0.143595
4828,0.015667
4829,0.038405
4830,0.020901
4831,0.167313
4832,0.284802
4833,0.290389
4834,0.040170
4835,0.082889
4836,0.039323
4837,0.058981
4838,0.083944
4839,0.001203
4840,0.897589
4841,0.228212
4842,0.987460
4843,0.108548
4844,0.147756
4845,0.046722
4846,0.020875
4847,0.988444
4848,0.592292
4849,0.000000
4850,0.238643
4851,0.074278
4852,0.314332
4853,0.692900
4854,0.642742
4855,0.279842
4856,0.747381
4857,0.204579
4858,0.127100
4859,0.277676
4860,0.077669
4861,0.910889
4862,0.037244
4863,0.020382
4864,0.608730
4865,0.193760
4866,0.007500
4867,0.188521
4868,0.215206
4869,0.008667
4870,0.168472
4871,0.319053
4872,0.040367
4873,0.102796
4874,0.773616
4875,0.236128
4876,0.013667
4877,0.044167
4878,0.864167
4879,0.597129
4880,0.749460
4881,0.920045
4882,0.040808
4883,0.091755
4884,0.107667
4885,0.763178
4886,0.975348
4887,0.001111
4888,0.079681
4889,0.394478
4890,0.059194
4891,0.431206
4892,0.997222
4893,0.889460
4894,0.168441
4895,0.275609
4896,0.592737
4897,0.864986
4898,0.223827
4899,0.905829
4900,0.018132
4901,0.846601
4902,0.170525
4903,0.167532
4904,0.059122
4905,0.357579
4906,0.003611
4907,0.653666
4908,0.010229
4909,0.046802
4910,0.950006
4911,0.225194
4912,0.018144
4913,0.782732
4914,0.106222
4915,0.992205
4916,0.614716
4917,0.348842
4918,0.995556
4919,0.516020
4920,0.064479
4921,0.965458
4922,0.994618
4923,0.025667
4924,0.989107
4925,0.179548
4926,0.078603
4927,0.869436
4928,0.421418
4929,0.010632
4930,0.948999
4931,0.896686
4932,0.665139
4933,0.990919
4934,0.065761
4935,0.080095
4936,0.037804
4937,0.427392
4938,0.042963
4939,0.996349
4940,0.004167
4941,0.033651
4942,0.441043
4943,0.011022
4944,0.063192
4945,0.218909
4946,0.128142
4947,0.049880
4948,0.175754
4949,0.791862
4950,0.348222
4951,0.245658
4952,0.217762
4953,0.220845
4954,0.664927
4955,0.641888
4956,0.277365
4957,0.150455
4958,0.964151
4959,0.611744
4960,0.001333
4961,0.865111
4962,0.071434
4963,0.321321
4964,0.881426
4965,0.055833
4966,0.026389
4967,0.374921
4968,0.007667
4969,0.457446
4970,1.000000
4971,0.252395
4972,0.068556
4973,0.026178
4974,0.021591
4975,0.770600
4976,0.190096
4977,0.547054
4978,0.015556
4979,0.815603
4980,0.623215
4981,0.011667
4982,0.164540
4983,0.901679
4984,0.285454
4985,0.631757
4986,0.987306
4987,0.982418
4988,0.098420
4989,0.000000
4990,0.005598
4991,0.492230
4992,0.011500
4993,0.059500
4994,0.204270
4995,0.008889
4996,0.990889
4997,0.004286
4998,0.367814
4999,0.450837
5000,0.007077
5001,0.008110
5002,0.153295
5003,0.524087
5004,0.395277
5005,0.110304
5006,0.033389
5007,0.795569
5008,0.973881
5009,0.054611
5010,0.006000
5011,0.559237
5012,0.046378
5013,0.137740
5014,0.085468
5015,0.577101
5016,0.858550
5017,0.507198
5018,0.929004
5019,0.959500
5020,0.061672
5021,0.217794
5022,0.022738
5023,0.000000
5024,0.296502
5025,0.058052
5026,0.017500
5027,0.167238
5028,0.992556
5029,0.778754
5030,0.009744
5031,0.052061
5032,0.117429
5033,0.991888
5034,0.924371
5035,0.013039
5036,0.066084
5037,0.010000
5038,0.029944
5039,0.465076
5040,0.932548
5041,0.288833
5042,0.960687
5043,0.114505
5044,0.013056
5045,0.192546
5046,0.167241
5047,0.001111
5048,0.508942
5049,0.161984
5050,0.033733
5051,0.743331
5052,0.008744
5053,0.261601
5054,0.276595
5055,0.066095
5056,0.803759
5057,0.006234
5058,0.978301
5059,0.108092
5060,0.183434
5061,0.038318
5062,0.037063
5063,0.020092
5064,0.008405
5065,0.190281
5066,0.531115
5067,0.056917
5068,0.908207
5069,0.488125
5070,0.994444
5071,0.106731
5072,0.060766
5073,0.050995
5074,0.008883
5075,0.489373
5076,0.281366
5077,0.186141
5078,0.209041
5079,0.977698
5080,0.063301
5081,0.000000
5082,0.111056
5083,0.012103
5084,0.006843
5085,0.964484
5086,1.000000
5087,0.008889
5088,0.037175
5089,0.009262
5090,0.282441
5091,0.058794
5092,0.982778
5093,0.597831
5094,0.090545
5095,0.109941
5096,0.015095
5097,0.021209
5098,0.229762
5099,0.003111
5100,0.100918
5101,0.352526
5102,0.353843
5103,0.027500
5104,0.008333
5105,0.076656
5106,0.999837
5107,0.990000
5108,0.555376
5109,0.908706
5110,0.025563
5111,0.858194
5112,0.876654
5113,0.186576
5114,0.922574
5115,0.892556
5116,0.417187
5117,0.728007
5118,0.872796
5119,0.122278
5120,0.769205
5121,0.020180
5122,0.032661
5123,0.769250
5124,0.058175
5125,0.981610
5126,0.130548
5127,0.672849
5128,0.080910
5129,0.579183
5130,0.016286
5131,0.084019
5132,0.218320
5133,0.130551
5134,0.696958
5135,0.566400
5136,0.001667
5137,0.663719
5138,0.046501
5139,0.335680
5140,0.095121
5141,0.094252
5142,0.170729
5143,0.026319
5144,0.016556
5145,0.000000
5146,0.148058
5147,0.025314
5148,0.134373
5149,0.003333
5150,0.291675
5151,0.696817
5152,0.045773
5153,0.074074
5154,0.967864
5155,0.122406
5156,0.007873
5157,0.038236
5158,0.041070
5159,0.039580
5160,0.121521
5161,0.005834
5162,0.010591
5163,0.069238
5164,0.043611
5165,0.253083
5166,0.418113
5167,0.070860
5168,0.130034
5169,0.057250
5170,0.150226
5171,0.782405
5172,0.399595
5173,0.163143
5174,0.053444
5175,1.000000
5176,0.284728
5177,0.996946
5178,0.807881
5179,0.892942
5180,0.000607
5181,0.261267
5182,0.272667
5183,0.000000
5184,0.240294
5185,0.083474
5186,0.013370
5187,0.044149
5188,0.993238
5189,0.045833
5190,0.111393
5191,0.267885
5192,0.116845
5193,0.254992
5194,0.508296
5195,0.366436
5196,0.080909
5197,0.006398
5198,0.044500
5199,0.002799
5200,0.003889
5201,0.248698
5202,0.142031
5203,0.047451
5204,0.196964
5205,0.021389
5206,0.152949
5207,0.432892
5208,0.030611
5209,0.403052
5210,0.997306
5211,0.899560
5212,0.332907
5213,0.161337
5214,0.004188
5215,0.713366
5216,0.728636
5217,0.039487
5218,0.555852
5219,0.002222
5220,0.494009
5221,0.075152
5222,0.046103
5223,0.246729
5224,0.503294
5225,0.002222
5226,0.968058
5227,0.685477
5228,0.877664
5229,0.975627
5230,0.024100
5231,0.457145
5232,0.936109
5233,0.129670
5234,0.043439
5235,0.107185
5236,0.013333
5237,0.854386
5238,0.181311
5239,0.076729
5240,0.044918
5241,0.027925
5242,0.037595
5243,0.096888
5244,0.997851
5245,0.388706
5246,0.136230
5247,0.039960
5248,0.084500
5249,0.224331
5250,0.310728
5251,0.368424
5252,0.448725
5253,0.000843
5254,0.035373
5255,0.234401
5256,0.005556
5257,0.278158
5258,0.789030
5259,0.664521
5260,0.135149
5261,0.004701
5262,0.663708
5263,0.005000
5264,0.247083
5265,0.081815
5266,0.985905
5267,0.003333
5268,0.328572
5269,0.039553
5270,0.401804
5271,0.159433
5272,0.942008
5273,0.002429
5274,0.273431
5275,0.729996
5276,0.318206
5277,0.834949
5278,0.221354
5279,0.035036
5280,0.020226
5281,0.006746
5282,0.987778
5283,0.098036
5284,0.010006
5285,0.028267
5286,0.024887
5287,0.098406
5288,0.041991
5289,0.107376
5290,0.003889
5291,0.875247
5292,0.825085
5293,0.130352
5294,0.658375
5295,0.044728
5296,0.245142
5297,0.000556
5298,0.392397
5299,0.000000
5300,0.033595
5301,0.405410
5302,0.645497
5303,0.269963
5304,0.129887
5305,0.067417
5306,0.073241
5307,0.913385
5308,0.097730
5309,0.122750
5310,0.074401
5311,0.828915
5312,0.242483
5313,0.024877
5314,0.578467
5315,0.276277
5316,0.085196
5317,0.077786
5318,0.000000
5319,0.599333
5320,0.052684
5321,0.085446
5322,0.312063
5323,0.058357
5324,0.862418
5325,0.192216
5326,0.012591
5327,0.031568
5328,0.076148
5329,0.891267
5330,0.001812
5331,0.119284
5332,0.002778
5333,0.034846
5334,0.966667
5335,0.489594
5336,0.012500
5337,0.019580
5338,0.533110
5339,0.100968
5340,0.012500
5341,0.014722
5342,0.915011
5343,0.044257
5344,0.058308
5345,0.017559
5346,0.207989
5347,0.920642
5348,0.105944
5349,0.008175
5350,0.757528
5351,0.975333
5352,0.619588
5353,0.057738
5354,0.313096
5355,0.827584
5356,0.011573
5357,0.163897
5358,0.989556
5359,0.021056
5360,0.077686
5361,0.722856
5362,0.135781
5363,0.002800
5364,0.000667
5365,0.998333
5366,0.000000
5367,0.000000
5368,0.874754
5369,0.770220
5370,0.048466
5371,0.030690
5372,0.035349
5373,0.418185
5374,0.005556
5375,0.026021
5376,0.085976
5377,0.024556
5378,0.019556
5379,0.297577
5380,0.412308
5381,0.053861
5382,0.177553
5383,0.084866
5384,0.178556
5385,0.006838
5386,0.025837
5387,0.672544
5388,0.006692
5389,0.744476
5390,0.540030
5391,0.043737
5392,0.001708
5393,0.867944
5394,0.047167
5395,0.852706
5396,0.139588
5397,0.241645
5398,0.147358
5399,0.290432
5400,0.015407
5401,0.347802
5402,0.002778
5403,0.380374
5404,0.032804
5405,0.257139
5406,0.850675
5407,0.672242
5408,0.040540
5409,0.032114
5410,0.326793
5411,0.251063
5412,0.881150
5413,0.061090
5414,0.011500
5415,0.959413
5416,0.095373
5417,0.103178
5418,0.201283
5419,0.372780
5420,0.039704
5421,0.039257
5422,0.140468
5423,0.047652
5424,0.941487
5425,0.962841
5426,0.049145
5427,0.032056
5428,0.030556
5429,0.000091
5430,0.507512
5431,0.061235
5432,0.812240
5433,0.187020
5434,0.963842
5435,0.554682
5436,0.998190
5437,0.033302
5438,0.152841
5439,0.447873
5440,0.903590
5441,0.024339
5442,0.036908
5443,0.504286
5444,0.032508
5445,0.894171
5446,0.216804
5447,0.159191
5448,0.057283
5449,0.003333
5450,0.999940
5451,0.000278
5452,0.959603
5453,0.324748
5454,0.083317
5455,0.957507
5456,0.013051
5457,0.081700
5458,0.005278
5459,0.891500
5460,0.977106
5461,0.017500
5462,0.061828
5463,0.035611
5464,0.024552
5465,0.097044
5466,0.607705
5467,0.971667
5468,0.068119
5469,0.234012
5470,0.995649
5471,0.341459
5472,0.129752
5473,0.000000
5474,0.352611
5475,0.032484
5476,0.140909
5477,0.828841
5478,0.429085
5479,0.954229
5480,0.148726
5481,0.055987
5482,0.009036
5483,0.307802
5484,0.541938
5485,0.125147
5486,0.058222
5487,0.411438
5488,0.307333
5489,0.286494
5490,0.051270
5491,0.496698
5492,0.077175
5493,0.031889
5494,0.674074
5495,0.671187
5496,0.002803
5497,0.111631
5498,0.069307
5499,0.008056
5500,0.003333
5501,0.220113
5502,0.026960
5503,0.070778
5504,0.990770
5505,0.995833
5506,0.012304
5507,0.127529
5508,0.067414
5509,0.998889
5510,0.004167
5511,0.987222
5512,0.002778
5513,0.069263
5514,0.204641
5515,0.010556
5516,0.059845
5517,0.218087
5518,0.183588
5519,0.019667
5520,0.069389
5521,0.995278
5522,0.830700
5523,0.152587
5524,0.994722
5525,0.024443
5526,0.203967
5527,0.771520
5528,0.001923
5529,0.011410
5530,0.125519
5531,0.155346
5532,0.144042
5533,0.106703
5534,0.207600
5535,0.006389
5536,0.178111
5537,0.037073
5538,0.007840
5539,0.059079
5540,0.784521
5541,0.003095
5542,0.256256
5543,0.002500
5544,0.017944
5545,0.749131
5546,0.463404
5547,0.046111
5548,0.160798
5549,0.994333
5550,0.065951
5551,0.210341
5552,0.076878
5553,0.131628
5554,0.468210
5555,0.159680
5556,0.165350
5557,0.362781
5558,0.980500
5559,0.094792
5560,0.934131
5561,0.490943
5562,0.047143
5563,0.102880
5564,0.005022
5565,0.891747
5566,0.499354
5567,0.017388
5568,0.017556
5569,0.050611
5570,0.995278
5571,0.085817
5572,0.000000
5573,0.047611
5574,0.779760
5575,0.327731
5576,0.051585
5577,0.033778
5578,0.158097
5579,0.009357
5580,0.937587
5581,0.198849
5582,0.008984
5583,0.052200
5584,0.656097
5585,0.028522
5586,0.341557
5587,0.691252
5588,0.125371
5589,0.155758
5590,0.026864
5591,0.028312
5592,0.463595
5593,0.015111
5594,0.039460
5595,0.055516
5596,0.674752
5597,0.928160
5598,0.162296
5599,0.828175
5600,0.992667
5601,0.061677
5602,0.150822
5603,0.535695
5604,0.029944
5605,0.732663
5606,0.221643
5607,0.000000
5608,0.390637
5609,0.858558
5610,0.084151
5611,0.062494
5612,0.045671
5613,0.115721
5614,0.258597
5615,0.001111
5616,0.089082
5617,0.743778
5618,0.997222
5619,0.168696
5620,0.008727
5621,0.297766
5622,0.026843
5623,0.005425
5624,0.190481
5625,0.555085
5626,0.154405
5627,0.981500
5628,0.064292
5629,0.271340
5630,0.980957
5631,0.019703
5632,0.033222
5633,0.012222
5634,0.498361
5635,0.245127
5636,0.002500
5637,0.147484
5638,0.672443
5639,0.000000
5640,0.020590
5641,0.140093
5642,0.046072
5643,0.763852
5644,0.087500
5645,0.020333
5646,0.690693
5647,0.036801
5648,0.011709
5649,0.075062
5650,0.006000
5651,0.165826
5652,0.032722
5653,0.023833
5654,0.007979
5655,0.986112
5656,0.265000
5657,0.214936
5658,0.007472
5659,0.162804
5660,0.014711
5661,0.866457
5662,0.017655
5663,0.330706
5664,0.020647
5665,0.884495
5666,0.057294
5667,0.937422
5668,1.000000
5669,0.202169
5670,0.892990
5671,0.182409
5672,0.051484
5673,0.295898
5674,0.817722
5675,0.222577
5676,0.970278
5677,0.132461
5678,0.214964
5679,0.973144
5680,0.061280
5681,0.070710
5682,0.587456
5683,0.182792
5684,0.049613
5685,0.220169
5686,0.234635
5687,0.145724
5688,0.026486
5689,0.066722
5690,0.008333
5691,0.003889
5692,0.037628
5693,0.325111
5694,0.043316
5695,0.454280
5696,0.322262
5697,0.390022
5698,0.104165
5699,0.352711
5700,0.091258
5701,0.993313
5702,0.094132
5703,0.236159
5704,0.881957
5705,0.558678
5706,0.176022
5707,0.053757
5708,0.123411
5709,0.879672
5710,0.867809
5711,0.210427
5712,0.005000
5713,0.006688
5714,0.197200
5715,0.045246
5716,0.002222
5717,0.892715
5718,0.876396
5719,0.010211
5720,0.444768
5721,0.003611
5722,0.987778
5723,0.505309
5724,0.004466
5725,0.083889
5726,0.328024
5727,0.996940
5728,0.685921
5729,0.002803
5730,0.390510
5731,0.930722
5732,0.009889
5733,0.283528
5734,0.991944
5735,0.013000
5736,0.000000
5737,0.948500
5738,0.878550
5739,0.007778
5740,0.284092
5741,0.186586
5742,0.184297
5743,0.826611
5744,0.304746
5745,0.037333
5746,0.054153
5747,0.088525
5748,0.152231
5749,0.509052
5750,0.962950
5751,0.000000
5752,0.077336
5753,0.016290
5754,0.004764
5755,0.021635
5756,0.006111
5757,0.150421
5758,0.908939
5759,0.159659
5760,0.021222
5761,0.000000
5762,0.444427
5763,0.852823
5764,0.002778
5765,0.579214
5766,0.950653
5767,0.054714
5768,0.876331
5769,0.002222
5770,0.214129
5771,0.979444
5772,0.217188
5773,0.764396
5774,0.940500
5775,0.129949
5776,0.871374
5777,0.014444
5778,0.131764
5779,0.021922
5780,0.125854
5781,0.382644
5782,0.174067
5783,0.458143
5784,0.949056
5785,0.696377
5786,0.000000
5787,0.179087
5788,0.934422
5789,0.089111
5790,0.977436
5791,0.996667
5792,0.029357
5793,0.304772
5794,0.128000
5795,0.265091
5796,0.105111
5797,0.956714
5798,0.952136
5799,0.012206
5800,0.574039
5801,0.282876
5802,0.969996
5803,0.647520
5804,0.084361
5805,0.204706
5806,0.898571
5807,0.078322
5808,1.000000
5809,0.005185
5810,0.119298
5811,0.969560
5812,0.997500
5813,0.959980
5814,0.955912
5815,0.928611
5816,0.943855
5817,0.915817
5818,0.016852
5819,0.944520
5820,0.438148
5821,0.034032
5822,0.997778
5823,0.024948
5824,0.867176
5825,0.135317
5826,0.100258
5827,0.009726
5828,0.859739
5829,0.289386
5830,0.081170
5831,0.095480
5832,0.385331
5833,0.253698
5834,0.048167
5835,0.761986
5836,0.141446
5837,0.742143
5838,0.023096
5839,0.000270
5840,0.002222
5841,0.996317
5842,0.085706
5843,0.203190
5844,0.103052
5845,0.458861
5846,0.959635
5847,0.124902
5848,0.261342
5849,0.154407
5850,1.000000
5851,0.924683
5852,0.766121
5853,0.166717
5854,0.807346
5855,0.014246
5856,0.197705
5857,0.116563
5858,0.606208
5859,0.053222
5860,0.979619
5861,0.012281
5862,0.629824
5863,0.123520
5864,0.121698
5865,0.167509
5866,0.071491
5867,0.208294
5868,0.145373
5869,0.064630
5870,0.000000
5871,0.158198
5872,0.064537
5873,0.088437
5874,0.998333
5875,1.000000
5876,0.027701
5877,0.953429
5878,0.294016
5879,0.014389
5880,0.294294
5881,0.209692
5882,0.047535
5883,0.293068
5884,0.515794
5885,0.004167
5886,0.503206
5887,0.926486
5888,0.357931
5889,0.925881
5890,0.030742
5891,0.052270
5892,0.477417
5893,0.029090
5894,0.109950
5895,0.116325
5896,0.021556
5897,0.038370
5898,0.675252
5899,0.154749
5900,0.159837
5901,0.488054
5902,0.468529
5903,0.969769
5904,0.993444
5905,0.316915
5906,0.099051
5907,0.998333
5908,0.015278
5909,0.055188
5910,0.141916
5911,0.086673
5912,0.987215
5913,0.001333
5914,0.080479
5915,0.291101
5916,0.078600
5917,0.013633
5918,0.987222
5919,0.222959
5920,0.906460
5921,0.042968
5922,0.057007
5923,0.146522
5924,0.270976
5925,0.108556
5926,0.996111
5927,0.331301
5928,0.042795
5929,0.008056
5930,0.156062
5931,0.904369
5932,0.007929
5933,0.943463
5934,0.525960
5935,0.292297
5936,0.026111
5937,0.060374
5938,0.463225
5939,0.012222
5940,0.932444
5941,0.060451
5942,0.083731
5943,0.166500
5944,0.356237
5945,0.980556
5946,0.207238
5947,0.028164
5948,0.063333
5949,0.694190
5950,0.005556
5951,0.518333
5952,0.097923
5953,0.431731
5954,0.464914
5955,0.037992
5956,0.938589
5957,0.676000
5958,0.725867
5959,0.291279
5960,0.066667
5961,0.004722
5962,0.314490
5963,0.000000
5964,0.855746
5965,0.236018
5966,0.070099
5967,0.020258
5968,0.095972
5969,0.640097
5970,0.912345
5971,0.090126
5972,0.933877
5973,0.109463
5974,0.721802
5975,0.658945
5976,0.004444
5977,0.224312
5978,0.373769
5979,0.951186
5980,0.197066
5981,0.385588
5982,0.057082
5983,0.028111
5984,0.855500
5985,0.018273
5986,0.312339
5987,0.020667
5988,0.652899
5989,0.878046
5990,0.034750
5991,0.959925
5992,0.103331
5993,0.334343
5994,0.036667
5995,0.043889
5996,0.078500
5997,0.946414
5998,0.759962
5999,0.719820
6000,0.097745
6001,0.608086
6002,0.635462
6003,0.333980
6004,0.134893
6005,0.006667
6006,0.723214
6007,0.938996
6008,0.430865
6009,0.682754
6010,0.030201
6011,0.804205
6012,0.092010
6013,0.211873
6014,0.061552
6015,0.078610
6016,0.072792
6017,0.049814
6018,1.000000
6019,0.012873
6020,0.997440
6021,0.247585
6022,0.996094
6023,0.716456
6024,0.013148
6025,0.089555
6026,0.064188
6027,0.537524
6028,0.124170
6029,0.669082
6030,0.071838
6031,0.058037
6032,0.079489
6033,0.043500
6034,0.325960
6035,0.192192
6036,0.985736
6037,0.506032
6038,0.908470
6039,0.003000
6040,0.081825
6041,0.967923
6042,0.934142
6043,0.864664
6044,0.922567
6045,0.901429
6046,0.027778
6047,0.094779
6048,0.262307
6049,0.478472
6050,0.076345
6051,0.204353
6052,0.040604
6053,0.022222
6054,0.020846
6055,0.053738
6056,0.165158
6057,0.022651
6058,0.182614
6059,0.855092
6060,0.035563
6061,0.385389
6062,0.090250
6063,0.911271
6064,0.027923
6065,0.043791
6066,0.193743
6067,0.004549
6068,0.612989
6069,0.004778
6070,0.111324
6071,0.059333
6072,0.997333
6073,0.009306
6074,0.395513
6075,0.129188
6076,0.075365
6077,0.090988
6078,0.326124
6079,0.049968
6080,0.852056
6081,0.025452
6082,0.624317
6083,0.003910
6084,0.991328
6085,0.162278
6086,0.024999
6087,0.063645
6088,0.166949
6089,0.115646
6090,0.177659
6091,0.066095
6092,0.950206
6093,0.417776
6094,0.040810
6095,0.444050
6096,0.903931
6097,0.069500
6098,0.000000
6099,0.902107
6100,0.890000
6101,0.837386
6102,0.070068
6103,0.245913
6104,0.023512
6105,0.006667
6106,0.023704
6107,0.749903
6108,0.987507
6109,0.014729
6110,0.215948
6111,0.905888
6112,0.017039
6113,0.009556
6114,0.061620
6115,0.941167
6116,0.782323
6117,0.007778
6118,0.034018
6119,0.605020
6120,0.308365
6121,0.046988
6122,0.032906
6123,0.902491
6124,0.249300
6125,0.605972
6126,0.006667
6127,0.807361
6128,0.011314
6129,0.861728
6130,0.078897
6131,0.016731
6132,0.941480
6133,0.154589
6134,0.635935
6135,0.028309
6136,0.849976
6137,0.120701
6138,0.094944
6139,0.125441
6140,0.036222
6141,1.000000
6142,0.796722
6143,0.737409
6144,0.051951
6145,0.993786
6146,0.732583
6147,0.029306
6148,0.788921
6149,0.390230
6150,0.017147
6151,0.143716
6152,0.067214
6153,0.034690
6154,0.759222
6155,0.083770
6156,0.398300
6157,0.067704
6158,0.146303
6159,0.071465
6160,0.668044
6161,0.260427
6162,0.973609
6163,0.750756
6164,0.004222
6165,0.345305
6166,0.813996
6167,0.979722
6168,0.690675
6169,0.286489
6170,0.736135
6171,0.168930
6172,0.892993
6173,0.138522
6174,0.410292
6175,0.504444
6176,0.039743
6177,0.147407
6178,0.922668
6179,0.116726
6180,0.943117
6181,0.978991
6182,0.278563
6183,0.056631
6184,0.316493
6185,0.526341
6186,0.442933
6187,0.008175
6188,0.034444
6189,0.205574
6190,0.100870
6191,0.994444
6192,0.325141
6193,0.020859
6194,0.962357
6195,0.013910
6196,0.997192
6197,0.987889
6198,0.760858
6199,0.030750
6200,0.980140
6201,0.023889
6202,0.023833
6203,0.002222
6204,0.289806
6205,0.062254
6206,0.027234
6207,0.051980
6208,0.968738
6209,0.288639
6210,0.418148
6211,0.989837
6212,0.021536
6213,0.008333
6214,0.705093
6215,0.065071
6216,0.109121
6217,0.031468
6218,0.157963
6219,0.209794
6220,0.088122
6221,0.790916
6222,0.015459
6223,0.023044
6224,0.020891
6225,0.001800
6226,0.000833
6227,0.096556
6228,0.017889
6229,0.982867
6230,0.001667
6231,0.170873
6232,0.119591
6233,0.025706
6234,0.994444
6235,0.347710
6236,0.226526
6237,0.267204
6238,0.061126
6239,0.676747
6240,0.016022
6241,0.539553
6242,0.002222
6243,0.039722
6244,0.005556
6245,0.000000
6246,0.982750
6247,0.159261
6248,0.028611
6249,0.351496
6250,0.431987
6251,0.077844
6252,0.831858
6253,0.790693
6254,0.886058
6255,0.951053
6256,0.996556
6257,0.442357
6258,0.989444
6259,0.016370
6260,0.027444
6261,0.174402
6262,0.369831
6263,0.353837
6264,0.452733
6265,0.156856
6266,0.982225
6267,0.056794
6268,0.095045
6269,0.024722
6270,0.009333
6271,0.027747
6272,0.143957
6273,0.054103
6274,0.107605
6275,0.001111
6276,0.952104
6277,0.150282
6278,0.081958
6279,0.989278
6280,0.227831
6281,0.001667
6282,0.299131
6283,0.297599
6284,0.556711
6285,0.372177
6286,0.027849
6287,0.022722
6288,0.991222
6289,0.718161
6290,0.053556
6291,0.059525
6292,0.055111
6293,0.326050
6294,0.330972
6295,0.082989
6296,0.898163
6297,0.009722
6298,0.234023
6299,0.969167
6300,0.941482
6301,0.021484
6302,0.004022
6303,0.012639
6304,0.738723
6305,0.719005
6306,0.750051
6307,0.353726
6308,0.579382
6309,0.014444
6310,0.728922
6311,0.532853
6312,0.983829
6313,0.999444
6314,0.052542
6315,0.375923
6316,0.404520
6317,0.057718
6318,0.262643
6319,0.161600
6320,0.209186
6321,0.004444
6322,1.000000
6323,0.026222
6324,0.232169
6325,0.000000
6326,0.000000
6327,0.201944
6328,0.018812
6329,0.067175
6330,0.545558
6331,0.001039
6332,0.995556
6333,0.895546
6334,0.008891
6335,0.997222
6336,0.155958
6337,0.659020
6338,0.245976
6339,0.351305
6340,0.001111
6341,0.016895
6342,0.749278
6343,0.022354
6344,0.097794
6345,0.018444
6346,0.109786
6347,0.057722
6348,0.103829
6349,0.802220
6350,0.856616
6351,0.354016
6352,0.424616
6353,0.064690
6354,0.023294
6355,0.075009
6356,0.110548
6357,0.265965
6358,0.002222
6359,0.348914
6360,0.159402
6361,0.355057
6362,0.038957
6363,0.980863
6364,0.004347
6365,0.059722
6366,0.001667
6367,0.113878
6368,0.193742
6369,0.879602
6370,0.274725
6371,0.105417
6372,0.023870
6373,0.348916
6374,0.036275
6375,0.522503
6376,0.469506
6377,0.179487
6378,0.030686
6379,0.013897
6380,0.000000
6381,0.336291
6382,0.021392
6383,0.050262
6384,0.034312
6385,0.991061
6386,0.230150
6387,0.022056
6388,0.762062
6389,0.734873
6390,0.700059
6391,0.817319
6392,0.129349
6393,0.023300
6394,0.019960
6395,0.776440
6396,0.194633
6397,0.996047
6398,0.855917
6399,0.967852
6400,0.784802
6401,0.975556
6402,0.911833
6403,0.000000
6404,0.000000
6405,0.602051
6406,0.997983
6407,0.860485
6408,0.373423
6409,0.675548
6410,0.007222
6411,0.163684
6412,0.475730
6413,0.943472
6414,0.004847
6415,0.917692
6416,0.251325
6417,0.491983
6418,0.047720
6419,0.087694
6420,0.368646
6421,0.090481
6422,0.032778
6423,0.053059
6424,0.918556
6425,0.519279
6426,0.270391
6427,0.330676
6428,0.228889
6429,0.973056
6430,0.996361
6431,0.067849
6432,0.137825
6433,0.000000
6434,0.126521
6435,0.088772
6436,0.074619
6437,0.992778
6438,0.096750
6439,0.116432
6440,0.002803
6441,0.081519
6442,0.020324
6443,0.019466
6444,0.960887
6445,0.918738
6446,0.104242
6447,0.032500
6448,0.015283
6449,0.570286
6450,0.029802
6451,0.745891
6452,0.083213
6453,0.045143
6454,0.410873
6455,0.245554
6456,0.912147
6457,0.085690
6458,0.532306
6459,0.023355
6460,0.017086
6461,0.175682
6462,0.061792
6463,0.004556
6464,0.968942
6465,0.285395
6466,0.040330
6467,0.474357
6468,0.123694
6469,0.981556
6470,0.962056
6471,0.495095
6472,0.120641
6473,0.161084
6474,0.213958
6475,0.111015
6476,0.389312
6477,0.034200
6478,0.169850
6479,0.687750
6480,0.006944
6481,0.084186
6482,0.571534
6483,0.087500
6484,0.284040
6485,0.169604
6486,0.342242
6487,0.040193
6488,0.156963
6489,0.011667
6490,0.403399
6491,0.153630
6492,0.964201
6493,0.124748
6494,0.187029
6495,0.129746
6496,0.080786
6497,0.967325
6498,0.637654
6499,0.258733
6500,1.000000
6501,0.996667
6502,0.001778
6503,0.975834
6504,0.032659
6505,0.881760
6506,1.000000
6507,0.151922
6508,0.178241
6509,0.115611
6510,0.252188
6511,0.968199
6512,0.013410
6513,0.993417
6514,0.028111
6515,0.044086
6516,0.004655
6517,0.037409
6518,0.176385
6519,0.175066
6520,0.854459
6521,0.181012
6522,0.005000
6523,0.250702
6524,0.121028
6525,0.333528
6526,0.123966
6527,0.021944
6528,0.006111
6529,0.012334
6530,0.000000
6531,0.983845
6532,0.410131
6533,0.419193
6534,0.765550
6535,0.095577
6536,0.824988
6537,0.039194
6538,0.015913
6539,0.156690
6540,0.111017
6541,0.993968
6542,0.059262
6543,0.043141
6544,0.077500
6545,0.147778
6546,0.111968
6547,0.859901
6548,0.138234
6549,0.979310
6550,0.068056
6551,0.267412
6552,0.692550
6553,0.028228
6554,0.043499
6555,0.519152
6556,0.998103
6557,0.510790
6558,1.000000
6559,0.681371
6560,0.810579
6561,0.165726
6562,0.679286
6563,0.972693
6564,0.014048
6565,0.545697
6566,0.978714
6567,0.239768
6568,0.197484
6569,0.447510
6570,0.080859
6571,0.076444
6572,0.057211
6573,0.989288
6574,0.116894
6575,0.622908
6576,0.248509
6577,0.083058
6578,0.135389
6579,0.254718
6580,0.000000
6581,0.015837
6582,0.229459
6583,0.358984
6584,0.484806
6585,0.124136
6586,0.469572
6587,0.875452
6588,0.001667
6589,0.088339
6590,0.006825
6591,0.093873
6592,0.067961
6593,0.083466
6594,0.226517
6595,0.677216
6596,0.077451
6597,0.019377
6598,0.401888
6599,0.819419
6600,0.260952
6601,0.505566
6602,0.039230
6603,0.441578
6604,0.030500
6605,0.110699
6606,0.592267
6607,0.017222
6608,0.696741
6609,0.015944
6610,0.064420
6611,0.015005
6612,0.960556
6613,0.017799
6614,0.273166
6615,0.113792
6616,0.019802
6617,0.048167
6618,0.871296
6619,0.130056
6620,0.320093
6621,0.994333
6622,0.935826
6623,0.007341
6624,0.006667
6625,0.141991
6626,0.100087
6627,0.017738
6628,0.007592
6629,0.019444
6630,0.171691
6631,0.018727
6632,0.047059
6633,0.125278
6634,0.012000
6635,0.226443
6636,0.015111
6637,0.048270
6638,0.115971
6639,0.912809
6640,0.014444
6641,0.072503
6642,0.997222
6643,0.145788
6644,0.240629
6645,0.230917
6646,0.718063
6647,0.240519
6648,0.914667
6649,0.837847
6650,0.313966
6651,0.996018
6652,0.255602
6653,0.388513
6654,0.162765
6655,0.066355
6656,0.000000
6657,0.807973
6658,0.113765
6659,0.804280
6660,0.038076
6661,0.228638
6662,0.987238
6663,0.011649
6664,0.181253
6665,0.972213
6666,0.083889
6667,0.486192
6668,0.028385
6669,0.284889
6670,0.139378
6671,0.964632
6672,0.048914
6673,0.004444
6674,0.075307
6675,0.485488
6676,0.209836
6677,0.084159
6678,0.214623
6679,0.066750
6680,0.261871
6681,0.507748
6682,0.031667
6683,0.248216
6684,0.110611
6685,0.911265
6686,0.666278
6687,0.018111
6688,0.003056
6689,0.807795
6690,0.964603
6691,1.000000
6692,0.009889
6693,0.344438
6694,0.034952
6695,0.864433
6696,0.128992
6697,0.025331
6698,0.998333
6699,0.840473
6700,0.387757
6701,0.027093
6702,0.961047
6703,0.986709
6704,0.246177
6705,0.977707
6706,0.034333
6707,0.038122
6708,0.071311
6709,0.161305
6710,0.037707
6711,0.049085
6712,0.012356
6713,0.386029
6714,0.967889
6715,0.044016
6716,0.014722
6717,0.836876
6718,0.959365
6719,0.242008
6720,0.009563
6721,0.000000
6722,0.512637
6723,0.079514
6724,0.020825
6725,1.000000
6726,0.867071
6727,0.927857
6728,0.136820
6729,0.840597
6730,0.319655
6731,0.276021
6732,0.117572
6733,0.979885
6734,0.029046
6735,0.974360
6736,0.487873
6737,0.985968
6738,0.985833
6739,0.000000
6740,0.030222
6741,0.001111
6742,0.154060
6743,0.175422
6744,0.019524
6745,0.006667
6746,0.694812
6747,0.479979
6748,0.903500
6749,0.252460
6750,0.958776
6751,0.401984
6752,0.016963
6753,0.248994
6754,0.016944
6755,0.208389
6756,0.986206
6757,0.100683
6758,0.855623
6759,0.022025
6760,0.146405
6761,0.041148
6762,0.940657
6763,0.011944
6764,0.022531
6765,0.243476
6766,0.937506
6767,1.000000
6768,0.886350
6769,0.041149
6770,0.028778
6771,0.067648
6772,0.986444
6773,0.055964
6774,0.047825
6775,0.099778
6776,0.114169
6777,0.056706
6778,0.052805
6779,0.194943
6780,0.596571
6781,0.009444
6782,0.171974
6783,0.163992
6784,0.003333
6785,0.597038
6786,0.464648
6787,0.798962
6788,0.698671
6789,0.162317
6790,0.017722
6791,0.621546
6792,0.962389
6793,0.167755
6794,0.367981
6795,0.949803
6796,0.547325
6797,0.075066
6798,0.513624
6799,0.016111
6800,0.534624
6801,0.789588
6802,0.448206
6803,0.186893
6804,0.161389
6805,0.016000
6806,0.623746
6807,0.026111
6808,0.049735
6809,0.184953
6810,0.678095
6811,0.048556
6812,0.011685
6813,0.832425
6814,0.058968
6815,0.228465
6816,0.034000
6817,0.005062
6818,0.994483
6819,0.022389
6820,0.060270
6821,0.980644
6822,0.001667
6823,0.149128
6824,0.036914
6825,0.017100
6826,0.112604
6827,0.007389
6828,0.862170
6829,0.000000
6830,0.994273
6831,0.094746
6832,0.026111
6833,0.053600
6834,0.005556
6835,0.688743
6836,0.497544
6837,0.997778
6838,0.127540
6839,0.314182
6840,0.881857
6841,0.075683
6842,0.878452
6843,0.000211
6844,0.063476
6845,0.998056
6846,0.243611
6847,0.026036
6848,0.631871
6849,0.016077
6850,0.071971
6851,0.725706
6852,0.149333
6853,0.485167
6854,0.106373
6855,0.072142
6856,0.210521
6857,0.799474
6858,0.987640
6859,0.668234
6860,0.804262
6861,0.011692
6862,0.214680
6863,0.053523
6864,0.089440
6865,0.001667
6866,0.238612
6867,0.560756
6868,0.730203
6869,0.257141
6870,0.907696
6871,0.924602
6872,0.019450
6873,0.061544
6874,0.128135
6875,0.361656
6876,0.993056
6877,0.686943
6878,0.000000
6879,0.044479
6880,0.042538
6881,0.529066
6882,0.966714
6883,0.451794
6884,0.186576
6885,0.069008
6886,0.992000
6887,0.853250
6888,0.735608
6889,0.298722
6890,0.929865
6891,0.027500
6892,0.036583
6893,0.035968
6894,0.222951
6895,0.091302
6896,1.000000
6897,0.165410
6898,0.974661
6899,0.005000
6900,0.430501
6901,0.016222
6902,0.083680
6903,0.061732
6904,0.103778
6905,0.998103
6906,0.834707
6907,0.189175
6908,0.046643
6909,0.006111
6910,0.733832
6911,0.050270
6912,0.990415
6913,1.000000
6914,0.032639
6915,0.043168
6916,0.975889
6917,0.345782
6918,0.675664
6919,0.011111
6920,0.023299
6921,0.624404
6922,0.000000
6923,0.045811
6924,0.058290
6925,0.015556
6926,0.425238
6927,0.020000
6928,0.035360
6929,0.011923
6930,0.373992
6931,0.256010
6932,0.051722
6933,0.683759
6934,0.186466
6935,0.319583
6936,0.008333
6937,0.004444
6938,0.319279
6939,0.013106
6940,0.929950
6941,0.008322
6942,0.786704
6943,0.038749
6944,0.945379
6945,0.469237
6946,0.015556
6947,0.761036
6948,0.003910
6949,0.031982
6950,0.874232
6951,0.450480
6952,0.050783
6953,0.007398
6954,0.040147
6955,0.923056
6956,0.105056
6957,0.995667
6958,0.958747
6959,0.070705
6960,0.149072
6961,0.199595
6962,0.623398
6963,0.031611
6964,0.438628
6965,0.020222
6966,0.056346
6967,0.010556
6968,0.973499
6969,0.994444
6970,0.000000
6971,0.000000
6972,0.025212
6973,0.024611
6974,0.367221
6975,0.144047
6976,0.009743
6977,0.097148
6978,0.016111
6979,0.015696
6980,0.323897
6981,0.212939
6982,1.000000
6983,0.298217
6984,0.083778
6985,0.405306
6986,0.778775
6987,0.188276
6988,0.039010
6989,0.043434
6990,0.000000
6991,0.007778
6992,0.045484
6993,0.586492
6994,0.742194
6995,0.052374
6996,0.514853
6997,0.831661
6998,0.019167
6999,0.060508
7000,0.402918
7001,0.062368
7002,0.165741
7003,0.134619
7004,0.000000
7005,0.108697
7006,0.002222
7007,0.994933
7008,0.066132
7009,0.045743
7010,0.154439
7011,0.937939
7012,0.006667
7013,0.392703
7014,0.633878
7015,0.002500
7016,0.962136
7017,0.079203
7018,0.208232
7019,0.019587
7020,0.013603
7021,0.041500
7022,0.364963
7023,0.267167
7024,0.312089
7025,0.030367
7026,0.022824
7027,0.024064
7028,0.042278
7029,0.168218
7030,0.379857
7031,0.982604
7032,0.001688
7033,0.816981
7034,0.101370
7035,0.360745
7036,0.881611
7037,0.940355
7038,0.046754
7039,0.002222
7040,0.166614
7041,0.765071
7042,0.006222
7043,0.611743
7044,0.072175
7045,0.228905
7046,0.455368
7047,0.829889
7048,0.861983
7049,0.275169
7050,0.218194
7051,0.032918
7052,0.032334
7053,0.158250
7054,0.025898
7055,0.151825
7056,0.197037
7057,0.357198
7058,0.591871
7059,0.021428
7060,0.031410
7061,0.767294
7062,0.899511
7063,0.062937
7064,0.043117
7065,0.148468
7066,0.244722
7067,0.047413
7068,0.076650
7069,0.962090
7070,0.995833
7071,0.136000
7072,0.004500
7073,0.086195
7074,0.090580
7075,1.000000
7076,0.285853
7077,1.000000
7078,0.928096
7079,0.389381
7080,0.092858
7081,0.268785
7082,0.081706
7083,0.513235
7084,0.180386
7085,0.471556
7086,0.268898
7087,0.022846
7088,0.032056
7089,0.941044
7090,0.251430
7091,0.376570
7092,0.022551
7093,0.575893
7094,0.814605
7095,0.556489
7096,0.415016
7097,0.050014
7098,0.973000
7099,0.008889
7100,1.000000
7101,0.810501
7102,0.348421
7103,1.000000
7104,0.001111
7105,0.021222
7106,0.003889
7107,0.121175
7108,0.135700
7109,0.001667
7110,0.006619
7111,0.435715
7112,0.308604
7113,0.451169
7114,0.965666
7115,0.128581
7116,0.021316
7117,0.482163
7118,0.004808
7119,0.287400
7120,0.125394
7121,0.018067
7122,0.015230
7123,0.083722
7124,0.788978
7125,0.107816
7126,0.507599
7127,0.102299
7128,0.117667
7129,0.966991
7130,0.015888
7131,0.999378
7132,0.188669
7133,0.006577
7134,0.977272
7135,0.403624
7136,0.046000
7137,0.342403
7138,0.692806
7139,0.064367
7140,0.124823
7141,0.026056
7142,0.092096
7143,0.014000
7144,0.976142
7145,0.194272
7146,0.046058
7147,0.007889
7148,1.000000
7149,0.200027
7150,0.071389
7151,0.009967
7152,0.067232
7153,0.562722
7154,0.027693
7155,0.166193
7156,0.005647
7157,0.013188
7158,0.006668
7159,0.033333
7160,0.054725
7161,0.998333
7162,0.001667
7163,0.847174
7164,1.000000
7165,0.060637
7166,0.113008
7167,0.633708
7168,0.999587
7169,0.172353
7170,0.995167
7171,0.462469
7172,0.955369
7173,0.952894
7174,0.008887
7175,0.249043
7176,0.450918
7177,0.878182
7178,0.366250
7179,0.024722
7180,0.054189
7181,0.223000
7182,0.051927
7183,0.940603
7184,0.017931
7185,0.238677
7186,0.683094
7187,0.042258
7188,0.721204
7189,0.531342
7190,0.059159
7191,0.147608
7192,0.036688
7193,0.624025
7194,0.128085
7195,0.998194
7196,0.015744
7197,0.015833
7198,0.031944
7199,0.331869
7200,0.043738
7201,0.094968
7202,0.140943
7203,0.018514
7204,0.219274
7205,0.167067
7206,0.747903
7207,0.986324
7208,0.708638
7209,0.561635
7210,0.841972
7211,0.052717
7212,0.292375
7213,0.993889
7214,0.130458
7215,0.031963
7216,0.005022
7217,0.150407
7218,0.023778
7219,0.002222
7220,0.474765
7221,0.387362
7222,0.000000
7223,0.967940
7224,0.955389
7225,0.178579
7226,0.025185
7227,0.024556
7228,0.205024
7229,0.343237
7230,0.923621
7231,0.054951
7232,0.221985
7233,0.345269
7234,0.976982
7235,0.173640
7236,0.025659
7237,0.304892
7238,0.411856
7239,0.425519
7240,0.008758
7241,0.290734
7242,0.147139
7243,0.006524
7244,0.924651
7245,0.076128
7246,0.118889
7247,0.276416
7248,0.938900
7249,0.495647
7250,0.023143
7251,0.559512
7252,0.356778
7253,0.290717
7254,0.163315
7255,0.137326
7256,0.619368
7257,0.591620
7258,0.127088
7259,0.159582
7260,0.579279
7261,0.947052
7262,0.053096
7263,0.864547
7264,0.052860
7265,0.295534
7266,0.087814
7267,0.009167
7268,0.037639
7269,0.081542
7270,0.033524
7271,0.010611
7272,0.321971
7273,0.259837
7274,0.005000
7275,0.809974
7276,0.006000
7277,0.026316
7278,0.099468
7279,0.086111
7280,0.089981
7281,0.617564
7282,0.988056
7283,0.110688
7284,0.437843
7285,0.120328
7286,0.194500
7287,0.004286
7288,0.905629
7289,0.945295
7290,0.055667
7291,0.132779
7292,0.016481
7293,0.557075
7294,0.198709
7295,0.050492
7296,0.011222
7297,0.509038
7298,0.721005
7299,0.542363
7300,0.385216
7301,0.812512
7302,0.975468
7303,0.325571
7304,0.064058
7305,0.174529
7306,0.104678
7307,0.157722
7308,0.011053
7309,0.018611
7310,0.088157
7311,0.958444
7312,0.019926
7313,0.574647
7314,0.032111
7315,0.028444
7316,0.191398
7317,0.255899
7318,0.188622
7319,0.627521
7320,0.033022
7321,0.936284
7322,0.003333
7323,0.045194
7324,0.949786
7325,0.092199
7326,0.039837
7327,0.298947
7328,0.926534
7329,0.013611
7330,0.979444
7331,0.216042
7332,0.132619
7333,0.056185
7334,0.078000
7335,0.018849
7336,0.301663
7337,0.065873
7338,0.109052
7339,0.105984
7340,0.097667
7341,0.513554
7342,0.056944
7343,0.989314
7344,0.140589
7345,0.111290
7346,0.918220
7347,0.258903
7348,0.003333
7349,0.989611
7350,0.496771
7351,1.000000
7352,0.259558
7353,0.116015
7354,0.126174
7355,0.071211
7356,0.816669
7357,0.038130
7358,0.020503
7359,0.146573
7360,0.198249
7361,0.020835
7362,0.016160
7363,0.766111
7364,0.038160
7365,0.028611
7366,0.009778
7367,0.365526
7368,0.091965
7369,0.045944
7370,0.122396
7371,0.131349
7372,0.019365
7373,0.068092
7374,0.720482
7375,0.993829
7376,0.491676
7377,0.000092
7378,0.877823
7379,0.821408
7380,0.437967
7381,0.006722
7382,0.007645
7383,0.001111
7384,0.013289
7385,1.000000
7386,0.111071
7387,0.983159
7388,0.000270
7389,0.837730
7390,0.544692
7391,0.101140
7392,0.046629
7393,0.028410
7394,0.017823
7395,0.634630
7396,0.997778
7397,0.011347
7398,0.167611
7399,0.041212
7400,0.002222
7401,0.029167
7402,0.001667
7403,0.209222
7404,0.038575
7405,0.080342
7406,0.912230
7407,0.011111
7408,0.161646
7409,0.068556
7410,0.297809
7411,0.157362
7412,1.000000
7413,0.175452
7414,0.030271
7415,1.000000
7416,0.311845
7417,0.644093
7418,0.047807
7419,0.793529
7420,0.828779
7421,0.841409
7422,0.143629
7423,0.454464
7424,0.181159
7425,0.162111
7426,0.042254
7427,0.971376
7428,0.354541
7429,0.708120
7430,0.951476
7431,0.063859
7432,0.015974
7433,0.326763
7434,0.578406
7435,0.411998
7436,0.962793
7437,0.060325
7438,0.965516
7439,0.092029
7440,0.000000
7441,0.871278
7442,0.012690
7443,0.124666
7444,0.172038
7445,0.950976
7446,0.271347
7447,0.909397
7448,0.337310
7449,0.680975
7450,0.272822
7451,0.234469
7452,0.058457
7453,0.917673
7454,0.003429
7455,0.204417
7456,0.228891
7457,0.063111
7458,0.014603
7459,0.366866
7460,0.035065
7461,0.047590
7462,0.654178
7463,0.218034
7464,0.130897
7465,0.013778
7466,0.015056
7467,0.624271
7468,0.310380
7469,0.016556
7470,0.214644
7471,0.561974
7472,0.274475
7473,0.033471
7474,0.007623
7475,0.062005
7476,0.009778
7477,0.066194
7478,0.003333
7479,0.024735
7480,0.621083
7481,0.124270
7482,0.002222
7483,0.994111
7484,0.046659
7485,0.008984
7486,0.095042
7487,0.130857
7488,0.067786
7489,0.028244
7490,0.000000
7491,0.461280
7492,0.144016
7493,0.170536
7494,0.012944
7495,0.037767
7496,0.081029
7497,0.061215
7498,0.089860
7499,0.042222
7500,0.068000
7501,0.478171
7502,0.562270
7503,0.832727
7504,0.006410
7505,0.043944
7506,0.010556
7507,0.028026
7508,0.405703
7509,0.421999
7510,0.965978
7511,0.054600
7512,0.270539
7513,0.002500
7514,0.001667
7515,0.333595
7516,0.084292
7517,0.055527
7518,0.023272
7519,0.928462
7520,0.137872
7521,0.006591
7522,0.027282
7523,0.914409
7524,0.258023
7525,0.987316
7526,0.009848
7527,0.997778
7528,0.444313
7529,0.098056
7530,0.036601
7531,0.005000
7532,0.948722
7533,0.130558
7534,0.059893
7535,0.834524
7536,0.822732
7537,0.174228
7538,0.008792
7539,0.016181
7540,0.626147
7541,0.044783
7542,0.936756
7543,0.180422
7544,0.083549
7545,0.981936
7546,0.998333
7547,0.190525
7548,0.144199
7549,0.424533
7550,0.019625
7551,0.965167
7552,0.442859
7553,0.168353
7554,0.429648
7555,0.830293
7556,0.424901
7557,0.002869
7558,0.343512
7559,0.274141
7560,0.831413
7561,0.051894
7562,0.041347
7563,0.077056
7564,0.380491
7565,0.125611
7566,0.468715
7567,0.874078
7568,0.106549
7569,0.991944
7570,0.194730
7571,0.046501
7572,0.192384
7573,0.053389
7574,0.040389
7575,0.292627
7576,0.007667
7577,0.329417
7578,0.001436
7579,0.708744
7580,0.992500
7581,0.111696
7582,0.503634
7583,0.909697
7584,0.034444
7585,0.549060
7586,0.156614
7587,0.678722
7588,0.005000
7589,0.959547
7590,0.249237
7591,0.052868
7592,0.062685
7593,0.006667
7594,0.133444
7595,0.966222
7596,0.029980
7597,0.819495
7598,0.501397
7599,0.155812
7600,0.007381
7601,0.012378
7602,0.020077
7603,0.919500
7604,0.027778
7605,0.221102
7606,0.857113
7607,0.303126
7608,0.026866
7609,0.006570
7610,0.401924
7611,0.075520
7612,0.086889
7613,0.075893
7614,0.133823
7615,0.695686
7616,0.393998
7617,0.053648
7618,0.322209
7619,0.437528
7620,0.012853
7621,0.143286
7622,0.982333
7623,0.996090
7624,0.055256
7625,0.074291
7626,0.274752
7627,0.972321
7628,0.848584
7629,0.119619
7630,0.984553
7631,0.098706
7632,0.195931
7633,0.533620
7634,0.007722
7635,0.349792
7636,0.239054
7637,0.377909
7638,0.885921
7639,0.007222
7640,0.058286
7641,0.149455
7642,0.153662
7643,0.056556
7644,0.001667
7645,0.283466
7646,0.082482
7647,0.078807
7648,0.032778
7649,0.099056
7650,0.982968
7651,0.994137
7652,0.396391
7653,0.018778
7654,0.143870
7655,0.991556
7656,0.682194
7657,0.349565
7658,0.161775
7659,0.432759
7660,0.195143
7661,0.050717
7662,0.028516
7663,0.318529
7664,0.374262
7665,0.003333
7666,0.040556
7667,0.006111
7668,0.087615
7669,0.223883
7670,0.316205
7671,0.607538
7672,0.842459
7673,0.618830
7674,0.057222
7675,0.461812
7676,0.108429
7677,0.170849
7678,0.555302
7679,0.017500
7680,0.000000
7681,0.005000
7682,0.020694
7683,0.792600
7684,0.036667
7685,0.879910
7686,0.995000
7687,0.013444
7688,0.051167
7689,0.776579
7690,0.007061
7691,0.020516
7692,0.267404
7693,0.231844
7694,0.640118
7695,0.006944
7696,0.171807
7697,0.519500
7698,0.013556
7699,0.061556
7700,0.045839
7701,0.164015
7702,0.398239
7703,0.969389
7704,0.871658
7705,0.011480
7706,0.153709
7707,0.519292
7708,0.057667
7709,0.159778
7710,0.021931
7711,0.053865
7712,0.014756
7713,0.492045
7714,0.000833
7715,0.365306
7716,0.005278
7717,0.162718
7718,0.363573
7719,0.847556
7720,0.242864
7721,0.024080
7722,0.069833
7723,0.376909
7724,0.027444
7725,0.095159
7726,0.684919
7727,0.938709
7728,0.019167
7729,0.477154
7730,0.774348
7731,0.101643
7732,0.996163
7733,0.016092
7734,0.057370
7735,0.294039
7736,0.003667
7737,0.259451
7738,0.125389
7739,0.193995
7740,1.000000
7741,1.000000
7742,0.004683
7743,0.484436
7744,0.961535
7745,0.940176
7746,0.053866
7747,0.853985
7748,0.358982
7749,0.492954
7750,0.024525
7751,0.157242
7752,0.981475
7753,0.184484
7754,0.010204
7755,0.530054
7756,0.625037
7757,0.234500
7758,0.814338
7759,0.080056
7760,0.080209
7761,0.679843
7762,0.272427
7763,0.214860
7764,0.025397
7765,0.119509
7766,0.000092
7767,0.105573
7768,1.000000
7769,0.626828
7770,0.449807
7771,0.350401
7772,0.012273
7773,0.209643
7774,0.984889
7775,0.721247
7776,0.006080
7777,0.278582
7778,0.841264
7779,0.777556
7780,0.284516
7781,0.177954
7782,0.746985
7783,0.117186
7784,0.069970
7785,0.988611
7786,0.803826
7787,0.877365
7788,0.998829
7789,0.405799
7790,0.960669
7791,0.969061
7792,0.946583
7793,0.314101
7794,0.988595
7795,0.630079
7796,0.044508
7797,0.059581
7798,0.061010
7799,1.000000
7800,0.486778
7801,0.369324
7802,0.020611
7803,0.031389
7804,0.018444
7805,0.110362
7806,0.778960
7807,0.933372
7808,0.526651
7809,0.021217
7810,0.990222
7811,0.953849
7812,0.057540
7813,0.997155
7814,0.967092
7815,0.261693
7816,0.280168
7817,0.003333
7818,0.001333
7819,0.165778
7820,0.022333
7821,0.002847
7822,0.131744
7823,0.987904
7824,0.006056
7825,0.928115
7826,0.687200
7827,0.352241
7828,0.996250
7829,0.880806
7830,0.452563
7831,0.854472
7832,0.064971
7833,1.000000
7834,0.048092
7835,0.132616
7836,0.992738
7837,0.035638
7838,0.023839
7839,0.029393
7840,0.967944
7841,0.031747
7842,0.365160
7843,0.037534
7844,0.926405
7845,0.017656
7846,0.680452
7847,0.003333
7848,0.387428
7849,0.639119
7850,0.274260
7851,0.001333
7852,0.537260
7853,0.013389
7854,0.364981
7855,0.965278
7856,0.062000
7857,0.080296
7858,0.027725
7859,0.620087
7860,0.429535
7861,0.658606
7862,0.229963
7863,0.059722
7864,0.111944
7865,0.013389
7866,0.918101
7867,0.003333
7868,0.777693
7869,0.791333
7870,0.634222
7871,0.040556
7872,0.230238
7873,0.962778
7874,0.978141
7875,0.036556
7876,0.325885
7877,0.851751
7878,1.000000
7879,0.776769
7880,0.922810
7881,0.430764
7882,0.990346
7883,0.529118
7884,0.020889
7885,0.094480
7886,0.011222
7887,0.026188
7888,0.839225
7889,0.017596
7890,0.540317
7891,0.032256
7892,0.154763
7893,0.552320
7894,0.001111
7895,0.242290
7896,0.058278
7897,0.062965
7898,0.103686
7899,0.144128
7900,0.583049
7901,0.182030
7902,0.010444
7903,0.764783
7904,0.007407
7905,0.103810
7906,0.259631
7907,0.671525
7908,0.576869
7909,0.153325
7910,0.037907
7911,0.978056
7912,0.041825
7913,0.011259
7914,0.031322
7915,0.823677
7916,0.007778
7917,0.703667
7918,0.215812
7919,0.203185
7920,0.969216
7921,0.172754
7922,0.139667
7923,0.002674
7924,0.037167
7925,0.307529
7926,0.325825
7927,0.199141
7928,0.284377
7929,0.270112
7930,0.870611
7931,0.020222
7932,0.053857
7933,0.015556
7934,0.005944
7935,0.297456
7936,0.132893
7937,0.181599
7938,0.230723
7939,0.126536
7940,0.245413
7941,0.034556
7942,0.034778
7943,0.196270
7944,0.049955
7945,0.005556
7946,0.278113
7947,0.102449
7948,0.098861
7949,0.943197
7950,0.056847
7951,0.779532
7952,0.866009
7953,0.507679
7954,0.102497
7955,0.358235
7956,0.125003
7957,0.017315
7958,0.168356
7959,0.042500
7960,0.029287
7961,0.141915
7962,0.026662
7963,0.460240
7964,0.403772
7965,0.109852
7966,0.918924
7967,0.040056
7968,0.587809
7969,0.012274
7970,0.871127
7971,0.000000
7972,0.007278
7973,0.047329
7974,0.000000
7975,0.168147
7976,0.544435
7977,0.031891
7978,0.901373
7979,0.027944
7980,0.701959
7981,0.135167
7982,0.051331
7983,0.279729
7984,0.006924
7985,0.023216
7986,0.020444
7987,0.024944
7988,0.079535
7989,0.018260
7990,0.264817
7991,0.977611
7992,0.268305
7993,0.302423
7994,0.951175
7995,0.014576
7996,0.488036
7997,0.857460
7998,0.042008
7999,0.967892
8000,0.013889
8001,0.038190
8002,0.702080
8003,0.062163
8004,0.177433
8005,0.232373
8006,0.229331
8007,0.223200
8008,0.324667
8009,0.004333
8010,0.149875
8011,0.276130
8012,0.422747
8013,0.340769
8014,0.998255
8015,0.191706
8016,0.067804
8017,0.241229
8018,0.653261
8019,0.008355
8020,0.000000
8021,0.013611
8022,0.031643
8023,0.005969
8024,0.738172
8025,0.036830
8026,0.722030
8027,0.000000
8028,0.319269
8029,0.196852
8030,0.236012
8031,0.698166
8032,0.024551
8033,0.010000
8034,0.121016
8035,0.477627
8036,0.003333
8037,0.010012
8038,0.063020
8039,0.007222
8040,0.000000
8041,0.115592
8042,0.708722
8043,0.402921
8044,0.016762
8045,0.128643
8046,0.026140
8047,0.410407
8048,0.994825
8049,0.044935
8050,0.310455
8051,0.780511
8052,0.000000
8053,0.985581
8054,0.017500
8055,0.242234
8056,0.970167
8057,0.977056
8058,0.157686
8059,0.119929
8060,0.000000
8061,0.051917
8062,0.544331
8063,0.009034
8064,0.149711
8065,0.407078
8066,0.338545
8067,0.034068
8068,0.014074
8069,0.106706
8070,0.458461
8071,0.811790
8072,0.130680
8073,0.988556
8074,0.787811
8075,0.003778
8076,1.000000
8077,0.998273
8078,0.052944
8079,0.995000
8080,0.131516
8081,0.140152
8082,0.004881
8083,0.850941
8084,0.002778
8085,0.625003
8086,0.018583
8087,0.015048
8088,0.127898
8089,0.916881
8090,0.032618
8091,0.988278
8092,0.983139
8093,0.045142
8094,0.638039
8095,0.018410
8096,0.896681
8097,0.137534
8098,0.003425
8099,0.474042
8100,0.244602
8101,0.179708
8102,0.000000
8103,0.005556
8104,0.924720
8105,0.185075
8106,0.000000
8107,0.294548
8108,0.739859
8109,0.904754
8110,0.255959
8111,0.008889
8112,0.942960
8113,0.036111
8114,0.035349
8115,0.187556
8116,1.000000
8117,0.779935
8118,0.171107
8119,0.074796
8120,0.088944
8121,0.006300
8122,0.905881
8123,0.046810
8124,0.126072
8125,0.070389
8126,0.647050
8127,0.997162
8128,0.278256
8129,0.034604
8130,0.717725
8131,0.064676
8132,0.032246
8133,0.058833
8134,0.950556
8135,0.642444
8136,0.137503
8137,0.037972
8138,0.017444
8139,0.005219
8140,0.007333
8141,0.049685
8142,0.493128
8143,0.233156
8144,0.196649
8145,0.430489
8146,0.007611
8147,0.515548
8148,0.061833
8149,0.271032
8150,0.084999
8151,1.000000
8152,0.599833
8153,0.031167
8154,0.076698
8155,0.191460
8156,0.033159
8157,0.225708
8158,0.233538
8159,0.011194
8160,0.578152
8161,0.305198
8162,0.003056
8163,0.017222
8164,0.403124
8165,0.015556
8166,0.112813
8167,0.986698
8168,0.161611
8169,0.783937
8170,0.221250
8171,0.039389
8172,0.347327
8173,0.785779
8174,0.091040
8175,0.709927
8176,0.204640
8177,0.075968
8178,0.388004
8179,0.089736
8180,0.004722
8181,0.223357
8182,0.936620
8183,0.396892
8184,0.024803
8185,0.102287
8186,0.555896
8187,0.579349
8188,0.989147
8189,0.224582
8190,0.331025
8191,0.115439
8192,0.870444
8193,0.035722
8194,0.020701
8195,0.224013
8196,0.964051
8197,0.210494
8198,0.286036
8199,0.051299
8200,0.605495
8201,0.158546
8202,0.025056
8203,0.349028
8204,0.726504
8205,0.178874
8206,0.112778
8207,0.196738
8208,0.971103
8209,0.656498
8210,0.250959
8211,0.022833
8212,0.002222
8213,0.008980
8214,0.654905
8215,0.188264
8216,0.068778
8217,0.380484
8218,0.146845
8219,0.005500
8220,0.064222
8221,0.752741
8222,0.030731
8223,0.164310
8224,0.147587
8225,0.404187
8226,0.316481
8227,0.037310
8228,0.081647
8229,0.001667
8230,0.176786
8231,0.010156
8232,0.998158
8233,0.019008
8234,0.348638
8235,0.833695
8236,0.992848
8237,0.006667
8238,0.026349
8239,0.051028
8240,0.931642
8241,0.955286
8242,0.028568
8243,0.135747
8244,0.121439
8245,0.242966
8246,0.081138
8247,0.996944
8248,0.358684
8249,0.201800
8250,0.346214
8251,0.107706
8252,0.410622
8253,0.287107
8254,0.036039
8255,0.689831
8256,0.134066
8257,0.002333
8258,0.421849
8259,0.325981
8260,0.025139
8261,0.024556
8262,0.259806
8263,0.070900
8264,0.002592
8265,0.053611
8266,0.248321
8267,0.964611
8268,0.157046
8269,0.606050
8270,0.052876
8271,0.432577
8272,0.204511
8273,0.071432
8274,0.060991
8275,0.956166
8276,0.246720
8277,0.142913
8278,0.120078
8279,0.118458
8280,0.091005
8281,0.001667
8282,0.074285
8283,0.982222
8284,0.193276
8285,0.936639
8286,0.034444
8287,0.047389
8288,0.790608
8289,0.323595
8290,0.068889
8291,0.045893
8292,0.003333
8293,0.153337
8294,0.397092
8295,0.487016
8296,0.042278
8297,0.724778
8298,0.379647
8299,0.988611
8300,0.058394
8301,0.001667
8302,0.056990
8303,0.018111
8304,0.033621
8305,0.012339
8306,0.342889
8307,0.910167
8308,0.013091
8309,0.099154
8310,0.222532
8311,0.990652
8312,0.875152
8313,0.460595
8314,0.070831
8315,0.998056
8316,0.277416
8317,0.035589
8318,0.009444
8319,0.038489
8320,0.057365
8321,0.014822
8322,0.541611
8323,0.123746
8324,0.006603
8325,0.026403
8326,0.686502
8327,0.037504
8328,0.048000
8329,0.354878
8330,0.999167
8331,0.266043
8332,0.336835
8333,0.002778
8334,0.567306
8335,0.926913
8336,0.576597
8337,0.204240
8338,0.032759
8339,0.037340
8340,0.063778
8341,0.289389
8342,0.963633
8343,0.032521
8344,0.686530
8345,0.087479
8346,0.920009
8347,0.067911
8348,0.166130
8349,0.359755
8350,0.366084
8351,0.077598
8352,0.918766
8353,0.488867
8354,0.002500
8355,0.852591
8356,0.107667
8357,0.531278
8358,0.160236
8359,0.690770
8360,0.972667
8361,0.274530
8362,0.877443
8363,0.214150
8364,0.992000
8365,0.441257
8366,0.043500
8367,0.354541
8368,0.661364
8369,0.008548
8370,0.110450
8371,0.634457
8372,0.036675
8373,0.551811
8374,0.268140
8375,0.421067
8376,0.155360
8377,0.007244
8378,0.385066
8379,0.046417
8380,0.489766
8381,0.622062
8382,1.000000
8383,0.040684
8384,0.018611
8385,0.056079
8386,0.919493
8387,0.940656
8388,0.179333
8389,0.254265
8390,0.010000
8391,0.036342
8392,0.009278
8393,0.676353
8394,0.343230
8395,0.153030
8396,0.103037
8397,0.990000
8398,0.972944
8399,0.075222
8400,0.163786
8401,0.632562
8402,0.943167
8403,0.566325
8404,0.042722
8405,0.778500
8406,0.234519
8407,0.992992
8408,0.003333
8409,0.043139
8410,0.208507
8411,0.132417
8412,0.077209
8413,0.094669
8414,0.012457
8415,0.630291
8416,0.003333
8417,0.060270
8418,0.003055
8419,0.859596
8420,0.027794
8421,0.993889
8422,0.021259
8423,0.338190
8424,0.006111
8425,0.395458
8426,1.000000
8427,0.428325
8428,0.992246
8429,0.184509
8430,0.050722
8431,0.216676
8432,0.034568
8433,0.825236
8434,0.203381
8435,0.119862
8436,0.890968
8437,0.898312
8438,0.040411
8439,0.160803
8440,0.037543
8441,0.499456
8442,0.006111
8443,0.258971
8444,0.039241
8445,0.024411
8446,0.070769
8447,0.145526
8448,0.064495
8449,0.471630
8450,0.029096
8451,0.139170
8452,0.003425
8453,0.998333
8454,0.572610
8455,0.573984
8456,0.528981
8457,0.157151
8458,0.986797
8459,0.431908
8460,0.239235
8461,0.132741
8462,0.049222
8463,0.017183
8464,0.181448
8465,0.005639
8466,0.913436
8467,0.005000
8468,0.603523
8469,0.140019
8470,0.022333
8471,0.981425
8472,0.959744
8473,0.124753
8474,0.013056
8475,0.966110
8476,0.138705
8477,0.501868
8478,0.706858
8479,0.005384
8480,0.001667
8481,0.001111
8482,0.010299
8483,0.007778
8484,0.330985
8485,0.170102
8486,0.130423
8487,0.063188
8488,0.002222
8489,0.848318
8490,0.139563
8491,0.854357
8492,0.659090
8493,0.000000
8494,0.048910
8495,0.986695
8496,0.211689
8497,0.050147
8498,0.073159
8499,0.413625
8500,0.027746
8501,0.253911
8502,0.225889
8503,0.900234
8504,0.050528
8505,0.025662
8506,0.037177
8507,0.144099
8508,0.110758
8509,0.013355
8510,0.017136
8511,0.021841
8512,0.055995
8513,0.015556
8514,0.077112
8515,0.493776
8516,0.038636
8517,0.042111
8518,0.528885
8519,0.060397
8520,0.007333
8521,0.078691
8522,0.944091
8523,0.192582
8524,0.929829
8525,0.003175
8526,0.463760
8527,0.002222
8528,0.047579
8529,0.515556
8530,0.777756
8531,0.814145
8532,0.540220
8533,0.019333
8534,0.062611
8535,0.969722
8536,0.152427
8537,0.056739
8538,0.522872
8539,0.198892
8540,0.232193
8541,0.314788
8542,0.052927
8543,0.999896
8544,0.984755
8545,0.141377
8546,0.019221
8547,0.297537
8548,0.047778
8549,0.023048
8550,0.072749
8551,0.077514
8552,0.030816
8553,0.086083
8554,0.381515
8555,0.031777
8556,0.225214
8557,0.835226
8558,0.984828
8559,0.707468
8560,0.956056
8561,0.490472
8562,0.240392
8563,0.041246
8564,0.016056
8565,0.005707
8566,0.841757
8567,0.558187
8568,0.967609
8569,0.088818
8570,0.705846
8571,0.037764
8572,1.000000
8573,0.217034
8574,0.058384
8575,0.102519
8576,0.002778
8577,0.717476
8578,0.996384
8579,0.068389
8580,0.473575
8581,0.413573
8582,0.072561
8583,0.562832
8584,0.780785
8585,0.062561
8586,0.054798
8587,0.097623
8588,0.293552
8589,0.005556
8590,0.611624
8591,0.992933
8592,0.113421
8593,0.242218
8594,0.000000
8595,0.987082
8596,0.509764
8597,0.006333
8598,0.824628
8599,0.942001
8600,0.064204
8601,0.178294
8602,0.161280
8603,0.221057
8604,0.887179
8605,0.017378
8606,0.078944
8607,0.142035
8608,0.979110
8609,0.007541
8610,0.060277
8611,0.628770
8612,0.231048
8613,0.985373
8614,0.889432
8615,0.198511
8616,0.087240
8617,0.070400
8618,0.593206
8619,0.066133
8620,0.015172
8621,0.920041
8622,0.044167
8623,0.873007
8624,0.022401
8625,0.094579
8626,0.083796
8627,0.024540
8628,0.464526
8629,0.007222
8630,0.879746
8631,0.172918
8632,0.104913
8633,0.931816
8634,0.268783
8635,0.688556
8636,0.808262
8637,0.897057
8638,0.078865
8639,0.459329
8640,0.029902
8641,0.245497
8642,0.003333
8643,0.797629
8644,0.015889
8645,0.000000
8646,0.636305
8647,0.316710
8648,0.120373
8649,0.244125
8650,0.001333
8651,0.013333
8652,0.828184
8653,0.000000
8654,0.004237
8655,0.007778
8656,0.046926
8657,0.350458
8658,0.400097
8659,0.079844
8660,0.000091
8661,0.157757
8662,0.004000
8663,0.330389
8664,0.000000
8665,0.013833
8666,0.976908
8667,0.041452
8668,0.017963
8669,0.279856
8670,0.005889
8671,0.355750
8672,0.793135
8673,0.019444
8674,0.124119
8675,0.980355
8676,0.862297
8677,0.012753
8678,0.200310
8679,0.241749
8680,0.366218
8681,0.239031
8682,0.826592
8683,0.662302
8684,0.527982
8685,0.017685
8686,0.113698
8687,0.014600
8688,0.750480
8689,0.047405
8690,0.059296
8691,0.964358
8692,0.223944
8693,0.114732
8694,1.000000
8695,0.998255
8696,0.066075
8697,0.957161
8698,0.083611
8699,0.077607
8700,0.072937
8701,0.901781
8702,0.025483
8703,0.069765
8704,0.009333
8705,0.491683
8706,0.998333
8707,0.006111
8708,0.005472
8709,0.025022
8710,0.109417
8711,0.031357
8712,0.061548
8713,0.262365
8714,0.752104
8715,0.075222
8716,0.005000
8717,0.589072
8718,0.835564
8719,0.004466
8720,0.020197
8721,0.052363
8722,0.947071
8723,0.001111
8724,0.003889
8725,0.003975
8726,0.042889
8727,0.001187
8728,0.277844
8729,1.000000
8730,0.635694
8731,0.536752
8732,0.827139
8733,0.632579
8734,0.013611
8735,0.104541
8736,0.674615
8737,0.938256
8738,0.126653
8739,0.208048
8740,0.977861
8741,0.990833
8742,0.987056
8743,0.019446
8744,0.003000
8745,0.088801
8746,0.231659
8747,0.067545
8748,0.118294
8749,0.114524
8750,0.008077
8751,0.129643
8752,0.529445
8753,0.655620
8754,0.422300
8755,0.982500
8756,0.306667
8757,0.152967
8758,0.047497
8759,0.321648
8760,0.017040
8761,0.804401
8762,0.016944
8763,0.997222
8764,0.283113
8765,0.287034
8766,0.009556
8767,0.220983
8768,0.037778
8769,0.065094
8770,0.048474
8771,0.006389
8772,0.007004
8773,0.039389
8774,0.631030
8775,0.014204
8776,0.050484
8777,0.364222
8778,0.222411
8779,0.051274
8780,0.002444
8781,0.915167
8782,0.142426
8783,0.017500
8784,0.002758
8785,0.001667
8786,0.192488
8787,0.003556
8788,0.987556
8789,0.069556
8790,0.988142
8791,0.228160
8792,0.042650
8793,0.041595
8794,0.933311
8795,0.783032
8796,0.005833
8797,0.605775
8798,0.783931
8799,0.130399
8800,0.016222
8801,0.018984
8802,0.007889
8803,0.574320
8804,0.020417
8805,0.169444
8806,0.173894
8807,0.061722
8808,0.346868
8809,0.270549
8810,0.008489
8811,0.372916
8812,0.918450
8813,0.012092
8814,0.471497
8815,0.868403
8816,0.842515
8817,0.977939
8818,0.910535
8819,0.247227
8820,0.384649
8821,0.075423
8822,0.524365
8823,0.939659
8824,0.007937
8825,0.080644
8826,0.364785
8827,0.600292
8828,0.192116
8829,0.143317
8830,0.033500
8831,0.154573
8832,0.294782
8833,0.035532
8834,0.693505
8835,0.000000
8836,0.158388
8837,0.213112
8838,0.375678
8839,0.084734
8840,0.202469
8841,0.998333
8842,0.998639
8843,0.150600
8844,0.461683
8845,0.090153
8846,0.005736
8847,0.071559
8848,0.903127
8849,0.095048
8850,0.914537
8851,0.143881
8852,0.366008
8853,0.219881
8854,0.004270
8855,0.053258
8856,0.039444
8857,0.070512
8858,0.118222
8859,0.408052
8860,0.103333
8861,0.130841
8862,0.069986
8863,0.147539
8864,0.036711
8865,0.823527
8866,0.925995
8867,0.045726
8868,0.437595
8869,0.120207
8870,0.025778
8871,0.317444
8872,0.088556
8873,0.065837
8874,0.504079
8875,0.050188
8876,0.004333
8877,0.993889
8878,0.002222
8879,0.091848
8880,0.001773
8881,0.475379
8882,0.165643
8883,0.255881
8884,0.960372
8885,0.251075
8886,0.212195
8887,0.026533
8888,0.024738
8889,0.110562
8890,0.080240
8891,0.140995
8892,0.200934
8893,0.292192
8894,0.250611
8895,0.921312
8896,0.376228
8897,0.376148
8898,0.464049
8899,0.057162
8900,0.127439
8901,0.276722
8902,1.000000
8903,0.286013
8904,0.479027
8905,0.772677
8906,0.981610
8907,0.234608
8908,0.066717
8909,0.693517
8910,0.603101
8911,0.095802
8912,0.322630
8913,0.130279
8914,0.088405
8915,0.024642
8916,0.013889
8917,0.045241
8918,0.076368
8919,0.277971
8920,0.109000
8921,0.076274
8922,0.886413
8923,0.048989
8924,0.448272
8925,0.624368
8926,0.019314
8927,0.357391
8928,0.604190
8929,0.455495
8930,0.398332
8931,0.099306
8932,0.974329
8933,0.100490
8934,0.063722
8935,0.688655
8936,0.698821
8937,0.018556
8938,0.885158
8939,0.208405
8940,0.225349
8941,0.029944
8942,0.225024
8943,0.334331
8944,0.749448
8945,0.749177
8946,0.141176
8947,0.898177
8948,0.219450
8949,0.400609
8950,0.447827
8951,0.991944
8952,0.077944
8953,0.044560
8954,0.064841
8955,0.938151
8956,0.636315
8957,0.951840
8958,0.956979
8959,0.427396
8960,0.018688
8961,0.719936
8962,0.005112
8963,0.987897
8964,0.265124
8965,0.029293
8966,0.295039
8967,0.021611
8968,0.034647
8969,0.002500
8970,0.000000
8971,0.033093
8972,0.035441
8973,0.513543
8974,0.039723
8975,0.924333
8976,0.249447
8977,0.022368
8978,0.369306
8979,0.001878
8980,0.000000
8981,0.711708
8982,0.057081
8983,0.595478
8984,0.007278
8985,0.061459
8986,0.003980
8987,0.008773
8988,0.013571
8989,0.360613
8990,0.023425
8991,0.283584
8992,0.007037
8993,0.169787
8994,0.999940
8995,0.606417
8996,0.077425
8997,0.971861
8998,0.012799
8999,0.306493
9000,0.103190
9001,0.202702
9002,0.003355
9003,0.992155
9004,0.157079
9005,0.706034
9006,0.810234
9007,0.151045
9008,0.085172
9009,0.029485
9010,0.796644
9011,0.783080
9012,0.033651
9013,0.031500
9014,0.153015
9015,0.006303
9016,0.190056
9017,0.103632
9018,0.757894
9019,0.303050
9020,0.039865
9021,0.466322
9022,0.051652
9023,0.258057
9024,0.083651
9025,0.486554
9026,0.278904
9027,0.996667
9028,0.159781
9029,0.003333
9030,0.595910
9031,0.205333
9032,0.213290
9033,0.994889
9034,0.031377
9035,0.025367
9036,0.027595
9037,0.034394
9038,0.215844
9039,0.054316
9040,0.019314
9041,0.385168
9042,0.236679
9043,0.284629
9044,0.003833
9045,0.056500
9046,0.061751
9047,0.095688
9048,0.202941
9049,0.951372
9050,0.222694
9051,0.980318
9052,0.014222
9053,0.007166
9054,0.083591
9055,0.334242
9056,0.509044
9057,0.104373
9058,0.987222
9059,0.077972
9060,0.022420
9061,0.467598
9062,0.867718
9063,0.011211
9064,0.053968
9065,0.332063
9066,0.140978
9067,0.480222
9068,0.016056
9069,0.063286
9070,0.067165
9071,0.134770
9072,0.685817
9073,0.492478
9074,0.891635
9075,0.004378
9076,0.850955
9077,0.006937
9078,0.131311
9079,0.590112
9080,0.558936
9081,0.116421
9082,0.394063
9083,0.375058
9084,0.047194
9085,0.960435
9086,0.843258
9087,0.989610
9088,0.619097
9089,0.270833
9090,0.426089
9091,0.354905
9092,0.363849
9093,0.029154
9094,0.031296
9095,0.482004
9096,0.873230
9097,0.000000
9098,0.024668
9099,0.102056
9100,0.019889
9101,0.719807
9102,0.063353
9103,0.689058
9104,0.126372
9105,0.227958
9106,0.101944
9107,0.043679
9108,0.312484
9109,0.348758
9110,0.000000
9111,0.766895
9112,0.011203
9113,0.489871
9114,0.016762
9115,0.727995
9116,0.131167
9117,0.874535
9118,0.259436
9119,0.574524
9120,0.062574
9121,0.568465
9122,0.192150
9123,0.288292
9124,0.004560
9125,0.459669
9126,0.063738
9127,0.035435
9128,0.003333
9129,0.008474
9130,0.341107
9131,0.970632
9132,0.130714
9133,0.032096
9134,0.161222
9135,0.420890
9136,0.031829
9137,0.067090
9138,0.040160
9139,0.150635
9140,0.855280
9141,0.050783
9142,0.037944
9143,0.752324
9144,0.106544
9145,0.081794
9146,0.001111
9147,0.091535
9148,0.173667
9149,0.132426
9150,0.383130
9151,0.049655
9152,0.546969
9153,0.274310
9154,0.779630
9155,0.962238
9156,0.630104
9157,0.897802
9158,0.177098
9159,0.016500
9160,0.378165
9161,0.013196
9162,0.036598
9163,0.001667
9164,0.097735
9165,0.049786
9166,0.924001
9167,0.018398
9168,0.319127
9169,0.998889
9170,0.708626
9171,0.862231
9172,0.841634
9173,0.305962
9174,0.055867
9175,0.091810
9176,0.002778
9177,0.227649
9178,0.419525
9179,0.088370
9180,0.020166
9181,0.330031
9182,0.009333
9183,0.000000
9184,0.293991
9185,0.054159
9186,0.126963
9187,0.013556
9188,0.021410
9189,0.795399
9190,0.004000
9191,0.048241
9192,0.995556
9193,0.003000
9194,0.009564
9195,0.029210
9196,0.672926
9197,0.033929
9198,0.006111
9199,0.251762
9200,0.104585
9201,1.000000
9202,0.044615
9203,0.091082
9204,0.175672
9205,0.003333
9206,0.398774
9207,0.542952
9208,0.021959
9209,0.034556
9210,0.925290
9211,0.871445
9212,0.344295
9213,0.081276
9214,0.012317
9215,0.081082
9216,0.293032
9217,0.038549
9218,0.062052
9219,0.080707
9220,0.023389
9221,0.442576
9222,0.242381
9223,0.927727
9224,0.117273
9225,0.875150
9226,0.983500
9227,0.076194
9228,0.017778
9229,0.011410
9230,0.173500
9231,0.052738
9232,0.847111
9233,0.014222
9234,0.049222
9235,0.100595
9236,0.008111
9237,0.094111
9238,0.127790
9239,0.144283
9240,0.599234
9241,0.148563
9242,0.003889
9243,0.991278
9244,0.008000
9245,0.025516
9246,0.355381
9247,0.016111
9248,0.986413
9249,0.993889
9250,0.011936
9251,0.335929
9252,0.020611
9253,0.001333
9254,0.164222
9255,0.984167
9256,0.243181
9257,0.209238
9258,0.700460
9259,0.027435
9260,0.193622
9261,0.965001
9262,0.635426
9263,0.004258
9264,0.062628
9265,0.015778
9266,0.724654
9267,0.440462
9268,0.044667
9269,0.736941
9270,0.001842
9271,0.000000
9272,0.211896
9273,0.084707
9274,0.020465
9275,0.016812
9276,0.013056
9277,0.161696
9278,1.000000
9279,0.080532
9280,0.599174
9281,0.983938
9282,0.390528
9283,0.669586
9284,0.134849
9285,0.343791
9286,0.110881
9287,0.310045
9288,0.131660
9289,0.330712
9290,0.124667
9291,0.126056
9292,0.531944
9293,0.339226
9294,0.050713
9295,0.256323
9296,0.233848
9297,0.946923
9298,0.098833
9299,0.080944
9300,0.074042
9301,0.408643
9302,0.134127
9303,0.039611
9304,0.017611
9305,0.024333
9306,0.141655
9307,0.608355
9308,0.975308
9309,0.987014
9310,0.056341
9311,0.702666
9312,0.670424
9313,0.926797
9314,0.051653
9315,0.367907
9316,0.946476
9317,0.430371
9318,0.004167
9319,0.047603
9320,0.046267
9321,0.644747
9322,0.723650
9323,0.375627
9324,0.010250
9325,0.023056
9326,0.434776
9327,0.074763
9328,0.468672
9329,0.138365
9330,0.840109
9331,0.020334
9332,0.051066
9333,0.082361
9334,0.379214
9335,0.018993
9336,0.072318
9337,0.613883
9338,0.087915
9339,0.310389
9340,0.101020
9341,0.073804
9342,0.029722
9343,0.009150
9344,0.149648
9345,0.010167
9346,0.054027
9347,0.095296
9348,0.030089
9349,0.250199
9350,0.114099
9351,0.021111
9352,0.075492
9353,0.074280
9354,0.013333
9355,0.289914
9356,0.234563
9357,0.069833
9358,0.265342
9359,0.986444
9360,0.110366
9361,0.002222
9362,0.038833
9363,0.020450
9364,0.400160
9365,0.001667
9366,0.081359
9367,0.968722
9368,0.153715
9369,0.138111
9370,0.979305
9371,0.278252
9372,0.031833
9373,0.003333
9374,0.013692
9375,0.306524
9376,0.662186
9377,0.053808
9378,1.000000
9379,0.171313
9380,0.057778
9381,0.983122
9382,0.089712
9383,0.951138
9384,0.135235
9385,0.972667
9386,0.007222
9387,0.462150
9388,0.327560
9389,0.561354
9390,0.033167
9391,0.061651
9392,0.041174
9393,0.050230
9394,0.347138
9395,0.816532
9396,0.033925
9397,0.995000
9398,0.005000
9399,0.000000
9400,0.443359
9401,0.053861
9402,0.150983
9403,0.012778
9404,0.992328
9405,0.489792
9406,0.004444
9407,0.006944
9408,0.406984
9409,0.360537
9410,0.889995
9411,0.261372
9412,0.071896
9413,0.017320
9414,0.044048
9415,0.247619
9416,0.003466
9417,0.032659
9418,0.054661
9419,0.345163
9420,0.944667
9421,0.115468
9422,0.992222
9423,0.025167
9424,0.802823
9425,0.983167
9426,0.312833
9427,0.211025
9428,0.158737
9429,0.403470
9430,0.003333
9431,0.766413
9432,0.038444
9433,0.827597
9434,0.007500
9435,1.000000
9436,0.997303
9437,0.013770
9438,0.409676
9439,0.002222
9440,0.550188
9441,0.583124
9442,0.041597
9443,0.196106
9444,0.086245
9445,0.969278
9446,0.007647
9447,0.997201
9448,0.138644
9449,0.005833
9450,0.064596
9451,0.033239
9452,0.988889
9453,0.457917
9454,0.015845
9455,0.037724
9456,0.000042
9457,0.367485
9458,0.010222
9459,0.359733
9460,0.010556
9461,0.925856
9462,0.501264
9463,0.037762
9464,0.190597
9465,0.001667
9466,0.501282
9467,0.863084
9468,0.082188
9469,0.001111
9470,0.967940
9471,0.001111
9472,0.853113
9473,0.246610
9474,0.987381
9475,0.041442
9476,0.031528
9477,0.080765
9478,0.269867
9479,0.088103
9480,0.915336
9481,0.922210
9482,0.275909
9483,0.942817
9484,0.160477
9485,0.344811
9486,0.899987
9487,0.810312
9488,0.996111
9489,0.288764
9490,0.060559
9491,0.050730
9492,0.940294
9493,0.177780
9494,0.153950
9495,0.000000
9496,0.015438
9497,0.132944
9498,0.480125
9499,0.975278
9500,0.315319
9501,0.133720
9502,0.957715
9503,0.989444
9504,0.421412
9505,0.703321
9506,0.962500
9507,0.054889
9508,0.039828
9509,0.090024
9510,0.020423
9511,0.285984
9512,0.402750
9513,0.675371
9514,0.308934
9515,0.130504
9516,0.212587
9517,0.046228
9518,0.026349
9519,0.072767
9520,0.007000
9521,0.009074
9522,0.372651
9523,0.034230
9524,0.059507
9525,0.003333
9526,0.710756
9527,0.099407
9528,0.082272
9529,0.240622
9530,0.021500
9531,0.052278
9532,0.008001
9533,0.566716
9534,0.607317
9535,0.837506
9536,0.067845
9537,0.933722
9538,0.153241
9539,0.528932
9540,0.718812
9541,0.177899
9542,0.308159
9543,0.003333
9544,0.017834
9545,0.195790
9546,0.983278
9547,0.754431
9548,0.021333
9549,0.098309
9550,0.675667
9551,0.542383
9552,0.991733
9553,0.571084
9554,0.998773
9555,0.329643
9556,0.008016
9557,0.997440
9558,0.109858
9559,0.098238
9560,0.000952
9561,0.088889
9562,0.980556
9563,0.148817
9564,1.000000
9565,0.014933
9566,0.029483
9567,0.970691
9568,0.109350
9569,0.117204
9570,0.093124
9571,0.066091
9572,0.198771
9573,0.724291
9574,0.327751
9575,0.112861
9576,0.883798
9577,0.207303
9578,0.003425
9579,0.005042
9580,0.881378
9581,0.909389
9582,0.026667
9583,0.792795
9584,0.896976
9585,0.064667
9586,0.005556
9587,0.019188
9588,0.775119
9589,0.069979
9590,0.150886
9591,0.400566
9592,0.525244
9593,0.000000
9594,0.929429
9595,0.983040
9596,0.038778
9597,0.923291
9598,0.977500
9599,0.206511
9600,0.832778
9601,0.601040
9602,0.016389
9603,0.125470
9604,0.185817
9605,0.174882
9606,0.001667
9607,0.266162
9608,0.814557
9609,0.593477
9610,0.001333
9611,0.002222
9612,0.005581
9613,0.156853
9614,0.600389
9615,0.169313
9616,0.832993
9617,0.030095
9618,0.491010
9619,0.266228
9620,0.006111
9621,0.159585
9622,0.025500
9623,0.463316
9624,0.390043
9625,0.000000
9626,0.194690
9627,0.070039
9628,0.996053
9629,0.574957
9630,0.978683
9631,0.995649
9632,0.978889
9633,0.096788
9634,0.193964
9635,0.988889
9636,0.995647
9637,0.009000
9638,0.058147
9639,0.093205
9640,0.218678
9641,0.046857
9642,0.094026
9643,0.207413
9644,0.806786
9645,0.134403
9646,0.344569
9647,0.363907
9648,0.000091
9649,0.289972
9650,0.049729
9651,0.999250
9652,0.656303
9653,0.236306
9654,0.203748
9655,0.043222
9656,0.414841
9657,0.912840
9658,1.000000
9659,0.025033
9660,0.056550
9661,0.107278
9662,0.993056
9663,0.003167
9664,0.008167
9665,0.263723
9666,0.042902
9667,0.035833
9668,0.144239
9669,0.142987
9670,0.825636
9671,0.558614
9672,0.046215
9673,0.129871
9674,0.527476
9675,0.154716
9676,0.150227
9677,0.009722
9678,0.780353
9679,0.042657
9680,0.568752
9681,0.570526
9682,0.227148
9683,0.897763
9684,0.096875
9685,0.771078
9686,0.096147
9687,0.134587
9688,0.089556
9689,0.008042
9690,0.142455
9691,0.823401
9692,0.110239
9693,0.006111
9694,0.731545
9695,0.012425
9696,0.950468
9697,0.335842
9698,0.128611
9699,0.025611
9700,0.103497
9701,0.093260
9702,0.994853
9703,0.142784
9704,0.021731
9705,0.249681
9706,0.629373
9707,0.112950
9708,0.007222
9709,0.328480
9710,0.354634
9711,0.096610
9712,0.390887
9713,0.528765
9714,0.006111
9715,0.020000
9716,0.250408
9717,0.003056
9718,0.052980
9719,0.171524
9720,0.883857
9721,0.994556
9722,0.176929
9723,0.016190
9724,0.167556
9725,0.735861
9726,0.147996
9727,0.194088
9728,0.286663
9729,0.036410
9730,1.000000
9731,0.024688
9732,0.015317
9733,0.039500
9734,0.031997
9735,0.490693
9736,0.488212
9737,0.047611
9738,0.166478
9739,0.973019
9740,0.137423
9741,0.060490
9742,0.026968
9743,0.720145
9744,0.066127
9745,0.806327
9746,0.006762
9747,0.565294
9748,0.726426
9749,0.893243
9750,0.005746
9751,0.999861
9752,0.006880
9753,0.974057
9754,0.389192
9755,0.972742
9756,0.185780
9757,0.951515
9758,0.307907
9759,0.085690
9760,0.059111
9761,0.313376
9762,0.003889
9763,0.153795
9764,0.877587
9765,0.125973
9766,0.168833
9767,0.818460
9768,0.230836
9769,0.005000
9770,0.540491
9771,0.069302
9772,0.204837
9773,0.732718
9774,0.014914
9775,0.126522
9776,0.013333
9777,0.141942
9778,0.082681
9779,0.164991
9780,0.971036
9781,0.281076
9782,0.727308
9783,0.214962
9784,0.505134
9785,0.980808
9786,0.617261
9787,0.241178
9788,0.004111
9789,0.249809
9790,0.182961
9791,0.056926
9792,0.084656
9793,0.305035
9794,0.565988
9795,0.239025
9796,0.050032
9797,0.854216
9798,0.289284
9799,0.057537
9800,0.101938
9801,0.008022
9802,0.131281
9803,0.009722
9804,0.558524
9805,0.008792
9806,0.765319
9807,0.081537
9808,0.036111
9809,0.138581
9810,0.000833
9811,0.102703
9812,0.015539
9813,0.012857
9814,0.139653
9815,0.306018
9816,0.484161
9817,0.113635
9818,0.458714
9819,0.973269
9820,0.062231
9821,0.141177
9822,0.016389
9823,0.984024
9824,0.281091
9825,0.996944
9826,0.005850
9827,0.954056
9828,0.639745
9829,0.617858
9830,0.978504
9831,0.048034
9832,0.078590
9833,0.043000
9834,0.077465
9835,0.407960
9836,0.963778
9837,0.978556
9838,0.000000
9839,0.047993
9840,0.995111
9841,0.040437
9842,0.402438
9843,0.576969
9844,0.157419
9845,0.004167
9846,0.682079
9847,0.469633
9848,0.019707
9849,0.003611
9850,0.175421
9851,0.048642
9852,0.168960
9853,0.081833
9854,0.159220
9855,0.180657
9856,0.034707
9857,0.929352
9858,0.056282
9859,0.869990
9860,0.075591
9861,0.051894
9862,0.052383
9863,0.002905
9864,0.861334
9865,0.988889
9866,0.097902
9867,0.011722
9868,0.507935
9869,0.065950
9870,0.829782
9871,0.995861
9872,0.082611
9873,0.077770
9874,0.818705
9875,0.222698
9876,0.135861
9877,0.125137
9878,0.073672
9879,0.770281
9880,0.019444
9881,0.908687
9882,0.856370
9883,0.054550
9884,0.046537
9885,0.042528
9886,0.257083
9887,0.002222
9888,0.955410
9889,1.000000
9890,0.452496
9891,0.026736
9892,0.068895
9893,0.389822
9894,0.143768
9895,0.217171
9896,0.834070
9897,0.067475
9898,0.037468
9899,0.219226
9900,0.162700
9901,0.046046
9902,0.064222
9903,0.317128
9904,0.732946
9905,0.106048
9906,0.169628
9907,0.475750
9908,0.055556
9909,0.983254
9910,0.971825
9911,0.070278
9912,0.045475
9913,0.039556
9914,0.188377
9915,0.982975
9916,0.111320
9917,0.116944
9918,0.018910
9919,0.407810
9920,0.036294
9921,0.319549
9922,0.001667
9923,0.478357
9924,0.298561
9925,0.172306
9926,0.162308
9927,0.253856
9928,0.008056
9929,0.853665
9930,0.981651
9931,0.533283
9932,0.160365
9933,0.228812
9934,0.005556
9935,0.738147
9936,0.998056
9937,0.372286
9938,0.374708
9939,0.030434
9940,0.173111
9941,0.096377
9942,0.117279
9943,0.028910
9944,0.016645
9945,0.946167
9946,0.061660
9947,0.121758
9948,0.035717
9949,0.006758
9950,0.032734
9951,0.125788
9952,0.012500
9953,0.980574
9954,0.735457
9955,0.169119
9956,0.558077
9957,0.000092
9958,0.926948
9959,0.153754
9960,0.708229
9961,0.021201
9962,0.009563
9963,0.005222
9964,0.146507
9965,0.094333
9966,0.016132
9967,0.010000
9968,0.128714
9969,0.003333
9970,0.119659
9971,0.856727
9972,0.092313
9973,0.075180
9974,0.219824
9975,0.997222
9976,0.477242
9977,0.276585
9978,0.167946
9979,0.007500
9980,0.308266
9981,0.084938
9982,0.014835
9983,0.197542
9984,0.025228
9985,0.008514
9986,0.072423
9987,0.156012
9988,0.117983
9989,0.056591
9990,0.079692
9991,0.906853
9992,0.040423
9993,0.090886
9994,0.730282
9995,0.000000
9996,0.257892
9997,0.496698
9998,0.988000
9999,0.076235
10000,0.334964
10001,0.956722
10002,0.261869
10003,0.377641
10004,0.074780
10005,0.987793
10006,0.970778
10007,0.040389
10008,0.997183
10009,0.935052
10010,0.216061
10011,0.009283
10012,0.726082
10013,0.020965
10014,0.144080
10015,0.158891
10016,0.043534
10017,0.028204
10018,0.010833
10019,0.123603
10020,0.080426
10021,0.120146
10022,0.995431
10023,0.998255
10024,0.496229
10025,0.055147
10026,0.056889
10027,0.094873
10028,0.675448
10029,0.061267
10030,0.003333
10031,0.118393
10032,0.686667
10033,0.884889
10034,0.000398
10035,0.034987
10036,0.219900
10037,0.918559
10038,0.001667
10039,0.267107
10040,0.152087
10041,0.185530
10042,0.841200
10043,0.028133
10044,0.306917
10045,0.036525
10046,0.005833
10047,0.884652
10048,0.147056
10049,0.763116
10050,0.057756
10051,0.432102
10052,0.991111
10053,0.206239
10054,0.699175
10055,0.171787
10056,0.005833
10057,0.985778
10058,0.777915
10059,0.054636
10060,0.808082
10061,0.105732
10062,0.000667
10063,0.124747
10064,0.999940
10065,0.184988
10066,0.107104
10067,0.080944
10068,0.041405
10069,0.070659
10070,0.091508
10071,0.535122
10072,0.683802
10073,0.599989
10074,0.277898
10075,0.769556
10076,0.970118
10077,0.151474
10078,0.018111
10079,0.095517
10080,0.173823
10081,0.204603
10082,0.427706
10083,0.009506
10084,0.222444
10085,0.358845
10086,0.073087
10087,0.659017
10088,0.031308
10089,0.662871
10090,0.000000
10091,0.094518
10092,0.002222
10093,0.013645
10094,0.429270
10095,0.053563
10096,0.052016
10097,0.980040
10098,0.404683
10099,0.174075
10100,0.005278
10101,0.005092
10102,0.079754
10103,0.052181
10104,0.975910
10105,0.022897
10106,0.135285
10107,0.001111
10108,0.249143
10109,0.076036
10110,0.206545
10111,0.065931
10112,0.042540
10113,0.097617
10114,0.166978
10115,0.022083
10116,0.537706
10117,0.036683
10118,0.201694
10119,0.515597
10120,0.342056
10121,0.231488
10122,0.181014
10123,0.284476
10124,0.006667
10125,0.107253
10126,0.993274
10127,0.147024
10128,0.052616
10129,0.044466
10130,0.196995
10131,0.561722
10132,0.520329
10133,0.087795
10134,0.997500
10135,0.142183
10136,0.011522
10137,0.012834
10138,0.481602
10139,0.848943
10140,0.181348
10141,0.276014
10142,0.043645
10143,0.158650
10144,0.004444
10145,0.012889
10146,0.116008
10147,0.441166
10148,0.669512
10149,0.789773
10150,0.080341
10151,0.018214
10152,0.022333
10153,0.921654
10154,0.108470
10155,0.081301
10156,0.703323
10157,0.347425
10158,0.512843
10159,0.283201
10160,0.910268
10161,0.045087
10162,0.956545
10163,0.991111
10164,0.019359
10165,0.021667
10166,0.001667
10167,0.638352
10168,0.503317
10169,0.877054
10170,0.026944
10171,0.458792
10172,0.324857
10173,0.339665
10174,0.000091
10175,0.269964
10176,0.008333
10177,0.994444
10178,0.110143
10179,0.018056
10180,0.298082
10181,0.017984
10182,0.047577
10183,0.921638
10184,0.996667
10185,0.887270
10186,0.355870
10187,0.023355
10188,0.031611
10189,0.039026
10190,0.000091
10191,0.997166
10192,0.977234
10193,0.304386
10194,0.078008
10195,0.042302
10196,0.471722
10197,0.025412
10198,0.031581
10199,0.044489
10200,0.005025
10201,0.010278
10202,0.024337
10203,0.027632
10204,0.861722
10205,0.016500
10206,0.970111
10207,0.084330
10208,0.969028
10209,0.808658
10210,0.992377
10211,0.495648
10212,0.814056
10213,0.458265
10214,0.210230
10215,0.048125
10216,0.428599
10217,0.740960
10218,0.011758
10219,0.097573
10220,0.117620
10221,0.000000
10222,0.001667
10223,0.981540
10224,0.708674
10225,0.151586
10226,0.042158
10227,1.000000
10228,0.002317
10229,0.444870
10230,0.995556
10231,0.006972
10232,0.307808
10233,0.298028
10234,0.086323
10235,0.067683
10236,0.033611
10237,0.306059
10238,0.081076
10239,0.899333
10240,0.131333
10241,0.012937
10242,0.188667
10243,0.109762
10244,0.008056
10245,0.919253
10246,0.045520
10247,0.444653
10248,0.662002
10249,0.751735
10250,0.011389
10251,0.048545
10252,0.019289
10253,0.742030
10254,0.339895
10255,0.044611
10256,0.840293
10257,0.604914
10258,0.034333
10259,0.032579
10260,0.989325
10261,0.010022
10262,0.019111
10263,0.695343
10264,0.567183
10265,0.001133
10266,0.549204
10267,0.866785
10268,0.000843
10269,0.027303
10270,0.587920
10271,0.016083
10272,0.087569
10273,0.728470
10274,0.489484
10275,0.355658
10276,0.290139
10277,0.197434
10278,0.157973
10279,0.991278
10280,0.009771
10281,0.651476
10282,0.017996
10283,0.341475
10284,0.303503
10285,0.024417
10286,0.086081
10287,0.218156
10288,0.858778
10289,0.733002
10290,0.070645
10291,0.067500
10292,0.027290
10293,0.325325
10294,0.385265
10295,0.458621
10296,1.000000
10297,0.156722
10298,0.169282
10299,0.192468
10300,0.967333
10301,0.016833
10302,0.798262
10303,0.165473
10304,0.171758
10305,0.174786
10306,0.837442
10307,0.080185
10308,0.173527
10309,0.238784
10310,0.088651
10311,0.205778
10312,0.994378
10313,0.043063
10314,0.003500
10315,0.708400
10316,0.204952
10317,0.123803
10318,0.270510
10319,0.005944
10320,0.149980
10321,0.056397
10322,0.239128
10323,0.144754
10324,0.020722
10325,0.263481
10326,0.383350
10327,0.013222
10328,0.625071
10329,0.194705
10330,0.007778
10331,0.031667
10332,0.087203
10333,0.239819
10334,0.806437
10335,0.925226
10336,0.419667
10337,0.472655
10338,0.411311
10339,0.482173
10340,0.610875
10341,0.045278
10342,0.803578
10343,0.747317
10344,0.650025
10345,0.018889
10346,0.970087
10347,0.892908
10348,0.046409
10349,0.701407
10350,0.137379
10351,0.969547
10352,0.065508
10353,0.923695
10354,0.570861
10355,0.160539
10356,0.120687
10357,0.107960
10358,0.993611
10359,0.055675
10360,0.886119
10361,0.941759
10362,0.008556
10363,0.022247
10364,0.404184
10365,0.014222
10366,0.156849
10367,0.016133
10368,0.993333
10369,0.037139
10370,0.002500
10371,0.317556
10372,0.048346
10373,0.476060
10374,0.957670
10375,0.002222
10376,0.003467
10377,0.164341
10378,0.434841
10379,0.058782
10380,0.208140
10381,0.051611
10382,0.987163
10383,1.000000
10384,0.033837
10385,0.094051
10386,0.121180
10387,0.005556
10388,0.035056
10389,0.084277
10390,0.316049
10391,0.004074
10392,0.222973
10393,0.004167
10394,0.756375
10395,0.165964
10396,0.445543
10397,0.138757
10398,0.853682
10399,0.159484
10400,0.590400
10401,0.667330
10402,0.417379
10403,0.072026
10404,0.035222
10405,0.465830
10406,0.527175
10407,0.011722
10408,0.935861
10409,0.092856
10410,0.318010
10411,0.185593
10412,0.117639
10413,0.034126
10414,0.970575
10415,0.235458
10416,0.467238
10417,0.087497
10418,0.978604
10419,0.169657
10420,0.582179
10421,0.716311
10422,0.538265
10423,0.110896
10424,0.516992
10425,0.319756
10426,0.003957
10427,0.096476
10428,0.018611
10429,0.034467
10430,0.170767
10431,0.654189
10432,0.987500
10433,0.107217
10434,0.011667
10435,0.028132
10436,0.061876
10437,0.014444
10438,0.023500
10439,0.002222
10440,0.001111
10441,0.809468
10442,0.934892
10443,0.537137
10444,0.277271
10445,0.061840
10446,0.006222
10447,0.712429
10448,0.002788
10449,0.923460
10450,0.965390
10451,0.326089
10452,0.976217
10453,0.712817
10454,0.271822
10455,0.002873
10456,0.027778
10457,0.029194
10458,0.771970
10459,0.086869
10460,0.177381
10461,0.302770
10462,0.332687
10463,0.119258
10464,0.936262
10465,0.019778
10466,0.114861
10467,0.053500
10468,0.647908
10469,0.653566
10470,0.815778
10471,0.006534
10472,0.646238
10473,0.115778
10474,0.173558
10475,0.017778
10476,0.178959
10477,0.920538
10478,0.854317
10479,0.093857
10480,0.980833
10481,0.949591
10482,0.279382
10483,0.083425
10484,0.971472
10485,0.071540
10486,0.100024
10487,0.091909
10488,0.126131
10489,0.445833
10490,0.747970
10491,0.034524
10492,0.002778
10493,0.991979
10494,0.347306
10495,0.997500
10496,0.187677
10497,0.050516
10498,0.227069
10499,0.052333
10500,0.993889
10501,0.556522
10502,0.590582
10503,0.953222
10504,0.353633
10505,0.073410
10506,0.410271
10507,0.247280
10508,0.012030
10509,0.027435
10510,0.343080
10511,0.317516
10512,0.024056
10513,0.150889
10514,0.727060
10515,0.008016
10516,0.746098
10517,0.027944
10518,0.291861
10519,0.573771
10520,0.964020
10521,0.241052
10522,0.001708
10523,0.018333
10524,0.840980
10525,0.568322
10526,0.306418
10527,0.506582
10528,0.807282
10529,0.853546
10530,0.119739
10531,0.094569
10532,0.076333
10533,0.250590
10534,0.048339
10535,0.510156
10536,0.969124
10537,0.033705
10538,0.017643
10539,0.186452
10540,0.689465
10541,0.820437
10542,0.073729
10543,0.917167
10544,0.751444
10545,0.933027
10546,1.000000
10547,0.644980
10548,0.046496
10549,0.980262
10550,0.158116
10551,0.010222
10552,0.047778
10553,0.023354
10554,0.860658
10555,0.145524
10556,0.299015
10557,0.074580
10558,0.809639
10559,0.814689
10560,0.035494
10561,0.009333
10562,0.215934
10563,0.892075
10564,0.656090
10565,0.018117
10566,0.471206
10567,0.015700
10568,0.115019
10569,0.104978
10570,0.407729
10571,0.098228
10572,0.153389
10573,0.294667
10574,0.986508
10575,0.003889
10576,0.009056
10577,0.991532
10578,0.779532
10579,0.050561
10580,0.023000
10581,0.029056
10582,0.908389
10583,0.977778
10584,0.097259
10585,0.939143
10586,0.479943
10587,0.777939
10588,0.024167
10589,0.177287
10590,0.354921
10591,0.006111
10592,0.783333
10593,0.040029
10594,0.070270
10595,0.001667
10596,0.131706
10597,0.967460
10598,0.130603
10599,0.192512
10600,0.161944
10601,0.840043
10602,0.049839
10603,0.909000
10604,0.000000
10605,0.723276
10606,0.995881
10607,0.029757
10608,0.044974
10609,0.116833
10610,0.163249
10611,0.878250
10612,0.013611
10613,0.060290
10614,0.026355
10615,0.058944
10616,0.145150
10617,0.693970
10618,0.961399
10619,0.013889
10620,0.970075
10621,0.248419
10622,0.518963
10623,0.049085
10624,0.073608
10625,0.152038
10626,0.134448
10627,0.097617
10628,0.507865
10629,0.003333
10630,0.986053
10631,0.003333
10632,0.055444
10633,0.005401
10634,0.549702
10635,0.920016
10636,0.622531
10637,0.996389
10638,0.081303
10639,0.190197
10640,0.165866
10641,0.300849
10642,0.391731
10643,0.006667
10644,0.056014
10645,1.000000
10646,0.008000
10647,0.007222
10648,0.000000
10649,0.869000
10650,0.279691
10651,0.076259
10652,0.986111
10653,0.309231
10654,0.793493
10655,0.263693
10656,0.996583
10657,0.326778
10658,0.335627
10659,0.060488
10660,0.006333
10661,0.922933
10662,0.043375
10663,0.275216
10664,0.155154
10665,0.011239
10666,0.437468
10667,0.268963
10668,0.492549
10669,0.026457
10670,0.022965
10671,0.002500
10672,0.005556
10673,0.325639
10674,0.440933
10675,0.694556
10676,0.040886
10677,0.997639
10678,0.060042
10679,0.046435
10680,0.002500
10681,0.490794
10682,0.032320
10683,0.379472
10684,0.027070
10685,0.987213
10686,0.945964
10687,0.007222
10688,0.018611
10689,0.726603
10690,0.000000
10691,0.325528
10692,0.878291
10693,0.829252
10694,0.015000
10695,0.488891
10696,0.370741
10697,0.006667
10698,0.824459
10699,1.000000
10700,0.853545
10701,0.120824
10702,0.015556
10703,0.946017
10704,0.281240
10705,0.993831
10706,0.578529
10707,0.977843
10708,0.004000
10709,0.391601
10710,0.003333
10711,0.000000
10712,0.152105
10713,0.091262
10714,0.037000
10715,0.277222
10716,0.832057
10717,0.111492
10718,0.000000
10719,0.164588
10720,0.733877
10721,0.912781
10722,0.975000
10723,0.962921
10724,0.004167
10725,0.285181
10726,0.881811
10727,0.960167
10728,0.056048
10729,0.121596
10730,0.015385
10731,0.998889
10732,0.155051
10733,0.063347
10734,0.155659
10735,0.965706
10736,0.050238
10737,0.461496
10738,0.002222
10739,0.863025
10740,0.389106
10741,0.266382
10742,0.697751
10743,0.036389
10744,0.791444
10745,0.245603
10746,0.742857
10747,0.006668
10748,0.760197
10749,0.990833
10750,0.695413
10751,0.015081
10752,0.096778
10753,0.362817
10754,0.245269
10755,0.001587
10756,0.196770
10757,0.410892
10758,0.449824
10759,0.091711
10760,0.368991
10761,0.000272
10762,0.032889
10763,0.450607
10764,0.971493
10765,0.813340
10766,0.021657
10767,0.185067
10768,0.013611
10769,0.222440
10770,0.979100
10771,0.020833
10772,0.024911
10773,0.000000
10774,0.020375
10775,0.383039
10776,0.408349
10777,0.006944
10778,0.075048
10779,0.917655
10780,0.011111
10781,0.174814
10782,0.009500
10783,0.815414
10784,0.170643
10785,0.463338
10786,0.989363
10787,0.307683
10788,0.016633
10789,0.997111
10790,0.352816
10791,0.116060
10792,0.013889
10793,0.497539
10794,0.528911
10795,0.558170
10796,0.081056
10797,0.104556
10798,0.736492
10799,0.292156
10800,0.161415
10801,0.029443
10802,0.055675
10803,0.296179
10804,0.987571
10805,0.729354
10806,0.107130
10807,0.233807
10808,0.072389
10809,0.139663
10810,0.929680
10811,0.035222
10812,0.027183
10813,0.000667
10814,0.085877
10815,0.344547
10816,0.167207
10817,0.972304
10818,0.078517
10819,0.127495
10820,0.014945
10821,0.138881
10822,0.013333
10823,0.072634
10824,0.030278
10825,0.016944
10826,0.075446
10827,0.003333
10828,0.189775
10829,0.080301
10830,0.144048
10831,0.302794
10832,0.278062
10833,0.037434
10834,0.028023
10835,0.190832
10836,0.019087
10837,0.485978
10838,0.494190
10839,0.246180
10840,0.015395
10841,0.164476
10842,0.745724
10843,0.978440
10844,0.339484
10845,0.071960
10846,0.302558
10847,0.024841
10848,0.439574
10849,0.111201
10850,0.177319
10851,0.345830
10852,0.932131
10853,0.106234
10854,0.000000
10855,0.029440
10856,0.234166
10857,0.068333
10858,0.185453
10859,0.975456
10860,0.314106
10861,0.098222
10862,0.081675
10863,0.133462
10864,0.829810
10865,0.317366
10866,0.098365
10867,0.091833
10868,0.025815
10869,0.971203
10870,0.340574
10871,0.033333
10872,0.144634
10873,0.094329
10874,0.990814
10875,0.185359
10876,0.141632
10877,0.045444
10878,0.003611
10879,0.969629
10880,0.034000
10881,0.916323
10882,0.897705
10883,0.730056
10884,0.956144
10885,0.003111
10886,0.937381
10887,0.045889
10888,0.964307
10889,0.060135
10890,0.768611
10891,0.008611
10892,0.015556
10893,0.921833
10894,0.988444
10895,0.973911
10896,0.221641
10897,0.101528
10898,0.019778
10899,0.008147
10900,0.012522
10901,0.507969
10902,0.160876
10903,0.266658
10904,0.011492
10905,0.537255
10906,0.072877
10907,0.081357
10908,0.679514
10909,0.015935
10910,0.970556
10911,0.939301
10912,0.058302
10913,0.907029
10914,0.998171
10915,0.740872
10916,0.984667
10917,0.183884
10918,0.233775
10919,0.135333
10920,0.996389
10921,0.998413
10922,0.873683
10923,0.827768
10924,0.563151
10925,0.126246
10926,0.626094
10927,0.013797
10928,0.610217
10929,0.972538
10930,0.459331
10931,0.254470
10932,0.016901
10933,0.378643
10934,0.255616
10935,0.995489
10936,0.254364
10937,0.302450
10938,0.949077
10939,0.434194
10940,0.969762
10941,0.976111
10942,0.540173
10943,0.039435
10944,0.053200
10945,0.183211
10946,0.007100
10947,0.029806
10948,0.006480
10949,0.011741
10950,0.015473
10951,0.905651
10952,0.063944
10953,0.054459
10954,0.095348
10955,0.301568
10956,0.632619
10957,0.001667
10958,0.008376
10959,0.000000
10960,0.923315
10961,0.411218
10962,0.504752
10963,0.182000
10964,0.001667
10965,0.682722
10966,0.755481
10967,0.991599
10968,0.140575
10969,0.156440
10970,0.036938
10971,0.159940
10972,0.364721
10973,0.479227
10974,0.243163
10975,0.613138
10976,0.183827
10977,0.928044
10978,0.186534
10979,0.009444
10980,0.737309
10981,0.381206
10982,0.998333
10983,0.094721
10984,0.071153
10985,0.742202
10986,0.041910
10987,0.119354
10988,0.182495
10989,0.124610
10990,0.084389
10991,0.214765
10992,0.055813
10993,0.068545
10994,0.000000
10995,0.243933
10996,0.426026
10997,0.057160
10998,0.042806
10999,0.088500
11000,0.026349
11001,0.024070
11002,0.439520
11003,0.472562
11004,0.994936
11005,0.003611
11006,0.003111
11007,0.064697
11008,0.214447
11009,0.026811
11010,0.059222
11011,0.014069
11012,0.190071
11013,0.446127
11014,0.033697
11015,0.077813
11016,0.001528
11017,0.927782
11018,0.013472
11019,0.082100
11020,0.873751
11021,0.010221
11022,0.244294
11023,0.004722
11024,0.823998
11025,0.163866
11026,0.740252
11027,0.328145
11028,0.889494
11029,0.052208
11030,0.018767
11031,0.017333
11032,0.855778
11033,0.054619
11034,0.077034
11035,0.885303
11036,0.132569
11037,0.959071
11038,0.313433
11039,0.996971
11040,0.002778
11041,0.141205
11042,0.984328
11043,0.103556
11044,0.184481
11045,0.891032
11046,0.018585
11047,0.498468
11048,0.074154
11049,0.009342
11050,0.733421
11051,0.324198
11052,0.281266
11053,0.300219
11054,0.995000
11055,0.902782
11056,0.084768
11057,0.149405
11058,0.150197
11059,0.036767
11060,0.322111
11061,0.558021
11062,0.961604
11063,0.001333
11064,0.607905
11065,0.983182
11066,0.084111
11067,0.055405
11068,0.961456
11069,0.948776
11070,0.110843
11071,0.017833
11072,0.968950
11073,0.075505
11074,1.000000
11075,0.050074
11076,0.070171
11077,0.018803
11078,0.472944
11079,0.038014
11080,0.024760
11081,0.026875
11082,0.715417
11083,0.174152
11084,0.143331
11085,0.177381
11086,0.191286
11087,0.024696
11088,0.020342
11089,1.000000
11090,0.986627
11091,0.036480
11092,0.891103
11093,0.772670
11094,0.173636
11095,0.860134
11096,0.548472
11097,0.097167
11098,0.148264
11099,0.949213
11100,0.124407
11101,0.164135
11102,0.019679
11103,0.968287
11104,0.176460
11105,0.087000
11106,0.992634
11107,0.969335
11108,0.406522
11109,0.988056
11110,0.091528
11111,0.941460
11112,0.134409
11113,0.007815
11114,0.083267
11115,0.376754
11116,0.403219
11117,0.954022
11118,0.117062
11119,0.974968
11120,0.013524
11121,0.094632
11122,0.013350
11123,0.998333
11124,0.845864
11125,0.994333
11126,0.087333
11127,0.178698
11128,0.865791
11129,0.009590
11130,0.049139
11131,0.993832
11132,0.066542
11133,0.612538
11134,0.097959
11135,0.979072
11136,0.264504
11137,0.021889
11138,0.968873
11139,0.027659
11140,0.951624
11141,0.027944
11142,0.125412
11143,0.969389
11144,0.033859
11145,0.182479
11146,0.989045
11147,0.000000
11148,0.982929
11149,0.085540
11150,0.861587
11151,0.129559
11152,0.012966
11153,0.820935
11154,0.034977
11155,0.204624
11156,0.073393
11157,0.384401
11158,0.812653
11159,0.029312
11160,0.904270
11161,0.993333
11162,0.401827
11163,0.779805
11164,0.059028
11165,0.275687
11166,0.127235
11167,0.016667
11168,0.845694
11169,0.553925
11170,0.010179
11171,0.910012
11172,0.104979
11173,0.000000
11174,0.315752
11175,0.356408
11176,0.054056
11177,0.981044
11178,0.007222
11179,0.036754
11180,0.888035
11181,0.233006
11182,0.915382
11183,0.447031
11184,0.032151
11185,0.933624
11186,0.069443
11187,0.957738
11188,0.095626
11189,0.172852
11190,0.064500
11191,0.976778
11192,0.276842
11193,0.052106
11194,0.168094
11195,0.249881
11196,0.009722
11197,0.048357
11198,0.703391
11199,0.880309
11200,0.165112
11201,0.034592
11202,0.000000
11203,0.149812
11204,0.002000
11205,0.102611
11206,0.033889
11207,0.145333
11208,0.078037
11209,0.951634
11210,0.040798
11211,0.064686
11212,0.061190
11213,0.000000
11214,0.678347
11215,0.074330
11216,0.120065
11217,0.253337
11218,0.153103
11219,0.983056
11220,0.325794
11221,0.171290
11222,0.160265
11223,0.001667
11224,0.052698
11225,0.982778
11226,0.035889
11227,0.137732
11228,0.434074
11229,0.089652
11230,0.003333
11231,0.990714
