index,target
0,0.010364
1,0.854416
2,0.090885
3,0.043706
4,0.992119
5,0.006544
6,0.875876
7,0.117117
8,0.017995
9,0.888587
10,0.006002
11,0.003698
12,0.086577
13,0.619127
14,0.435027
15,0.438405
16,0.188901
17,0.897842
18,0.817897
19,0.968428
20,0.137390
21,0.737893
22,0.977163
23,0.122154
24,0.972611
25,0.025963
26,0.009767
27,0.015117
28,0.022651
29,0.002893
30,0.033456
31,0.006022
32,0.005566
33,0.439429
34,0.107510
35,0.182234
36,0.831761
37,0.009797
38,0.084343
39,0.119734
40,0.200608
41,0.945589
42,0.006343
43,0.340254
44,0.896815
45,0.020401
46,0.732234
47,0.119199
48,0.343139
49,0.055167
50,0.062948
51,0.005878
52,0.320199
53,0.011385
54,0.129150
55,0.021098
56,0.031350
57,0.962164
58,0.037257
59,0.788598
60,0.178493
61,0.014091
62,0.868740
63,0.694395
64,0.216588
65,0.004240
66,0.047575
67,0.930866
68,0.976583
69,0.383265
70,0.085578
71,0.443144
72,0.066821
73,0.153699
74,0.095682
75,0.010665
76,0.004032
77,0.005643
78,0.025705
79,0.618210
80,0.209222
81,0.254474
82,0.141612
83,0.114841
84,0.143365
85,0.465519
86,0.626430
87,0.023721
88,0.144093
89,0.002974
90,0.745671
91,0.051859
92,0.071342
93,0.084981
94,0.080181
95,0.772054
96,0.441352
97,0.114465
98,0.974198
99,0.311409
100,0.004733
101,0.080622
102,0.051847
103,0.110394
104,0.484753
105,0.061353
106,0.892049
107,0.689266
108,0.223339
109,0.161364
110,0.953426
111,0.021281
112,0.116918
113,0.013484
114,0.012984
115,0.259748
116,0.929806
117,0.261826
118,0.358880
119,0.986452
120,0.971686
121,0.003111
122,0.225933
123,0.123110
124,0.117175
125,0.099365
126,0.029376
127,0.134819
128,0.133633
129,0.138226
130,0.003859
131,0.040362
132,0.981583
133,0.061093
134,0.973287
135,0.940625
136,0.976081
137,0.873777
138,0.825581
139,0.100330
140,0.019164
141,0.376761
142,0.014556
143,0.060135
144,0.005083
145,0.983676
146,0.758981
147,0.946365
148,0.957042
149,0.049159
150,0.465260
151,0.141663
152,0.068363
153,0.009823
154,0.049241
155,0.026912
156,0.420109
157,0.500568
158,0.071961
159,0.035686
160,0.007243
161,0.519253
162,0.045886
163,0.729028
164,0.047659
165,0.039613
166,0.099664
167,0.014406
168,0.977522
169,0.007309
170,0.045060
171,0.039365
172,0.100456
173,0.901687
174,0.009315
175,0.010969
176,0.977034
177,0.967390
178,0.004024
179,0.936986
180,0.140008
181,0.045920
182,0.865827
183,0.124865
184,0.953105
185,0.075534
186,0.546511
187,0.005669
188,0.148960
189,0.014992
190,0.008136
191,0.931272
192,0.063667
193,0.042722
194,0.108628
195,0.981633
196,0.043349
197,0.983227
198,0.094620
199,0.344189
200,0.139941
201,0.023130
202,0.962735
203,0.004964
204,0.041777
205,0.019041
206,0.109327
207,0.903525
208,0.051949
209,0.998198
210,0.105913
211,0.005510
212,0.479127
213,0.010151
214,0.023265
215,0.269896
216,0.055258
217,0.488222
218,0.828416
219,0.576540
220,0.149581
221,0.044774
222,0.018610
223,0.022769
224,0.265936
225,0.987572
226,0.942503
227,0.054998
228,0.936371
229,0.003478
230,0.037895
231,0.989347
232,0.202675
233,0.028747
234,0.260362
235,0.089602
236,0.233102
237,0.549718
238,0.071849
239,0.973379
240,0.044423
241,0.017287
242,0.207130
243,0.313537
244,0.859409
245,0.141898
246,0.089742
247,0.008929
248,0.640825
249,0.996560
250,0.099244
251,0.048699
252,0.047283
253,0.202753
254,0.059870
255,0.209441
256,0.251196
257,0.843868
258,0.013036
259,0.019416
260,0.187325
261,0.051687
262,0.995968
263,0.935880
264,0.006536
265,0.114874
266,0.859447
267,0.124572
268,0.007794
269,0.003612
270,0.489030
271,0.358696
272,0.062861
273,0.028983
274,0.997215
275,0.996993
276,0.095184
277,0.015723
278,0.012217
279,0.035027
280,0.967830
281,0.947883
282,0.967735
283,0.009245
284,0.152830
285,0.117107
286,0.021388
287,0.015806
288,0.987528
289,0.304285
290,0.243128
291,0.969822
292,0.856151
293,0.987009
294,0.006165
295,0.091970
296,0.117368
297,0.082060
298,0.005285
299,0.988715
300,0.144413
301,0.930381
302,0.863262
303,0.067158
304,0.724231
305,0.801790
306,0.101254
307,0.044381
308,0.526031
309,0.542878
310,0.979036
311,0.067278
312,0.400671
313,0.007291
314,0.556687
315,0.030946
316,0.965251
317,0.027633
318,0.004271
319,0.784948
320,0.167605
321,0.036888
322,0.002646
323,0.036611
324,0.138873
325,0.843514
326,0.110397
327,0.788990
328,0.013810
329,0.010192
330,0.802364
331,0.019948
332,0.189959
333,0.057314
334,0.282533
335,0.237019
336,0.046047
337,0.976218
338,0.012165
339,0.031026
340,0.005090
341,0.986881
342,0.912448
343,0.125868
344,0.079222
345,0.968774
346,0.458600
347,0.085899
348,0.003448
349,0.359530
350,0.996420
351,0.025739
352,0.061508
353,0.045794
354,0.074935
355,0.078516
356,0.939522
357,0.026946
358,0.966111
359,0.192257
360,0.075809
361,0.629600
362,0.008962
363,0.070386
364,0.010705
365,0.674463
366,0.024328
367,0.477204
368,0.433799
369,0.949903
370,0.709007
371,0.816795
372,0.021656
373,0.133097
374,0.022137
375,0.804525
376,0.121199
377,0.035269
378,0.014244
379,0.011101
380,0.069070
381,0.102906
382,0.935706
383,0.069761
384,0.116085
385,0.163463
386,0.034746
387,0.602864
388,0.100594
389,0.035755
390,0.805032
391,0.023166
392,0.018965
393,0.844359
394,0.973062
395,0.819330
396,0.948376
397,0.365234
398,0.162803
399,0.002922
400,0.077091
401,0.007072
402,0.006128
403,0.147056
404,0.013082
405,0.033342
406,0.975740
407,0.571714
408,0.025518
409,0.098618
410,0.080722
411,0.818557
412,0.102891
413,0.442998
414,0.090426
415,0.023848
416,0.888289
417,0.198919
418,0.060449
419,0.982898
420,0.136872
421,0.003119
422,0.013342
423,0.698851
424,0.947101
425,0.014986
426,0.118974
427,0.006355
428,0.930503
429,0.968600
430,0.994881
431,0.112506
432,0.384706
433,0.039307
434,0.875458
435,0.018917
436,0.968495
437,0.056066
438,0.047660
439,0.985771
440,0.837093
441,0.092632
442,0.036169
443,0.006195
444,0.262212
445,0.034359
446,0.988357
447,0.259752
448,0.014489
449,0.520465
450,0.051772
451,0.579711
452,0.954742
453,0.399851
454,0.066138
455,0.884468
456,0.892091
457,0.036684
458,0.286063
459,0.627956
460,0.194443
461,0.724662
462,0.314494
463,0.926889
464,0.034081
465,0.983984
466,0.939501
467,0.011817
468,0.624529
469,0.957904
470,0.117840
471,0.289321
472,0.940472
473,0.027954
474,0.037219
475,0.008828
476,0.015691
477,0.084912
478,0.084119
479,0.684714
480,0.015264
481,0.987452
482,0.109428
483,0.965567
484,0.648631
485,0.021515
486,0.035988
487,0.096896
488,0.009665
489,0.009436
490,0.054142
491,0.016241
492,0.003696
493,0.033104
494,0.427693
495,0.118944
496,0.018545
497,0.656960
498,0.291546
499,0.069415
500,0.970719
501,0.076228
502,0.075045
503,0.333634
504,0.787163
505,0.177575
506,0.016492
507,0.987841
508,0.810950
509,0.046165
510,0.043584
511,0.778014
512,0.024519
513,0.975369
514,0.979010
515,0.948130
516,0.946225
517,0.371195
518,0.128390
519,0.119784
520,0.569174
521,0.139410
522,0.942564
523,0.505965
524,0.094514
525,0.933841
526,0.438973
527,0.007024
528,0.283229
529,0.982571
530,0.011141
531,0.003946
532,0.024567
533,0.011349
534,0.006955
535,0.079869
536,0.092560
537,0.908539
538,0.075404
539,0.910753
540,0.446903
541,0.047287
542,0.003207
543,0.436154
544,0.792624
545,0.011755
546,0.423851
547,0.003398
548,0.049394
549,0.038779
550,0.981037
551,0.808748
552,0.263036
553,0.011452
554,0.095587
555,0.747876
556,0.028276
557,0.073774
558,0.704201
559,0.011926
560,0.052196
561,0.298037
562,0.969955
563,0.426971
564,0.005384
565,0.830470
566,0.093437
567,0.018321
568,0.482453
569,0.234361
570,0.185354
571,0.152910
572,0.766361
573,0.046324
574,0.527095
575,0.089226
576,0.958149
577,0.008247
578,0.030397
579,0.152507
580,0.089195
581,0.130286
582,0.004862
583,0.006644
584,0.002835
585,0.423830
586,0.469839
587,0.595173
588,0.006405
589,0.096205
590,0.094156
591,0.003718
592,0.063684
593,0.020106
594,0.075497
595,0.261182
596,0.072194
597,0.087239
598,0.193061
599,0.954439
600,0.023229
601,0.019512
602,0.028515
603,0.081293
604,0.889048
605,0.058338
606,0.038391
607,0.008075
608,0.006562
609,0.005269
610,0.079216
611,0.120351
612,0.014020
613,0.008595
614,0.133855
615,0.521229
616,0.020855
617,0.055870
618,0.004723
619,0.034389
620,0.021946
621,0.005183
622,0.451420
623,0.027051
624,0.059172
625,0.458917
626,0.885019
627,0.982503
628,0.010897
629,0.919049
630,0.016582
631,0.040432
632,0.513406
633,0.981038
634,0.032345
635,0.538443
636,0.013079
637,0.009146
638,0.011663
639,0.966656
640,0.123131
641,0.810168
642,0.059859
643,0.023206
644,0.932296
645,0.010332
646,0.022480
647,0.072059
648,0.164780
649,0.495917
650,0.056937
651,0.973830
652,0.947841
653,0.017749
654,0.049614
655,0.002939
656,0.211765
657,0.957389
658,0.584483
659,0.160843
660,0.011494
661,0.400989
662,0.058302
663,0.148774
664,0.579014
665,0.035582
666,0.031358
667,0.976800
668,0.305440
669,0.581240
670,0.033801
671,0.376157
672,0.036930
673,0.052577
674,0.997543
675,0.046895
676,0.022964
677,0.555153
678,0.069721
679,0.642812
680,0.223057
681,0.052018
682,0.962898
683,0.110041
684,0.146441
685,0.124272
686,0.087927
687,0.044544
688,0.973566
689,0.098980
690,0.954261
691,0.086519
692,0.004277
693,0.846744
694,0.025459
695,0.871699
696,0.016227
697,0.354733
698,0.995948
699,0.016658
700,0.020405
701,0.149140
702,0.004186
703,0.002636
704,0.017984
705,0.020479
706,0.067117
707,0.499545
708,0.094927
709,0.024656
710,0.040388
711,0.056229
712,0.996806
713,0.092726
714,0.953319
715,0.081938
716,0.008411
717,0.243808
718,0.115683
719,0.017957
720,0.025948
721,0.105988
722,0.314793
723,0.746206
724,0.896439
725,0.773329
726,0.037953
727,0.907753
728,0.155379
729,0.217238
730,0.136493
731,0.010269
732,0.983768
733,0.938324
734,0.146349
735,0.054343
736,0.833491
737,0.043345
738,0.409760
739,0.502997
740,0.990049
741,0.811416
742,0.285252
743,0.169434
744,0.072751
745,0.020786
746,0.941091
747,0.843931
748,0.106370
749,0.671844
750,0.051367
751,0.099740
752,0.088970
753,0.231321
754,0.014620
755,0.018654
756,0.325871
757,0.063896
758,0.007799
759,0.017514
760,0.846922
761,0.063477
762,0.773330
763,0.022010
764,0.005308
765,0.963706
766,0.204349
767,0.813897
768,0.311850
769,0.646108
770,0.135867
771,0.022855
772,0.980632
773,0.007891
774,0.328607
775,0.994523
776,0.412040
777,0.014521
778,0.403403
779,0.308700
780,0.005315
781,0.022357
782,0.578875
783,0.076391
784,0.558764
785,0.971834
786,0.760036
787,0.006757
788,0.938036
789,0.039156
790,0.790994
791,0.057214
792,0.084296
793,0.055900
794,0.317883
795,0.144790
796,0.050268
797,0.007525
798,0.746433
799,0.173644
800,0.457976
801,0.822252
802,0.006077
803,0.006749
804,0.062719
805,0.083538
806,0.013815
807,0.036995
808,0.140623
809,0.337392
810,0.081698
811,0.066534
812,0.977101
813,0.229490
814,0.958181
815,0.025604
816,0.253946
817,0.944218
818,0.509356
819,0.016210
820,0.983963
821,0.997270
822,0.145552
823,0.018814
824,0.390628
825,0.003014
826,0.137594
827,0.110801
828,0.033568
829,0.980404
830,0.864933
831,0.034918
832,0.986844
833,0.447129
834,0.896362
835,0.003780
836,0.281163
837,0.349046
838,0.251364
839,0.991890
840,0.095918
841,0.018132
842,0.211229
843,0.009973
844,0.291114
845,0.996906
846,0.997421
847,0.020523
848,0.006693
849,0.835768
850,0.507574
851,0.872686
852,0.144487
853,0.039164
854,0.907333
855,0.010279
856,0.844290
857,0.967512
858,0.024292
859,0.760044
860,0.009688
861,0.815215
862,0.333729
863,0.901190
864,0.005313
865,0.437709
866,0.897474
867,0.035053
868,0.097970
869,0.847327
870,0.025359
871,0.996913
872,0.030876
873,0.020961
874,0.965614
875,0.570313
876,0.013280
877,0.095928
878,0.182669
879,0.816533
880,0.073662
881,0.073035
882,0.819666
883,0.165337
884,0.026611
885,0.977487
886,0.019341
887,0.970306
888,0.053821
889,0.006367
890,0.201895
891,0.463730
892,0.167066
893,0.083782
894,0.535799
895,0.340100
896,0.900892
897,0.089402
898,0.004958
899,0.714341
900,0.140834
901,0.009222
902,0.559723
903,0.849365
904,0.032247
905,0.977362
906,0.099651
907,0.011950
908,0.987139
909,0.027505
910,0.039655
911,0.060940
912,0.027329
913,0.066625
914,0.029859
915,0.039767
916,0.183264
917,0.497743
918,0.085091
919,0.591263
920,0.007353
921,0.027507
922,0.057083
923,0.997591
924,0.967322
925,0.926286
926,0.058197
927,0.099648
928,0.015269
929,0.556982
930,0.446247
931,0.029934
932,0.939914
933,0.013592
934,0.029775
935,0.043212
936,0.987643
937,0.036162
938,0.031250
939,0.532723
940,0.047753
941,0.977046
942,0.959318
943,0.995058
944,0.435361
945,0.374577
946,0.024656
947,0.840935
948,0.032841
949,0.040841
950,0.983310
951,0.314726
952,0.282536
953,0.073484
954,0.084757
955,0.508395
956,0.948237
957,0.324088
958,0.009034
959,0.510993
960,0.004366
961,0.971189
962,0.044960
963,0.467167
964,0.415437
965,0.054596
966,0.300655
967,0.006267
968,0.010527
969,0.003482
970,0.178034
971,0.109694
972,0.996710
973,0.097220
974,0.588152
975,0.009453
976,0.014088
977,0.851138
978,0.071417
979,0.991791
980,0.920652
981,0.984343
982,0.402850
983,0.026718
984,0.969497
985,0.043348
986,0.956127
987,0.113418
988,0.264118
989,0.839266
990,0.957250
991,0.124329
992,0.025850
993,0.042099
994,0.015230
995,0.996343
996,0.049179
997,0.057565
998,0.172169
999,0.780094
1000,0.942661
1001,0.988283
1002,0.006069
1003,0.009132
1004,0.423155
1005,0.900360
1006,0.994405
1007,0.331690
1008,0.047348
1009,0.296255
1010,0.032186
1011,0.130566
1012,0.064692
1013,0.305921
1014,0.471814
1015,0.039690
1016,0.018479
1017,0.398224
1018,0.740750
1019,0.004312
1020,0.040867
1021,0.974736
1022,0.471382
1023,0.885293
1024,0.011736
1025,0.019584
1026,0.013766
1027,0.099262
1028,0.031433
1029,0.188526
1030,0.003788
1031,0.092144
1032,0.418904
1033,0.005152
1034,0.549128
1035,0.026100
1036,0.192823
1037,0.958575
1038,0.041551
1039,0.943571
1040,0.385667
1041,0.045967
1042,0.037006
1043,0.448889
1044,0.003039
1045,0.117114
1046,0.005138
1047,0.131232
1048,0.681282
1049,0.826373
1050,0.005828
1051,0.105217
1052,0.041101
1053,0.970007
1054,0.623756
1055,0.094539
1056,0.199386
1057,0.267024
1058,0.004420
1059,0.953169
1060,0.250735
1061,0.044750
1062,0.005921
1063,0.204391
1064,0.955536
1065,0.062732
1066,0.014963
1067,0.222300
1068,0.153903
1069,0.986288
1070,0.311816
1071,0.433857
1072,0.030850
1073,0.915665
1074,0.007141
1075,0.016953
1076,0.003833
1077,0.021493
1078,0.028052
1079,0.879665
1080,0.006136
1081,0.037665
1082,0.888730
1083,0.066036
1084,0.893836
1085,0.460321
1086,0.808935
1087,0.306943
1088,0.003671
1089,0.932746
1090,0.033757
1091,0.975719
1092,0.045930
1093,0.066500
1094,0.997821
1095,0.865186
1096,0.050235
1097,0.706895
1098,0.026667
1099,0.378691
1100,0.136266
1101,0.029953
1102,0.129575
1103,0.164642
1104,0.058061
1105,0.148741
1106,0.167410
1107,0.066868
1108,0.022521
1109,0.396562
1110,0.874143
1111,0.011585
1112,0.038936
1113,0.388001
1114,0.495305
1115,0.259851
1116,0.095090
1117,0.841459
1118,0.127763
1119,0.012569
1120,0.033280
1121,0.051293
1122,0.029715
1123,0.562638
1124,0.028379
1125,0.142753
1126,0.956925
1127,0.354777
1128,0.010629
1129,0.055636
1130,0.007137
1131,0.018396
1132,0.010762
1133,0.003854
1134,0.996506
1135,0.021211
1136,0.019732
1137,0.003669
1138,0.944628
1139,0.108899
1140,0.530030
1141,0.984876
1142,0.011921
1143,0.120037
1144,0.718993
1145,0.929764
1146,0.997678
1147,0.088677
1148,0.003340
1149,0.390232
1150,0.907462
1151,0.002941
1152,0.124155
1153,0.986765
1154,0.133169
1155,0.021447
1156,0.173761
1157,0.333566
1158,0.731592
1159,0.870087
1160,0.018355
1161,0.021066
1162,0.303343
1163,0.008764
1164,0.367619
1165,0.022667
1166,0.425541
1167,0.947349
1168,0.971619
1169,0.818968
1170,0.006829
1171,0.020370
1172,0.954427
1173,0.050027
1174,0.032039
1175,0.233968
1176,0.042985
1177,0.005005
1178,0.012486
1179,0.009163
1180,0.961261
1181,0.072781
1182,0.021414
1183,0.062693
1184,0.599118
1185,0.056196
1186,0.876627
1187,0.009604
1188,0.005204
1189,0.161919
1190,0.066300
1191,0.108849
1192,0.930210
1193,0.074329
1194,0.042746
1195,0.008288
1196,0.340316
1197,0.908926
1198,0.113077
1199,0.971538
1200,0.481088
1201,0.179254
1202,0.219889
1203,0.042467
1204,0.538276
1205,0.031201
1206,0.599102
1207,0.020330
1208,0.152153
1209,0.045084
1210,0.953739
1211,0.408632
1212,0.014058
1213,0.009787
1214,0.031457
1215,0.038460
1216,0.013941
1217,0.521630
1218,0.048266
1219,0.015676
1220,0.738486
1221,0.083657
1222,0.505334
1223,0.060139
1224,0.170041
1225,0.754697
1226,0.095112
1227,0.975952
1228,0.095398
1229,0.754715
1230,0.008420
1231,0.957422
1232,0.684743
1233,0.023786
1234,0.036951
1235,0.819314
1236,0.416111
1237,0.178876
1238,0.095288
1239,0.557953
1240,0.625933
1241,0.025212
1242,0.012177
1243,0.284425
1244,0.392678
1245,0.043320
1246,0.004046
1247,0.022257
1248,0.106135
1249,0.988774
1250,0.283690
1251,0.015013
1252,0.900882
1253,0.972643
1254,0.995794
1255,0.778747
1256,0.081336
1257,0.970325
1258,0.004972
1259,0.997342
1260,0.445720
1261,0.068688
1262,0.003953
1263,0.007604
1264,0.094289
1265,0.971971
1266,0.019593
1267,0.967873
1268,0.135599
1269,0.032673
1270,0.359762
1271,0.020875
1272,0.087455
1273,0.308293
1274,0.931892
1275,0.234519
1276,0.033039
1277,0.306748
1278,0.298901
1279,0.010371
1280,0.953560
1281,0.030090
1282,0.931662
1283,0.033204
1284,0.111674
1285,0.454787
1286,0.189351
1287,0.333516
1288,0.247893
1289,0.002848
1290,0.392619
1291,0.177116
1292,0.139188
1293,0.034808
1294,0.166974
1295,0.496426
1296,0.832725
1297,0.049102
1298,0.023627
1299,0.011219
1300,0.291952
1301,0.044345
1302,0.081196
1303,0.963096
1304,0.053565
1305,0.993944
1306,0.177917
1307,0.008975
1308,0.004292
1309,0.984105
1310,0.084372
1311,0.056959
1312,0.537444
1313,0.005697
1314,0.914873
1315,0.037788
1316,0.073670
1317,0.549341
1318,0.302949
1319,0.305051
1320,0.220422
1321,0.903270
1322,0.015796
1323,0.033668
1324,0.056597
1325,0.015857
1326,0.953468
1327,0.825716
1328,0.018140
1329,0.235434
1330,0.919626
1331,0.288064
1332,0.034602
1333,0.017768
1334,0.878534
1335,0.429912
1336,0.013581
1337,0.011550
1338,0.016574
1339,0.061708
1340,0.484416
1341,0.935805
1342,0.959726
1343,0.240582
1344,0.303249
1345,0.046598
1346,0.996778
1347,0.897946
1348,0.075736
1349,0.011838
1350,0.123896
1351,0.071991
1352,0.289650
1353,0.018048
1354,0.126310
1355,0.982551
1356,0.028036
1357,0.512908
1358,0.235070
1359,0.058091
1360,0.949702
1361,0.162636
1362,0.899179
1363,0.930665
1364,0.034651
1365,0.979899
1366,0.051421
1367,0.962461
1368,0.871723
1369,0.276174
1370,0.298163
1371,0.237144
1372,0.023572
1373,0.206166
1374,0.021321
1375,0.950319
1376,0.090558
1377,0.997965
1378,0.031835
1379,0.015665
1380,0.922359
1381,0.825969
1382,0.002407
1383,0.984158
1384,0.018189
1385,0.539083
1386,0.791345
1387,0.969490
1388,0.840718
1389,0.996492
1390,0.011075
1391,0.982880
1392,0.423668
1393,0.595482
1394,0.004558
1395,0.667936
1396,0.071961
1397,0.021122
1398,0.017145
1399,0.986838
1400,0.028407
1401,0.010361
1402,0.007891
1403,0.308525
1404,0.012204
1405,0.102053
1406,0.027276
1407,0.196304
1408,0.018858
1409,0.003733
1410,0.010450
1411,0.088897
1412,0.614455
1413,0.956075
1414,0.026186
1415,0.190275
1416,0.968142
1417,0.051700
1418,0.159004
1419,0.556117
1420,0.241708
1421,0.977751
1422,0.040791
1423,0.005316
1424,0.006592
1425,0.017857
1426,0.034921
1427,0.009565
1428,0.035393
1429,0.013804
1430,0.118501
1431,0.743296
1432,0.082501
1433,0.766554
1434,0.659361
1435,0.012451
1436,0.003932
1437,0.883837
1438,0.013920
1439,0.980583
1440,0.012844
1441,0.053554
1442,0.452226
1443,0.010041
1444,0.093323
1445,0.805083
1446,0.852665
1447,0.081854
1448,0.092605
1449,0.915584
1450,0.257585
1451,0.005242
1452,0.312295
1453,0.968128
1454,0.980426
1455,0.074871
1456,0.053685
1457,0.053204
1458,0.969968
1459,0.972114
1460,0.017764
1461,0.041443
1462,0.057333
1463,0.934452
1464,0.285252
1465,0.026812
1466,0.728857
1467,0.426574
1468,0.967492
1469,0.987327
1470,0.984783
1471,0.260471
1472,0.315646
1473,0.959783
1474,0.377816
1475,0.206608
1476,0.982532
1477,0.836774
1478,0.200828
1479,0.036242
1480,0.252630
1481,0.016226
1482,0.948119
1483,0.045245
1484,0.052729
1485,0.041309
1486,0.128733
1487,0.333741
1488,0.253997
1489,0.027901
1490,0.730078
1491,0.005221
1492,0.978585
1493,0.993941
1494,0.994159
1495,0.090162
1496,0.692109
1497,0.021899
1498,0.780960
1499,0.822777
1500,0.061119
1501,0.083496
1502,0.109731
1503,0.058048
1504,0.073809
1505,0.269038
1506,0.169182
1507,0.693550
1508,0.046043
1509,0.007763
1510,0.196503
1511,0.593024
1512,0.032118
1513,0.510758
1514,0.855739
1515,0.027532
1516,0.098306
1517,0.004987
1518,0.366528
1519,0.090154
1520,0.013226
1521,0.011901
1522,0.108331
1523,0.024000
1524,0.879358
1525,0.009303
1526,0.007420
1527,0.687003
1528,0.030227
1529,0.886398
1530,0.027185
1531,0.292456
1532,0.947905
1533,0.112428
1534,0.077190
1535,0.006645
1536,0.070044
1537,0.477551
1538,0.151405
1539,0.624955
1540,0.941522
1541,0.881995
1542,0.073452
1543,0.003755
1544,0.047669
1545,0.086492
1546,0.781554
1547,0.763144
1548,0.040670
1549,0.905758
1550,0.603024
1551,0.109000
1552,0.003629
1553,0.872499
1554,0.020974
1555,0.006073
1556,0.005600
1557,0.092786
1558,0.010937
1559,0.179933
1560,0.030823
1561,0.050910
1562,0.215487
1563,0.427437
1564,0.137894
1565,0.031769
1566,0.004679
1567,0.166475
1568,0.695722
1569,0.252351
1570,0.044991
1571,0.438208
1572,0.199361
1573,0.434382
1574,0.317247
1575,0.046361
1576,0.791996
1577,0.133259
1578,0.008816
1579,0.650534
1580,0.981310
1581,0.973946
1582,0.108332
1583,0.018498
1584,0.102265
1585,0.975213
1586,0.020121
1587,0.010283
1588,0.937465
1589,0.948691
1590,0.052081
1591,0.030874
1592,0.033103
1593,0.099820
1594,0.006481
1595,0.351537
1596,0.151682
1597,0.757423
1598,0.380700
1599,0.086910
1600,0.053079
1601,0.198988
1602,0.259742
1603,0.924784
1604,0.835364
1605,0.981425
1606,0.012328
1607,0.030798
1608,0.039125
1609,0.778691
1610,0.713947
1611,0.838932
1612,0.096877
1613,0.078245
1614,0.055590
1615,0.957212
1616,0.142450
1617,0.003748
1618,0.028839
1619,0.047799
1620,0.061108
1621,0.862621
1622,0.067037
1623,0.080451
1624,0.961862
1625,0.005772
1626,0.011420
1627,0.262869
1628,0.983276
1629,0.021416
1630,0.042946
1631,0.017174
1632,0.063232
1633,0.885888
1634,0.606837
1635,0.021388
1636,0.097591
1637,0.267625
1638,0.995543
1639,0.105858
1640,0.174078
1641,0.044229
1642,0.036507
1643,0.038730
1644,0.074150
1645,0.007130
1646,0.065383
1647,0.222789
1648,0.010250
1649,0.007591
1650,0.174058
1651,0.099745
1652,0.109259
1653,0.031803
1654,0.105193
1655,0.189467
1656,0.558796
1657,0.155161
1658,0.195688
1659,0.147826
1660,0.008957
1661,0.572476
1662,0.221528
1663,0.245180
1664,0.004949
1665,0.794084
1666,0.316286
1667,0.954764
1668,0.039984
1669,0.019531
1670,0.016889
1671,0.110087
1672,0.108307
1673,0.006029
1674,0.982707
1675,0.015506
1676,0.004502
1677,0.434104
1678,0.147938
1679,0.028976
1680,0.108784
1681,0.175168
1682,0.003175
1683,0.024943
1684,0.006356
1685,0.063600
1686,0.061479
1687,0.188323
1688,0.056859
1689,0.996200
1690,0.235196
1691,0.944615
1692,0.985610
1693,0.983692
1694,0.570658
1695,0.939416
1696,0.962491
1697,0.049843
1698,0.195011
1699,0.515134
1700,0.383879
1701,0.010186
1702,0.026820
1703,0.997452
1704,0.007714
1705,0.559051
1706,0.032871
1707,0.248789
1708,0.015490
1709,0.961661
1710,0.003778
1711,0.069965
1712,0.042173
1713,0.191235
1714,0.176172
1715,0.004874
1716,0.011581
1717,0.196544
1718,0.070938
1719,0.128092
1720,0.004208
1721,0.046034
1722,0.045937
1723,0.913120
1724,0.005046
1725,0.050830
1726,0.015689
1727,0.414254
1728,0.301696
1729,0.021834
1730,0.980252
1731,0.444832
1732,0.010214
1733,0.986458
1734,0.962547
1735,0.095580
1736,0.072912
1737,0.997606
1738,0.164990
1739,0.853775
1740,0.013699
1741,0.979591
1742,0.016984
1743,0.046409
1744,0.012962
1745,0.110783
1746,0.054863
1747,0.005876
1748,0.037190
1749,0.976260
1750,0.053346
1751,0.002653
1752,0.899872
1753,0.267794
1754,0.264559
1755,0.928611
1756,0.701575
1757,0.020605
1758,0.143002
1759,0.015739
1760,0.647049
1761,0.012591
1762,0.905285
1763,0.200699
1764,0.074173
1765,0.075538
1766,0.033156
1767,0.881287
1768,0.985138
1769,0.003990
1770,0.048644
1771,0.844152
1772,0.944089
1773,0.996841
1774,0.719740
1775,0.880646
1776,0.745804
1777,0.003103
1778,0.070284
1779,0.396967
1780,0.005382
1781,0.981191
1782,0.020990
1783,0.770841
1784,0.208061
1785,0.013235
1786,0.665801
1787,0.619832
1788,0.014112
1789,0.020222
1790,0.029572
1791,0.010874
1792,0.184280
1793,0.098435
1794,0.004942
1795,0.042706
1796,0.208315
1797,0.211741
1798,0.059098
1799,0.019525
1800,0.030689
1801,0.028475
1802,0.118719
1803,0.632775
1804,0.002972
1805,0.066629
1806,0.696799
1807,0.010891
1808,0.097882
1809,0.076456
1810,0.015100
1811,0.026479
1812,0.204558
1813,0.074092
1814,0.407716
1815,0.089800
1816,0.076037
1817,0.333081
1818,0.034487
1819,0.112977
1820,0.977631
1821,0.010422
1822,0.246443
1823,0.228566
1824,0.030237
1825,0.972793
1826,0.026629
1827,0.973439
1828,0.010984
1829,0.126024
1830,0.377321
1831,0.069695
1832,0.090294
1833,0.982934
1834,0.093334
1835,0.019441
1836,0.029798
1837,0.031553
1838,0.017268
1839,0.025061
1840,0.065299
1841,0.970110
1842,0.078910
1843,0.185563
1844,0.011149
1845,0.972996
1846,0.058268
1847,0.021941
1848,0.874336
1849,0.368856
1850,0.118437
1851,0.045212
1852,0.059013
1853,0.080572
1854,0.065180
1855,0.017796
1856,0.932299
1857,0.015706
1858,0.032918
1859,0.186802
1860,0.101320
1861,0.008348
1862,0.192961
1863,0.004866
1864,0.826199
1865,0.020839
1866,0.063040
1867,0.058539
1868,0.478832
1869,0.978370
1870,0.021616
1871,0.359994
1872,0.095163
1873,0.014862
1874,0.624598
1875,0.293158
1876,0.043606
1877,0.015357
1878,0.012045
1879,0.097931
1880,0.075378
1881,0.122420
1882,0.006279
1883,0.988431
1884,0.971051
1885,0.007789
1886,0.371186
1887,0.391977
1888,0.097046
1889,0.004037
1890,0.010337
1891,0.432078
1892,0.799665
1893,0.859569
1894,0.066355
1895,0.016944
1896,0.851677
1897,0.003412
1898,0.892735
1899,0.036756
1900,0.098494
1901,0.167266
1902,0.064850
1903,0.025451
1904,0.091156
1905,0.024811
1906,0.997903
1907,0.043889
1908,0.005862
1909,0.230046
1910,0.959569
1911,0.091222
1912,0.049974
1913,0.567503
1914,0.073292
1915,0.978993
1916,0.096966
1917,0.972845
1918,0.437176
1919,0.262069
1920,0.163382
1921,0.965205
1922,0.214362
1923,0.005535
1924,0.883611
1925,0.162811
1926,0.949756
1927,0.970935
1928,0.440383
1929,0.214291
1930,0.948714
1931,0.019692
1932,0.036175
1933,0.257578
1934,0.170280
1935,0.977531
1936,0.276456
1937,0.028591
1938,0.065154
1939,0.035013
1940,0.426530
1941,0.011360
1942,0.951672
1943,0.348343
1944,0.010518
1945,0.003252
1946,0.356947
1947,0.106363
1948,0.308690
1949,0.009810
1950,0.384544
1951,0.926894
1952,0.952131
1953,0.165853
1954,0.043462
1955,0.021708
1956,0.037172
1957,0.678751
1958,0.267669
1959,0.081349
1960,0.059144
1961,0.209036
1962,0.280035
1963,0.132501
1964,0.089798
1965,0.061882
1966,0.976901
1967,0.017539
1968,0.026454
1969,0.174854
1970,0.186349
1971,0.979886
1972,0.825969
1973,0.035792
1974,0.929927
1975,0.681071
1976,0.015323
1977,0.992456
1978,0.034313
1979,0.995761
1980,0.969107
1981,0.551202
1982,0.154606
1983,0.035621
1984,0.386613
1985,0.037035
1986,0.208094
1987,0.580640
1988,0.004049
1989,0.050655
1990,0.305288
1991,0.971235
1992,0.073555
1993,0.007571
1994,0.695375
1995,0.425510
1996,0.247472
1997,0.569257
1998,0.606000
1999,0.870044
2000,0.267238
2001,0.026133
2002,0.044289
2003,0.975988
2004,0.026514
2005,0.045972
2006,0.948604
2007,0.065130
2008,0.202250
2009,0.092217
2010,0.951684
2011,0.918752
2012,0.569753
2013,0.862807
2014,0.983731
2015,0.010824
2016,0.577479
2017,0.864105
2018,0.004173
2019,0.085124
2020,0.006863
2021,0.904566
2022,0.233058
2023,0.332654
2024,0.981984
2025,0.929013
2026,0.777755
2027,0.009362
2028,0.092303
2029,0.003830
2030,0.986561
2031,0.193628
2032,0.987891
2033,0.486748
2034,0.945872
2035,0.988145
2036,0.042928
2037,0.012882
2038,0.031371
2039,0.980969
2040,0.006115
2041,0.702600
2042,0.216982
2043,0.971548
2044,0.721163
2045,0.003605
2046,0.011823
2047,0.218992
2048,0.090754
2049,0.957817
2050,0.959456
2051,0.843187
2052,0.019419
2053,0.237989
2054,0.678217
2055,0.007807
2056,0.021500
2057,0.793699
2058,0.007182
2059,0.011305
2060,0.033815
2061,0.298905
2062,0.161474
2063,0.072788
2064,0.832017
2065,0.676838
2066,0.295764
2067,0.974232
2068,0.614180
2069,0.338889
2070,0.159512
2071,0.446218
2072,0.288810
2073,0.005964
2074,0.083219
2075,0.457066
2076,0.009050
2077,0.107778
2078,0.009304
2079,0.045684
2080,0.010974
2081,0.767701
2082,0.285902
2083,0.030375
2084,0.525362
2085,0.073968
2086,0.017451
2087,0.032008
2088,0.962169
2089,0.050546
2090,0.774106
2091,0.101712
2092,0.028792
2093,0.017499
2094,0.483071
2095,0.996781
2096,0.196168
2097,0.005414
2098,0.728723
2099,0.513355
2100,0.987901
2101,0.022407
2102,0.749204
2103,0.219963
2104,0.025499
2105,0.005112
2106,0.027410
2107,0.705155
2108,0.017245
2109,0.010050
2110,0.009630
2111,0.566715
2112,0.063808
2113,0.276284
2114,0.376583
2115,0.140754
2116,0.921289
2117,0.908436
2118,0.015221
2119,0.930145
2120,0.201137
2121,0.033053
2122,0.163284
2123,0.945125
2124,0.020086
2125,0.857864
2126,0.041485
2127,0.062700
2128,0.050168
2129,0.130421
2130,0.029576
2131,0.108002
2132,0.964700
2133,0.048158
2134,0.019476
2135,0.159423
2136,0.006988
2137,0.993200
2138,0.007672
2139,0.077487
2140,0.012642
2141,0.233748
2142,0.153201
2143,0.862308
2144,0.827102
2145,0.922053
2146,0.247202
2147,0.994086
2148,0.019205
2149,0.954381
2150,0.415688
2151,0.932239
2152,0.736516
2153,0.173392
2154,0.044898
2155,0.142987
2156,0.979608
2157,0.012599
2158,0.636510
2159,0.858176
2160,0.874496
2161,0.010683
2162,0.068604
2163,0.027048
2164,0.075525
2165,0.221007
2166,0.175944
2167,0.430545
2168,0.070914
2169,0.046820
2170,0.943235
2171,0.013810
2172,0.488626
2173,0.973494
2174,0.316007
2175,0.014851
2176,0.074030
2177,0.022385
2178,0.049490
2179,0.047870
2180,0.866483
2181,0.018062
2182,0.005535
2183,0.469055
2184,0.062873
2185,0.129266
2186,0.343871
2187,0.031819
2188,0.076882
2189,0.531937
2190,0.002835
2191,0.962226
2192,0.966496
2193,0.115967
2194,0.032029
2195,0.058010
2196,0.068064
2197,0.960218
2198,0.945226
2199,0.044922
2200,0.015297
2201,0.124959
2202,0.006730
2203,0.946812
2204,0.908657
2205,0.625537
2206,0.225089
2207,0.167693
2208,0.943076
2209,0.279163
2210,0.116274
2211,0.059428
2212,0.567745
2213,0.009710
2214,0.019888
2215,0.009883
2216,0.447071
2217,0.286634
2218,0.031377
2219,0.005279
2220,0.008323
2221,0.027806
2222,0.004425
2223,0.962543
2224,0.273381
2225,0.015177
2226,0.208543
2227,0.685883
2228,0.328189
2229,0.006006
2230,0.635590
2231,0.046926
2232,0.481530
2233,0.008040
2234,0.976840
2235,0.066548
2236,0.243165
2237,0.028990
2238,0.165388
2239,0.757934
2240,0.316162
2241,0.009108
2242,0.009397
2243,0.221718
2244,0.002836
2245,0.010945
2246,0.064785
2247,0.030300
2248,0.061646
2249,0.644481
2250,0.047151
2251,0.504334
2252,0.720281
2253,0.975019
2254,0.012367
2255,0.031374
2256,0.141666
2257,0.005609
2258,0.011907
2259,0.020414
2260,0.354729
2261,0.435300
2262,0.828065
2263,0.383586
2264,0.031563
2265,0.005473
2266,0.484504
2267,0.950112
2268,0.131989
2269,0.273893
2270,0.099099
2271,0.223456
2272,0.111319
2273,0.987307
2274,0.922342
2275,0.003232
2276,0.037376
2277,0.970396
2278,0.633885
2279,0.037768
2280,0.047588
2281,0.253120
2282,0.077422
2283,0.167566
2284,0.598103
2285,0.046785
2286,0.985895
2287,0.067375
2288,0.006991
2289,0.006902
2290,0.007238
2291,0.945526
2292,0.231331
2293,0.030386
2294,0.026425
2295,0.963121
2296,0.872654
2297,0.310281
2298,0.016371
2299,0.038672
2300,0.043042
2301,0.048997
2302,0.070600
2303,0.250259
2304,0.829956
2305,0.051742
2306,0.058282
2307,0.265447
2308,0.154837
2309,0.004460
2310,0.009898
2311,0.007304
2312,0.004188
2313,0.009365
2314,0.975518
2315,0.075853
2316,0.065883
2317,0.782365
2318,0.134803
2319,0.003493
2320,0.118718
2321,0.997875
2322,0.564189
2323,0.133447
2324,0.939772
2325,0.103645
2326,0.498929
2327,0.007222
2328,0.984040
2329,0.151547
2330,0.047520
2331,0.004590
2332,0.077071
2333,0.989691
2334,0.002731
2335,0.106377
2336,0.033085
2337,0.971855
2338,0.079601
2339,0.981267
2340,0.035535
2341,0.009618
2342,0.292286
2343,0.983397
2344,0.075992
2345,0.022470
2346,0.045473
2347,0.438651
2348,0.002525
2349,0.361047
2350,0.115417
2351,0.896210
2352,0.580012
2353,0.969289
2354,0.015495
2355,0.097877
2356,0.250910
2357,0.967273
2358,0.018171
2359,0.017638
2360,0.177728
2361,0.130475
2362,0.008663
2363,0.063040
2364,0.024455
2365,0.648690
2366,0.637409
2367,0.068617
2368,0.021972
2369,0.008669
2370,0.090704
2371,0.988992
2372,0.345371
2373,0.021944
2374,0.006451
2375,0.933512
2376,0.033855
2377,0.193156
2378,0.968864
2379,0.014820
2380,0.016438
2381,0.016371
2382,0.859428
2383,0.643363
2384,0.960509
2385,0.311979
2386,0.065270
2387,0.195968
2388,0.987392
2389,0.006293
2390,0.159807
2391,0.226927
2392,0.019950
2393,0.114807
2394,0.836081
2395,0.081000
2396,0.043257
2397,0.557560
2398,0.026992
2399,0.415256
2400,0.017594
2401,0.029041
2402,0.078705
2403,0.158891
2404,0.979693
2405,0.068751
2406,0.080776
2407,0.407909
2408,0.277797
2409,0.062755
2410,0.045260
2411,0.022142
2412,0.004885
2413,0.967681
2414,0.010211
2415,0.987431
2416,0.621203
2417,0.877350
2418,0.032933
2419,0.021419
2420,0.967829
2421,0.190594
2422,0.006474
2423,0.040529
2424,0.037105
2425,0.651081
2426,0.899714
2427,0.997724
2428,0.004715
2429,0.952170
2430,0.697373
2431,0.705599
2432,0.948341
2433,0.077183
2434,0.098064
2435,0.121449
2436,0.277984
2437,0.973062
2438,0.146014
2439,0.194810
2440,0.316875
2441,0.994499
2442,0.138877
2443,0.069158
2444,0.909652
2445,0.255057
2446,0.388601
2447,0.044820
2448,0.007856
2449,0.855622
2450,0.192472
2451,0.013706
2452,0.451589
2453,0.645923
2454,0.023464
2455,0.328456
2456,0.004912
2457,0.980241
2458,0.289879
2459,0.866240
2460,0.061240
2461,0.016055
2462,0.015149
2463,0.871879
2464,0.006721
2465,0.045704
2466,0.046610
2467,0.022713
2468,0.947116
2469,0.701066
2470,0.994043
2471,0.011678
2472,0.110862
2473,0.021646
2474,0.004554
2475,0.003129
2476,0.853956
2477,0.047046
2478,0.015006
2479,0.205523
2480,0.980091
2481,0.057392
2482,0.233147
2483,0.570675
2484,0.015226
2485,0.815526
2486,0.072913
2487,0.971521
2488,0.703193
2489,0.039743
2490,0.248423
2491,0.003206
2492,0.419405
2493,0.246666
2494,0.018007
2495,0.648099
2496,0.050442
2497,0.190691
2498,0.143008
2499,0.997817
2500,0.015912
2501,0.047649
2502,0.049644
2503,0.187217
2504,0.995709
2505,0.079210
2506,0.054550
2507,0.512030
2508,0.105671
2509,0.047448
2510,0.051239
2511,0.102622
2512,0.053005
2513,0.092236
2514,0.087011
2515,0.108990
2516,0.047412
2517,0.851828
2518,0.161378
2519,0.120000
2520,0.030128
2521,0.184622
2522,0.214187
2523,0.070845
2524,0.014542
2525,0.031221
2526,0.102028
2527,0.495188
2528,0.251520
2529,0.100478
2530,0.626196
2531,0.023087
2532,0.941881
2533,0.197980
2534,0.026754
2535,0.983211
2536,0.064449
2537,0.022582
2538,0.030746
2539,0.666568
2540,0.043098
2541,0.230309
2542,0.152341
2543,0.180087
2544,0.977806
2545,0.005670
2546,0.393663
2547,0.013371
2548,0.567630
2549,0.005313
2550,0.787878
2551,0.346843
2552,0.020708
2553,0.012944
2554,0.003610
2555,0.822527
2556,0.980986
2557,0.279507
2558,0.022006
2559,0.194081
2560,0.120370
2561,0.011325
2562,0.625962
2563,0.209254
2564,0.902131
2565,0.734477
2566,0.082182
2567,0.980826
2568,0.153101
2569,0.005567
2570,0.017418
2571,0.353990
2572,0.044793
2573,0.074266
2574,0.013921
2575,0.971260
2576,0.997077
2577,0.121254
2578,0.032874
2579,0.394202
2580,0.092568
2581,0.934026
2582,0.030308
2583,0.099355
2584,0.172044
2585,0.083324
2586,0.008869
2587,0.171710
2588,0.766102
2589,0.009917
2590,0.012882
2591,0.058893
2592,0.159412
2593,0.140913
2594,0.098816
2595,0.041320
2596,0.045343
2597,0.956585
2598,0.963904
2599,0.126722
2600,0.176350
2601,0.030052
2602,0.073520
2603,0.973349
2604,0.921615
2605,0.038057
2606,0.182536
2607,0.358454
2608,0.993828
2609,0.042899
2610,0.974304
2611,0.865178
2612,0.005848
2613,0.505083
2614,0.004771
2615,0.009983
2616,0.018352
2617,0.024058
2618,0.009377
2619,0.980561
2620,0.032565
2621,0.987490
2622,0.181934
2623,0.033847
2624,0.090578
2625,0.054559
2626,0.869944
2627,0.004064
2628,0.302295
2629,0.969016
2630,0.257406
2631,0.784695
2632,0.972674
2633,0.234904
2634,0.973579
2635,0.520985
2636,0.996919
2637,0.242672
2638,0.011202
2639,0.028028
2640,0.011904
2641,0.018815
2642,0.293693
2643,0.994817
2644,0.919346
2645,0.003528
2646,0.002671
2647,0.538732
2648,0.006120
2649,0.905321
2650,0.129621
2651,0.037282
2652,0.633418
2653,0.571602
2654,0.017853
2655,0.029646
2656,0.097996
2657,0.818656
2658,0.567999
2659,0.362010
2660,0.966655
2661,0.008093
2662,0.003956
2663,0.013296
2664,0.014129
2665,0.966681
2666,0.981770
2667,0.082496
2668,0.365178
2669,0.403661
2670,0.720527
2671,0.436774
2672,0.051086
2673,0.070942
2674,0.056023
2675,0.043825
2676,0.977670
2677,0.995811
2678,0.096404
2679,0.049941
2680,0.978194
2681,0.013365
2682,0.004374
2683,0.720002
2684,0.003542
2685,0.340724
2686,0.936329
2687,0.012850
2688,0.851622
2689,0.092803
2690,0.013925
2691,0.037468
2692,0.007325
2693,0.174437
2694,0.118297
2695,0.103940
2696,0.059080
2697,0.990993
2698,0.349233
2699,0.061016
2700,0.203114
2701,0.937635
2702,0.945477
2703,0.977060
2704,0.894745
2705,0.221359
2706,0.037542
2707,0.997658
2708,0.006490
2709,0.924181
2710,0.361528
2711,0.011237
2712,0.046924
2713,0.041088
2714,0.913938
2715,0.078869
2716,0.002471
2717,0.951521
2718,0.169376
2719,0.110924
2720,0.533789
2721,0.048308
2722,0.973342
2723,0.012603
2724,0.247480
2725,0.012073
2726,0.842959
2727,0.946630
2728,0.013388
2729,0.376692
2730,0.344630
2731,0.026170
2732,0.244674
2733,0.008766
2734,0.012762
2735,0.017546
2736,0.293191
2737,0.016068
2738,0.698207
2739,0.143813
2740,0.807444
2741,0.996818
2742,0.996431
2743,0.091606
2744,0.256829
2745,0.916316
2746,0.921055
2747,0.568922
2748,0.050864
2749,0.079020
2750,0.016452
2751,0.060119
2752,0.121548
2753,0.082481
2754,0.066233
2755,0.819550
2756,0.228267
2757,0.059239
2758,0.103089
2759,0.063467
2760,0.195239
2761,0.771154
2762,0.972234
2763,0.345566
2764,0.016244
2765,0.124382
2766,0.051115
2767,0.578771
2768,0.007337
2769,0.986468
2770,0.029623
2771,0.055032
2772,0.104395
2773,0.949035
2774,0.118073
2775,0.208913
2776,0.514616
2777,0.034512
2778,0.086981
2779,0.028934
2780,0.389515
2781,0.745502
2782,0.005932
2783,0.002945
2784,0.059330
2785,0.022494
2786,0.004161
2787,0.003682
2788,0.061114
2789,0.037466
2790,0.013231
2791,0.017603
2792,0.901480
2793,0.952522
2794,0.487338
2795,0.166032
2796,0.008838
2797,0.027836
2798,0.644318
2799,0.915477
2800,0.052510
2801,0.942433
2802,0.034573
2803,0.965509
2804,0.026516
2805,0.048158
2806,0.018345
2807,0.048684
2808,0.037888
2809,0.092606
2810,0.013253
2811,0.003204
2812,0.978585
2813,0.019900
2814,0.004790
2815,0.803305
2816,0.050909
2817,0.047337
2818,0.600020
2819,0.973892
2820,0.938400
2821,0.032661
2822,0.096663
2823,0.298633
2824,0.412647
2825,0.044882
2826,0.980317
2827,0.045637
2828,0.017364
2829,0.891548
2830,0.021891
2831,0.038775
2832,0.107238
2833,0.880661
2834,0.960017
2835,0.014279
2836,0.025428
2837,0.059738
2838,0.038888
2839,0.058239
2840,0.015389
2841,0.985668
2842,0.989310
2843,0.942390
2844,0.021224
2845,0.014960
2846,0.233467
2847,0.013467
2848,0.030573
2849,0.033990
2850,0.061054
2851,0.867922
2852,0.010878
2853,0.926318
2854,0.003465
2855,0.498548
2856,0.010443
2857,0.132860
2858,0.014017
2859,0.071234
2860,0.016872
2861,0.162926
2862,0.432484
2863,0.016002
2864,0.557248
2865,0.926517
2866,0.005939
2867,0.084097
2868,0.003570
2869,0.086618
2870,0.013766
2871,0.019151
2872,0.267492
2873,0.137147
2874,0.025475
2875,0.048499
2876,0.022449
2877,0.060341
2878,0.238582
2879,0.110663
2880,0.895219
2881,0.502512
2882,0.279640
2883,0.006587
2884,0.638093
2885,0.947681
2886,0.996476
2887,0.873839
2888,0.142747
2889,0.047688
2890,0.468293
2891,0.981378
2892,0.004853
2893,0.445679
2894,0.310333
2895,0.944657
2896,0.054371
2897,0.007741
2898,0.608481
2899,0.077786
2900,0.060466
2901,0.069635
2902,0.137134
2903,0.002758
2904,0.028607
2905,0.555405
2906,0.159446
2907,0.004272
2908,0.142425
2909,0.016611
2910,0.559038
2911,0.097231
2912,0.723487
2913,0.027547
2914,0.985326
2915,0.138004
2916,0.319679
2917,0.150485
2918,0.697065
2919,0.073854
2920,0.047306
2921,0.213995
2922,0.085403
2923,0.011538
2924,0.791506
2925,0.845608
2926,0.664111
2927,0.088886
2928,0.788443
2929,0.969471
2930,0.083556
2931,0.995453
2932,0.983090
2933,0.114112
2934,0.012507
2935,0.229750
2936,0.007507
2937,0.024433
2938,0.719557
2939,0.971050
2940,0.525077
2941,0.007311
2942,0.894669
2943,0.021989
2944,0.416960
2945,0.057512
2946,0.062408
2947,0.040020
2948,0.097483
2949,0.013885
2950,0.035428
2951,0.008241
2952,0.540118
2953,0.974990
2954,0.081058
2955,0.032534
2956,0.970416
2957,0.374328
2958,0.045238
2959,0.231949
2960,0.029204
2961,0.004595
2962,0.746315
2963,0.160774
2964,0.859512
2965,0.891187
2966,0.056812
2967,0.278027
2968,0.012473
2969,0.307597
2970,0.016647
2971,0.097785
2972,0.012002
2973,0.240719
2974,0.904819
2975,0.201733
2976,0.067539
2977,0.966190
2978,0.005565
2979,0.037952
2980,0.006866
2981,0.029796
2982,0.642335
2983,0.851654
2984,0.131407
2985,0.143223
2986,0.022492
2987,0.034279
2988,0.029165
2989,0.060839
2990,0.026532
2991,0.849597
2992,0.965165
2993,0.216458
2994,0.230624
2995,0.031738
2996,0.074031
2997,0.194543
2998,0.099277
2999,0.606511
3000,0.102789
3001,0.003635
3002,0.967373
3003,0.002462
3004,0.363486
3005,0.895242
3006,0.109604
3007,0.245670
3008,0.402424
3009,0.110780
3010,0.008346
3011,0.038787
3012,0.959308
3013,0.164684
3014,0.003046
3015,0.003702
3016,0.007889
3017,0.901048
3018,0.020741
3019,0.635666
3020,0.067099
3021,0.288695
3022,0.975079
3023,0.004988
3024,0.081394
3025,0.186644
3026,0.919325
3027,0.107075
3028,0.125905
3029,0.172140
3030,0.013724
3031,0.015485
3032,0.063024
3033,0.646933
3034,0.212877
3035,0.489416
3036,0.418209
3037,0.139482
3038,0.351832
3039,0.015898
3040,0.047150
3041,0.097074
3042,0.917162
3043,0.019892
3044,0.186397
3045,0.742952
3046,0.033009
3047,0.023856
3048,0.983361
3049,0.814023
3050,0.995989
3051,0.952360
3052,0.011780
3053,0.910010
3054,0.116198
3055,0.042436
3056,0.579724
3057,0.008646
3058,0.994013
3059,0.002968
3060,0.938707
3061,0.997378
3062,0.142802
3063,0.316170
3064,0.049136
3065,0.005746
3066,0.566840
3067,0.146615
3068,0.532137
3069,0.044702
3070,0.008193
3071,0.007206
3072,0.021881
3073,0.263480
3074,0.582066
3075,0.139061
3076,0.003739
3077,0.986253
3078,0.988415
3079,0.070415
3080,0.008856
3081,0.067810
3082,0.864164
3083,0.029005
3084,0.393401
3085,0.537938
3086,0.042050
3087,0.049367
3088,0.047358
3089,0.085240
3090,0.027569
3091,0.060755
3092,0.005752
3093,0.887917
3094,0.009349
3095,0.124699
3096,0.092056
3097,0.022236
3098,0.997701
3099,0.011533
3100,0.030087
3101,0.008057
3102,0.009690
3103,0.020353
3104,0.192839
3105,0.436938
3106,0.063555
3107,0.860863
3108,0.019940
3109,0.004898
3110,0.006181
3111,0.070807
3112,0.002270
3113,0.055328
3114,0.009092
3115,0.884815
3116,0.053586
3117,0.003939
3118,0.353590
3119,0.447643
3120,0.002118
3121,0.011616
3122,0.015679
3123,0.984860
3124,0.025675
3125,0.303899
3126,0.013019
3127,0.927189
3128,0.006053
3129,0.035972
3130,0.639744
3131,0.895246
3132,0.027636
3133,0.072104
3134,0.011059
3135,0.009148
3136,0.135428
3137,0.024629
3138,0.022857
3139,0.980887
3140,0.100233
3141,0.006355
3142,0.949410
3143,0.636233
3144,0.982592
3145,0.034715
3146,0.063130
3147,0.083416
3148,0.206190
3149,0.969518
3150,0.002796
3151,0.312774
3152,0.005860
3153,0.012102
3154,0.031949
3155,0.022924
3156,0.026013
3157,0.175996
3158,0.006550
3159,0.044590
3160,0.597423
3161,0.020564
3162,0.965828
3163,0.019481
3164,0.194757
3165,0.015326
3166,0.061214
3167,0.019318
3168,0.014155
3169,0.969466
3170,0.026753
3171,0.194520
3172,0.082485
3173,0.014422
3174,0.939141
3175,0.790602
3176,0.003378
3177,0.385783
3178,0.204899
3179,0.003991
3180,0.080524
3181,0.046142
3182,0.113736
3183,0.630914
3184,0.003958
3185,0.422875
3186,0.091881
3187,0.982556
3188,0.014305
3189,0.029461
3190,0.996685
3191,0.698432
3192,0.012776
3193,0.057581
3194,0.027460
3195,0.890611
3196,0.871691
3197,0.005367
3198,0.005215
3199,0.336727
3200,0.986200
3201,0.055507
3202,0.006715
3203,0.077539
3204,0.349180
3205,0.943470
3206,0.783706
3207,0.023463
3208,0.093021
3209,0.961736
3210,0.005453
3211,0.967576
3212,0.061722
3213,0.831635
3214,0.030565
3215,0.069743
3216,0.971394
3217,0.938442
3218,0.909337
3219,0.923580
3220,0.744059
3221,0.106725
3222,0.241023
3223,0.877406
3224,0.010036
3225,0.008382
3226,0.164637
3227,0.993016
3228,0.976734
3229,0.799338
3230,0.028243
3231,0.041409
3232,0.350265
3233,0.195417
3234,0.183743
3235,0.032234
3236,0.342531
3237,0.935278
3238,0.011221
3239,0.466066
3240,0.033564
3241,0.020167
3242,0.510748
3243,0.098586
3244,0.094232
3245,0.882686
3246,0.228827
3247,0.217893
3248,0.077111
3249,0.024797
3250,0.573384
3251,0.017089
3252,0.034045
3253,0.006820
3254,0.351712
3255,0.009069
3256,0.009078
3257,0.004198
3258,0.838088
3259,0.025015
3260,0.536858
3261,0.172446
3262,0.020907
3263,0.287130
3264,0.010173
3265,0.102773
3266,0.118930
3267,0.886816
3268,0.986194
3269,0.057813
3270,0.114622
3271,0.930320
3272,0.284140
3273,0.070347
3274,0.006587
3275,0.167466
3276,0.316132
3277,0.227052
3278,0.978266
3279,0.651863
3280,0.073668
3281,0.007246
3282,0.154335
3283,0.007394
3284,0.963270
3285,0.006686
3286,0.692360
3287,0.346635
3288,0.773534
3289,0.004819
3290,0.204011
3291,0.021011
3292,0.080622
3293,0.620164
3294,0.767044
3295,0.886449
3296,0.016564
3297,0.784189
3298,0.737742
3299,0.972877
3300,0.003477
3301,0.030232
3302,0.628734
3303,0.013188
3304,0.327040
3305,0.997641
3306,0.997450
3307,0.685334
3308,0.485780
3309,0.032092
3310,0.975778
3311,0.454689
3312,0.385027
3313,0.060797
3314,0.353386
3315,0.138873
3316,0.929833
3317,0.980587
3318,0.681372
3319,0.983680
3320,0.003731
3321,0.015405
3322,0.010682
3323,0.041890
3324,0.846127
3325,0.103414
3326,0.006844
3327,0.139313
3328,0.020491
3329,0.936240
3330,0.987349
3331,0.148843
3332,0.920746
3333,0.649580
3334,0.182210
3335,0.967864
3336,0.973722
3337,0.838476
3338,0.304624
3339,0.025516
3340,0.969724
3341,0.952850
3342,0.479561
3343,0.022347
3344,0.535829
3345,0.337893
3346,0.904277
3347,0.799545
3348,0.558319
3349,0.015299
3350,0.075426
3351,0.364944
3352,0.716650
3353,0.018841
3354,0.009976
3355,0.363375
3356,0.009834
3357,0.391518
3358,0.002885
3359,0.020048
3360,0.004160
3361,0.003602
3362,0.077750
3363,0.049444
3364,0.118619
3365,0.017909
3366,0.900597
3367,0.081223
3368,0.154822
3369,0.013220
3370,0.730377
3371,0.148380
3372,0.023184
3373,0.006150
3374,0.572067
3375,0.068090
3376,0.011146
3377,0.701853
3378,0.969252
3379,0.059110
3380,0.160266
3381,0.007078
3382,0.096671
3383,0.289333
3384,0.957705
3385,0.937927
3386,0.020312
3387,0.014730
3388,0.234784
3389,0.127457
3390,0.295629
3391,0.997290
3392,0.003229
3393,0.136460
3394,0.134710
3395,0.165546
3396,0.975421
3397,0.993461
3398,0.007215
3399,0.034557
3400,0.071001
3401,0.034668
3402,0.027344
3403,0.947127
3404,0.129218
3405,0.044407
3406,0.359238
3407,0.822291
3408,0.045589
3409,0.014369
3410,0.993570
3411,0.089099
3412,0.973668
3413,0.940136
3414,0.134560
3415,0.316933
3416,0.010253
3417,0.069755
3418,0.013123
3419,0.059679
3420,0.736299
3421,0.012032
3422,0.041446
3423,0.084312
3424,0.042467
3425,0.019736
3426,0.038610
3427,0.012696
3428,0.049058
3429,0.770397
3430,0.005446
3431,0.489361
3432,0.306396
3433,0.015220
3434,0.978609
3435,0.067918
3436,0.122057
3437,0.263660
3438,0.210543
3439,0.276797
3440,0.942140
3441,0.558816
3442,0.006167
3443,0.398527
3444,0.548063
3445,0.166439
3446,0.443903
3447,0.044548
3448,0.030017
3449,0.041908
3450,0.061201
3451,0.024469
3452,0.174322
3453,0.865214
3454,0.996415
3455,0.853031
3456,0.512785
3457,0.198899
3458,0.209237
3459,0.003587
3460,0.082893
3461,0.983144
3462,0.204159
3463,0.027879
3464,0.012342
3465,0.046167
3466,0.008643
3467,0.014327
3468,0.269997
3469,0.912703
3470,0.012656
3471,0.332059
3472,0.019754
3473,0.009433
3474,0.005979
3475,0.646050
3476,0.066863
3477,0.028873
3478,0.008225
3479,0.978985
3480,0.956761
3481,0.068740
3482,0.056202
3483,0.870458
3484,0.007754
3485,0.798451
3486,0.971680
3487,0.052710
3488,0.014306
3489,0.205176
3490,0.031367
3491,0.048943
3492,0.071384
3493,0.094491
3494,0.253595
3495,0.302976
3496,0.777631
3497,0.715525
3498,0.002682
3499,0.468297
3500,0.918235
3501,0.746448
3502,0.009163
3503,0.084344
3504,0.041842
3505,0.006611
3506,0.013890
3507,0.165285
3508,0.651963
3509,0.013494
3510,0.003898
3511,0.907144
3512,0.009393
3513,0.021404
3514,0.050713
3515,0.033481
3516,0.009177
3517,0.956635
3518,0.495337
3519,0.984441
3520,0.038056
3521,0.017682
3522,0.169422
3523,0.136810
3524,0.237941
3525,0.155731
3526,0.274335
3527,0.028556
3528,0.037746
3529,0.697445
3530,0.016509
3531,0.032845
3532,0.984493
3533,0.018479
3534,0.198757
3535,0.015955
3536,0.025608
3537,0.043091
3538,0.010013
3539,0.973066
3540,0.004515
3541,0.101339
3542,0.012411
3543,0.716507
3544,0.072312
3545,0.095112
3546,0.025193
3547,0.004367
3548,0.011074
3549,0.025518
3550,0.025907
3551,0.969070
3552,0.994587
3553,0.348317
3554,0.443590
3555,0.981226
3556,0.152324
3557,0.547060
3558,0.004934
3559,0.224048
3560,0.005804
3561,0.107592
3562,0.102669
3563,0.915946
3564,0.316024
3565,0.956588
3566,0.931082
3567,0.043293
3568,0.004651
3569,0.836349
3570,0.217106
3571,0.831720
3572,0.651404
3573,0.004389
3574,0.024059
3575,0.487855
3576,0.997378
3577,0.023815
3578,0.983971
3579,0.937129
3580,0.293374
3581,0.006236
3582,0.578829
3583,0.036660
3584,0.989092
3585,0.338860
3586,0.816772
3587,0.007450
3588,0.130122
3589,0.980317
3590,0.036991
3591,0.500403
3592,0.918124
3593,0.859791
3594,0.981985
3595,0.037107
3596,0.064388
3597,0.906199
3598,0.011825
3599,0.013746
3600,0.953194
3601,0.006529
3602,0.003220
3603,0.040396
3604,0.052758
3605,0.268229
3606,0.984170
3607,0.002551
3608,0.329789
3609,0.002019
3610,0.154231
3611,0.618103
3612,0.211393
3613,0.933941
3614,0.884669
3615,0.024443
3616,0.012007
3617,0.039206
3618,0.987480
3619,0.761244
3620,0.103297
3621,0.612727
3622,0.009642
3623,0.961061
3624,0.023155
3625,0.641294
3626,0.722930
3627,0.439599
3628,0.220079
3629,0.066465
3630,0.954437
3631,0.068287
3632,0.038481
3633,0.029512
3634,0.045065
3635,0.009712
3636,0.054876
3637,0.033035
3638,0.950313
3639,0.027330
3640,0.090899
3641,0.090138
3642,0.005280
3643,0.005501
3644,0.995763
3645,0.855634
3646,0.911724
3647,0.070057
3648,0.606053
3649,0.906497
3650,0.012858
3651,0.025279
3652,0.011019
3653,0.024216
3654,0.645996
3655,0.472576
3656,0.013973
3657,0.004079
3658,0.039672
3659,0.852477
3660,0.313656
3661,0.478843
3662,0.017914
3663,0.140272
3664,0.008818
3665,0.382654
3666,0.948923
3667,0.040951
3668,0.796020
3669,0.691018
3670,0.148524
3671,0.008494
3672,0.017276
3673,0.667046
3674,0.164895
3675,0.969000
3676,0.056158
3677,0.108081
3678,0.975105
3679,0.896778
3680,0.011476
3681,0.067985
3682,0.015766
3683,0.106354
3684,0.479572
3685,0.298241
3686,0.994906
3687,0.159788
3688,0.192234
3689,0.881509
3690,0.014633
3691,0.805831
3692,0.299588
3693,0.994776
3694,0.006749
3695,0.911295
3696,0.013624
3697,0.722644
3698,0.005379
3699,0.036011
3700,0.319836
3701,0.073870
3702,0.989655
3703,0.123963
3704,0.960646
3705,0.989014
3706,0.132917
3707,0.279934
3708,0.323363
3709,0.005506
3710,0.023798
3711,0.977095
3712,0.113824
3713,0.119019
3714,0.293666
3715,0.010644
3716,0.115257
3717,0.702596
3718,0.902168
3719,0.103695
3720,0.917244
3721,0.276763
3722,0.941054
3723,0.987534
3724,0.010010
3725,0.120278
3726,0.038312
3727,0.180702
3728,0.311394
3729,0.523276
3730,0.898228
3731,0.024346
3732,0.128349
3733,0.072731
3734,0.029132
3735,0.188877
3736,0.004991
3737,0.009170
3738,0.992442
3739,0.976481
3740,0.495792
3741,0.878827
3742,0.949945
3743,0.045393
3744,0.651673
3745,0.329616
3746,0.443484
3747,0.080341
3748,0.687854
3749,0.017178
3750,0.055856
3751,0.023865
3752,0.020484
3753,0.330188
3754,0.946261
3755,0.014750
3756,0.021889
3757,0.035515
3758,0.018459
3759,0.583850
3760,0.684587
3761,0.946742
3762,0.649804
3763,0.198395
3764,0.126982
3765,0.379235
3766,0.041002
3767,0.182848
3768,0.084024
3769,0.954845
3770,0.084704
3771,0.979362
3772,0.372080
3773,0.014530
3774,0.015695
3775,0.079466
3776,0.129973
3777,0.113779
3778,0.008048
3779,0.029367
3780,0.144622
3781,0.326223
3782,0.728911
3783,0.124410
3784,0.174931
3785,0.926514
3786,0.060379
3787,0.493712
3788,0.020196
3789,0.750124
3790,0.964299
3791,0.985789
3792,0.953870
3793,0.078013
3794,0.314902
3795,0.510803
3796,0.881598
3797,0.090521
3798,0.166082
3799,0.021235
3800,0.004911
3801,0.031477
3802,0.982422
3803,0.136571
3804,0.768993
3805,0.023881
3806,0.206503
3807,0.995617
3808,0.295995
3809,0.065541
3810,0.085309
3811,0.203219
3812,0.053430
3813,0.023317
3814,0.940882
3815,0.057107
3816,0.489938
3817,0.068746
3818,0.974234
3819,0.914416
3820,0.356655
3821,0.061212
3822,0.649033
3823,0.060422
3824,0.046756
3825,0.997676
3826,0.301586
3827,0.048964
3828,0.882978
3829,0.064657
3830,0.070911
3831,0.997294
3832,0.007784
3833,0.135051
3834,0.533726
3835,0.043947
3836,0.637667
3837,0.996397
3838,0.582379
3839,0.954981
3840,0.123931
3841,0.072955
3842,0.100822
3843,0.195778
3844,0.074092
3845,0.994684
3846,0.014367
3847,0.980763
3848,0.003263
3849,0.013550
3850,0.403699
3851,0.970459
3852,0.056074
3853,0.659605
3854,0.895367
3855,0.004863
3856,0.036704
3857,0.011247
3858,0.048866
3859,0.031847
3860,0.014940
3861,0.051265
3862,0.023226
3863,0.979008
3864,0.997364
3865,0.200435
3866,0.997362
3867,0.019244
3868,0.587892
3869,0.018609
3870,0.553130
3871,0.034094
3872,0.452578
3873,0.307273
3874,0.114792
3875,0.995647
3876,0.287961
3877,0.984772
3878,0.052096
3879,0.004851
3880,0.996222
3881,0.990654
3882,0.206197
3883,0.344731
3884,0.019369
3885,0.043897
3886,0.900486
3887,0.189145
3888,0.082766
3889,0.143901
3890,0.041344
3891,0.940608
3892,0.010603
3893,0.827222
3894,0.082219
3895,0.321115
3896,0.204678
3897,0.965628
3898,0.504713
3899,0.430062
3900,0.059669
3901,0.004404
3902,0.961809
3903,0.648773
3904,0.029721
3905,0.084691
3906,0.980657
3907,0.068233
3908,0.095781
3909,0.997257
3910,0.003672
3911,0.007811
3912,0.260814
3913,0.020532
3914,0.897462
3915,0.052813
3916,0.708377
3917,0.039686
3918,0.064854
3919,0.011046
3920,0.055919
3921,0.004624
3922,0.318396
3923,0.029642
3924,0.040171
3925,0.980533
3926,0.329649
3927,0.012205
3928,0.056738
3929,0.900548
3930,0.988021
3931,0.003046
3932,0.263161
3933,0.008227
3934,0.919407
3935,0.008529
3936,0.090863
3937,0.232812
3938,0.970834
3939,0.056953
3940,0.116234
3941,0.973779
3942,0.012924
3943,0.196875
3944,0.903589
3945,0.816678
3946,0.051252
3947,0.012343
3948,0.196190
3949,0.976924
3950,0.073293
3951,0.057953
3952,0.941637
3953,0.021753
3954,0.995419
3955,0.009983
3956,0.091783
3957,0.332825
3958,0.062581
3959,0.931723
3960,0.070938
3961,0.034101
3962,0.020392
3963,0.875958
3964,0.399443
3965,0.114253
3966,0.578387
3967,0.013855
3968,0.004161
3969,0.067982
3970,0.239350
3971,0.974954
3972,0.513539
3973,0.462476
3974,0.017372
3975,0.825340
3976,0.971689
3977,0.202262
3978,0.036345
3979,0.607848
3980,0.852464
3981,0.939689
3982,0.972935
3983,0.004628
3984,0.640292
3985,0.024245
3986,0.416226
3987,0.002826
3988,0.830640
3989,0.007417
3990,0.428448
3991,0.863869
3992,0.014761
3993,0.116005
3994,0.647105
3995,0.964557
3996,0.489033
3997,0.004515
3998,0.119346
3999,0.041313
4000,0.017673
4001,0.057423
4002,0.019466
4003,0.120862
4004,0.665443
4005,0.268997
4006,0.112192
4007,0.005667
4008,0.992617
4009,0.068028
4010,0.997248
4011,0.930025
4012,0.047628
4013,0.026937
4014,0.997618
4015,0.948429
4016,0.097228
4017,0.073785
4018,0.131706
4019,0.012414
4020,0.014931
4021,0.050959
4022,0.020176
4023,0.009688
4024,0.004699
4025,0.750555
4026,0.872839
4027,0.006964
4028,0.035847
4029,0.048504
4030,0.006175
4031,0.910903
4032,0.112535
4033,0.029216
4034,0.042952
4035,0.032090
4036,0.021986
4037,0.011806
4038,0.982102
4039,0.007812
4040,0.366860
4041,0.986287
4042,0.038763
4043,0.077495
4044,0.020438
4045,0.003925
4046,0.010307
4047,0.144044
4048,0.119444
4049,0.083331
4050,0.094202
4051,0.103007
4052,0.100825
4053,0.875985
4054,0.045859
4055,0.010686
4056,0.078086
4057,0.292325
4058,0.528355
4059,0.055064
4060,0.097307
4061,0.978279
4062,0.121786
4063,0.372173
4064,0.331109
4065,0.209509
4066,0.017211
4067,0.490812
4068,0.016117
4069,0.019358
4070,0.056590
4071,0.985518
4072,0.003076
4073,0.044955
4074,0.073734
4075,0.025152
4076,0.588781
4077,0.060957
4078,0.310400
4079,0.240802
4080,0.003474
4081,0.773634
4082,0.946618
4083,0.258753
4084,0.044637
4085,0.104361
4086,0.138408
4087,0.016454
4088,0.096572
4089,0.015025
4090,0.201169
4091,0.005907
4092,0.195821
4093,0.350301
4094,0.016443
4095,0.016897
4096,0.018762
4097,0.180159
4098,0.018107
4099,0.971744
4100,0.505160
4101,0.087814
4102,0.105138
4103,0.201780
4104,0.980947
4105,0.535533
4106,0.230021
4107,0.711884
4108,0.986635
4109,0.962583
4110,0.061211
4111,0.003830
4112,0.976880
4113,0.271219
4114,0.065420
4115,0.011702
4116,0.026402
4117,0.993008
4118,0.041941
4119,0.146998
4120,0.973248
4121,0.536519
4122,0.820748
4123,0.008222
4124,0.443428
4125,0.010164
4126,0.101046
4127,0.074803
4128,0.132466
4129,0.391196
4130,0.016509
4131,0.260978
4132,0.897510
4133,0.969376
4134,0.023578
4135,0.272200
4136,0.025457
4137,0.900059
4138,0.003441
4139,0.027858
4140,0.996447
4141,0.863572
4142,0.087566
4143,0.080644
4144,0.975662
4145,0.120043
4146,0.122729
4147,0.173406
4148,0.130972
4149,0.026486
4150,0.266648
4151,0.031430
4152,0.019621
4153,0.151459
4154,0.547526
4155,0.787979
4156,0.051241
4157,0.005364
4158,0.921609
4159,0.202257
4160,0.266302
4161,0.329515
4162,0.009075
4163,0.006955
4164,0.971816
4165,0.265113
4166,0.010915
4167,0.980595
4168,0.194835
4169,0.131320
4170,0.997471
4171,0.031510
4172,0.885829
4173,0.033571
4174,0.019157
4175,0.292723
4176,0.029121
4177,0.005804
4178,0.732165
4179,0.178709
4180,0.950278
4181,0.297861
4182,0.006242
4183,0.806762
4184,0.968097
4185,0.849455
4186,0.956918
4187,0.056384
4188,0.020280
4189,0.062738
4190,0.002417
4191,0.186943
4192,0.927880
4193,0.104418
4194,0.906238
4195,0.085576
4196,0.997067
4197,0.835952
4198,0.106147
4199,0.939725
4200,0.017051
4201,0.533926
4202,0.138436
4203,0.100539
4204,0.054028
4205,0.055913
4206,0.536525
4207,0.128890
4208,0.272084
4209,0.246992
4210,0.411605
4211,0.092684
4212,0.115567
4213,0.348233
4214,0.042724
4215,0.032351
4216,0.017828
4217,0.989071
4218,0.996306
4219,0.009057
4220,0.238861
4221,0.986891
4222,0.126288
4223,0.397160
4224,0.045008
4225,0.055187
4226,0.996344
4227,0.270696
4228,0.013507
4229,0.509246
4230,0.857623
4231,0.020893
4232,0.010265
4233,0.077210
4234,0.004055
4235,0.362283
4236,0.033525
4237,0.079538
4238,0.039596
4239,0.080071
4240,0.598132
4241,0.952011
4242,0.006453
4243,0.050673
4244,0.982279
4245,0.061414
4246,0.028787
4247,0.005794
4248,0.038237
4249,0.568619
4250,0.408139
4251,0.119693
4252,0.004974
4253,0.823742
4254,0.027302
4255,0.031031
4256,0.101761
4257,0.003726
4258,0.906265
4259,0.006006
4260,0.983658
4261,0.959266
4262,0.443607
4263,0.925480
4264,0.013910
4265,0.347231
4266,0.935493
4267,0.005783
4268,0.954183
4269,0.129413
4270,0.159785
4271,0.013998
4272,0.129545
4273,0.008063
4274,0.012937
4275,0.953224
4276,0.623110
4277,0.046391
4278,0.013038
4279,0.165123
4280,0.968811
4281,0.435363
4282,0.159386
4283,0.009523
4284,0.019853
4285,0.350888
4286,0.143202
4287,0.629634
4288,0.699223
4289,0.023486
4290,0.703589
4291,0.032852
4292,0.019696
4293,0.686200
4294,0.909184
4295,0.489812
4296,0.213096
4297,0.987200
4298,0.099571
4299,0.017797
4300,0.084913
4301,0.997611
4302,0.020024
4303,0.058016
4304,0.233696
4305,0.015671
4306,0.049649
4307,0.042619
4308,0.966522
4309,0.946291
4310,0.073670
4311,0.008681
4312,0.974655
4313,0.934701
4314,0.030880
4315,0.015394
4316,0.913406
4317,0.920394
4318,0.835786
4319,0.005443
4320,0.821307
4321,0.007802
4322,0.300504
4323,0.175509
4324,0.528951
4325,0.343886
4326,0.003333
4327,0.540206
4328,0.984551
4329,0.012810
4330,0.086035
4331,0.051880
4332,0.023030
4333,0.021011
4334,0.185265
4335,0.065017
4336,0.045365
4337,0.083748
4338,0.054560
4339,0.420752
4340,0.096647
4341,0.061339
4342,0.115888
4343,0.983489
4344,0.892055
4345,0.024197
4346,0.005937
4347,0.030793
4348,0.071334
4349,0.005418
4350,0.019505
4351,0.021708
4352,0.985003
4353,0.242646
4354,0.068907
4355,0.053824
4356,0.966020
4357,0.064764
4358,0.167041
4359,0.005522
4360,0.976852
4361,0.504198
4362,0.818004
4363,0.061319
4364,0.774511
4365,0.169416
4366,0.098104
4367,0.956831
4368,0.002397
4369,0.048071
4370,0.178491
4371,0.076869
4372,0.997458
4373,0.025366
4374,0.083662
4375,0.681004
4376,0.068534
4377,0.146758
4378,0.977134
4379,0.997753
4380,0.130602
4381,0.029405
4382,0.095021
4383,0.219246
4384,0.845979
4385,0.035914
4386,0.110091
4387,0.001926
4388,0.148407
4389,0.026675
4390,0.782598
4391,0.047005
4392,0.922292
4393,0.049194
4394,0.434472
4395,0.030293
4396,0.891919
4397,0.003403
4398,0.996209
4399,0.105359
4400,0.961230
4401,0.118930
4402,0.108673
4403,0.010898
4404,0.030069
4405,0.140507
4406,0.003043
4407,0.076891
4408,0.327676
4409,0.122167
4410,0.013232
4411,0.002995
4412,0.017390
4413,0.053942
4414,0.598039
4415,0.034992
4416,0.269246
4417,0.035485
4418,0.019925
4419,0.349828
4420,0.024293
4421,0.020536
4422,0.002406
4423,0.081599
4424,0.007314
4425,0.066813
4426,0.045552
4427,0.007367
4428,0.023025
4429,0.126748
4430,0.028392
4431,0.294679
4432,0.003544
4433,0.055743
4434,0.023822
4435,0.128738
4436,0.010886
4437,0.300664
4438,0.050927
4439,0.299860
4440,0.873975
4441,0.012535
4442,0.499047
4443,0.111073
4444,0.275668
4445,0.110519
4446,0.025763
4447,0.577349
4448,0.025577
4449,0.809948
4450,0.076935
4451,0.825778
4452,0.933715
4453,0.229535
4454,0.850493
4455,0.038235
4456,0.088257
4457,0.971937
4458,0.027326
4459,0.143852
4460,0.515141
4461,0.061558
4462,0.015829
4463,0.008116
4464,0.069113
4465,0.020494
4466,0.127218
4467,0.996469
4468,0.921439
4469,0.030325
4470,0.078541
4471,0.006391
4472,0.332294
4473,0.190201
4474,0.197398
4475,0.984810
4476,0.145149
4477,0.031397
4478,0.830023
4479,0.254951
4480,0.505343
4481,0.108107
4482,0.014079
4483,0.960169
4484,0.023296
4485,0.032282
4486,0.980379
4487,0.095701
4488,0.067083
4489,0.017128
4490,0.071395
4491,0.003053
4492,0.022124
4493,0.359315
4494,0.276509
4495,0.122988
4496,0.215240
4497,0.230165
4498,0.013573
4499,0.023632
4500,0.324758
4501,0.018895
4502,0.215929
4503,0.981482
4504,0.286342
4505,0.088623
4506,0.553929
4507,0.085786
4508,0.006419
4509,0.015327
4510,0.207105
4511,0.268609
4512,0.016974
4513,0.002374
4514,0.038341
4515,0.529879
4516,0.945533
4517,0.123833
4518,0.983119
4519,0.078149
4520,0.143636
4521,0.747362
4522,0.328945
4523,0.966681
4524,0.693380
4525,0.967507
4526,0.082847
4527,0.040122
4528,0.002698
4529,0.983665
4530,0.596966
4531,0.026258
4532,0.013643
4533,0.251076
4534,0.725699
4535,0.013360
4536,0.461610
4537,0.093737
4538,0.062310
4539,0.589421
4540,0.234401
4541,0.013058
4542,0.021956
4543,0.977277
4544,0.970874
4545,0.072235
4546,0.298699
4547,0.105862
4548,0.705034
4549,0.083593
4550,0.050706
4551,0.959359
4552,0.640407
4553,0.288302
4554,0.037869
4555,0.161832
4556,0.042603
4557,0.642642
4558,0.980373
4559,0.617264
4560,0.002513
4561,0.012601
4562,0.976743
4563,0.011843
4564,0.061219
4565,0.129862
4566,0.095521
4567,0.356679
4568,0.006072
4569,0.019672
4570,0.014020
4571,0.020470
4572,0.112045
4573,0.025834
4574,0.364075
4575,0.007502
4576,0.125931
4577,0.292961
4578,0.037657
4579,0.027391
4580,0.135563
4581,0.187219
4582,0.934863
4583,0.023097
4584,0.949702
4585,0.905622
4586,0.175840
4587,0.296989
4588,0.035867
4589,0.025979
4590,0.037982
4591,0.010161
4592,0.030890
4593,0.015037
4594,0.944301
4595,0.024672
4596,0.090071
4597,0.984283
4598,0.430940
4599,0.667937
4600,0.009383
4601,0.006664
4602,0.043198
4603,0.080472
4604,0.009097
4605,0.159229
4606,0.066898
4607,0.105275
4608,0.984261
4609,0.009164
4610,0.965570
4611,0.089287
4612,0.130440
4613,0.078165
4614,0.961739
4615,0.965559
4616,0.032533
4617,0.259290
4618,0.970653
4619,0.751319
4620,0.967865
4621,0.084065
4622,0.544109
4623,0.042748
4624,0.398832
4625,0.003833
4626,0.072621
4627,0.075015
4628,0.872555
4629,0.122024
4630,0.077888
4631,0.940660
4632,0.061860
4633,0.822773
4634,0.033824
4635,0.057907
4636,0.073778
4637,0.969844
4638,0.062633
4639,0.037213
4640,0.080386
4641,0.084998
4642,0.972713
4643,0.997710
4644,0.996432
4645,0.007571
4646,0.647587
4647,0.093551
4648,0.036293
4649,0.546094
4650,0.006164
4651,0.688413
4652,0.024791
4653,0.344878
4654,0.114260
4655,0.021057
4656,0.720669
4657,0.980140
4658,0.028172
4659,0.807934
4660,0.133147
4661,0.215795
4662,0.045660
4663,0.061315
4664,0.200761
4665,0.005023
4666,0.613864
4667,0.015456
4668,0.044165
4669,0.021924
4670,0.141016
4671,0.996109
4672,0.117195
4673,0.005984
4674,0.007392
4675,0.960497
4676,0.028801
4677,0.025831
4678,0.011964
4679,0.960550
4680,0.096176
4681,0.019688
4682,0.022346
4683,0.488186
4684,0.014954
4685,0.560762
4686,0.431188
4687,0.013791
4688,0.048940
4689,0.107324
4690,0.043487
4691,0.203033
4692,0.049514
4693,0.987686
4694,0.021594
4695,0.541861
4696,0.117892
4697,0.388459
4698,0.994367
4699,0.070850
4700,0.542988
4701,0.079027
4702,0.006063
4703,0.301118
4704,0.015260
4705,0.064634
4706,0.042719
4707,0.006892
4708,0.053670
4709,0.030457
4710,0.332269
4711,0.981293
4712,0.260051
4713,0.027679
4714,0.005334
4715,0.091168
4716,0.004215
4717,0.040001
4718,0.636017
4719,0.450072
4720,0.019821
4721,0.111110
4722,0.973805
4723,0.816681
4724,0.048496
4725,0.009718
4726,0.059322
4727,0.071651
4728,0.168626
4729,0.020183
4730,0.006740
4731,0.005923
4732,0.078096
4733,0.959489
4734,0.037077
4735,0.017265
4736,0.948292
4737,0.298678
4738,0.741393
4739,0.496588
4740,0.994841
4741,0.030132
4742,0.965026
4743,0.049822
4744,0.052952
4745,0.275119
4746,0.059656
4747,0.057443
4748,0.011544
4749,0.173171
4750,0.707366
4751,0.972780
4752,0.048534
4753,0.398601
4754,0.155524
4755,0.196753
4756,0.009404
4757,0.043887
4758,0.075082
4759,0.095129
4760,0.935952
4761,0.556319
4762,0.043669
4763,0.011480
4764,0.005089
4765,0.219467
4766,0.216182
4767,0.585291
4768,0.923331
4769,0.532362
4770,0.011593
4771,0.016316
4772,0.085912
4773,0.005982
4774,0.563686
4775,0.003862
4776,0.017550
4777,0.034181
4778,0.010557
4779,0.981953
4780,0.990869
4781,0.228666
4782,0.988563
4783,0.105353
4784,0.266569
4785,0.099258
4786,0.023572
4787,0.889436
4788,0.101827
4789,0.005882
4790,0.006701
4791,0.009066
4792,0.859884
4793,0.984361
4794,0.067955
4795,0.005818
4796,0.995605
4797,0.013125
4798,0.707300
4799,0.633174
4800,0.490028
4801,0.670144
4802,0.006025
4803,0.011897
4804,0.025533
4805,0.011233
4806,0.349533
4807,0.964414
4808,0.098932
4809,0.067285
4810,0.037774
4811,0.130515
4812,0.170788
4813,0.758434
4814,0.974684
4815,0.212290
4816,0.308918
4817,0.029146
4818,0.125951
4819,0.122171
4820,0.996236
4821,0.725458
4822,0.013491
4823,0.554684
4824,0.183813
4825,0.784106
4826,0.018810
4827,0.084937
4828,0.012912
4829,0.037948
4830,0.024254
4831,0.378135
4832,0.168731
4833,0.187207
4834,0.024240
4835,0.046702
4836,0.041750
4837,0.056848
4838,0.020742
4839,0.005916
4840,0.968038
4841,0.278215
4842,0.982395
4843,0.045513
4844,0.141730
4845,0.100718
4846,0.010048
4847,0.961701
4848,0.723005
4849,0.005165
4850,0.322440
4851,0.046373
4852,0.536559
4853,0.498454
4854,0.756628
4855,0.206395
4856,0.729781
4857,0.113297
4858,0.120891
4859,0.050153
4860,0.076699
4861,0.673633
4862,0.077428
4863,0.015582
4864,0.584127
4865,0.200966
4866,0.004668
4867,0.125505
4868,0.139355
4869,0.004816
4870,0.171406
4871,0.312538
4872,0.280333
4873,0.079237
4874,0.985602
4875,0.294178
4876,0.027947
4877,0.018050
4878,0.922142
4879,0.721706
4880,0.875745
4881,0.948923
4882,0.048320
4883,0.062832
4884,0.122357
4885,0.842527
4886,0.963944
4887,0.012926
4888,0.048236
4889,0.188492
4890,0.033718
4891,0.666699
4892,0.984226
4893,0.854246
4894,0.162632
4895,0.109807
4896,0.582647
4897,0.921106
4898,0.210050
4899,0.915495
4900,0.011438
4901,0.894011
4902,0.248975
4903,0.051561
4904,0.053024
4905,0.242133
4906,0.010589
4907,0.660735
4908,0.053049
4909,0.060147
4910,0.931870
4911,0.217204
4912,0.034887
4913,0.882398
4914,0.044548
4915,0.968641
4916,0.332002
4917,0.481373
4918,0.979448
4919,0.553612
4920,0.031786
4921,0.970867
4922,0.987601
4923,0.005328
4924,0.945458
4925,0.094481
4926,0.013129
4927,0.866411
4928,0.511143
4929,0.026257
4930,0.979650
4931,0.832768
4932,0.742821
4933,0.973851
4934,0.106351
4935,0.070681
4936,0.051764
4937,0.533949
4938,0.029624
4939,0.946582
4940,0.020244
4941,0.005883
4942,0.448440
4943,0.007130
4944,0.033050
4945,0.166550
4946,0.087972
4947,0.074268
4948,0.179631
4949,0.906362
4950,0.410237
4951,0.236345
4952,0.142456
4953,0.156619
4954,0.712979
4955,0.475199
4956,0.160691
4957,0.162513
4958,0.985953
4959,0.666485
4960,0.002867
4961,0.521020
4962,0.108930
4963,0.242786
4964,0.938104
4965,0.012009
4966,0.020497
4967,0.269126
4968,0.005228
4969,0.173058
4970,0.986146
4971,0.190247
4972,0.068723
4973,0.015138
4974,0.042667
4975,0.775657
4976,0.155861
4977,0.557004
4978,0.011316
4979,0.867891
4980,0.602749
4981,0.005444
4982,0.065736
4983,0.906855
4984,0.385236
4985,0.581949
4986,0.988330
4987,0.968258
4988,0.021780
4989,0.002671
4990,0.007125
4991,0.769399
4992,0.010149
4993,0.069198
4994,0.138671
4995,0.014679
4996,0.895186
4997,0.015760
4998,0.363929
4999,0.534844
5000,0.020046
5001,0.013695
5002,0.073706
5003,0.454953
5004,0.311769
5005,0.044454
5006,0.030338
5007,0.823951
5008,0.966902
5009,0.036449
5010,0.002910
5011,0.591615
5012,0.034848
5013,0.099608
5014,0.117821
5015,0.520108
5016,0.927623
5017,0.479348
5018,0.952150
5019,0.967107
5020,0.020598
5021,0.289475
5022,0.014269
5023,0.002671
5024,0.286483
5025,0.067678
5026,0.042706
5027,0.147321
5028,0.997157
5029,0.835562
5030,0.010829
5031,0.031136
5032,0.251175
5033,0.949062
5034,0.934725
5035,0.018764
5036,0.025197
5037,0.003285
5038,0.011035
5039,0.271875
5040,0.900933
5041,0.288400
5042,0.964782
5043,0.056060
5044,0.009177
5045,0.369035
5046,0.115460
5047,0.003915
5048,0.417243
5049,0.106032
5050,0.087796
5051,0.857346
5052,0.011284
5053,0.091188
5054,0.058549
5055,0.009375
5056,0.920381
5057,0.019492
5058,0.959172
5059,0.072921
5060,0.136651
5061,0.034639
5062,0.015069
5063,0.013423
5064,0.031954
5065,0.487424
5066,0.549601
5067,0.046949
5068,0.961367
5069,0.727952
5070,0.959015
5071,0.065698
5072,0.034222
5073,0.017072
5074,0.013846
5075,0.641575
5076,0.352550
5077,0.116394
5078,0.145740
5079,0.972770
5080,0.025267
5081,0.005126
5082,0.050580
5083,0.054252
5084,0.004129
5085,0.954730
5086,0.997139
5087,0.008093
5088,0.075990
5089,0.014049
5090,0.415791
5091,0.061892
5092,0.993625
5093,0.392272
5094,0.092398
5095,0.089121
5096,0.020281
5097,0.033811
5098,0.144894
5099,0.003882
5100,0.063665
5101,0.249557
5102,0.582737
5103,0.005937
5104,0.008394
5105,0.052037
5106,0.997436
5107,0.980997
5108,0.599328
5109,0.928740
5110,0.018313
5111,0.975428
5112,0.886740
5113,0.209117
5114,0.968013
5115,0.923014
5116,0.594042
5117,0.801340
5118,0.924880
5119,0.032163
5120,0.982538
5121,0.028905
5122,0.025344
5123,0.831687
5124,0.011512
5125,0.967451
5126,0.084075
5127,0.471049
5128,0.043692
5129,0.643772
5130,0.027927
5131,0.015650
5132,0.195337
5133,0.195192
5134,0.767617
5135,0.518007
5136,0.003828
5137,0.731886
5138,0.025168
5139,0.290467
5140,0.071248
5141,0.305434
5142,0.093093
5143,0.004213
5144,0.008992
5145,0.003230
5146,0.029801
5147,0.012107
5148,0.030116
5149,0.010087
5150,0.269320
5151,0.789883
5152,0.113149
5153,0.051757
5154,0.972300
5155,0.176387
5156,0.005559
5157,0.014988
5158,0.007400
5159,0.046592
5160,0.192633
5161,0.051050
5162,0.007781
5163,0.062888
5164,0.027490
5165,0.124146
5166,0.503643
5167,0.060482
5168,0.072176
5169,0.054673
5170,0.136413
5171,0.746922
5172,0.704968
5173,0.067156
5174,0.020209
5175,0.997614
5176,0.312129
5177,0.966906
5178,0.921201
5179,0.915062
5180,0.024353
5181,0.170295
5182,0.181868
5183,0.003429
5184,0.113262
5185,0.075847
5186,0.002609
5187,0.063063
5188,0.985799
5189,0.027804
5190,0.073533
5191,0.361154
5192,0.139587
5193,0.269951
5194,0.365324
5195,0.361682
5196,0.069728
5197,0.018660
5198,0.034722
5199,0.012650
5200,0.005693
5201,0.106470
5202,0.079017
5203,0.017200
5204,0.187305
5205,0.007489
5206,0.064453
5207,0.545067
5208,0.015361
5209,0.660006
5210,0.944089
5211,0.935992
5212,0.240567
5213,0.282378
5214,0.027385
5215,0.665455
5216,0.920812
5217,0.022738
5218,0.673949
5219,0.003502
5220,0.962693
5221,0.029095
5222,0.045405
5223,0.374520
5224,0.589926
5225,0.007086
5226,0.972351
5227,0.868328
5228,0.915646
5229,0.991454
5230,0.045049
5231,0.312707
5232,0.956503
5233,0.016500
5234,0.044182
5235,0.008307
5236,0.008457
5237,0.948331
5238,0.154839
5239,0.026650
5240,0.022711
5241,0.037635
5242,0.034405
5243,0.074217
5244,0.981713
5245,0.530738
5246,0.119124
5247,0.072968
5248,0.042150
5249,0.323161
5250,0.164226
5251,0.414962
5252,0.625475
5253,0.014052
5254,0.036976
5255,0.321938
5256,0.007249
5257,0.259452
5258,0.921501
5259,0.770196
5260,0.111878
5261,0.016077
5262,0.873267
5263,0.007158
5264,0.519838
5265,0.089033
5266,0.978467
5267,0.003788
5268,0.116264
5269,0.024504
5270,0.287828
5271,0.129244
5272,0.965322
5273,0.010100
5274,0.497607
5275,0.759799
5276,0.137650
5277,0.776488
5278,0.231653
5279,0.007890
5280,0.010476
5281,0.004260
5282,0.987281
5283,0.065743
5284,0.016131
5285,0.006847
5286,0.016668
5287,0.060609
5288,0.074637
5289,0.035753
5290,0.004062
5291,0.990550
5292,0.833198
5293,0.134372
5294,0.799080
5295,0.030537
5296,0.154224
5297,0.005637
5298,0.331865
5299,0.005282
5300,0.012698
5301,0.227002
5302,0.376068
5303,0.139495
5304,0.082354
5305,0.062906
5306,0.102118
5307,0.789486
5308,0.079702
5309,0.141505
5310,0.035766
5311,0.854789
5312,0.269944
5313,0.045506
5314,0.757653
5315,0.235354
5316,0.089677
5317,0.104993
5318,0.005331
5319,0.685163
5320,0.031628
5321,0.074731
5322,0.209204
5323,0.029252
5324,0.913321
5325,0.159700
5326,0.004034
5327,0.027815
5328,0.043592
5329,0.953161
5330,0.010492
5331,0.114085
5332,0.004969
5333,0.055513
5334,0.976518
5335,0.561213
5336,0.009699
5337,0.047826
5338,0.194908
5339,0.097410
5340,0.011721
5341,0.004315
5342,0.975404
5343,0.080513
5344,0.032320
5345,0.014350
5346,0.209830
5347,0.966492
5348,0.040739
5349,0.033723
5350,0.814598
5351,0.994855
5352,0.787124
5353,0.029886
5354,0.318068
5355,0.909614
5356,0.017546
5357,0.205694
5358,0.995660
5359,0.008335
5360,0.045351
5361,0.682219
5362,0.096582
5363,0.012099
5364,0.007176
5365,0.963595
5366,0.004370
5367,0.003705
5368,0.885425
5369,0.712223
5370,0.046053
5371,0.029146
5372,0.014837
5373,0.263616
5374,0.008131
5375,0.027355
5376,0.055992
5377,0.007819
5378,0.040246
5379,0.312270
5380,0.529993
5381,0.040590
5382,0.285690
5383,0.112887
5384,0.067549
5385,0.060607
5386,0.015935
5387,0.733286
5388,0.011775
5389,0.970324
5390,0.591282
5391,0.007886
5392,0.004241
5393,0.986785
5394,0.032284
5395,0.750145
5396,0.047547
5397,0.234758
5398,0.179396
5399,0.299186
5400,0.027846
5401,0.372045
5402,0.005496
5403,0.103376
5404,0.031041
5405,0.065784
5406,0.903891
5407,0.846949
5408,0.016188
5409,0.013691
5410,0.254487
5411,0.233189
5412,0.965220
5413,0.093465
5414,0.006842
5415,0.992376
5416,0.031131
5417,0.061091
5418,0.086829
5419,0.288492
5420,0.040492
5421,0.055973
5422,0.041421
5423,0.053885
5424,0.910092
5425,0.973360
5426,0.031625
5427,0.025987
5428,0.005814
5429,0.002861
5430,0.629038
5431,0.026783
5432,0.761572
5433,0.211709
5434,0.966538
5435,0.581327
5436,0.986972
5437,0.045044
5438,0.269211
5439,0.275858
5440,0.954996
5441,0.009006
5442,0.074206
5443,0.630980
5444,0.010045
5445,0.886700
5446,0.148084
5447,0.167450
5448,0.036842
5449,0.005356
5450,0.959575
5451,0.003295
5452,0.964408
5453,0.175192
5454,0.062637
5455,0.959306
5456,0.006172
5457,0.064574
5458,0.006065
5459,0.948233
5460,0.980622
5461,0.011534
5462,0.019611
5463,0.017331
5464,0.007573
5465,0.132125
5466,0.830252
5467,0.991020
5468,0.061316
5469,0.122268
5470,0.997080
5471,0.309196
5472,0.145127
5473,0.003526
5474,0.374459
5475,0.007911
5476,0.063768
5477,0.812564
5478,0.246644
5479,0.968709
5480,0.052586
5481,0.074119
5482,0.005933
5483,0.317629
5484,0.670354
5485,0.180187
5486,0.062539
5487,0.470689
5488,0.201148
5489,0.133134
5490,0.024216
5491,0.515149
5492,0.055343
5493,0.013132
5494,0.844484
5495,0.774795
5496,0.021903
5497,0.130314
5498,0.057971
5499,0.006094
5500,0.003506
5501,0.207801
5502,0.024009
5503,0.090921
5504,0.961545
5505,0.978062
5506,0.018540
5507,0.327523
5508,0.035013
5509,0.979723
5510,0.008932
5511,0.991378
5512,0.006367
5513,0.047481
5514,0.326533
5515,0.003451
5516,0.036223
5517,0.113225
5518,0.216966
5519,0.034376
5520,0.023111
5521,0.995961
5522,0.805586
5523,0.220717
5524,0.979590
5525,0.070302
5526,0.120875
5527,0.719022
5528,0.006712
5529,0.023231
5530,0.096793
5531,0.055314
5532,0.117837
5533,0.102384
5534,0.142591
5535,0.058568
5536,0.143155
5537,0.043399
5538,0.014401
5539,0.082818
5540,0.881801
5541,0.009967
5542,0.144599
5543,0.007356
5544,0.010526
5545,0.956083
5546,0.496162
5547,0.032276
5548,0.057297
5549,0.987051
5550,0.018962
5551,0.118197
5552,0.064491
5553,0.072157
5554,0.365113
5555,0.127977
5556,0.089956
5557,0.551513
5558,0.984311
5559,0.066548
5560,0.980696
5561,0.674606
5562,0.003872
5563,0.073554
5564,0.016573
5565,0.990010
5566,0.350271
5567,0.021849
5568,0.054747
5569,0.059995
5570,0.985572
5571,0.022523
5572,0.003479
5573,0.062904
5574,0.876614
5575,0.343905
5576,0.031455
5577,0.041950
5578,0.183146
5579,0.298973
5580,0.992536
5581,0.298996
5582,0.011218
5583,0.014325
5584,0.552292
5585,0.017360
5586,0.239720
5587,0.624160
5588,0.143427
5589,0.227254
5590,0.116994
5591,0.022860
5592,0.577641
5593,0.007102
5594,0.025206
5595,0.083752
5596,0.541593
5597,0.933171
5598,0.032565
5599,0.884099
5600,0.979304
5601,0.075691
5602,0.113303
5603,0.441748
5604,0.003824
5605,0.777797
5606,0.089554
5607,0.003558
5608,0.328718
5609,0.872968
5610,0.042492
5611,0.083698
5612,0.044842
5613,0.172150
5614,0.203740
5615,0.003109
5616,0.029813
5617,0.882208
5618,0.996323
5619,0.112858
5620,0.033683
5621,0.185713
5622,0.028156
5623,0.004164
5624,0.198272
5625,0.743607
5626,0.152118
5627,0.996353
5628,0.055957
5629,0.127097
5630,0.978499
5631,0.037048
5632,0.016969
5633,0.006557
5634,0.567921
5635,0.096143
5636,0.003193
5637,0.110727
5638,0.804822
5639,0.004397
5640,0.016378
5641,0.168530
5642,0.022534
5643,0.867413
5644,0.075655
5645,0.022438
5646,0.898241
5647,0.110970
5648,0.027955
5649,0.050542
5650,0.011553
5651,0.161873
5652,0.020702
5653,0.009833
5654,0.011912
5655,0.972641
5656,0.240112
5657,0.217311
5658,0.018066
5659,0.122495
5660,0.029228
5661,0.922686
5662,0.042632
5663,0.210380
5664,0.014781
5665,0.918971
5666,0.091768
5667,0.962692
5668,0.997305
5669,0.532368
5670,0.910563
5671,0.103909
5672,0.023755
5673,0.328206
5674,0.879574
5675,0.219021
5676,0.996352
5677,0.068173
5678,0.083781
5679,0.968254
5680,0.010165
5681,0.045749
5682,0.569876
5683,0.247339
5684,0.042198
5685,0.080220
5686,0.130421
5687,0.155995
5688,0.029337
5689,0.043895
5690,0.022741
5691,0.009822
5692,0.024867
5693,0.281471
5694,0.050718
5695,0.428993
5696,0.178203
5697,0.252770
5698,0.033780
5699,0.331420
5700,0.038944
5701,0.978469
5702,0.078503
5703,0.277157
5704,0.913835
5705,0.734865
5706,0.061560
5707,0.025412
5708,0.145880
5709,0.944592
5710,0.956441
5711,0.066177
5712,0.003764
5713,0.016286
5714,0.296418
5715,0.034768
5716,0.003156
5717,0.851367
5718,0.952875
5719,0.005921
5720,0.540271
5721,0.005270
5722,0.996748
5723,0.493494
5724,0.021401
5725,0.072413
5726,0.368235
5727,0.957354
5728,0.866244
5729,0.009215
5730,0.316575
5731,0.983790
5732,0.018931
5733,0.186563
5734,0.995479
5735,0.021455
5736,0.003952
5737,0.951822
5738,0.874263
5739,0.009592
5740,0.193068
5741,0.075344
5742,0.068071
5743,0.843475
5744,0.236759
5745,0.007382
5746,0.028501
5747,0.076599
5748,0.055249
5749,0.291328
5750,0.978451
5751,0.005188
5752,0.090239
5753,0.021478
5754,0.005772
5755,0.068469
5756,0.011517
5757,0.126466
5758,0.915697
5759,0.212834
5760,0.023072
5761,0.005929
5762,0.526106
5763,0.948445
5764,0.002560
5765,0.787784
5766,0.985073
5767,0.048814
5768,0.860722
5769,0.004036
5770,0.068565
5771,0.995252
5772,0.173780
5773,0.629441
5774,0.978945
5775,0.114973
5776,0.917807
5777,0.004978
5778,0.030475
5779,0.017570
5780,0.023791
5781,0.277098
5782,0.020208
5783,0.375575
5784,0.920297
5785,0.793150
5786,0.002832
5787,0.076103
5788,0.982264
5789,0.026427
5790,0.986158
5791,0.997193
5792,0.041537
5793,0.186320
5794,0.133526
5795,0.070107
5796,0.075783
5797,0.946854
5798,0.992475
5799,0.029846
5800,0.201262
5801,0.255184
5802,0.963326
5803,0.273736
5804,0.042906
5805,0.086283
5806,0.958053
5807,0.038443
5808,0.997805
5809,0.020842
5810,0.081336
5811,0.968545
5812,0.985362
5813,0.936815
5814,0.933366
5815,0.965706
5816,0.962774
5817,0.957215
5818,0.033391
5819,0.995845
5820,0.343108
5821,0.030427
5822,0.996442
5823,0.011347
5824,0.839156
5825,0.041109
5826,0.024477
5827,0.014762
5828,0.943510
5829,0.270031
5830,0.066340
5831,0.100007
5832,0.444444
5833,0.168620
5834,0.062663
5835,0.683516
5836,0.122181
5837,0.622071
5838,0.007115
5839,0.005538
5840,0.005712
5841,0.935228
5842,0.089655
5843,0.168381
5844,0.114687
5845,0.476195
5846,0.953847
5847,0.135636
5848,0.087855
5849,0.034481
5850,0.986865
5851,0.942349
5852,0.866988
5853,0.145983
5854,0.811305
5855,0.009897
5856,0.079121
5857,0.079160
5858,0.429706
5859,0.036814
5860,0.967525
5861,0.021284
5862,0.646301
5863,0.069406
5864,0.156836
5865,0.186379
5866,0.085947
5867,0.149862
5868,0.062180
5869,0.048818
5870,0.005031
5871,0.118900
5872,0.006976
5873,0.069370
5874,0.988311
5875,0.997347
5876,0.044886
5877,0.947083
5878,0.146871
5879,0.038275
5880,0.230106
5881,0.177779
5882,0.026633
5883,0.164633
5884,0.783950
5885,0.006574
5886,0.492342
5887,0.914250
5888,0.430129
5889,0.918762
5890,0.005815
5891,0.030374
5892,0.624970
5893,0.066322
5894,0.060991
5895,0.083465
5896,0.018953
5897,0.039970
5898,0.704885
5899,0.104059
5900,0.090894
5901,0.663364
5902,0.461509
5903,0.961612
5904,0.960431
5905,0.535593
5906,0.054780
5907,0.984203
5908,0.033200
5909,0.061189
5910,0.112520
5911,0.130419
5912,0.975557
5913,0.004656
5914,0.061329
5915,0.162750
5916,0.008777
5917,0.009412
5918,0.949315
5919,0.121965
5920,0.981627
5921,0.059123
5922,0.120427
5923,0.058417
5924,0.245554
5925,0.076803
5926,0.977303
5927,0.205539
5928,0.091095
5929,0.009600
5930,0.118455
5931,0.952624
5932,0.037830
5933,0.937629
5934,0.549124
5935,0.183394
5936,0.008034
5937,0.075302
5938,0.364978
5939,0.005236
5940,0.963819
5941,0.048941
5942,0.131036
5943,0.078730
5944,0.352595
5945,0.977269
5946,0.093233
5947,0.073251
5948,0.094769
5949,0.808521
5950,0.010616
5951,0.375793
5952,0.120381
5953,0.463906
5954,0.447387
5955,0.035995
5956,0.932189
5957,0.885333
5958,0.820967
5959,0.245638
5960,0.040418
5961,0.006500
5962,0.290516
5963,0.004805
5964,0.890543
5965,0.137357
5966,0.037528
5967,0.006630
5968,0.054647
5969,0.583642
5970,0.960272
5971,0.042025
5972,0.960881
5973,0.131208
5974,0.911629
5975,0.614598
5976,0.006963
5977,0.386711
5978,0.371560
5979,0.922570
5980,0.190116
5981,0.293892
5982,0.022379
5983,0.021674
5984,0.907397
5985,0.043572
5986,0.118204
5987,0.033077
5988,0.717321
5989,0.918097
5990,0.018129
5991,0.985091
5992,0.088361
5993,0.312660
5994,0.010577
5995,0.061428
5996,0.034889
5997,0.962178
5998,0.761643
5999,0.859019
6000,0.019422
6001,0.622494
6002,0.776175
6003,0.224101
6004,0.054215
6005,0.005626
6006,0.767328
6007,0.965133
6008,0.600857
6009,0.886228
6010,0.024471
6011,0.950051
6012,0.078050
6013,0.159783
6014,0.024127
6015,0.039408
6016,0.070489
6017,0.030889
6018,0.995919
6019,0.032868
6020,0.964886
6021,0.363544
6022,0.963068
6023,0.896235
6024,0.024088
6025,0.047970
6026,0.056686
6027,0.516191
6028,0.074756
6029,0.677684
6030,0.018143
6031,0.023205
6032,0.055548
6033,0.017051
6034,0.586512
6035,0.160632
6036,0.965714
6037,0.663123
6038,0.918162
6039,0.006577
6040,0.048084
6041,0.972745
6042,0.960796
6043,0.826650
6044,0.944441
6045,0.940482
6046,0.014877
6047,0.088541
6048,0.242352
6049,0.513015
6050,0.015189
6051,0.152291
6052,0.063647
6053,0.002658
6054,0.025316
6055,0.066461
6056,0.124619
6057,0.015836
6058,0.222345
6059,0.765180
6060,0.024855
6061,0.330497
6062,0.065071
6063,0.963067
6064,0.009725
6065,0.032165
6066,0.159425
6067,0.012643
6068,0.503117
6069,0.003349
6070,0.043521
6071,0.026892
6072,0.996629
6073,0.021966
6074,0.161167
6075,0.056364
6076,0.205128
6077,0.050494
6078,0.336817
6079,0.033404
6080,0.770469
6081,0.007951
6082,0.653138
6083,0.016802
6084,0.986605
6085,0.165667
6086,0.035294
6087,0.044902
6088,0.127677
6089,0.085497
6090,0.029519
6091,0.022713
6092,0.975292
6093,0.285033
6094,0.065697
6095,0.449441
6096,0.939518
6097,0.065459
6098,0.004067
6099,0.907926
6100,0.964131
6101,0.866900
6102,0.084745
6103,0.247038
6104,0.090755
6105,0.010915
6106,0.023800
6107,0.553004
6108,0.971762
6109,0.006971
6110,0.309958
6111,0.908478
6112,0.014525
6113,0.006091
6114,0.058266
6115,0.970236
6116,0.800136
6117,0.003292
6118,0.063826
6119,0.561266
6120,0.369076
6121,0.010914
6122,0.083095
6123,0.933383
6124,0.139774
6125,0.593712
6126,0.003780
6127,0.868020
6128,0.008662
6129,0.761995
6130,0.026884
6131,0.048517
6132,0.961463
6133,0.087316
6134,0.326615
6135,0.056564
6136,0.888656
6137,0.101203
6138,0.017866
6139,0.101534
6140,0.035493
6141,0.996896
6142,0.937787
6143,0.897392
6144,0.024357
6145,0.963638
6146,0.550378
6147,0.034310
6148,0.773752
6149,0.325778
6150,0.006983
6151,0.047603
6152,0.052870
6153,0.042726
6154,0.831914
6155,0.026585
6156,0.378234
6157,0.058793
6158,0.147802
6159,0.025843
6160,0.822144
6161,0.422653
6162,0.974289
6163,0.906357
6164,0.026586
6165,0.240590
6166,0.969333
6167,0.989854
6168,0.818828
6169,0.455883
6170,0.862619
6171,0.304252
6172,0.911710
6173,0.181131
6174,0.310191
6175,0.668105
6176,0.017070
6177,0.060087
6178,0.938523
6179,0.084646
6180,0.851910
6181,0.955842
6182,0.142585
6183,0.032310
6184,0.136651
6185,0.658101
6186,0.342760
6187,0.003978
6188,0.069048
6189,0.156827
6190,0.123459
6191,0.997067
6192,0.193597
6193,0.026348
6194,0.981739
6195,0.016165
6196,0.972112
6197,0.983677
6198,0.878481
6199,0.066947
6200,0.966144
6201,0.009775
6202,0.023109
6203,0.015315
6204,0.116118
6205,0.023004
6206,0.044170
6207,0.015118
6208,0.986914
6209,0.137548
6210,0.587534
6211,0.929533
6212,0.018122
6213,0.011435
6214,0.384876
6215,0.116979
6216,0.021174
6217,0.041885
6218,0.150802
6219,0.116999
6220,0.049549
6221,0.493485
6222,0.008278
6223,0.009168
6224,0.015678
6225,0.004736
6226,0.007335
6227,0.019882
6228,0.026191
6229,0.970625
6230,0.002788
6231,0.051603
6232,0.078507
6233,0.041085
6234,0.997564
6235,0.393811
6236,0.174962
6237,0.284187
6238,0.050211
6239,0.811988
6240,0.017167
6241,0.496865
6242,0.008739
6243,0.013070
6244,0.002163
6245,0.003413
6246,0.974759
6247,0.060769
6248,0.017017
6249,0.350395
6250,0.361644
6251,0.093661
6252,0.914571
6253,0.900151
6254,0.946548
6255,0.972420
6256,0.991606
6257,0.533031
6258,0.994337
6259,0.010255
6260,0.004550
6261,0.068952
6262,0.110972
6263,0.183565
6264,0.567489
6265,0.061733
6266,0.966551
6267,0.059258
6268,0.055349
6269,0.009845
6270,0.087008
6271,0.016096
6272,0.122829
6273,0.046581
6274,0.106243
6275,0.010009
6276,0.983261
6277,0.063662
6278,0.081314
6279,0.980614
6280,0.090983
6281,0.004401
6282,0.153847
6283,0.186146
6284,0.588353
6285,0.453230
6286,0.018803
6287,0.036310
6288,0.982780
6289,0.807649
6290,0.055710
6291,0.058666
6292,0.045201
6293,0.105396
6294,0.661067
6295,0.083650
6296,0.791599
6297,0.013235
6298,0.202154
6299,0.955302
6300,0.900921
6301,0.018384
6302,0.035484
6303,0.016863
6304,0.586263
6305,0.883890
6306,0.785357
6307,0.428190
6308,0.701416
6309,0.020691
6310,0.841971
6311,0.708402
6312,0.953137
6313,0.995983
6314,0.033176
6315,0.483396
6316,0.427892
6317,0.069113
6318,0.243342
6319,0.103119
6320,0.114029
6321,0.003743
6322,0.997330
6323,0.002979
6324,0.204902
6325,0.004357
6326,0.009734
6327,0.218915
6328,0.013413
6329,0.037673
6330,0.660480
6331,0.016276
6332,0.997208
6333,0.854524
6334,0.005894
6335,0.988914
6336,0.325931
6337,0.704549
6338,0.103192
6339,0.130805
6340,0.006698
6341,0.018915
6342,0.669893
6343,0.031870
6344,0.056702
6345,0.010903
6346,0.116812
6347,0.105628
6348,0.133395
6349,0.936950
6350,0.859347
6351,0.413769
6352,0.553415
6353,0.045306
6354,0.018736
6355,0.075949
6356,0.112590
6357,0.224658
6358,0.004629
6359,0.251986
6360,0.153678
6361,0.157139
6362,0.019517
6363,0.983481
6364,0.012057
6365,0.038791
6366,0.006764
6367,0.035124
6368,0.274792
6369,0.957590
6370,0.311341
6371,0.040016
6372,0.006215
6373,0.439609
6374,0.037022
6375,0.404853
6376,0.494889
6377,0.161354
6378,0.019964
6379,0.017356
6380,0.009045
6381,0.253119
6382,0.037786
6383,0.025379
6384,0.050701
6385,0.997206
6386,0.110474
6387,0.028910
6388,0.889244
6389,0.716920
6390,0.824123
6391,0.915351
6392,0.060000
6393,0.021975
6394,0.010624
6395,0.847316
6396,0.214827
6397,0.985438
6398,0.950414
6399,0.951727
6400,0.905657
6401,0.982323
6402,0.928260
6403,0.002819
6404,0.005529
6405,0.501573
6406,0.956135
6407,0.916724
6408,0.342427
6409,0.750696
6410,0.026600
6411,0.184794
6412,0.176313
6413,0.962919
6414,0.002546
6415,0.979313
6416,0.093474
6417,0.615000
6418,0.034488
6419,0.074113
6420,0.234259
6421,0.066839
6422,0.030123
6423,0.096828
6424,0.898426
6425,0.620544
6426,0.144941
6427,0.155017
6428,0.116572
6429,0.967702
6430,0.986246
6431,0.097740
6432,0.083805
6433,0.003051
6434,0.057500
6435,0.047488
6436,0.106175
6437,0.978734
6438,0.064949
6439,0.061865
6440,0.030694
6441,0.019706
6442,0.022558
6443,0.011442
6444,0.931090
6445,0.967108
6446,0.156676
6447,0.028644
6448,0.011076
6449,0.648324
6450,0.032577
6451,0.723668
6452,0.126681
6453,0.013230
6454,0.149869
6455,0.118353
6456,0.846233
6457,0.039215
6458,0.726102
6459,0.012341
6460,0.019714
6461,0.055112
6462,0.036294
6463,0.004381
6464,0.975200
6465,0.523149
6466,0.073516
6467,0.369764
6468,0.035083
6469,0.977438
6470,0.931938
6471,0.359807
6472,0.124747
6473,0.046638
6474,0.323765
6475,0.071153
6476,0.183385
6477,0.006094
6478,0.092847
6479,0.778481
6480,0.008948
6481,0.018799
6482,0.695315
6483,0.063919
6484,0.103892
6485,0.124595
6486,0.440364
6487,0.018844
6488,0.067584
6489,0.011214
6490,0.364445
6491,0.241058
6492,0.979732
6493,0.028777
6494,0.099753
6495,0.111046
6496,0.056015
6497,0.940539
6498,0.884814
6499,0.400372
6500,0.997260
6501,0.995714
6502,0.007650
6503,0.960823
6504,0.008410
6505,0.816957
6506,0.996611
6507,0.145747
6508,0.060343
6509,0.075124
6510,0.098908
6511,0.983346
6512,0.047039
6513,0.945756
6514,0.008741
6515,0.057970
6516,0.005379
6517,0.037196
6518,0.080266
6519,0.167880
6520,0.935744
6521,0.104557
6522,0.002936
6523,0.446065
6524,0.098345
6525,0.221115
6526,0.086539
6527,0.005226
6528,0.010248
6529,0.024191
6530,0.009281
6531,0.967124
6532,0.354727
6533,0.408587
6534,0.811447
6535,0.111957
6536,0.827900
6537,0.033266
6538,0.010011
6539,0.110206
6540,0.035755
6541,0.930982
6542,0.009501
6543,0.028750
6544,0.031126
6545,0.120622
6546,0.070588
6547,0.903116
6548,0.127906
6549,0.987160
6550,0.054177
6551,0.102283
6552,0.677939
6553,0.065653
6554,0.071859
6555,0.509486
6556,0.985247
6557,0.451933
6558,0.966133
6559,0.440802
6560,0.841509
6561,0.269846
6562,0.715082
6563,0.959334
6564,0.013304
6565,0.594258
6566,0.980439
6567,0.248786
6568,0.273429
6569,0.582534
6570,0.051640
6571,0.025594
6572,0.032067
6573,0.984602
6574,0.049232
6575,0.755636
6576,0.070315
6577,0.057954
6578,0.069189
6579,0.175454
6580,0.003974
6581,0.005254
6582,0.148682
6583,0.210541
6584,0.731857
6585,0.078793
6586,0.531265
6587,0.849708
6588,0.006760
6589,0.071153
6590,0.025707
6591,0.029641
6592,0.034748
6593,0.095563
6594,0.150279
6595,0.661815
6596,0.050711
6597,0.014481
6598,0.181237
6599,0.878606
6600,0.242323
6601,0.566037
6602,0.030203
6603,0.403564
6604,0.011657
6605,0.027385
6606,0.681727
6607,0.015903
6608,0.865888
6609,0.009393
6610,0.034669
6611,0.063490
6612,0.972869
6613,0.034896
6614,0.270395
6615,0.095466
6616,0.020456
6617,0.017071
6618,0.962104
6619,0.043619
6620,0.227901
6621,0.996876
6622,0.811005
6623,0.004348
6624,0.044078
6625,0.087094
6626,0.086504
6627,0.031776
6628,0.010229
6629,0.031396
6630,0.150935
6631,0.031252
6632,0.028474
6633,0.124982
6634,0.029042
6635,0.285993
6636,0.018530
6637,0.058689
6638,0.054414
6639,0.964306
6640,0.015140
6641,0.057336
6642,0.951297
6643,0.115111
6644,0.233314
6645,0.191008
6646,0.889075
6647,0.185685
6648,0.913415
6649,0.946392
6650,0.202880
6651,0.943218
6652,0.394141
6653,0.204718
6654,0.106019
6655,0.086866
6656,0.004657
6657,0.839090
6658,0.056581
6659,0.967056
6660,0.029641
6661,0.177708
6662,0.978100
6663,0.025467
6664,0.049555
6665,0.924110
6666,0.084938
6667,0.443077
6668,0.021645
6669,0.154453
6670,0.110745
6671,0.960775
6672,0.034878
6673,0.006297
6674,0.065133
6675,0.674097
6676,0.335699
6677,0.024190
6678,0.127965
6679,0.075624
6680,0.217675
6681,0.312116
6682,0.039594
6683,0.180298
6684,0.075444
6685,0.962171
6686,0.765831
6687,0.003431
6688,0.005762
6689,0.940401
6690,0.982848
6691,0.997304
6692,0.016561
6693,0.405072
6694,0.041338
6695,0.960772
6696,0.088375
6697,0.045546
6698,0.979106
6699,0.835215
6700,0.360006
6701,0.013854
6702,0.943422
6703,0.905004
6704,0.110931
6705,0.971602
6706,0.021492
6707,0.029953
6708,0.035417
6709,0.252986
6710,0.098673
6711,0.053969
6712,0.006486
6713,0.409091
6714,0.972455
6715,0.026597
6716,0.026378
6717,0.671182
6718,0.976537
6719,0.056909
6720,0.004368
6721,0.002155
6722,0.507863
6723,0.061185
6724,0.008055
6725,0.997336
6726,0.893572
6727,0.954147
6728,0.052294
6729,0.950666
6730,0.238356
6731,0.177817
6732,0.132302
6733,0.951362
6734,0.013802
6735,0.995418
6736,0.371855
6737,0.997224
6738,0.980937
6739,0.003162
6740,0.006289
6741,0.006869
6742,0.171258
6743,0.075922
6744,0.043728
6745,0.004362
6746,0.714117
6747,0.511484
6748,0.920122
6749,0.100492
6750,0.973990
6751,0.175250
6752,0.017328
6753,0.293866
6754,0.007493
6755,0.168887
6756,0.978085
6757,0.071566
6758,0.769571
6759,0.032297
6760,0.106279
6761,0.023577
6762,0.959816
6763,0.009810
6764,0.052040
6765,0.148162
6766,0.889221
6767,0.987291
6768,0.931384
6769,0.040866
6770,0.018840
6771,0.049906
6772,0.974508
6773,0.027688
6774,0.009932
6775,0.044549
6776,0.152689
6777,0.055331
6778,0.051485
6779,0.140893
6780,0.922475
6781,0.014435
6782,0.150950
6783,0.109202
6784,0.005020
6785,0.754213
6786,0.729076
6787,0.863612
6788,0.886528
6789,0.104783
6790,0.013407
6791,0.764394
6792,0.976684
6793,0.137422
6794,0.322108
6795,0.968703
6796,0.685791
6797,0.086963
6798,0.273859
6799,0.025107
6800,0.782212
6801,0.720492
6802,0.345895
6803,0.061321
6804,0.619586
6805,0.003836
6806,0.715902
6807,0.005783
6808,0.033167
6809,0.089812
6810,0.891798
6811,0.029306
6812,0.018656
6813,0.914523
6814,0.032040
6815,0.217516
6816,0.040766
6817,0.017532
6818,0.973505
6819,0.010393
6820,0.038252
6821,0.957336
6822,0.008180
6823,0.137427
6824,0.017590
6825,0.027442
6826,0.059998
6827,0.003346
6828,0.954858
6829,0.002802
6830,0.989703
6831,0.052963
6832,0.015864
6833,0.095701
6834,0.022911
6835,0.602197
6836,0.587077
6837,0.996653
6838,0.345160
6839,0.104450
6840,0.760416
6841,0.055910
6842,0.907873
6843,0.003148
6844,0.077824
6845,0.987696
6846,0.177893
6847,0.011223
6848,0.855226
6849,0.027058
6850,0.015850
6851,0.399663
6852,0.194540
6853,0.816792
6854,0.049438
6855,0.037865
6856,0.088129
6857,0.862701
6858,0.958584
6859,0.951730
6860,0.936582
6861,0.018662
6862,0.089752
6863,0.032714
6864,0.068559
6865,0.003862
6866,0.173575
6867,0.664684
6868,0.894596
6869,0.241125
6870,0.647327
6871,0.942552
6872,0.017851
6873,0.057855
6874,0.074541
6875,0.173069
6876,0.970786
6877,0.865890
6878,0.014139
6879,0.024093
6880,0.058015
6881,0.368244
6882,0.943554
6883,0.392783
6884,0.122641
6885,0.042222
6886,0.990161
6887,0.920885
6888,0.765484
6889,0.206403
6890,0.944228
6891,0.047794
6892,0.011460
6893,0.039675
6894,0.173962
6895,0.055595
6896,0.997825
6897,0.073576
6898,0.978212
6899,0.023477
6900,0.548270
6901,0.008832
6902,0.054802
6903,0.039687
6904,0.047889
6905,0.982893
6906,0.914804
6907,0.096556
6908,0.059355
6909,0.005039
6910,0.782279
6911,0.009700
6912,0.973485
6913,0.974839
6914,0.005103
6915,0.033474
6916,0.976995
6917,0.331856
6918,0.868839
6919,0.017586
6920,0.053963
6921,0.515960
6922,0.004009
6923,0.040240
6924,0.035325
6925,0.012724
6926,0.748652
6927,0.007643
6928,0.003362
6929,0.012777
6930,0.414258
6931,0.081066
6932,0.065791
6933,0.803349
6934,0.080735
6935,0.199365
6936,0.005350
6937,0.004191
6938,0.173195
6939,0.059853
6940,0.961230
6941,0.007589
6942,0.822625
6943,0.071850
6944,0.950787
6945,0.592471
6946,0.003428
6947,0.906039
6948,0.013873
6949,0.109335
6950,0.936512
6951,0.661543
6952,0.043117
6953,0.004188
6954,0.015154
6955,0.941146
6956,0.043368
6957,0.997392
6958,0.968333
6959,0.051142
6960,0.067314
6961,0.144983
6962,0.694172
6963,0.038433
6964,0.704062
6965,0.008245
6966,0.043805
6967,0.015911
6968,0.984944
6969,0.993694
6970,0.003263
6971,0.004435
6972,0.101514
6973,0.019046
6974,0.373087
6975,0.111893
6976,0.019099
6977,0.082919
6978,0.012536
6979,0.023958
6980,0.506736
6981,0.090837
6982,0.997842
6983,0.295736
6984,0.028192
6985,0.370258
6986,0.918467
6987,0.120429
6988,0.039747
6989,0.008742
6990,0.009097
6991,0.007378
6992,0.040798
6993,0.854947
6994,0.836431
6995,0.035546
6996,0.577965
6997,0.930927
6998,0.008777
6999,0.066982
7000,0.445119
7001,0.151734
7002,0.090460
7003,0.111008
7004,0.002861
7005,0.074347
7006,0.007527
7007,0.966302
7008,0.089881
7009,0.037106
7010,0.164607
7011,0.917469
7012,0.006007
7013,0.465259
7014,0.782851
7015,0.004128
7016,0.955704
7017,0.047214
7018,0.282549
7019,0.014889
7020,0.041684
7021,0.010238
7022,0.383246
7023,0.153724
7024,0.799858
7025,0.042403
7026,0.021615
7027,0.018780
7028,0.055573
7029,0.041471
7030,0.216056
7031,0.945730
7032,0.011518
7033,0.836010
7034,0.123772
7035,0.285626
7036,0.789843
7037,0.968678
7038,0.019933
7039,0.003944
7040,0.079548
7041,0.959895
7042,0.009646
7043,0.673973
7044,0.044933
7045,0.240889
7046,0.590883
7047,0.911739
7048,0.932914
7049,0.188439
7050,0.149256
7051,0.024644
7052,0.034737
7053,0.141601
7054,0.018578
7055,0.123013
7056,0.153085
7057,0.242664
7058,0.594254
7059,0.040469
7060,0.022538
7061,0.868176
7062,0.953361
7063,0.064706
7064,0.027583
7065,0.157465
7066,0.197779
7067,0.037018
7068,0.083203
7069,0.971169
7070,0.987847
7071,0.066205
7072,0.006539
7073,0.053783
7074,0.087305
7075,0.997231
7076,0.463746
7077,0.982601
7078,0.966112
7079,0.625319
7080,0.054811
7081,0.227280
7082,0.038982
7083,0.698871
7084,0.070458
7085,0.500730
7086,0.268995
7087,0.015982
7088,0.015036
7089,0.959944
7090,0.127484
7091,0.211397
7092,0.020190
7093,0.610336
7094,0.785352
7095,0.449193
7096,0.220592
7097,0.022725
7098,0.981616
7099,0.004638
7100,0.996926
7101,0.836874
7102,0.463172
7103,0.997098
7104,0.005175
7105,0.033850
7106,0.010921
7107,0.126293
7108,0.101145
7109,0.004106
7110,0.003323
7111,0.306962
7112,0.257405
7113,0.198143
7114,0.983019
7115,0.073412
7116,0.030911
7117,0.487442
7118,0.030015
7119,0.359862
7120,0.147719
7121,0.020094
7122,0.033400
7123,0.053349
7124,0.837958
7125,0.063338
7126,0.486519
7127,0.131054
7128,0.144714
7129,0.883771
7130,0.040663
7131,0.966741
7132,0.413805
7133,0.012512
7134,0.961253
7135,0.349623
7136,0.052397
7137,0.150651
7138,0.724736
7139,0.042735
7140,0.054360
7141,0.011238
7142,0.065325
7143,0.005101
7144,0.957742
7145,0.142698
7146,0.031719
7147,0.002861
7148,0.996548
7149,0.071294
7150,0.034339
7151,0.007617
7152,0.080103
7153,0.394516
7154,0.058197
7155,0.173308
7156,0.007087
7157,0.036095
7158,0.014973
7159,0.037422
7160,0.058367
7161,0.970034
7162,0.003073
7163,0.940321
7164,0.996725
7165,0.018353
7166,0.069495
7167,0.461674
7168,0.984376
7169,0.132949
7170,0.986332
7171,0.441873
7172,0.968324
7173,0.946495
7174,0.017218
7175,0.066946
7176,0.436897
7177,0.923669
7178,0.593080
7179,0.006936
7180,0.038347
7181,0.199073
7182,0.067395
7183,0.918191
7184,0.016669
7185,0.348576
7186,0.838234
7187,0.039254
7188,0.679180
7189,0.722917
7190,0.030794
7191,0.118240
7192,0.029128
7193,0.553883
7194,0.028572
7195,0.986411
7196,0.020796
7197,0.012960
7198,0.028243
7199,0.161736
7200,0.046247
7201,0.038699
7202,0.231545
7203,0.022153
7204,0.135208
7205,0.084993
7206,0.891250
7207,0.981595
7208,0.608308
7209,0.753607
7210,0.894027
7211,0.011494
7212,0.191102
7213,0.988278
7214,0.070221
7215,0.049076
7216,0.022942
7217,0.259274
7218,0.097335
7219,0.005746
7220,0.512700
7221,0.397220
7222,0.002735
7223,0.978686
7224,0.966328
7225,0.131209
7226,0.022763
7227,0.014366
7228,0.150010
7229,0.101751
7230,0.948491
7231,0.054333
7232,0.337930
7233,0.057067
7234,0.979952
7235,0.076462
7236,0.040262
7237,0.271074
7238,0.622530
7239,0.412615
7240,0.003600
7241,0.306636
7242,0.228322
7243,0.020790
7244,0.949989
7245,0.089610
7246,0.053087
7247,0.077165
7248,0.962568
7249,0.245274
7250,0.007549
7251,0.539296
7252,0.302481
7253,0.216594
7254,0.162296
7255,0.176121
7256,0.556761
7257,0.707955
7258,0.124937
7259,0.052724
7260,0.783744
7261,0.976643
7262,0.045198
7263,0.944732
7264,0.032363
7265,0.194016
7266,0.048870
7267,0.015652
7268,0.005086
7269,0.084166
7270,0.024889
7271,0.027252
7272,0.333760
7273,0.098769
7274,0.005153
7275,0.939244
7276,0.002891
7277,0.054423
7278,0.213808
7279,0.061131
7280,0.067378
7281,0.843068
7282,0.974899
7283,0.055310
7284,0.287846
7285,0.121485
7286,0.188790
7287,0.004615
7288,0.928183
7289,0.944008
7290,0.017423
7291,0.121664
7292,0.085548
7293,0.550028
7294,0.165052
7295,0.046059
7296,0.011951
7297,0.471470
7298,0.913388
7299,0.733798
7300,0.318576
7301,0.923733
7302,0.967639
7303,0.336087
7304,0.039388
7305,0.121279
7306,0.129694
7307,0.086369
7308,0.019561
7309,0.003356
7310,0.088780
7311,0.964011
7312,0.022327
7313,0.650440
7314,0.031935
7315,0.011519
7316,0.062827
7317,0.093614
7318,0.099821
7319,0.719483
7320,0.020843
7321,0.940291
7322,0.003450
7323,0.031018
7324,0.904942
7325,0.029968
7326,0.045772
7327,0.417907
7328,0.958708
7329,0.002884
7330,0.979441
7331,0.071223
7332,0.025388
7333,0.081687
7334,0.098973
7335,0.070060
7336,0.214419
7337,0.027323
7338,0.046596
7339,0.051815
7340,0.061900
7341,0.507405
7342,0.024377
7343,0.971887
7344,0.038478
7345,0.020292
7346,0.856656
7347,0.190925
7348,0.007590
7349,0.965648
7350,0.506763
7351,0.997274
7352,0.452665
7353,0.053204
7354,0.167993
7355,0.034655
7356,0.888903
7357,0.005092
7358,0.044496
7359,0.161292
7360,0.090350
7361,0.013291
7362,0.025714
7363,0.763130
7364,0.020447
7365,0.037073
7366,0.015843
7367,0.364814
7368,0.037231
7369,0.016192
7370,0.125184
7371,0.033636
7372,0.028520
7373,0.033393
7374,0.679396
7375,0.971662
7376,0.243105
7377,0.004499
7378,0.912534
7379,0.895239
7380,0.391376
7381,0.005352
7382,0.033871
7383,0.005791
7384,0.019241
7385,0.988212
7386,0.056821
7387,0.974017
7388,0.003121
7389,0.922074
7390,0.611449
7391,0.071621
7392,0.063815
7393,0.023354
7394,0.015603
7395,0.858636
7396,0.996830
7397,0.012630
7398,0.148750
7399,0.021281
7400,0.009646
7401,0.019281
7402,0.006986
7403,0.261475
7404,0.009762
7405,0.149170
7406,0.939352
7407,0.009635
7408,0.128034
7409,0.020744
7410,0.139981
7411,0.125356
7412,0.996005
7413,0.168461
7414,0.021169
7415,0.997295
7416,0.522105
7417,0.785437
7418,0.008745
7419,0.838763
7420,0.902822
7421,0.823951
7422,0.072145
7423,0.437871
7424,0.079437
7425,0.134014
7426,0.031591
7427,0.977020
7428,0.191595
7429,0.856723
7430,0.954446
7431,0.033431
7432,0.014949
7433,0.308794
7434,0.304877
7435,0.583873
7436,0.939007
7437,0.065096
7438,0.952662
7439,0.036840
7440,0.003503
7441,0.901883
7442,0.028341
7443,0.084102
7444,0.069606
7445,0.963197
7446,0.255701
7447,0.962289
7448,0.422334
7449,0.641968
7450,0.253652
7451,0.214548
7452,0.016541
7453,0.960463
7454,0.012591
7455,0.171486
7456,0.114903
7457,0.030810
7458,0.037787
7459,0.215793
7460,0.034426
7461,0.054581
7462,0.727599
7463,0.246142
7464,0.084148
7465,0.005637
7466,0.004299
7467,0.783077
7468,0.256226
7469,0.031434
7470,0.172155
7471,0.773421
7472,0.240245
7473,0.023342
7474,0.013445
7475,0.053896
7476,0.005474
7477,0.042440
7478,0.004943
7479,0.014593
7480,0.687249
7481,0.080914
7482,0.005076
7483,0.996885
7484,0.014536
7485,0.012945
7486,0.198956
7487,0.146517
7488,0.048072
7489,0.066232
7490,0.003060
7491,0.195314
7492,0.079691
7493,0.059852
7494,0.013273
7495,0.019550
7496,0.112500
7497,0.030191
7498,0.060527
7499,0.006734
7500,0.072373
7501,0.302135
7502,0.390011
7503,0.905835
7504,0.014508
7505,0.074240
7506,0.025305
7507,0.036174
7508,0.754826
7509,0.293065
7510,0.936654
7511,0.054070
7512,0.116588
7513,0.004072
7514,0.040255
7515,0.266781
7516,0.063735
7517,0.011133
7518,0.017036
7519,0.965053
7520,0.063150
7521,0.008383
7522,0.013544
7523,0.939261
7524,0.198046
7525,0.972315
7526,0.009064
7527,0.997603
7528,0.126194
7529,0.087781
7530,0.073828
7531,0.006133
7532,0.971720
7533,0.121635
7534,0.016484
7535,0.887501
7536,0.866098
7537,0.176445
7538,0.007149
7539,0.014766
7540,0.611295
7541,0.028490
7542,0.905426
7543,0.121324
7544,0.043355
7545,0.909153
7546,0.997450
7547,0.091129
7548,0.114206
7549,0.230405
7550,0.057755
7551,0.974652
7552,0.279514
7553,0.273490
7554,0.300257
7555,0.918993
7556,0.183448
7557,0.011536
7558,0.224201
7559,0.137036
7560,0.642759
7561,0.215272
7562,0.058718
7563,0.045913
7564,0.373462
7565,0.071673
7566,0.485308
7567,0.812237
7568,0.060631
7569,0.978982
7570,0.130125
7571,0.012218
7572,0.050657
7573,0.014276
7574,0.020952
7575,0.160033
7576,0.011623
7577,0.169888
7578,0.016974
7579,0.848590
7580,0.983391
7581,0.163004
7582,0.535469
7583,0.931693
7584,0.012855
7585,0.535855
7586,0.099233
7587,0.888334
7588,0.004870
7589,0.950808
7590,0.346210
7591,0.088279
7592,0.019298
7593,0.020532
7594,0.055974
7595,0.993200
7596,0.013773
7597,0.770676
7598,0.546378
7599,0.047451
7600,0.023406
7601,0.010342
7602,0.020407
7603,0.912513
7604,0.036276
7605,0.173476
7606,0.836862
7607,0.251573
7608,0.029227
7609,0.006080
7610,0.148870
7611,0.012533
7612,0.063691
7613,0.051546
7614,0.101994
7615,0.778371
7616,0.426513
7617,0.029498
7618,0.375666
7619,0.174082
7620,0.024000
7621,0.114551
7622,0.963144
7623,0.984070
7624,0.050967
7625,0.078564
7626,0.193114
7627,0.980910
7628,0.917326
7629,0.143401
7630,0.971908
7631,0.050265
7632,0.243267
7633,0.399013
7634,0.004506
7635,0.441095
7636,0.329642
7637,0.538825
7638,0.962169
7639,0.006531
7640,0.051071
7641,0.134029
7642,0.112393
7643,0.065687
7644,0.006445
7645,0.231144
7646,0.040965
7647,0.075853
7648,0.004878
7649,0.027520
7650,0.972224
7651,0.979469
7652,0.523554
7653,0.013672
7654,0.047587
7655,0.975924
7656,0.552138
7657,0.535990
7658,0.085873
7659,0.453940
7660,0.126387
7661,0.044180
7662,0.028450
7663,0.254127
7664,0.682432
7665,0.003742
7666,0.013053
7667,0.042806
7668,0.017512
7669,0.095569
7670,0.218598
7671,0.740152
7672,0.893937
7673,0.929807
7674,0.079482
7675,0.210435
7676,0.121024
7677,0.126879
7678,0.528902
7679,0.033795
7680,0.005840
7681,0.002751
7682,0.004578
7683,0.905133
7684,0.018666
7685,0.946987
7686,0.996613
7687,0.008503
7688,0.073864
7689,0.883834
7690,0.027579
7691,0.023029
7692,0.197400
7693,0.205871
7694,0.493917
7695,0.005789
7696,0.195903
7697,0.499127
7698,0.005498
7699,0.088537
7700,0.021113
7701,0.105304
7702,0.320384
7703,0.964552
7704,0.883131
7705,0.007505
7706,0.169609
7707,0.363083
7708,0.027857
7709,0.042736
7710,0.021395
7711,0.069811
7712,0.012061
7713,0.523182
7714,0.006653
7715,0.353113
7716,0.004266
7717,0.053184
7718,0.451122
7719,0.883877
7720,0.186077
7721,0.036639
7722,0.077217
7723,0.275367
7724,0.039108
7725,0.033331
7726,0.572395
7727,0.960962
7728,0.029801
7729,0.761162
7730,0.736642
7731,0.156013
7732,0.986347
7733,0.014882
7734,0.047238
7735,0.076599
7736,0.014275
7737,0.266490
7738,0.166770
7739,0.122581
7740,0.996059
7741,0.997083
7742,0.019060
7743,0.366818
7744,0.964249
7745,0.951524
7746,0.068057
7747,0.872669
7748,0.294159
7749,0.371803
7750,0.028198
7751,0.058148
7752,0.967368
7753,0.169536
7754,0.019406
7755,0.507523
7756,0.487186
7757,0.091486
7758,0.808872
7759,0.103298
7760,0.056370
7761,0.562889
7762,0.095417
7763,0.230188
7764,0.064820
7765,0.071954
7766,0.007496
7767,0.061871
7768,0.996663
7769,0.802405
7770,0.618324
7771,0.270770
7772,0.017031
7773,0.174041
7774,0.926890
7775,0.761827
7776,0.020308
7777,0.187570
7778,0.978405
7779,0.879322
7780,0.081889
7781,0.120803
7782,0.864732
7783,0.073413
7784,0.089516
7785,0.996875
7786,0.891264
7787,0.947525
7788,0.976557
7789,0.267085
7790,0.960781
7791,0.993001
7792,0.936656
7793,0.219184
7794,0.973020
7795,0.688231
7796,0.048902
7797,0.029000
7798,0.040016
7799,0.997769
7800,0.432412
7801,0.422060
7802,0.014304
7803,0.004977
7804,0.010445
7805,0.121277
7806,0.878906
7807,0.933348
7808,0.659742
7809,0.019434
7810,0.975467
7811,0.961329
7812,0.053845
7813,0.930283
7814,0.981960
7815,0.321549
7816,0.317029
7817,0.002978
7818,0.004214
7819,0.108292
7820,0.030733
7821,0.005308
7822,0.114497
7823,0.975970
7824,0.006393
7825,0.956331
7826,0.522006
7827,0.148272
7828,0.985916
7829,0.812998
7830,0.383960
7831,0.934591
7832,0.084727
7833,0.998141
7834,0.006297
7835,0.057425
7836,0.976146
7837,0.022292
7838,0.021815
7839,0.039050
7840,0.969293
7841,0.028894
7842,0.153359
7843,0.046324
7844,0.878716
7845,0.009592
7846,0.775380
7847,0.004311
7848,0.519384
7849,0.854856
7850,0.150139
7851,0.003458
7852,0.720232
7853,0.008482
7854,0.185601
7855,0.953794
7856,0.031439
7857,0.043218
7858,0.024124
7859,0.975185
7860,0.311360
7861,0.426350
7862,0.155480
7863,0.064381
7864,0.068249
7865,0.022102
7866,0.936061
7867,0.011709
7868,0.719942
7869,0.791287
7870,0.402301
7871,0.057233
7872,0.254792
7873,0.974044
7874,0.968725
7875,0.025563
7876,0.136332
7877,0.882314
7878,0.997292
7879,0.930726
7880,0.989535
7881,0.343913
7882,0.978334
7883,0.445396
7884,0.009622
7885,0.060886
7886,0.007398
7887,0.029838
7888,0.955966
7889,0.020495
7890,0.916335
7891,0.032152
7892,0.260622
7893,0.612853
7894,0.003420
7895,0.205833
7896,0.024586
7897,0.071350
7898,0.068080
7899,0.112854
7900,0.340859
7901,0.125450
7902,0.020796
7903,0.794327
7904,0.005822
7905,0.091267
7906,0.369665
7907,0.627326
7908,0.597080
7909,0.117765
7910,0.023232
7911,0.990157
7912,0.033377
7913,0.014987
7914,0.014893
7915,0.879094
7916,0.031257
7917,0.824322
7918,0.087126
7919,0.147694
7920,0.943434
7921,0.131257
7922,0.033200
7923,0.009657
7924,0.024951
7925,0.164012
7926,0.153037
7927,0.121032
7928,0.220769
7929,0.103981
7930,0.854474
7931,0.009266
7932,0.017860
7933,0.047971
7934,0.007271
7935,0.491929
7936,0.077462
7937,0.319485
7938,0.177163
7939,0.057456
7940,0.280520
7941,0.016497
7942,0.011473
7943,0.276855
7944,0.040472
7945,0.006520
7946,0.391219
7947,0.102169
7948,0.131802
7949,0.942381
7950,0.066554
7951,0.914981
7952,0.898273
7953,0.594860
7954,0.139667
7955,0.227869
7956,0.127909
7957,0.032459
7958,0.473970
7959,0.049993
7960,0.032383
7961,0.092148
7962,0.019600
7963,0.569039
7964,0.226224
7965,0.060614
7966,0.948303
7967,0.018840
7968,0.767615
7969,0.007246
7970,0.993622
7971,0.002712
7972,0.011426
7973,0.016223
7974,0.005499
7975,0.290234
7976,0.738271
7977,0.018027
7978,0.878542
7979,0.031753
7980,0.815006
7981,0.069707
7982,0.050876
7983,0.232491
7984,0.009600
7985,0.013946
7986,0.034152
7987,0.060447
7988,0.077650
7989,0.008747
7990,0.303086
7991,0.982064
7992,0.299459
7993,0.245153
7994,0.936491
7995,0.027564
7996,0.589691
7997,0.963455
7998,0.088216
7999,0.979555
8000,0.007593
8001,0.020572
8002,0.830896
8003,0.048656
8004,0.101778
8005,0.117886
8006,0.157624
8007,0.113008
8008,0.358846
8009,0.008100
8010,0.109233
8011,0.263371
8012,0.308506
8013,0.184967
8014,0.982523
8015,0.133670
8016,0.054654
8017,0.168981
8018,0.724483
8019,0.023619
8020,0.003727
8021,0.031486
8022,0.083242
8023,0.106168
8024,0.852867
8025,0.015181
8026,0.879943
8027,0.006280
8028,0.317837
8029,0.177647
8030,0.252150
8031,0.809072
8032,0.034416
8033,0.004051
8034,0.190230
8035,0.239916
8036,0.003820
8037,0.016799
8038,0.040428
8039,0.007000
8040,0.007961
8041,0.052540
8042,0.782244
8043,0.770506
8044,0.021465
8045,0.060813
8046,0.023960
8047,0.279607
8048,0.997100
8049,0.037516
8050,0.282449
8051,0.933702
8052,0.007082
8053,0.976480
8054,0.008120
8055,0.089379
8056,0.978721
8057,0.978345
8058,0.104180
8059,0.056815
8060,0.001991
8061,0.038082
8062,0.590697
8063,0.022553
8064,0.217059
8065,0.544632
8066,0.267085
8067,0.751110
8068,0.025780
8069,0.126184
8070,0.485604
8071,0.943871
8072,0.204222
8073,0.978443
8074,0.890099
8075,0.005834
8076,0.986891
8077,0.984201
8078,0.093373
8079,0.987802
8080,0.105944
8081,0.115165
8082,0.005697
8083,0.919002
8084,0.003346
8085,0.620650
8086,0.007547
8087,0.009617
8088,0.050742
8089,0.928375
8090,0.040711
8091,0.993413
8092,0.967440
8093,0.064407
8094,0.717870
8095,0.021436
8096,0.991790
8097,0.017389
8098,0.005137
8099,0.686182
8100,0.112954
8101,0.184931
8102,0.004536
8103,0.007392
8104,0.955604
8105,0.238716
8106,0.004056
8107,0.222330
8108,0.755667
8109,0.820816
8110,0.158196
8111,0.007533
8112,0.947293
8113,0.059126
8114,0.027914
8115,0.083498
8116,0.979699
8117,0.859101
8118,0.199891
8119,0.050036
8120,0.059165
8121,0.004221
8122,0.975970
8123,0.031632
8124,0.122375
8125,0.021877
8126,0.515102
8127,0.977770
8128,0.152015
8129,0.020345
8130,0.640483
8131,0.107960
8132,0.008939
8133,0.053711
8134,0.956825
8135,0.729319
8136,0.108819
8137,0.057063
8138,0.005661
8139,0.044990
8140,0.008454
8141,0.031406
8142,0.383830
8143,0.124465
8144,0.147005
8145,0.385492
8146,0.020008
8147,0.167111
8148,0.090715
8149,0.426667
8150,0.028058
8151,0.986743
8152,0.772495
8153,0.021276
8154,0.087618
8155,0.202483
8156,0.041095
8157,0.044644
8158,0.157982
8159,0.006607
8160,0.675517
8161,0.202677
8162,0.015787
8163,0.011080
8164,0.335930
8165,0.014601
8166,0.107890
8167,0.978228
8168,0.086358
8169,0.900429
8170,0.235833
8171,0.041729
8172,0.319814
8173,0.722694
8174,0.066309
8175,0.823207
8176,0.116471
8177,0.099061
8178,0.589068
8179,0.081316
8180,0.004501
8181,0.163974
8182,0.960412
8183,0.431196
8184,0.022980
8185,0.050118
8186,0.367832
8187,0.625636
8188,0.976209
8189,0.213768
8190,0.149960
8191,0.045147
8192,0.964630
8193,0.043661
8194,0.025592
8195,0.035756
8196,0.972931
8197,0.195290
8198,0.493830
8199,0.040900
8200,0.443298
8201,0.153146
8202,0.011902
8203,0.143303
8204,0.731120
8205,0.071813
8206,0.049550
8207,0.156445
8208,0.988579
8209,0.773970
8210,0.338363
8211,0.038437
8212,0.004226
8213,0.004248
8214,0.876930
8215,0.139198
8216,0.063706
8217,0.518099
8218,0.254948
8219,0.006137
8220,0.079339
8221,0.964921
8222,0.022866
8223,0.180081
8224,0.191323
8225,0.374835
8226,0.238704
8227,0.015566
8228,0.026610
8229,0.003546
8230,0.255217
8231,0.021929
8232,0.997120
8233,0.031273
8234,0.367482
8235,0.912273
8236,0.988978
8237,0.011969
8238,0.013510
8239,0.028431
8240,0.928760
8241,0.992565
8242,0.015891
8243,0.094401
8244,0.110959
8245,0.156836
8246,0.125366
8247,0.986333
8248,0.314845
8249,0.347674
8250,0.409702
8251,0.106313
8252,0.260134
8253,0.274620
8254,0.275143
8255,0.900923
8256,0.165988
8257,0.002791
8258,0.628421
8259,0.359354
8260,0.004857
8261,0.012139
8262,0.230844
8263,0.078690
8264,0.006052
8265,0.051729
8266,0.229352
8267,0.970073
8268,0.060290
8269,0.499002
8270,0.035071
8271,0.263147
8272,0.124667
8273,0.113861
8274,0.096618
8275,0.974181
8276,0.106861
8277,0.245449
8278,0.104383
8279,0.111989
8280,0.155807
8281,0.004686
8282,0.032506
8283,0.995502
8284,0.276614
8285,0.946803
8286,0.030988
8287,0.021084
8288,0.860323
8289,0.498131
8290,0.022442
8291,0.017138
8292,0.003456
8293,0.205348
8294,0.513821
8295,0.425762
8296,0.025557
8297,0.871852
8298,0.417447
8299,0.986829
8300,0.021043
8301,0.012939
8302,0.032183
8303,0.031900
8304,0.064755
8305,0.013917
8306,0.559414
8307,0.978752
8308,0.005019
8309,0.234007
8310,0.134171
8311,0.979767
8312,0.882539
8313,0.253250
8314,0.084906
8315,0.985387
8316,0.761964
8317,0.031689
8318,0.011128
8319,0.025073
8320,0.013704
8321,0.014960
8322,0.517325
8323,0.094391
8324,0.018484
8325,0.009558
8326,0.428896
8327,0.019484
8328,0.036577
8329,0.217653
8330,0.988961
8331,0.248035
8332,0.294664
8333,0.003695
8334,0.698629
8335,0.918052
8336,0.651586
8337,0.075692
8338,0.006766
8339,0.081120
8340,0.053191
8341,0.224317
8342,0.966913
8343,0.044148
8344,0.968735
8345,0.019297
8346,0.918151
8347,0.161736
8348,0.168093
8349,0.184354
8350,0.234857
8351,0.029479
8352,0.963357
8353,0.641231
8354,0.005866
8355,0.922841
8356,0.046455
8357,0.276703
8358,0.124423
8359,0.777928
8360,0.986100
8361,0.256693
8362,0.953112
8363,0.126933
8364,0.996425
8365,0.731227
8366,0.018737
8367,0.419241
8368,0.805033
8369,0.007388
8370,0.093073
8371,0.764930
8372,0.091431
8373,0.545296
8374,0.199190
8375,0.227774
8376,0.101508
8377,0.017314
8378,0.233050
8379,0.009441
8380,0.517920
8381,0.584400
8382,0.997467
8383,0.017043
8384,0.005907
8385,0.051231
8386,0.898536
8387,0.981567
8388,0.190084
8389,0.097574
8390,0.005307
8391,0.063325
8392,0.006962
8393,0.703808
8394,0.473323
8395,0.192991
8396,0.094137
8397,0.997549
8398,0.972376
8399,0.090858
8400,0.164139
8401,0.660152
8402,0.926750
8403,0.657466
8404,0.036187
8405,0.900192
8406,0.151334
8407,0.976851
8408,0.004321
8409,0.027225
8410,0.046580
8411,0.124018
8412,0.069017
8413,0.088989
8414,0.026402
8415,0.331730
8416,0.005425
8417,0.059845
8418,0.015128
8419,0.821115
8420,0.013573
8421,0.996980
8422,0.041114
8423,0.269441
8424,0.004487
8425,0.580158
8426,0.996975
8427,0.412031
8428,0.968045
8429,0.092834
8430,0.023555
8431,0.493955
8432,0.017860
8433,0.858227
8434,0.180062
8435,0.055211
8436,0.872621
8437,0.827503
8438,0.025240
8439,0.082073
8440,0.029547
8441,0.504324
8442,0.011596
8443,0.251591
8444,0.048373
8445,0.013090
8446,0.027393
8447,0.200153
8448,0.058818
8449,0.585914
8450,0.027835
8451,0.075079
8452,0.003989
8453,0.997362
8454,0.531471
8455,0.225274
8456,0.424397
8457,0.084305
8458,0.995030
8459,0.309291
8460,0.178667
8461,0.065664
8462,0.048251
8463,0.023055
8464,0.061769
8465,0.017776
8466,0.902177
8467,0.005694
8468,0.732480
8469,0.111828
8470,0.053402
8471,0.983245
8472,0.989011
8473,0.064853
8474,0.009461
8475,0.920941
8476,0.139580
8477,0.396207
8478,0.613603
8479,0.007152
8480,0.009268
8481,0.004878
8482,0.014007
8483,0.008087
8484,0.261239
8485,0.107659
8486,0.165565
8487,0.041698
8488,0.003160
8489,0.795432
8490,0.083158
8491,0.904334
8492,0.631955
8493,0.010603
8494,0.032400
8495,0.943433
8496,0.189835
8497,0.064320
8498,0.057815
8499,0.337021
8500,0.029341
8501,0.094843
8502,0.093182
8503,0.805642
8504,0.046993
8505,0.014000
8506,0.036327
8507,0.040253
8508,0.032367
8509,0.014413
8510,0.043098
8511,0.016996
8512,0.019012
8513,0.010416
8514,0.033382
8515,0.186840
8516,0.044401
8517,0.042504
8518,0.215618
8519,0.022410
8520,0.009326
8521,0.100343
8522,0.842030
8523,0.089875
8524,0.984402
8525,0.007435
8526,0.724287
8527,0.026725
8528,0.070848
8529,0.691141
8530,0.713472
8531,0.856938
8532,0.653205
8533,0.014434
8534,0.014138
8535,0.993739
8536,0.130210
8537,0.077691
8538,0.403597
8539,0.034303
8540,0.179541
8541,0.191983
8542,0.072554
8543,0.956981
8544,0.975683
8545,0.133073
8546,0.047308
8547,0.144845
8548,0.477124
8549,0.076384
8550,0.057765
8551,0.101624
8552,0.039801
8553,0.092038
8554,0.249242
8555,0.042513
8556,0.174390
8557,0.804405
8558,0.978049
8559,0.829401
8560,0.979228
8561,0.688423
8562,0.096102
8563,0.080930
8564,0.027547
8565,0.025903
8566,0.918175
8567,0.743470
8568,0.960216
8569,0.173860
8570,0.727661
8571,0.029450
8572,0.997172
8573,0.279934
8574,0.045900
8575,0.071146
8576,0.005028
8577,0.809378
8578,0.968260
8579,0.058745
8580,0.522579
8581,0.521137
8582,0.015613
8583,0.484971
8584,0.783220
8585,0.019646
8586,0.060160
8587,0.048805
8588,0.123109
8589,0.010526
8590,0.461744
8591,0.981444
8592,0.099098
8593,0.075484
8594,0.005876
8595,0.951993
8596,0.339154
8597,0.009515
8598,0.856415
8599,0.864144
8600,0.075419
8601,0.065973
8602,0.070411
8603,0.128600
8604,0.665203
8605,0.035575
8606,0.042379
8607,0.362018
8608,0.973951
8609,0.025323
8610,0.041157
8611,0.618303
8612,0.145486
8613,0.980032
8614,0.939558
8615,0.293758
8616,0.099985
8617,0.048521
8618,0.659425
8619,0.034940
8620,0.078202
8621,0.924352
8622,0.103777
8623,0.914682
8624,0.013994
8625,0.095633
8626,0.043570
8627,0.041211
8628,0.458063
8629,0.007992
8630,0.922481
8631,0.114602
8632,0.056554
8633,0.929470
8634,0.136973
8635,0.789469
8636,0.922540
8637,0.984725
8638,0.015960
8639,0.531536
8640,0.022744
8641,0.281822
8642,0.003844
8643,0.875195
8644,0.004214
8645,0.005926
8646,0.316050
8647,0.381532
8648,0.045689
8649,0.238874
8650,0.005259
8651,0.007583
8652,0.801590
8653,0.004063
8654,0.016545
8655,0.005519
8656,0.011984
8657,0.290186
8658,0.287115
8659,0.045602
8660,0.004920
8661,0.252302
8662,0.005239
8663,0.087656
8664,0.005174
8665,0.009968
8666,0.959229
8667,0.037509
8668,0.036762
8669,0.180294
8670,0.003781
8671,0.375091
8672,0.954444
8673,0.022386
8674,0.054167
8675,0.968612
8676,0.926281
8677,0.006748
8678,0.049436
8679,0.096644
8680,0.314090
8681,0.157231
8682,0.948750
8683,0.545199
8684,0.303817
8685,0.007476
8686,0.089909
8687,0.021075
8688,0.957057
8689,0.082130
8690,0.040773
8691,0.973084
8692,0.120149
8693,0.025433
8694,0.998068
8695,0.982255
8696,0.028393
8697,0.965948
8698,0.113763
8699,0.047242
8700,0.052552
8701,0.949075
8702,0.019630
8703,0.061217
8704,0.003204
8705,0.394104
8706,0.997276
8707,0.018958
8708,0.016190
8709,0.016263
8710,0.134865
8711,0.023428
8712,0.036084
8713,0.153306
8714,0.794125
8715,0.022458
8716,0.011122
8717,0.466040
8718,0.944523
8719,0.026439
8720,0.039732
8721,0.044098
8722,0.966511
8723,0.005875
8724,0.005927
8725,0.028786
8726,0.031531
8727,0.016183
8728,0.189994
8729,0.997869
8730,0.745616
8731,0.611495
8732,0.827099
8733,0.784256
8734,0.007170
8735,0.082346
8736,0.803498
8737,0.912622
8738,0.138655
8739,0.270440
8740,0.973145
8741,0.979939
8742,0.993797
8743,0.047582
8744,0.004543
8745,0.159819
8746,0.178092
8747,0.094894
8748,0.032332
8749,0.064395
8750,0.042349
8751,0.128391
8752,0.595165
8753,0.885884
8754,0.194536
8755,0.969320
8756,0.237860
8757,0.171148
8758,0.033195
8759,0.277416
8760,0.006989
8761,0.799069
8762,0.020403
8763,0.977793
8764,0.227864
8765,0.197563
8766,0.005338
8767,0.124735
8768,0.031935
8769,0.072734
8770,0.040654
8771,0.005117
8772,0.017272
8773,0.031141
8774,0.688978
8775,0.008536
8776,0.029706
8777,0.333926
8778,0.089160
8779,0.024033
8780,0.006230
8781,0.954618
8782,0.076366
8783,0.031473
8784,0.005387
8785,0.010537
8786,0.088345
8787,0.008177
8788,0.974569
8789,0.051450
8790,0.954532
8791,0.117894
8792,0.043954
8793,0.063375
8794,0.915697
8795,0.745806
8796,0.005990
8797,0.757562
8798,0.765809
8799,0.045466
8800,0.014630
8801,0.022353
8802,0.014833
8803,0.646136
8804,0.013374
8805,0.077689
8806,0.199900
8807,0.022889
8808,0.447639
8809,0.318529
8810,0.020125
8811,0.306152
8812,0.950853
8813,0.009958
8814,0.641644
8815,0.922552
8816,0.906312
8817,0.985743
8818,0.910978
8819,0.227082
8820,0.480606
8821,0.093960
8822,0.745185
8823,0.947301
8824,0.012301
8825,0.042478
8826,0.212245
8827,0.599970
8828,0.260732
8829,0.061414
8830,0.020990
8831,0.054721
8832,0.272310
8833,0.019225
8834,0.692407
8835,0.006757
8836,0.061963
8837,0.138493
8838,0.307311
8839,0.133825
8840,0.067822
8841,0.986951
8842,0.949361
8843,0.046396
8844,0.581312
8845,0.126344
8846,0.011579
8847,0.055924
8848,0.982714
8849,0.063038
8850,0.936390
8851,0.101941
8852,0.574913
8853,0.228649
8854,0.002723
8855,0.028741
8856,0.021632
8857,0.034293
8858,0.090647
8859,0.468530
8860,0.067693
8861,0.063868
8862,0.064476
8863,0.299069
8864,0.007717
8865,0.670025
8866,0.968773
8867,0.035868
8868,0.830144
8869,0.405954
8870,0.065967
8871,0.355277
8872,0.051822
8873,0.010089
8874,0.366646
8875,0.091413
8876,0.010156
8877,0.997325
8878,0.002235
8879,0.068849
8880,0.014488
8881,0.227560
8882,0.178241
8883,0.238471
8884,0.959977
8885,0.287166
8886,0.099692
8887,0.033045
8888,0.033916
8889,0.017387
8890,0.108997
8891,0.211197
8892,0.142168
8893,0.333104
8894,0.141299
8895,0.970301
8896,0.343426
8897,0.411038
8898,0.516964
8899,0.089926
8900,0.196394
8901,0.404730
8902,0.997121
8903,0.494071
8904,0.601844
8905,0.531052
8906,0.958934
8907,0.071301
8908,0.071208
8909,0.825529
8910,0.611750
8911,0.019972
8912,0.300635
8913,0.038299
8914,0.082111
8915,0.071960
8916,0.009693
8917,0.062384
8918,0.041361
8919,0.213470
8920,0.070360
8921,0.094296
8922,0.966455
8923,0.040285
8924,0.657238
8925,0.499177
8926,0.016939
8927,0.672404
8928,0.923627
8929,0.543116
8930,0.513724
8931,0.078970
8932,0.959772
8933,0.050540
8934,0.101095
8935,0.716278
8936,0.882590
8937,0.018322
8938,0.952591
8939,0.104423
8940,0.182102
8941,0.005260
8942,0.284338
8943,0.331438
8944,0.656773
8945,0.654433
8946,0.141111
8947,0.968117
8948,0.132404
8949,0.427866
8950,0.726009
8951,0.993266
8952,0.115594
8953,0.031189
8954,0.024296
8955,0.943775
8956,0.755565
8957,0.955120
8958,0.919295
8959,0.235062
8960,0.013404
8961,0.828442
8962,0.017617
8963,0.965302
8964,0.289862
8965,0.024358
8966,0.211108
8967,0.015738
8968,0.018717
8969,0.010422
8970,0.005781
8971,0.014708
8972,0.008246
8973,0.364562
8974,0.029027
8975,0.780482
8976,0.121808
8977,0.050156
8978,0.457056
8979,0.003580
8980,0.009966
8981,0.803654
8982,0.049729
8983,0.553219
8984,0.006109
8985,0.024412
8986,0.009825
8987,0.021898
8988,0.007849
8989,0.297529
8990,0.013780
8991,0.124750
8992,0.011599
8993,0.081368
8994,0.976933
8995,0.528366
8996,0.017178
8997,0.978811
8998,0.030538
8999,0.086342
9000,0.085825
9001,0.185286
9002,0.011433
9003,0.970181
9004,0.206540
9005,0.836287
9006,0.943683
9007,0.194080
9008,0.061910
9009,0.087070
9010,0.805130
9011,0.907583
9012,0.013036
9013,0.010898
9014,0.115171
9015,0.014766
9016,0.306225
9017,0.067453
9018,0.872645
9019,0.189464
9020,0.033462
9021,0.320839
9022,0.035046
9023,0.192010
9024,0.048284
9025,0.543764
9026,0.122439
9027,0.995701
9028,0.084147
9029,0.013933
9030,0.545869
9031,0.168996
9032,0.189662
9033,0.980727
9034,0.033414
9035,0.013870
9036,0.026304
9037,0.041855
9038,0.157474
9039,0.160912
9040,0.025769
9041,0.408791
9042,0.110444
9043,0.428789
9044,0.007040
9045,0.047627
9046,0.019021
9047,0.078390
9048,0.154627
9049,0.978797
9050,0.081481
9051,0.968386
9052,0.031500
9053,0.016781
9054,0.066332
9055,0.341551
9056,0.461188
9057,0.047919
9058,0.996235
9059,0.047403
9060,0.028609
9061,0.273673
9062,0.937278
9063,0.019104
9064,0.020826
9065,0.441132
9066,0.099777
9067,0.302543
9068,0.023530
9069,0.014795
9070,0.066444
9071,0.099963
9072,0.870889
9073,0.612847
9074,0.950901
9075,0.005101
9076,0.898654
9077,0.011345
9078,0.158280
9079,0.605465
9080,0.716684
9081,0.329968
9082,0.504887
9083,0.434370
9084,0.046578
9085,0.975518
9086,0.886988
9087,0.980764
9088,0.799746
9089,0.166358
9090,0.309056
9091,0.323427
9092,0.340244
9093,0.015046
9094,0.025205
9095,0.659388
9096,0.936689
9097,0.005492
9098,0.063265
9099,0.135774
9100,0.006655
9101,0.889648
9102,0.052600
9103,0.756199
9104,0.208661
9105,0.087873
9106,0.132853
9107,0.013526
9108,0.383313
9109,0.161703
9110,0.002484
9111,0.890310
9112,0.012403
9113,0.604505
9114,0.023106
9115,0.836070
9116,0.067130
9117,0.912137
9118,0.219342
9119,0.603927
9120,0.049930
9121,0.549179
9122,0.073557
9123,0.192919
9124,0.010959
9125,0.580923
9126,0.113244
9127,0.039661
9128,0.006234
9129,0.015821
9130,0.412299
9131,0.976776
9132,0.107501
9133,0.018621
9134,0.079403
9135,0.413263
9136,0.009069
9137,0.052660
9138,0.028198
9139,0.029345
9140,0.950497
9141,0.057036
9142,0.035210
9143,0.861716
9144,0.140910
9145,0.033190
9146,0.007522
9147,0.094647
9148,0.223295
9149,0.078060
9150,0.186714
9151,0.007466
9152,0.712777
9153,0.192544
9154,0.877134
9155,0.982921
9156,0.647062
9157,0.944801
9158,0.302439
9159,0.005889
9160,0.221988
9161,0.012373
9162,0.068128
9163,0.004267
9164,0.030983
9165,0.022988
9166,0.966553
9167,0.011487
9168,0.329365
9169,0.971629
9170,0.800890
9171,0.953233
9172,0.885157
9173,0.385445
9174,0.053174
9175,0.078355
9176,0.008144
9177,0.292314
9178,0.456640
9179,0.061356
9180,0.010542
9181,0.352310
9182,0.004646
9183,0.015499
9184,0.340312
9185,0.035464
9186,0.116951
9187,0.028169
9188,0.021660
9189,0.825807
9190,0.008574
9191,0.063198
9192,0.978861
9193,0.003134
9194,0.013805
9195,0.011692
9196,0.755251
9197,0.023557
9198,0.007277
9199,0.060065
9200,0.075508
9201,0.997890
9202,0.048312
9203,0.043664
9204,0.129416
9205,0.004080
9206,0.311429
9207,0.467556
9208,0.005608
9209,0.016927
9210,0.940269
9211,0.864469
9212,0.403364
9213,0.069658
9214,0.021976
9215,0.073017
9216,0.275437
9217,0.034291
9218,0.201111
9219,0.031634
9220,0.020242
9221,0.372710
9222,0.069915
9223,0.983659
9224,0.104260
9225,0.981790
9226,0.971083
9227,0.041232
9228,0.009974
9229,0.011027
9230,0.116763
9231,0.054164
9232,0.924743
9233,0.006177
9234,0.077497
9235,0.085722
9236,0.010998
9237,0.070427
9238,0.159190
9239,0.131270
9240,0.667556
9241,0.172705
9242,0.002646
9243,0.979379
9244,0.014381
9245,0.044420
9246,0.236407
9247,0.040660
9248,0.984297
9249,0.995134
9250,0.030844
9251,0.622205
9252,0.004762
9253,0.005405
9254,0.161981
9255,0.995910
9256,0.090796
9257,0.344776
9258,0.874750
9259,0.025227
9260,0.077017
9261,0.950890
9262,0.735974
9263,0.019221
9264,0.032509
9265,0.014110
9266,0.829145
9267,0.589954
9268,0.064254
9269,0.807139
9270,0.008132
9271,0.002990
9272,0.064003
9273,0.035583
9274,0.036571
9275,0.017220
9276,0.014631
9277,0.123388
9278,0.988409
9279,0.101640
9280,0.526517
9281,0.970065
9282,0.239049
9283,0.834961
9284,0.073801
9285,0.291316
9286,0.099521
9287,0.584691
9288,0.119761
9289,0.078762
9290,0.057536
9291,0.063492
9292,0.373023
9293,0.270151
9294,0.092456
9295,0.320190
9296,0.130872
9297,0.979700
9298,0.055654
9299,0.006547
9300,0.125003
9301,0.266317
9302,0.047369
9303,0.049730
9304,0.056432
9305,0.007291
9306,0.113774
9307,0.583979
9308,0.977397
9309,0.966661
9310,0.048338
9311,0.848675
9312,0.849139
9313,0.876155
9314,0.017531
9315,0.491906
9316,0.919933
9317,0.431401
9318,0.006070
9319,0.049801
9320,0.023111
9321,0.865300
9322,0.794342
9323,0.347770
9324,0.010949
9325,0.033120
9326,0.251126
9327,0.057275
9328,0.540377
9329,0.082314
9330,0.837455
9331,0.112274
9332,0.028943
9333,0.039995
9334,0.387033
9335,0.022240
9336,0.064122
9337,0.767653
9338,0.083896
9339,0.254794
9340,0.079238
9341,0.026925
9342,0.035918
9343,0.020275
9344,0.076952
9345,0.004127
9346,0.049343
9347,0.032830
9348,0.027411
9349,0.059201
9350,0.082394
9351,0.019869
9352,0.084679
9353,0.032263
9354,0.035168
9355,0.291146
9356,0.375746
9357,0.037249
9358,0.254917
9359,0.980908
9360,0.103918
9361,0.004540
9362,0.023603
9363,0.100975
9364,0.427096
9365,0.005263
9366,0.119275
9367,0.967942
9368,0.082215
9369,0.051464
9370,0.969151
9371,0.387718
9372,0.016987
9373,0.005396
9374,0.028322
9375,0.188229
9376,0.814286
9377,0.078236
9378,0.997827
9379,0.088474
9380,0.047726
9381,0.985101
9382,0.129388
9383,0.969107
9384,0.544865
9385,0.975300
9386,0.004960
9387,0.388656
9388,0.300805
9389,0.635717
9390,0.015489
9391,0.226315
9392,0.037486
9393,0.033049
9394,0.317577
9395,0.904902
9396,0.019276
9397,0.996720
9398,0.013266
9399,0.005275
9400,0.356101
9401,0.028724
9402,0.074314
9403,0.011669
9404,0.983587
9405,0.579877
9406,0.002875
9407,0.004118
9408,0.443280
9409,0.217332
9410,0.855780
9411,0.192603
9412,0.035087
9413,0.035974
9414,0.015803
9415,0.211173
9416,0.030280
9417,0.025737
9418,0.046855
9419,0.336683
9420,0.982827
9421,0.103881
9422,0.995078
9423,0.054309
9424,0.851541
9425,0.986480
9426,0.341471
9427,0.115966
9428,0.073883
9429,0.611294
9430,0.002583
9431,0.922971
9432,0.010283
9433,0.898705
9434,0.010635
9435,0.997863
9436,0.986538
9437,0.005886
9438,0.333965
9439,0.007307
9440,0.256160
9441,0.692384
9442,0.080768
9443,0.046925
9444,0.069628
9445,0.922034
9446,0.007463
9447,0.977110
9448,0.040131
9449,0.032117
9450,0.036187
9451,0.010557
9452,0.987504
9453,0.402786
9454,0.026784
9455,0.026652
9456,0.005636
9457,0.484180
9458,0.010640
9459,0.279063
9460,0.030136
9461,0.925423
9462,0.322911
9463,0.055544
9464,0.119050
9465,0.004861
9466,0.532024
9467,0.909896
9468,0.100997
9469,0.002634
9470,0.971275
9471,0.009686
9472,0.951006
9473,0.087472
9474,0.964422
9475,0.028847
9476,0.027691
9477,0.089149
9478,0.567457
9479,0.132514
9480,0.905668
9481,0.936437
9482,0.176169
9483,0.954650
9484,0.080734
9485,0.253753
9486,0.957942
9487,0.820155
9488,0.979376
9489,0.251262
9490,0.019055
9491,0.030767
9492,0.988485
9493,0.093514
9494,0.103644
9495,0.004094
9496,0.013924
9497,0.053201
9498,0.452304
9499,0.968581
9500,0.214785
9501,0.139923
9502,0.970374
9503,0.979567
9504,0.314742
9505,0.768210
9506,0.991058
9507,0.026819
9508,0.032302
9509,0.104040
9510,0.020266
9511,0.160990
9512,0.310317
9513,0.775628
9514,0.165154
9515,0.072673
9516,0.325459
9517,0.033693
9518,0.022885
9519,0.025529
9520,0.003559
9521,0.018571
9522,0.431157
9523,0.061892
9524,0.046410
9525,0.003010
9526,0.508948
9527,0.045189
9528,0.069415
9529,0.262641
9530,0.039750
9531,0.038901
9532,0.022269
9533,0.410631
9534,0.840836
9535,0.717799
9536,0.013644
9537,0.991549
9538,0.035079
9539,0.410467
9540,0.984156
9541,0.237882
9542,0.395961
9543,0.009067
9544,0.017281
9545,0.087081
9546,0.977183
9547,0.597644
9548,0.012822
9549,0.206034
9550,0.747957
9551,0.639075
9552,0.959937
9553,0.461765
9554,0.980959
9555,0.441518
9556,0.021938
9557,0.964651
9558,0.122017
9559,0.100420
9560,0.002463
9561,0.075428
9562,0.993143
9563,0.158275
9564,0.970889
9565,0.006223
9566,0.090930
9567,0.991347
9568,0.030824
9569,0.073642
9570,0.152585
9571,0.073716
9572,0.150928
9573,0.876735
9574,0.728938
9575,0.070177
9576,0.972252
9577,0.218210
9578,0.007388
9579,0.008032
9580,0.931765
9581,0.897845
9582,0.009776
9583,0.883387
9584,0.925401
9585,0.045366
9586,0.007714
9587,0.015239
9588,0.933200
9589,0.030197
9590,0.126041
9591,0.277321
9592,0.593553
9593,0.027689
9594,0.970930
9595,0.979993
9596,0.029076
9597,0.874528
9598,0.982743
9599,0.085488
9600,0.802775
9601,0.755227
9602,0.008995
9603,0.084353
9604,0.082348
9605,0.117216
9606,0.003485
9607,0.180644
9608,0.455624
9609,0.535431
9610,0.009081
9611,0.005124
9612,0.020301
9613,0.046095
9614,0.318473
9615,0.161307
9616,0.869968
9617,0.032704
9618,0.528139
9619,0.161439
9620,0.005444
9621,0.195159
9622,0.012380
9623,0.486582
9624,0.155276
9625,0.005241
9626,0.048588
9627,0.085564
9628,0.979607
9629,0.727328
9630,0.952284
9631,0.997506
9632,0.993134
9633,0.052152
9634,0.091832
9635,0.997713
9636,0.986690
9637,0.008726
9638,0.063227
9639,0.120332
9640,0.180884
9641,0.012236
9642,0.106277
9643,0.092457
9644,0.970077
9645,0.168030
9646,0.485079
9647,0.395850
9648,0.003293
9649,0.450999
9650,0.019832
9651,0.988621
9652,0.636158
9653,0.289383
9654,0.227451
9655,0.022469
9656,0.377675
9657,0.966232
9658,0.998138
9659,0.057858
9660,0.048459
9661,0.056069
9662,0.977495
9663,0.013454
9664,0.014003
9665,0.080199
9666,0.052491
9667,0.103069
9668,0.255275
9669,0.079493
9670,0.468051
9671,0.251187
9672,0.073834
9673,0.058785
9674,0.691688
9675,0.107387
9676,0.083666
9677,0.006412
9678,0.954783
9679,0.033541
9680,0.357419
9681,0.541948
9682,0.194263
9683,0.948513
9684,0.025413
9685,0.853089
9686,0.103969
9687,0.173220
9688,0.022225
9689,0.008758
9690,0.155075
9691,0.873549
9692,0.086809
9693,0.028027
9694,0.677042
9695,0.009366
9696,0.962924
9697,0.405970
9698,0.060200
9699,0.008750
9700,0.108248
9701,0.074410
9702,0.994718
9703,0.136432
9704,0.049109
9705,0.124996
9706,0.739661
9707,0.138540
9708,0.023505
9709,0.151527
9710,0.584253
9711,0.060861
9712,0.486790
9713,0.479122
9714,0.016609
9715,0.041332
9716,0.242809
9717,0.025885
9718,0.020446
9719,0.076943
9720,0.988580
9721,0.973615
9722,0.103485
9723,0.016688
9724,0.099793
9725,0.893340
9726,0.151464
9727,0.107208
9728,0.328677
9729,0.017515
9730,0.972806
9731,0.023296
9732,0.004178
9733,0.012472
9734,0.058106
9735,0.402336
9736,0.170660
9737,0.038887
9738,0.056915
9739,0.973494
9740,0.072832
9741,0.054774
9742,0.041433
9743,0.691674
9744,0.029419
9745,0.794766
9746,0.011418
9747,0.434587
9748,0.728318
9749,0.978043
9750,0.006988
9751,0.983481
9752,0.015216
9753,0.971925
9754,0.298998
9755,0.995169
9756,0.112810
9757,0.967651
9758,0.210074
9759,0.033102
9760,0.007440
9761,0.171155
9762,0.003934
9763,0.087872
9764,0.917146
9765,0.100670
9766,0.168874
9767,0.835756
9768,0.596679
9769,0.011925
9770,0.610251
9771,0.070257
9772,0.050830
9773,0.786292
9774,0.012411
9775,0.081686
9776,0.004292
9777,0.134173
9778,0.127752
9779,0.207966
9780,0.982376
9781,0.133542
9782,0.847444
9783,0.210701
9784,0.359971
9785,0.970328
9786,0.678254
9787,0.096438
9788,0.005973
9789,0.360928
9790,0.236216
9791,0.065310
9792,0.141622
9793,0.123925
9794,0.679993
9795,0.055953
9796,0.043429
9797,0.838426
9798,0.652100
9799,0.057424
9800,0.043419
9801,0.016966
9802,0.155361
9803,0.013643
9804,0.843008
9805,0.007964
9806,0.751832
9807,0.046560
9808,0.038476
9809,0.068768
9810,0.008657
9811,0.024001
9812,0.051672
9813,0.004808
9814,0.100979
9815,0.259187
9816,0.251696
9817,0.029568
9818,0.415697
9819,0.951059
9820,0.111495
9821,0.047137
9822,0.009786
9823,0.946566
9824,0.348323
9825,0.982472
9826,0.008951
9827,0.992474
9828,0.569824
9829,0.557290
9830,0.964812
9831,0.018142
9832,0.058992
9833,0.168083
9834,0.051970
9835,0.372001
9836,0.982146
9837,0.994528
9838,0.003052
9839,0.059206
9840,0.996011
9841,0.035736
9842,0.425601
9843,0.810795
9844,0.086109
9845,0.003526
9846,0.784727
9847,0.464575
9848,0.031819
9849,0.006331
9850,0.181942
9851,0.044319
9852,0.046230
9853,0.015605
9854,0.068921
9855,0.238272
9856,0.064781
9857,0.962502
9858,0.036690
9859,0.868842
9860,0.070512
9861,0.063779
9862,0.062982
9863,0.007087
9864,0.913691
9865,0.995481
9866,0.053519
9867,0.002757
9868,0.465873
9869,0.107521
9870,0.847605
9871,0.955954
9872,0.095553
9873,0.026641
9874,0.908277
9875,0.153732
9876,0.069814
9877,0.125570
9878,0.027377
9879,0.856711
9880,0.012546
9881,0.936879
9882,0.930575
9883,0.030505
9884,0.026213
9885,0.046032
9886,0.144673
9887,0.020325
9888,0.964206
9889,0.997129
9890,0.340722
9891,0.027145
9892,0.143475
9893,0.270684
9894,0.071490
9895,0.066491
9896,0.853443
9897,0.116877
9898,0.051809
9899,0.123200
9900,0.234390
9901,0.062035
9902,0.051118
9903,0.054442
9904,0.780797
9905,0.050828
9906,0.137235
9907,0.357764
9908,0.005058
9909,0.967314
9910,0.946649
9911,0.100815
9912,0.043950
9913,0.017151
9914,0.140873
9915,0.969651
9916,0.073810
9917,0.079352
9918,0.014873
9919,0.672835
9920,0.013083
9921,0.457594
9922,0.002726
9923,0.439315
9924,0.198397
9925,0.318353
9926,0.113714
9927,0.232594
9928,0.005297
9929,0.952762
9930,0.948647
9931,0.484614
9932,0.197882
9933,0.195689
9934,0.021356
9935,0.899299
9936,0.987510
9937,0.280094
9938,0.387154
9939,0.045011
9940,0.192768
9941,0.031267
9942,0.068829
9943,0.016152
9944,0.055785
9945,0.970377
9946,0.052292
9947,0.079181
9948,0.028413
9949,0.005732
9950,0.037988
9951,0.284667
9952,0.006465
9953,0.995256
9954,0.857198
9955,0.122158
9956,0.726580
9957,0.009873
9958,0.975475
9959,0.183888
9960,0.819952
9961,0.036902
9962,0.030631
9963,0.014428
9964,0.179490
9965,0.032068
9966,0.010656
9967,0.005726
9968,0.092954
9969,0.006266
9970,0.119434
9971,0.989607
9972,0.043842
9973,0.025901
9974,0.041451
9975,0.965682
9976,0.275284
9977,0.196538
9978,0.164950
9979,0.003316
9980,0.068245
9981,0.070811
9982,0.007654
9983,0.112150
9984,0.028918
9985,0.005994
9986,0.035982
9987,0.140091
9988,0.075001
9989,0.071097
9990,0.117752
9991,0.954160
9992,0.051724
9993,0.040302
9994,0.627952
9995,0.003040
9996,0.261179
9997,0.605996
9998,0.989637
9999,0.099314
10000,0.403888
10001,0.945436
10002,0.429731
10003,0.201279
10004,0.011394
10005,0.960813
10006,0.957312
10007,0.028374
10008,0.982917
10009,0.958218
10010,0.083013
10011,0.034696
10012,0.895099
10013,0.028588
10014,0.237293
10015,0.071345
10016,0.048608
10017,0.012040
10018,0.004611
10019,0.055979
10020,0.031069
10021,0.046808
10022,0.985306
10023,0.983836
10024,0.694873
10025,0.033144
10026,0.023825
10027,0.076388
10028,0.852676
10029,0.080339
10030,0.005456
10031,0.058327
10032,0.595448
10033,0.747808
10034,0.010313
10035,0.032443
10036,0.072044
10037,0.943920
10038,0.007663
10039,0.393605
10040,0.140288
10041,0.008889
10042,0.943544
10043,0.034861
10044,0.255851
10045,0.016136
10046,0.007579
10047,0.895162
10048,0.091332
10049,0.833790
10050,0.014613
10051,0.441867
10052,0.955333
10053,0.065854
10054,0.509048
10055,0.233900
10056,0.006665
10057,0.957025
10058,0.957548
10059,0.058838
10060,0.905984
10061,0.142344
10062,0.003332
10063,0.075189
10064,0.977102
10065,0.255816
10066,0.049820
10067,0.030096
10068,0.014455
10069,0.058603
10070,0.035673
10071,0.613779
10072,0.924297
10073,0.584059
10074,0.167691
10075,0.816087
10076,0.949777
10077,0.073288
10078,0.019814
10079,0.076169
10080,0.082232
10081,0.080640
10082,0.354033
10083,0.016216
10084,0.085591
10085,0.243631
10086,0.089851
10087,0.807923
10088,0.043485
10089,0.791138
10090,0.003735
10091,0.070460
10092,0.004764
10093,0.039426
10094,0.311829
10095,0.030140
10096,0.033102
10097,0.980882
10098,0.217895
10099,0.226932
10100,0.013574
10101,0.006285
10102,0.034984
10103,0.034049
10104,0.954776
10105,0.004481
10106,0.203474
10107,0.006273
10108,0.360893
10109,0.066094
10110,0.131881
10111,0.029481
10112,0.024312
10113,0.078002
10114,0.061192
10115,0.005885
10116,0.657913
10117,0.076284
10118,0.085213
10119,0.326565
10120,0.500218
10121,0.210162
10122,0.249983
10123,0.121912
10124,0.008095
10125,0.091427
10126,0.974318
10127,0.028967
10128,0.052439
10129,0.043397
10130,0.122260
10131,0.746777
10132,0.352963
10133,0.087468
10134,0.982648
10135,0.055017
10136,0.016851
10137,0.006481
10138,0.529056
10139,0.916728
10140,0.193053
10141,0.096475
10142,0.010828
10143,0.109387
10144,0.003526
10145,0.015799
10146,0.087963
10147,0.365128
10148,0.572538
10149,0.807181
10150,0.094850
10151,0.044299
10152,0.014708
10153,0.938794
10154,0.060189
10155,0.053571
10156,0.354484
10157,0.217702
10158,0.733270
10159,0.246269
10160,0.974108
10161,0.020006
10162,0.909296
10163,0.996172
10164,0.006498
10165,0.016602
10166,0.004127
10167,0.700431
10168,0.392444
10169,0.765617
10170,0.007721
10171,0.238916
10172,0.258577
10173,0.143650
10174,0.005260
10175,0.249336
10176,0.004640
10177,0.997419
10178,0.010099
10179,0.033958
10180,0.168504
10181,0.006096
10182,0.040755
10183,0.932341
10184,0.996642
10185,0.940765
10186,0.259385
10187,0.028636
10188,0.048799
10189,0.008126
10190,0.003393
10191,0.979937
10192,0.968399
10193,0.118673
10194,0.046076
10195,0.021214
10196,0.692327
10197,0.024674
10198,0.052559
10199,0.074715
10200,0.005883
10201,0.014976
10202,0.054366
10203,0.022298
10204,0.918958
10205,0.012036
10206,0.996187
10207,0.032443
10208,0.964325
10209,0.639531
10210,0.978323
10211,0.627613
10212,0.876791
10213,0.291390
10214,0.161725
10215,0.027559
10216,0.302977
10217,0.797497
10218,0.010322
10219,0.049735
10220,0.079259
10221,0.007775
10222,0.004124
10223,0.958752
10224,0.885496
10225,0.085127
10226,0.028345
10227,0.997627
10228,0.009175
10229,0.413673
10230,0.996978
10231,0.018376
10232,0.164649
10233,0.282360
10234,0.105747
10235,0.018929
10236,0.040480
10237,0.544773
10238,0.081982
10239,0.939804
10240,0.064648
10241,0.019792
10242,0.229554
10243,0.072661
10244,0.005729
10245,0.952347
10246,0.034502
10247,0.526709
10248,0.533479
10249,0.776950
10250,0.007580
10251,0.048199
10252,0.021190
10253,0.840636
10254,0.320833
10255,0.140622
10256,0.952096
10257,0.678754
10258,0.026688
10259,0.038718
10260,0.975641
10261,0.013887
10262,0.002964
10263,0.846366
10264,0.692313
10265,0.024716
10266,0.727421
10267,0.825729
10268,0.014080
10269,0.040608
10270,0.597665
10271,0.010843
10272,0.070917
10273,0.764522
10274,0.723712
10275,0.223470
10276,0.130508
10277,0.143511
10278,0.121542
10279,0.980667
10280,0.023997
10281,0.578016
10282,0.024307
10283,0.551515
10284,0.280654
10285,0.060803
10286,0.109214
10287,0.257612
10288,0.915655
10289,0.789058
10290,0.085895
10291,0.059430
10292,0.017352
10293,0.145579
10294,0.474820
10295,0.138275
10296,0.968708
10297,0.156759
10298,0.032877
10299,0.168988
10300,0.873427
10301,0.004903
10302,0.814608
10303,0.065859
10304,0.171147
10305,0.028287
10306,0.889746
10307,0.130353
10308,0.087998
10309,0.079239
10310,0.090069
10311,0.102967
10312,0.961195
10313,0.098601
10314,0.002217
10315,0.742921
10316,0.155854
10317,0.065477
10318,0.346986
10319,0.014615
10320,0.109120
10321,0.071657
10322,0.110240
10323,0.076414
10324,0.002997
10325,0.279084
10326,0.522718
10327,0.007936
10328,0.820539
10329,0.244888
10330,0.028756
10331,0.073735
10332,0.036729
10333,0.423690
10334,0.869770
10335,0.954917
10336,0.530699
10337,0.425446
10338,0.342598
10339,0.535495
10340,0.678208
10341,0.053427
10342,0.672357
10343,0.918491
10344,0.770916
10345,0.015195
10346,0.966025
10347,0.943470
10348,0.023095
10349,0.725462
10350,0.179795
10351,0.975742
10352,0.027156
10353,0.951187
10354,0.487864
10355,0.127772
10356,0.104375
10357,0.103062
10358,0.977644
10359,0.025383
10360,0.950299
10361,0.952525
10362,0.009475
10363,0.026036
10364,0.249845
10365,0.010208
10366,0.049180
10367,0.019543
10368,0.983205
10369,0.024403
10370,0.004903
10371,0.247173
10372,0.031973
10373,0.492366
10374,0.971039
10375,0.003202
10376,0.029990
10377,0.140629
10378,0.576739
10379,0.031181
10380,0.136509
10381,0.070943
10382,0.908291
10383,0.997922
10384,0.044879
10385,0.068575
10386,0.070133
10387,0.010923
10388,0.078220
10389,0.022921
10390,0.381242
10391,0.006182
10392,0.204074
10393,0.018980
10394,0.872306
10395,0.127550
10396,0.442162
10397,0.111829
10398,0.954264
10399,0.125941
10400,0.564388
10401,0.543415
10402,0.469396
10403,0.053349
10404,0.022902
10405,0.745971
10406,0.488772
10407,0.016211
10408,0.942201
10409,0.122409
10410,0.410438
10411,0.052858
10412,0.062857
10413,0.026390
10414,0.978812
10415,0.132272
10416,0.499170
10417,0.051421
10418,0.970239
10419,0.138050
10420,0.682922
10421,0.871793
10422,0.583751
10423,0.106934
10424,0.496832
10425,0.336146
10426,0.028763
10427,0.068813
10428,0.018081
10429,0.029419
10430,0.150828
10431,0.761413
10432,0.971756
10433,0.105522
10434,0.012760
10435,0.044488
10436,0.027452
10437,0.005502
10438,0.009266
10439,0.003105
10440,0.002833
10441,0.819395
10442,0.949791
10443,0.373557
10444,0.290581
10445,0.034270
10446,0.007937
10447,0.763137
10448,0.015552
10449,0.976396
10450,0.984518
10451,0.231672
10452,0.983911
10453,0.753513
10454,0.162821
10455,0.013464
10456,0.009676
10457,0.008630
10458,0.941906
10459,0.047530
10460,0.023257
10461,0.508667
10462,0.163202
10463,0.037445
10464,0.966410
10465,0.021839
10466,0.157303
10467,0.035045
10468,0.686244
10469,0.570642
10470,0.797080
10471,0.015633
10472,0.870560
10473,0.092442
10474,0.152025
10475,0.028894
10476,0.081783
10477,0.988716
10478,0.894247
10479,0.052746
10480,0.978499
10481,0.971786
10482,0.130680
10483,0.045071
10484,0.969477
10485,0.055374
10486,0.084571
10487,0.089593
10488,0.188107
10489,0.377943
10490,0.791668
10491,0.046260
10492,0.003164
10493,0.986640
10494,0.196416
10495,0.971960
10496,0.082420
10497,0.056756
10498,0.228594
10499,0.059984
10500,0.982100
10501,0.435819
10502,0.526245
10503,0.924557
10504,0.229495
10505,0.052507
10506,0.316950
10507,0.152324
10508,0.027450
10509,0.045843
10510,0.807682
10511,0.233687
10512,0.021876
10513,0.072731
10514,0.891896
10515,0.010686
10516,0.856810
10517,0.038088
10518,0.224540
10519,0.573902
10520,0.988895
10521,0.260357
10522,0.004402
10523,0.018063
10524,0.860844
10525,0.633030
10526,0.259119
10527,0.417570
10528,0.862770
10529,0.965644
10530,0.051045
10531,0.058783
10532,0.019548
10533,0.041183
10534,0.095822
10535,0.322266
10536,0.978829
10537,0.076321
10538,0.025616
10539,0.072929
10540,0.455174
10541,0.936732
10542,0.070769
10543,0.947289
10544,0.851475
10545,0.955825
10546,0.996945
10547,0.894529
10548,0.028981
10549,0.978737
10550,0.183346
10551,0.010187
10552,0.021109
10553,0.045057
10554,0.923278
10555,0.064948
10556,0.251602
10557,0.063601
10558,0.885428
10559,0.947515
10560,0.056965
10561,0.003214
10562,0.176560
10563,0.898807
10564,0.673535
10565,0.011727
10566,0.591137
10567,0.054147
10568,0.064676
10569,0.091405
10570,0.412299
10571,0.084241
10572,0.125698
10573,0.282163
10574,0.963568
10575,0.016809
10576,0.026637
10577,0.962239
10578,0.864477
10579,0.053470
10580,0.005293
10581,0.025425
10582,0.949821
10583,0.984129
10584,0.036991
10585,0.967746
10586,0.401209
10587,0.921174
10588,0.020944
10589,0.137915
10590,0.500454
10591,0.011261
10592,0.721962
10593,0.052405
10594,0.050680
10595,0.005358
10596,0.146626
10597,0.934568
10598,0.105817
10599,0.080617
10600,0.069337
10601,0.649811
10602,0.051681
10603,0.954211
10604,0.003316
10605,0.830782
10606,0.982052
10607,0.012224
10608,0.020177
10609,0.133676
10610,0.056116
10611,0.930966
10612,0.020549
10613,0.049927
10614,0.028117
10615,0.039145
10616,0.142587
10617,0.620739
10618,0.962761
10619,0.009076
10620,0.960553
10621,0.110147
10622,0.460367
10623,0.088299
10624,0.154544
10625,0.141075
10626,0.115388
10627,0.098726
10628,0.253538
10629,0.006717
10630,0.985662
10631,0.004202
10632,0.031110
10633,0.023184
10634,0.438518
10635,0.937341
10636,0.748747
10637,0.996772
10638,0.136908
10639,0.398098
10640,0.177196
10641,0.190271
10642,0.372737
10643,0.005571
10644,0.020410
10645,0.996619
10646,0.007907
10647,0.005899
10648,0.003528
10649,0.953102
10650,0.173910
10651,0.154857
10652,0.995427
10653,0.404476
10654,0.910825
10655,0.152006
10656,0.981655
10657,0.248194
10658,0.206268
10659,0.022988
10660,0.003840
10661,0.964473
10662,0.039976
10663,0.176362
10664,0.086973
10665,0.009259
10666,0.535169
10667,0.297352
10668,0.637794
10669,0.010022
10670,0.024150
10671,0.005496
10672,0.003811
10673,0.089164
10674,0.317851
10675,0.534064
10676,0.030234
10677,0.980765
10678,0.063935
10679,0.035725
10680,0.004794
10681,0.559554
10682,0.042831
10683,0.451297
10684,0.038646
10685,0.967075
10686,0.985060
10687,0.018160
10688,0.023485
10689,0.875719
10690,0.010539
10691,0.423254
10692,0.911362
10693,0.893681
10694,0.016342
10695,0.413536
10696,0.086082
10697,0.016937
10698,0.901810
10699,0.997845
10700,0.912811
10701,0.156220
10702,0.011437
10703,0.956536
10704,0.361232
10705,0.984121
10706,0.628476
10707,0.940560
10708,0.003427
10709,0.109804
10710,0.008257
10711,0.003384
10712,0.163122
10713,0.115853
10714,0.005874
10715,0.171901
10716,0.782986
10717,0.090958
10718,0.002131
10719,0.410987
10720,0.805975
10721,0.975545
10722,0.960348
10723,0.947899
10724,0.008568
10725,0.176952
10726,0.662212
10727,0.990760
10728,0.036185
10729,0.079437
10730,0.006678
10731,0.996684
10732,0.072538
10733,0.065282
10734,0.120145
10735,0.979061
10736,0.005305
10737,0.304274
10738,0.003642
10739,0.922751
10740,0.320401
10741,0.234452
10742,0.926826
10743,0.007930
10744,0.808841
10745,0.220520
10746,0.802678
10747,0.014160
10748,0.954203
10749,0.996327
10750,0.817331
10751,0.015634
10752,0.058703
10753,0.144941
10754,0.314435
10755,0.022200
10756,0.114457
10757,0.802220
10758,0.585294
10759,0.073319
10760,0.216880
10761,0.013304
10762,0.095019
10763,0.381871
10764,0.966041
10765,0.895131
10766,0.042115
10767,0.137435
10768,0.005622
10769,0.129486
10770,0.988770
10771,0.046530
10772,0.017833
10773,0.004583
10774,0.015179
10775,0.372485
10776,0.528107
10777,0.024487
10778,0.052261
10779,0.841560
10780,0.007385
10781,0.055912
10782,0.004480
10783,0.866552
10784,0.135050
10785,0.336319
10786,0.948562
10787,0.101142
10788,0.016944
10789,0.996793
10790,0.296606
10791,0.081182
10792,0.011934
10793,0.777457
10794,0.180249
10795,0.344385
10796,0.062310
10797,0.053501
10798,0.765783
10799,0.278173
10800,0.138999
10801,0.023348
10802,0.006211
10803,0.049224
10804,0.985221
10805,0.836671
10806,0.063252
10807,0.088506
10808,0.078449
10809,0.088764
10810,0.947083
10811,0.037740
10812,0.024475
10813,0.032189
10814,0.059372
10815,0.409993
10816,0.095906
10817,0.972278
10818,0.071166
10819,0.056657
10820,0.004225
10821,0.096670
10822,0.032241
10823,0.043875
10824,0.006507
10825,0.063444
10826,0.078567
10827,0.004369
10828,0.750136
10829,0.078455
10830,0.098963
10831,0.392674
10832,0.220393
10833,0.033440
10834,0.055124
10835,0.329456
10836,0.028051
10837,0.457776
10838,0.433625
10839,0.211400
10840,0.012756
10841,0.145526
10842,0.882422
10843,0.978641
10844,0.447149
10845,0.074252
10846,0.129618
10847,0.028028
10848,0.223458
10849,0.056487
10850,0.169696
10851,0.208236
10852,0.923153
10853,0.039440
10854,0.002250
10855,0.017670
10856,0.081894
10857,0.037311
10858,0.176014
10859,0.976180
10860,0.229255
10861,0.079952
10862,0.090323
10863,0.223421
10864,0.948011
10865,0.218861
10866,0.070971
10867,0.074345
10868,0.036042
10869,0.957857
10870,0.288467
10871,0.034236
10872,0.049760
10873,0.075945
10874,0.986246
10875,0.129810
10876,0.097508
10877,0.051281
10878,0.005577
10879,0.935926
10880,0.033656
10881,0.958604
10882,0.927132
10883,0.736947
10884,0.974843
10885,0.006660
10886,0.809243
10887,0.049358
10888,0.969647
10889,0.099612
10890,0.818144
10891,0.015399
10892,0.008426
10893,0.953892
10894,0.979825
10895,0.963543
10896,0.085484
10897,0.044479
10898,0.020501
10899,0.008407
10900,0.026495
10901,0.484260
10902,0.074490
10903,0.132471
10904,0.013929
10905,0.717537
10906,0.080384
10907,0.048690
10908,0.679010
10909,0.012736
10910,0.961375
10911,0.977102
10912,0.009310
10913,0.929914
10914,0.997904
10915,0.746897
10916,0.970169
10917,0.140533
10918,0.338284
10919,0.176263
10920,0.976844
10921,0.988161
10922,0.947031
10923,0.839776
10924,0.569410
10925,0.056334
10926,0.629912
10927,0.029368
10928,0.489026
10929,0.949220
10930,0.344046
10931,0.133532
10932,0.018115
10933,0.160627
10934,0.199141
10935,0.956620
10936,0.383516
10937,0.136287
10938,0.979307
10939,0.289125
10940,0.889877
10941,0.994518
10942,0.452704
10943,0.008505
10944,0.025492
10945,0.163696
10946,0.024929
10947,0.052264
10948,0.003996
10949,0.029720
10950,0.010890
10951,0.948307
10952,0.057100
10953,0.031302
10954,0.062163
10955,0.330338
10956,0.537522
10957,0.003049
10958,0.023914
10959,0.003909
10960,0.965513
10961,0.342534
10962,0.654211
10963,0.243346
10964,0.002814
10965,0.704381
10966,0.941244
10967,0.951144
10968,0.177802
10969,0.151373
10970,0.061778
10971,0.114116
10972,0.459465
10973,0.511880
10974,0.342980
10975,0.679417
10976,0.112304
10977,0.966047
10978,0.113334
10979,0.004449
10980,0.938934
10981,0.515437
10982,0.983731
10983,0.058654
10984,0.037287
10985,0.954473
10986,0.061629
10987,0.034894
10988,0.182732
10989,0.074386
10990,0.067961
10991,0.064384
10992,0.027657
10993,0.079808
10994,0.005669
10995,0.176212
10996,0.340404
10997,0.028603
10998,0.036433
10999,0.067875
11000,0.026899
11001,0.019793
11002,0.414831
11003,0.526886
11004,0.982414
11005,0.006712
11006,0.006830
11007,0.128350
11008,0.206934
11009,0.046803
11010,0.063449
11011,0.003984
11012,0.151354
11013,0.509866
11014,0.041919
11015,0.090105
11016,0.011511
11017,0.926325
11018,0.009174
11019,0.113793
11020,0.913009
11021,0.015490
11022,0.289122
11023,0.006448
11024,0.825352
11025,0.103034
11026,0.693528
11027,0.214567
11028,0.887389
11029,0.018108
11030,0.032199
11031,0.018157
11032,0.880938
11033,0.070676
11034,0.015995
11035,0.938003
11036,0.065514
11037,0.990928
11038,0.230842
11039,0.984120
11040,0.010269
11041,0.049566
11042,0.958686
11043,0.045370
11044,0.174397
11045,0.911357
11046,0.033477
11047,0.593799
11048,0.026549
11049,0.014074
11050,0.833598
11051,0.267805
11052,0.364156
11053,0.584326
11054,0.987200
11055,0.835642
11056,0.159945
11057,0.036088
11058,0.068092
11059,0.027682
11060,0.254164
11061,0.650655
11062,0.972921
11063,0.003106
11064,0.854900
11065,0.977368
11066,0.036332
11067,0.065365
11068,0.937415
11069,0.950401
11070,0.050874
11071,0.034876
11072,0.944648
11073,0.031520
11074,0.995521
11075,0.076983
11076,0.106962
11077,0.030211
11078,0.610530
11079,0.023337
11080,0.004849
11081,0.016781
11082,0.844065
11083,0.098970
11084,0.044864
11085,0.096045
11086,0.198783
11087,0.007889
11088,0.010500
11089,0.986523
11090,0.980123
11091,0.017164
11092,0.927757
11093,0.796295
11094,0.091688
11095,0.942233
11096,0.356362
11097,0.061438
11098,0.149208
11099,0.960939
11100,0.099376
11101,0.172767
11102,0.026212
11103,0.913795
11104,0.056065
11105,0.111682
11106,0.965391
11107,0.984786
11108,0.315065
11109,0.980879
11110,0.071375
11111,0.937733
11112,0.051605
11113,0.003192
11114,0.123067
11115,0.283505
11116,0.150583
11117,0.963976
11118,0.121955
11119,0.940415
11120,0.006199
11121,0.127044
11122,0.009485
11123,0.995620
11124,0.781001
11125,0.985578
11126,0.056509
11127,0.081202
11128,0.954501
11129,0.013556
11130,0.048549
11131,0.903012
11132,0.083422
11133,0.704352
11134,0.078237
11135,0.949080
11136,0.298831
11137,0.016712
11138,0.965588
11139,0.041368
11140,0.955266
11141,0.019747
11142,0.160183
11143,0.960595
11144,0.017129
11145,0.148796
11146,0.960755
11147,0.011386
11148,0.983270
11149,0.043545
11150,0.742697
11151,0.086559
11152,0.019269
11153,0.780376
11154,0.034981
11155,0.226719
11156,0.027784
11157,0.543258
11158,0.961734
11159,0.018177
11160,0.903266
11161,0.985149
11162,0.207995
11163,0.871066
11164,0.046946
11165,0.437667
11166,0.116725
11167,0.026779
11168,0.989769
11169,0.479104
11170,0.028718
11171,0.844675
11172,0.037794
11173,0.008655
11174,0.086797
11175,0.230990
11176,0.047007
11177,0.956604
11178,0.008520
11179,0.006549
11180,0.899590
11181,0.304842
11182,0.965738
11183,0.532810
11184,0.003664
11185,0.903826
11186,0.045050
11187,0.986013
11188,0.055720
11189,0.196209
11190,0.063125
11191,0.996529
11192,0.249305
11193,0.083454
11194,0.100847
11195,0.165200
11196,0.017471
11197,0.075682
11198,0.754857
11199,0.917842
11200,0.237992
11201,0.011388
11202,0.002903
11203,0.122992
11204,0.012283
11205,0.054069
11206,0.007186
11207,0.198770
11208,0.018411
11209,0.968533
11210,0.032885
11211,0.076772
11212,0.079643
11213,0.005612
11214,0.882039
11215,0.054607
11216,0.165028
11217,0.202717
11218,0.114892
11219,0.991699
11220,0.115432
11221,0.346342
11222,0.204818
11223,0.004568
11224,0.084295
11225,0.996822
11226,0.014809
11227,0.120056
11228,0.417047
11229,0.122365
11230,0.003831
11231,0.983527
