index,target
0,0.010463
1,0.840032
2,0.061297
3,0.044421
4,0.994636
5,0.007159
6,0.955661
7,0.089707
8,0.021407
9,0.852293
10,0.005844
11,0.004157
12,0.097303
13,0.618845
14,0.572700
15,0.426785
16,0.167400
17,0.964863
18,0.802735
19,0.971951
20,0.136441
21,0.678023
22,0.980553
23,0.099547
24,0.958841
25,0.010064
26,0.008082
27,0.011345
28,0.029472
29,0.003142
30,0.031564
31,0.005189
32,0.007577
33,0.390982
34,0.144094
35,0.231943
36,0.909487
37,0.008711
38,0.073559
39,0.139202
40,0.190174
41,0.933684
42,0.007189
43,0.377379
44,0.806726
45,0.026938
46,0.599577
47,0.080101
48,0.485695
49,0.052479
50,0.075913
51,0.005215
52,0.249698
53,0.012167
54,0.142186
55,0.015827
56,0.032209
57,0.944892
58,0.031549
59,0.724158
60,0.344153
61,0.012076
62,0.852215
63,0.680885
64,0.265279
65,0.003507
66,0.043899
67,0.932672
68,0.978204
69,0.236347
70,0.089585
71,0.427345
72,0.085037
73,0.110859
74,0.109086
75,0.011452
76,0.002855
77,0.004669
78,0.024537
79,0.872581
80,0.256128
81,0.184400
82,0.106357
83,0.143900
84,0.133970
85,0.564137
86,0.642498
87,0.031381
88,0.168449
89,0.003592
90,0.718088
91,0.084151
92,0.083814
93,0.090721
94,0.098383
95,0.682495
96,0.423409
97,0.073766
98,0.974060
99,0.262294
100,0.004703
101,0.068243
102,0.055250
103,0.121237
104,0.560932
105,0.070198
106,0.870313
107,0.690239
108,0.187429
109,0.193078
110,0.930615
111,0.023417
112,0.142401
113,0.014153
114,0.013316
115,0.164211
116,0.979461
117,0.315102
118,0.314012
119,0.988083
120,0.952673
121,0.003385
122,0.361972
123,0.111121
124,0.129443
125,0.107950
126,0.035189
127,0.137685
128,0.117399
129,0.163562
130,0.004340
131,0.045008
132,0.982449
133,0.067383
134,0.970476
135,0.900080
136,0.971269
137,0.913119
138,0.811446
139,0.098468
140,0.014198
141,0.456516
142,0.012048
143,0.052731
144,0.003519
145,0.977667
146,0.732507
147,0.954224
148,0.943855
149,0.043733
150,0.597332
151,0.142574
152,0.093871
153,0.011861
154,0.055303
155,0.026945
156,0.481118
157,0.521444
158,0.097825
159,0.047913
160,0.007003
161,0.505814
162,0.041025
163,0.637462
164,0.058972
165,0.052694
166,0.120198
167,0.013677
168,0.974420
169,0.006354
170,0.037017
171,0.053733
172,0.125057
173,0.883087
174,0.007161
175,0.006947
176,0.962363
177,0.977951
178,0.004652
179,0.911702
180,0.135737
181,0.049621
182,0.871777
183,0.126536
184,0.929899
185,0.090562
186,0.530966
187,0.004738
188,0.171003
189,0.020312
190,0.010324
191,0.896245
192,0.064340
193,0.048386
194,0.157199
195,0.975184
196,0.047219
197,0.980712
198,0.118718
199,0.353614
200,0.165333
201,0.023631
202,0.953204
203,0.004088
204,0.032626
205,0.011740
206,0.111850
207,0.881302
208,0.064496
209,0.998013
210,0.121137
211,0.003358
212,0.487908
213,0.008365
214,0.022450
215,0.193264
216,0.037650
217,0.506859
218,0.765941
219,0.624769
220,0.169345
221,0.049510
222,0.014726
223,0.024105
224,0.264225
225,0.986064
226,0.922955
227,0.033536
228,0.894842
229,0.003273
230,0.036746
231,0.986614
232,0.203242
233,0.038987
234,0.221699
235,0.087484
236,0.244398
237,0.626990
238,0.044658
239,0.970762
240,0.079389
241,0.021383
242,0.157933
243,0.218414
244,0.862592
245,0.144828
246,0.153627
247,0.008996
248,0.633939
249,0.996562
250,0.132117
251,0.045058
252,0.067371
253,0.112874
254,0.053689
255,0.198736
256,0.330335
257,0.823409
258,0.012996
259,0.023184
260,0.184556
261,0.042685
262,0.994926
263,0.935445
264,0.006290
265,0.126460
266,0.765735
267,0.152841
268,0.005620
269,0.003106
270,0.411800
271,0.462013
272,0.050415
273,0.018834
274,0.996838
275,0.997073
276,0.103038
277,0.019444
278,0.010749
279,0.036284
280,0.958841
281,0.939105
282,0.971135
283,0.008264
284,0.151950
285,0.097828
286,0.018086
287,0.010839
288,0.986062
289,0.170930
290,0.168512
291,0.964806
292,0.881359
293,0.983316
294,0.004538
295,0.098946
296,0.151722
297,0.093332
298,0.006093
299,0.990849
300,0.123897
301,0.898343
302,0.812904
303,0.069850
304,0.625826
305,0.804079
306,0.095530
307,0.055808
308,0.565530
309,0.578464
310,0.970339
311,0.046508
312,0.381186
313,0.007022
314,0.530043
315,0.023363
316,0.964737
317,0.032583
318,0.004819
319,0.765364
320,0.177878
321,0.039116
322,0.002339
323,0.029248
324,0.161014
325,0.813314
326,0.053536
327,0.822621
328,0.016772
329,0.011563
330,0.828832
331,0.027720
332,0.278349
333,0.064736
334,0.443993
335,0.110263
336,0.047997
337,0.981267
338,0.012356
339,0.029571
340,0.005414
341,0.982993
342,0.835292
343,0.138709
344,0.041776
345,0.954493
346,0.346029
347,0.104056
348,0.004100
349,0.314252
350,0.995604
351,0.021197
352,0.056235
353,0.061407
354,0.082862
355,0.096930
356,0.934015
357,0.031956
358,0.953260
359,0.187953
360,0.084843
361,0.639076
362,0.005914
363,0.075607
364,0.007933
365,0.661870
366,0.031368
367,0.463137
368,0.477911
369,0.921811
370,0.529890
371,0.892886
372,0.026148
373,0.130095
374,0.026709
375,0.821173
376,0.105410
377,0.029509
378,0.014631
379,0.012107
380,0.063245
381,0.092597
382,0.904369
383,0.080480
384,0.121646
385,0.138969
386,0.041354
387,0.510162
388,0.081412
389,0.035299
390,0.796189
391,0.030530
392,0.019366
393,0.740372
394,0.976723
395,0.744795
396,0.963536
397,0.362945
398,0.157802
399,0.002975
400,0.076885
401,0.005151
402,0.009582
403,0.159555
404,0.010894
405,0.036123
406,0.980224
407,0.587086
408,0.024681
409,0.104622
410,0.105780
411,0.830095
412,0.146380
413,0.559128
414,0.072815
415,0.019858
416,0.936587
417,0.224049
418,0.042634
419,0.977594
420,0.102423
421,0.003867
422,0.014176
423,0.751762
424,0.919122
425,0.018876
426,0.170546
427,0.007804
428,0.948095
429,0.987456
430,0.994302
431,0.152170
432,0.405793
433,0.028950
434,0.804950
435,0.022850
436,0.966094
437,0.036775
438,0.057185
439,0.990162
440,0.776344
441,0.092523
442,0.042111
443,0.006200
444,0.271110
445,0.046089
446,0.990522
447,0.186475
448,0.012749
449,0.317972
450,0.031937
451,0.687395
452,0.922677
453,0.375598
454,0.064155
455,0.871013
456,0.877519
457,0.036623
458,0.349692
459,0.548284
460,0.140217
461,0.725609
462,0.317609
463,0.925774
464,0.039768
465,0.976968
466,0.981924
467,0.013860
468,0.827600
469,0.966582
470,0.094543
471,0.293020
472,0.943498
473,0.034565
474,0.041269
475,0.007005
476,0.010754
477,0.086042
478,0.091998
479,0.638003
480,0.012937
481,0.982848
482,0.102069
483,0.963088
484,0.930401
485,0.028449
486,0.029875
487,0.093618
488,0.010126
489,0.009784
490,0.049520
491,0.021725
492,0.003493
493,0.048487
494,0.382658
495,0.130844
496,0.018709
497,0.713640
498,0.268803
499,0.060671
500,0.975057
501,0.074013
502,0.058985
503,0.250487
504,0.687934
505,0.161215
506,0.016677
507,0.984395
508,0.690125
509,0.062745
510,0.040748
511,0.694194
512,0.010449
513,0.967966
514,0.969211
515,0.953662
516,0.980213
517,0.450737
518,0.111734
519,0.107585
520,0.603181
521,0.168151
522,0.929349
523,0.589954
524,0.114547
525,0.930461
526,0.328410
527,0.005104
528,0.316666
529,0.986105
530,0.008381
531,0.003782
532,0.021596
533,0.015779
534,0.006652
535,0.087381
536,0.080601
537,0.857784
538,0.053935
539,0.919621
540,0.374148
541,0.054888
542,0.003739
543,0.467515
544,0.907503
545,0.010969
546,0.449929
547,0.003498
548,0.060046
549,0.037331
550,0.976909
551,0.712972
552,0.347552
553,0.012724
554,0.084534
555,0.934249
556,0.027256
557,0.066523
558,0.657296
559,0.011373
560,0.060098
561,0.283986
562,0.991194
563,0.525798
564,0.003911
565,0.823198
566,0.069476
567,0.011897
568,0.487102
569,0.289732
570,0.183762
571,0.169909
572,0.701263
573,0.035238
574,0.497123
575,0.117532
576,0.955002
577,0.010587
578,0.032441
579,0.144667
580,0.070882
581,0.135397
582,0.003914
583,0.005336
584,0.003468
585,0.486205
586,0.724561
587,0.644137
588,0.006339
589,0.108501
590,0.093507
591,0.004383
592,0.080405
593,0.017340
594,0.089945
595,0.205622
596,0.054120
597,0.057299
598,0.190695
599,0.942555
600,0.029572
601,0.022042
602,0.018989
603,0.088509
604,0.871679
605,0.058008
606,0.046674
607,0.007020
608,0.004640
609,0.004518
610,0.087364
611,0.123021
612,0.016117
613,0.007104
614,0.113589
615,0.492969
616,0.010092
617,0.055029
618,0.004349
619,0.042876
620,0.015124
621,0.005953
622,0.420590
623,0.025028
624,0.044424
625,0.359243
626,0.803141
627,0.978653
628,0.006697
629,0.931126
630,0.011510
631,0.033109
632,0.555122
633,0.973424
634,0.041577
635,0.533278
636,0.009726
637,0.006872
638,0.008679
639,0.962326
640,0.122926
641,0.792682
642,0.038211
643,0.024369
644,0.923665
645,0.007520
646,0.022472
647,0.056979
648,0.232466
649,0.413274
650,0.069661
651,0.964268
652,0.958558
653,0.025048
654,0.050986
655,0.003052
656,0.158238
657,0.950385
658,0.511229
659,0.115755
660,0.010102
661,0.469660
662,0.050590
663,0.143907
664,0.483039
665,0.024903
666,0.034991
667,0.969235
668,0.217355
669,0.699419
670,0.030717
671,0.391575
672,0.028569
673,0.043804
674,0.996954
675,0.050987
676,0.023924
677,0.636003
678,0.079388
679,0.655382
680,0.260379
681,0.064150
682,0.939728
683,0.116649
684,0.188530
685,0.161149
686,0.085331
687,0.042472
688,0.964167
689,0.094110
690,0.944634
691,0.076537
692,0.003633
693,0.884796
694,0.023153
695,0.872873
696,0.018907
697,0.237385
698,0.994912
699,0.016659
700,0.016988
701,0.117244
702,0.004519
703,0.003239
704,0.021948
705,0.020357
706,0.061644
707,0.387351
708,0.099560
709,0.028322
710,0.049083
711,0.063589
712,0.996159
713,0.083479
714,0.943798
715,0.108363
716,0.008100
717,0.188752
718,0.120627
719,0.014674
720,0.030138
721,0.161818
722,0.292000
723,0.758616
724,0.890357
725,0.698541
726,0.030115
727,0.973060
728,0.219450
729,0.188410
730,0.120879
731,0.009844
732,0.985198
733,0.927371
734,0.181425
735,0.046483
736,0.980534
737,0.032975
738,0.234031
739,0.462560
740,0.993290
741,0.703376
742,0.230591
743,0.214008
744,0.080074
745,0.018102
746,0.931592
747,0.900299
748,0.113465
749,0.532129
750,0.025202
751,0.121639
752,0.111431
753,0.227702
754,0.015176
755,0.019277
756,0.254594
757,0.068146
758,0.006262
759,0.018993
760,0.765014
761,0.048307
762,0.840323
763,0.021299
764,0.006708
765,0.975902
766,0.228923
767,0.747850
768,0.466216
769,0.618963
770,0.142605
771,0.026482
772,0.978662
773,0.008266
774,0.299233
775,0.994281
776,0.321524
777,0.015380
778,0.513427
779,0.330255
780,0.006095
781,0.015676
782,0.541199
783,0.061879
784,0.581810
785,0.970656
786,0.714223
787,0.005813
788,0.905284
789,0.023115
790,0.667729
791,0.043005
792,0.067776
793,0.059231
794,0.345604
795,0.176290
796,0.047766
797,0.005190
798,0.691210
799,0.217059
800,0.414966
801,0.814602
802,0.006362
803,0.007739
804,0.051959
805,0.099088
806,0.015034
807,0.041156
808,0.178650
809,0.297793
810,0.066332
811,0.057344
812,0.971036
813,0.314128
814,0.948272
815,0.023932
816,0.243537
817,0.938216
818,0.596827
819,0.021614
820,0.977775
821,0.996948
822,0.132119
823,0.021834
824,0.442378
825,0.003184
826,0.250217
827,0.096399
828,0.027732
829,0.979400
830,0.800767
831,0.039161
832,0.982916
833,0.467021
834,0.892509
835,0.003862
836,0.236131
837,0.304579
838,0.321517
839,0.992500
840,0.098149
841,0.017132
842,0.213629
843,0.011641
844,0.297704
845,0.996556
846,0.997196
847,0.013251
848,0.006605
849,0.713635
850,0.385434
851,0.833112
852,0.198346
853,0.039798
854,0.886124
855,0.011005
856,0.796107
857,0.965460
858,0.030822
859,0.924465
860,0.011534
861,0.814382
862,0.291361
863,0.849949
864,0.004793
865,0.528157
866,0.909601
867,0.043845
868,0.129277
869,0.759332
870,0.034562
871,0.996357
872,0.022530
873,0.026215
874,0.955800
875,0.755451
876,0.016771
877,0.088172
878,0.091474
879,0.923899
880,0.067159
881,0.054085
882,0.755809
883,0.198764
884,0.031331
885,0.968859
886,0.019536
887,0.957270
888,0.058795
889,0.005925
890,0.151033
891,0.375116
892,0.175386
893,0.065354
894,0.598881
895,0.275389
896,0.907824
897,0.082075
898,0.003965
899,0.701908
900,0.180129
901,0.010307
902,0.451373
903,0.829509
904,0.037609
905,0.970961
906,0.059660
907,0.011140
908,0.986773
909,0.025012
910,0.032338
911,0.061560
912,0.034618
913,0.104366
914,0.034119
915,0.055744
916,0.218692
917,0.332553
918,0.068205
919,0.492915
920,0.005764
921,0.031941
922,0.068883
923,0.997814
924,0.950128
925,0.875696
926,0.048496
927,0.084752
928,0.011824
929,0.527959
930,0.275130
931,0.028959
932,0.930928
933,0.013610
934,0.030459
935,0.032246
936,0.990464
937,0.033293
938,0.025000
939,0.496094
940,0.021231
941,0.987288
942,0.944327
943,0.995448
944,0.500111
945,0.381881
946,0.034203
947,0.782756
948,0.039486
949,0.046909
950,0.992385
951,0.307650
952,0.270578
953,0.067394
954,0.105639
955,0.505429
956,0.920454
957,0.293657
958,0.009446
959,0.507246
960,0.004820
961,0.969086
962,0.041328
963,0.449756
964,0.410536
965,0.054710
966,0.326533
967,0.005219
968,0.012159
969,0.003337
970,0.192512
971,0.123847
972,0.996153
973,0.093780
974,0.679948
975,0.012228
976,0.017338
977,0.835083
978,0.049034
979,0.994763
980,0.926830
981,0.978347
982,0.307506
983,0.040407
984,0.961052
985,0.031831
986,0.932610
987,0.149966
988,0.302340
989,0.829746
990,0.939740
991,0.083689
992,0.024388
993,0.054660
994,0.015749
995,0.995800
996,0.033469
997,0.037505
998,0.222745
999,0.849383
1000,0.924499
1001,0.987299
1002,0.006434
1003,0.011868
1004,0.577944
1005,0.868231
1006,0.995176
1007,0.365226
1008,0.043686
1009,0.281910
1010,0.030954
1011,0.176962
1012,0.056118
1013,0.307626
1014,0.437812
1015,0.038665
1016,0.018123
1017,0.541111
1018,0.727271
1019,0.004621
1020,0.060598
1021,0.963826
1022,0.757369
1023,0.802508
1024,0.009385
1025,0.012109
1026,0.013973
1027,0.090048
1028,0.030475
1029,0.134537
1030,0.004141
1031,0.131283
1032,0.322057
1033,0.005776
1034,0.514425
1035,0.036200
1036,0.231589
1037,0.955426
1038,0.041095
1039,0.929111
1040,0.346624
1041,0.053793
1042,0.043932
1043,0.467102
1044,0.003886
1045,0.092565
1046,0.006431
1047,0.108547
1048,0.765921
1049,0.767317
1050,0.006046
1051,0.105565
1052,0.056798
1053,0.965203
1054,0.558436
1055,0.100883
1056,0.281289
1057,0.196375
1058,0.005717
1059,0.941623
1060,0.248254
1061,0.037672
1062,0.007198
1063,0.155059
1064,0.938228
1065,0.050231
1066,0.008694
1067,0.202763
1068,0.201453
1069,0.981667
1070,0.350642
1071,0.409381
1072,0.041644
1073,0.913393
1074,0.007089
1075,0.019034
1076,0.002993
1077,0.024523
1078,0.022638
1079,0.950567
1080,0.006598
1081,0.052241
1082,0.877771
1083,0.084365
1084,0.898620
1085,0.491710
1086,0.834676
1087,0.344738
1088,0.003914
1089,0.907567
1090,0.041290
1091,0.970796
1092,0.039370
1093,0.059786
1094,0.997887
1095,0.830380
1096,0.037853
1097,0.630864
1098,0.025054
1099,0.346991
1100,0.188991
1101,0.039130
1102,0.112304
1103,0.160516
1104,0.051927
1105,0.191997
1106,0.178400
1107,0.085137
1108,0.024011
1109,0.414407
1110,0.819527
1111,0.012647
1112,0.044884
1113,0.476364
1114,0.517282
1115,0.317348
1116,0.093134
1117,0.730272
1118,0.118540
1119,0.012661
1120,0.035022
1121,0.047223
1122,0.025061
1123,0.455127
1124,0.021168
1125,0.182623
1126,0.959793
1127,0.391271
1128,0.008013
1129,0.054837
1130,0.006574
1131,0.017698
1132,0.009318
1133,0.003901
1134,0.995747
1135,0.011909
1136,0.019466
1137,0.003494
1138,0.940559
1139,0.079402
1140,0.485585
1141,0.980453
1142,0.006331
1143,0.108898
1144,0.906361
1145,0.939421
1146,0.997569
1147,0.079182
1148,0.003216
1149,0.367850
1150,0.947320
1151,0.002740
1152,0.143546
1153,0.992248
1154,0.133165
1155,0.020482
1156,0.220307
1157,0.268804
1158,0.622499
1159,0.818904
1160,0.014937
1161,0.017995
1162,0.240900
1163,0.009265
1164,0.124538
1165,0.029973
1166,0.409351
1167,0.941802
1168,0.958479
1169,0.723643
1170,0.007573
1171,0.026675
1172,0.933479
1173,0.047103
1174,0.026515
1175,0.245410
1176,0.045644
1177,0.006232
1178,0.012024
1179,0.008566
1180,0.955515
1181,0.078912
1182,0.025815
1183,0.053001
1184,0.639394
1185,0.042404
1186,0.836125
1187,0.011100
1188,0.005433
1189,0.169848
1190,0.061785
1191,0.094600
1192,0.969856
1193,0.078537
1194,0.046205
1195,0.009589
1196,0.368645
1197,0.843052
1198,0.139190
1199,0.962722
1200,0.450187
1201,0.143053
1202,0.228190
1203,0.037762
1204,0.482850
1205,0.029328
1206,0.833655
1207,0.019687
1208,0.209175
1209,0.037468
1210,0.950584
1211,0.664286
1212,0.015514
1213,0.013128
1214,0.019730
1215,0.031522
1216,0.015531
1217,0.451417
1218,0.045456
1219,0.016015
1220,0.931345
1221,0.092320
1222,0.456821
1223,0.053757
1224,0.243352
1225,0.757261
1226,0.115276
1227,0.962291
1228,0.098955
1229,0.721040
1230,0.009847
1231,0.932628
1232,0.822882
1233,0.022660
1234,0.039234
1235,0.824287
1236,0.433764
1237,0.192113
1238,0.072715
1239,0.504508
1240,0.598632
1241,0.026667
1242,0.016747
1243,0.314375
1244,0.428069
1245,0.029900
1246,0.003312
1247,0.021167
1248,0.083117
1249,0.991615
1250,0.314418
1251,0.014162
1252,0.896880
1253,0.965758
1254,0.995550
1255,0.760617
1256,0.068172
1257,0.957102
1258,0.006488
1259,0.996811
1260,0.500094
1261,0.068288
1262,0.003185
1263,0.005416
1264,0.065565
1265,0.974063
1266,0.011391
1267,0.963139
1268,0.167956
1269,0.030148
1270,0.459610
1271,0.023336
1272,0.058265
1273,0.264970
1274,0.912713
1275,0.311477
1276,0.043630
1277,0.436029
1278,0.288872
1279,0.012055
1280,0.925288
1281,0.015777
1282,0.890236
1283,0.017533
1284,0.125415
1285,0.475004
1286,0.116105
1287,0.434180
1288,0.287606
1289,0.003273
1290,0.242983
1291,0.147016
1292,0.118750
1293,0.042142
1294,0.171603
1295,0.486967
1296,0.759876
1297,0.047928
1298,0.017793
1299,0.011780
1300,0.262190
1301,0.034745
1302,0.090038
1303,0.947901
1304,0.046383
1305,0.993236
1306,0.232375
1307,0.009940
1308,0.005131
1309,0.981428
1310,0.069248
1311,0.053061
1312,0.446009
1313,0.005558
1314,0.868816
1315,0.033848
1316,0.056851
1317,0.577670
1318,0.298237
1319,0.181265
1320,0.225082
1321,0.841112
1322,0.026370
1323,0.037605
1324,0.046360
1325,0.015681
1326,0.972069
1327,0.897755
1328,0.014519
1329,0.277933
1330,0.940362
1331,0.282368
1332,0.028185
1333,0.024297
1334,0.849342
1335,0.307283
1336,0.010682
1337,0.012265
1338,0.021013
1339,0.063747
1340,0.480415
1341,0.912260
1342,0.941695
1343,0.203842
1344,0.285081
1345,0.050465
1346,0.996277
1347,0.876639
1348,0.065216
1349,0.008239
1350,0.083525
1351,0.086294
1352,0.208338
1353,0.019840
1354,0.093272
1355,0.977865
1356,0.039051
1357,0.457087
1358,0.187971
1359,0.051003
1360,0.961152
1361,0.147733
1362,0.885470
1363,0.884570
1364,0.016780
1365,0.966277
1366,0.069551
1367,0.940008
1368,0.837845
1369,0.236758
1370,0.366388
1371,0.179516
1372,0.020377
1373,0.318511
1374,0.021660
1375,0.928657
1376,0.079833
1377,0.997602
1378,0.028736
1379,0.015541
1380,0.882157
1381,0.799385
1382,0.002732
1383,0.979464
1384,0.019158
1385,0.488419
1386,0.813925
1387,0.962834
1388,0.844260
1389,0.995856
1390,0.007067
1391,0.984934
1392,0.391794
1393,0.783354
1394,0.005073
1395,0.623593
1396,0.067501
1397,0.023735
1398,0.019629
1399,0.984267
1400,0.036785
1401,0.013404
1402,0.005266
1403,0.388475
1404,0.015020
1405,0.092445
1406,0.034379
1407,0.215108
1408,0.017672
1409,0.003492
1410,0.010554
1411,0.086377
1412,0.605809
1413,0.947487
1414,0.024801
1415,0.148707
1416,0.973374
1417,0.065015
1418,0.164802
1419,0.540667
1420,0.227042
1421,0.971427
1422,0.048285
1423,0.004627
1424,0.006955
1425,0.021242
1426,0.017049
1427,0.011138
1428,0.035524
1429,0.014020
1430,0.111579
1431,0.709875
1432,0.085346
1433,0.727731
1434,0.675366
1435,0.011925
1436,0.003708
1437,0.931796
1438,0.015411
1439,0.974212
1440,0.017677
1441,0.022885
1442,0.448698
1443,0.011913
1444,0.110439
1445,0.824518
1446,0.855904
1447,0.078501
1448,0.112961
1449,0.842550
1450,0.271612
1451,0.005018
1452,0.376649
1453,0.958116
1454,0.981308
1455,0.099573
1456,0.052820
1457,0.052372
1458,0.952846
1459,0.965052
1460,0.021039
1461,0.051413
1462,0.055383
1463,0.897511
1464,0.145052
1465,0.022545
1466,0.743589
1467,0.329641
1468,0.954368
1469,0.984681
1470,0.979918
1471,0.282120
1472,0.235684
1473,0.938076
1474,0.269887
1475,0.183691
1476,0.976385
1477,0.720338
1478,0.201584
1479,0.038303
1480,0.357809
1481,0.017115
1482,0.977205
1483,0.034539
1484,0.058253
1485,0.036095
1486,0.135108
1487,0.226723
1488,0.149958
1489,0.029162
1490,0.854479
1491,0.005913
1492,0.971158
1493,0.994460
1494,0.993676
1495,0.122832
1496,0.561633
1497,0.021121
1498,0.823082
1499,0.780839
1500,0.056620
1501,0.065337
1502,0.097934
1503,0.064616
1504,0.070739
1505,0.235639
1506,0.165271
1507,0.930453
1508,0.052354
1509,0.007956
1510,0.099560
1511,0.505127
1512,0.035237
1513,0.361488
1514,0.760222
1515,0.034706
1516,0.119671
1517,0.004452
1518,0.238486
1519,0.107842
1520,0.016439
1521,0.012161
1522,0.097268
1523,0.022032
1524,0.909513
1525,0.011728
1526,0.005071
1527,0.652106
1528,0.048807
1529,0.853842
1530,0.031234
1531,0.270142
1532,0.934983
1533,0.102751
1534,0.081601
1535,0.006622
1536,0.059753
1537,0.589052
1538,0.203919
1539,0.508662
1540,0.922483
1541,0.802891
1542,0.066343
1543,0.004082
1544,0.046425
1545,0.038729
1546,0.746403
1547,0.625561
1548,0.050673
1549,0.899669
1550,0.682981
1551,0.137837
1552,0.003562
1553,0.862157
1554,0.015752
1555,0.005757
1556,0.005361
1557,0.126674
1558,0.013910
1559,0.154926
1560,0.023279
1561,0.060579
1562,0.268787
1563,0.356416
1564,0.135057
1565,0.034348
1566,0.004830
1567,0.134821
1568,0.702802
1569,0.229392
1570,0.053012
1571,0.489536
1572,0.291292
1573,0.389754
1574,0.304523
1575,0.041643
1576,0.849132
1577,0.115596
1578,0.005566
1579,0.629612
1580,0.970462
1581,0.972759
1582,0.083044
1583,0.013269
1584,0.070100
1585,0.965943
1586,0.025680
1587,0.009052
1588,0.929394
1589,0.925478
1590,0.046760
1591,0.028148
1592,0.047053
1593,0.131236
1594,0.007000
1595,0.463851
1596,0.111647
1597,0.921993
1598,0.424850
1599,0.084981
1600,0.048592
1601,0.229826
1602,0.254798
1603,0.890907
1604,0.824145
1605,0.974354
1606,0.014039
1607,0.034291
1608,0.040671
1609,0.822685
1610,0.891392
1611,0.818713
1612,0.123104
1613,0.058169
1614,0.058220
1615,0.939074
1616,0.165379
1617,0.003881
1618,0.014116
1619,0.058199
1620,0.060400
1621,0.824101
1622,0.070345
1623,0.093586
1624,0.962505
1625,0.005475
1626,0.010018
1627,0.291633
1628,0.985743
1629,0.018025
1630,0.048831
1631,0.023691
1632,0.070185
1633,0.821600
1634,0.534842
1635,0.020679
1636,0.114875
1637,0.174401
1638,0.994893
1639,0.087593
1640,0.153560
1641,0.048519
1642,0.041093
1643,0.033553
1644,0.062252
1645,0.005160
1646,0.082282
1647,0.248559
1648,0.009634
1649,0.009592
1650,0.129620
1651,0.119383
1652,0.093653
1653,0.027414
1654,0.150679
1655,0.093420
1656,0.579648
1657,0.176045
1658,0.187999
1659,0.176935
1660,0.008077
1661,0.659178
1662,0.129515
1663,0.216799
1664,0.004888
1665,0.664113
1666,0.468343
1667,0.941574
1668,0.039996
1669,0.019999
1670,0.014693
1671,0.066406
1672,0.102293
1673,0.004213
1674,0.978037
1675,0.018953
1676,0.005006
1677,0.536478
1678,0.134739
1679,0.026993
1680,0.099736
1681,0.151463
1682,0.003793
1683,0.027182
1684,0.005411
1685,0.078485
1686,0.044464
1687,0.156366
1688,0.065510
1689,0.994477
1690,0.256523
1691,0.934796
1692,0.982231
1693,0.980389
1694,0.598341
1695,0.904934
1696,0.934190
1697,0.036909
1698,0.254865
1699,0.539016
1700,0.280281
1701,0.009363
1702,0.031687
1703,0.997374
1704,0.008452
1705,0.525960
1706,0.052740
1707,0.221974
1708,0.016451
1709,0.942035
1710,0.003473
1711,0.078368
1712,0.043348
1713,0.228994
1714,0.231711
1715,0.004904
1716,0.008476
1717,0.267685
1718,0.085676
1719,0.159301
1720,0.004798
1721,0.034500
1722,0.052720
1723,0.885625
1724,0.005016
1725,0.065551
1726,0.020823
1727,0.312217
1728,0.312934
1729,0.011237
1730,0.985042
1731,0.622473
1732,0.011381
1733,0.982507
1734,0.959430
1735,0.097369
1736,0.065791
1737,0.997317
1738,0.250113
1739,0.773906
1740,0.017535
1741,0.973514
1742,0.013624
1743,0.047220
1744,0.011181
1745,0.154360
1746,0.069619
1747,0.005430
1748,0.025510
1749,0.987724
1750,0.050849
1751,0.002636
1752,0.851340
1753,0.216404
1754,0.224765
1755,0.906653
1756,0.662701
1757,0.020411
1758,0.145815
1759,0.016413
1760,0.661700
1761,0.012099
1762,0.888083
1763,0.181925
1764,0.065679
1765,0.091645
1766,0.017649
1767,0.894159
1768,0.984409
1769,0.004063
1770,0.050540
1771,0.807556
1772,0.909165
1773,0.996428
1774,0.692961
1775,0.912113
1776,0.756360
1777,0.003259
1778,0.063339
1779,0.404351
1780,0.004619
1781,0.978406
1782,0.020391
1783,0.745482
1784,0.262112
1785,0.009353
1786,0.553809
1787,0.717093
1788,0.017263
1789,0.015496
1790,0.040472
1791,0.011204
1792,0.153553
1793,0.118230
1794,0.005216
1795,0.039342
1796,0.142927
1797,0.320739
1798,0.082301
1799,0.023510
1800,0.044146
1801,0.038174
1802,0.121245
1803,0.581548
1804,0.003292
1805,0.100511
1806,0.686500
1807,0.008887
1808,0.128128
1809,0.135213
1810,0.012743
1811,0.039852
1812,0.185648
1813,0.077932
1814,0.260473
1815,0.055785
1816,0.074650
1817,0.281705
1818,0.032407
1819,0.089579
1820,0.988057
1821,0.011585
1822,0.240866
1823,0.157052
1824,0.029074
1825,0.972256
1826,0.030940
1827,0.975284
1828,0.006356
1829,0.071698
1830,0.246606
1831,0.055684
1832,0.061385
1833,0.980689
1834,0.102060
1835,0.015943
1836,0.040293
1837,0.034389
1838,0.023970
1839,0.024255
1840,0.055540
1841,0.967456
1842,0.078134
1843,0.268267
1844,0.009808
1845,0.973442
1846,0.048230
1847,0.023130
1848,0.819496
1849,0.388280
1850,0.146933
1851,0.056907
1852,0.078751
1853,0.053522
1854,0.085129
1855,0.013260
1856,0.894095
1857,0.015093
1858,0.038237
1859,0.156755
1860,0.103671
1861,0.007964
1862,0.193103
1863,0.004879
1864,0.705846
1865,0.006711
1866,0.067724
1867,0.058608
1868,0.534319
1869,0.979334
1870,0.024289
1871,0.337830
1872,0.101181
1873,0.011919
1874,0.626865
1875,0.271572
1876,0.051739
1877,0.012215
1878,0.006106
1879,0.076593
1880,0.076624
1881,0.105238
1882,0.008799
1883,0.993754
1884,0.961467
1885,0.006106
1886,0.371720
1887,0.373459
1888,0.083964
1889,0.004423
1890,0.008593
1891,0.498346
1892,0.765415
1893,0.910226
1894,0.054384
1895,0.014640
1896,0.782517
1897,0.003458
1898,0.841084
1899,0.030033
1900,0.105130
1901,0.157472
1902,0.064041
1903,0.029712
1904,0.049786
1905,0.035265
1906,0.997674
1907,0.050590
1908,0.005160
1909,0.247879
1910,0.961124
1911,0.057094
1912,0.060675
1913,0.788281
1914,0.086889
1915,0.973877
1916,0.119149
1917,0.978247
1918,0.429398
1919,0.291613
1920,0.157208
1921,0.946772
1922,0.306362
1923,0.005350
1924,0.950717
1925,0.140178
1926,0.924716
1927,0.959713
1928,0.465553
1929,0.294361
1930,0.924674
1931,0.019196
1932,0.026192
1933,0.293259
1934,0.225115
1935,0.989424
1936,0.146800
1937,0.026234
1938,0.090964
1939,0.031303
1940,0.579772
1941,0.011859
1942,0.919299
1943,0.307660
1944,0.010147
1945,0.003079
1946,0.266040
1947,0.080785
1948,0.375423
1949,0.014892
1950,0.324517
1951,0.873427
1952,0.934977
1953,0.195193
1954,0.043592
1955,0.024997
1956,0.044943
1957,0.782681
1958,0.230252
1959,0.107567
1960,0.053625
1961,0.232191
1962,0.229384
1963,0.176686
1964,0.112640
1965,0.071697
1966,0.971166
1967,0.015605
1968,0.023678
1969,0.184110
1970,0.172186
1971,0.975528
1972,0.720493
1973,0.046941
1974,0.913559
1975,0.664580
1976,0.012228
1977,0.993730
1978,0.051480
1979,0.995554
1980,0.956486
1981,0.536867
1982,0.186502
1983,0.044044
1984,0.447397
1985,0.049862
1986,0.127890
1987,0.408750
1988,0.003929
1989,0.038022
1990,0.341746
1991,0.967471
1992,0.108325
1993,0.007280
1994,0.913204
1995,0.409410
1996,0.258741
1997,0.476996
1998,0.628810
1999,0.888198
2000,0.154625
2001,0.037443
2002,0.044415
2003,0.971684
2004,0.028562
2005,0.038933
2006,0.929268
2007,0.068116
2008,0.263215
2009,0.068507
2010,0.946008
2011,0.924660
2012,0.539952
2013,0.897990
2014,0.989380
2015,0.012806
2016,0.886409
2017,0.782773
2018,0.004980
2019,0.076999
2020,0.005453
2021,0.820771
2022,0.235381
2023,0.332383
2024,0.981620
2025,0.879875
2026,0.679027
2027,0.007145
2028,0.132204
2029,0.002935
2030,0.982733
2031,0.178484
2032,0.985111
2033,0.381067
2034,0.968276
2035,0.985322
2036,0.052571
2037,0.012099
2038,0.040301
2039,0.965431
2040,0.005981
2041,0.666757
2042,0.155419
2043,0.966244
2044,0.790107
2045,0.003749
2046,0.010999
2047,0.184421
2048,0.105315
2049,0.939535
2050,0.960631
2051,0.763707
2052,0.017465
2053,0.258695
2054,0.729792
2055,0.004822
2056,0.022072
2057,0.791287
2058,0.007449
2059,0.010320
2060,0.021808
2061,0.273536
2062,0.135896
2063,0.085372
2064,0.808763
2065,0.786889
2066,0.199411
2067,0.972261
2068,0.758233
2069,0.362131
2070,0.147786
2071,0.376312
2072,0.289142
2073,0.006762
2074,0.111353
2075,0.458214
2076,0.009775
2077,0.117334
2078,0.006500
2079,0.036674
2080,0.012369
2081,0.617612
2082,0.238969
2083,0.040957
2084,0.559918
2085,0.083944
2086,0.018875
2087,0.030755
2088,0.967627
2089,0.040616
2090,0.721556
2091,0.116144
2092,0.029211
2093,0.018459
2094,0.457710
2095,0.996239
2096,0.260847
2097,0.006745
2098,0.586059
2099,0.544064
2100,0.985093
2101,0.022553
2102,0.766732
2103,0.180881
2104,0.027871
2105,0.005978
2106,0.038457
2107,0.871563
2108,0.022167
2109,0.009334
2110,0.012029
2111,0.616755
2112,0.092840
2113,0.466047
2114,0.273127
2115,0.114480
2116,0.854307
2117,0.900184
2118,0.023350
2119,0.930985
2120,0.182938
2121,0.034008
2122,0.193529
2123,0.916393
2124,0.021366
2125,0.773054
2126,0.035708
2127,0.064153
2128,0.063427
2129,0.127788
2130,0.035383
2131,0.114087
2132,0.964837
2133,0.038790
2134,0.022778
2135,0.195770
2136,0.006531
2137,0.994007
2138,0.007172
2139,0.066928
2140,0.015053
2141,0.243666
2142,0.181094
2143,0.817804
2144,0.835892
2145,0.964190
2146,0.245708
2147,0.993318
2148,0.017887
2149,0.978964
2150,0.428591
2151,0.900915
2152,0.696846
2153,0.166906
2154,0.067365
2155,0.155670
2156,0.972645
2157,0.012160
2158,0.578308
2159,0.902841
2160,0.851429
2161,0.010622
2162,0.066440
2163,0.020241
2164,0.081096
2165,0.150888
2166,0.227478
2167,0.343017
2168,0.096352
2169,0.077861
2170,0.930222
2171,0.014577
2172,0.520689
2173,0.973398
2174,0.195258
2175,0.010939
2176,0.077438
2177,0.024391
2178,0.034039
2179,0.061465
2180,0.853654
2181,0.017984
2182,0.005877
2183,0.392185
2184,0.073520
2185,0.146033
2186,0.306956
2187,0.038923
2188,0.053919
2189,0.361030
2190,0.002646
2191,0.974311
2192,0.959361
2193,0.018329
2194,0.032399
2195,0.050007
2196,0.057336
2197,0.943656
2198,0.951932
2199,0.046543
2200,0.015135
2201,0.150396
2202,0.005905
2203,0.947949
2204,0.923441
2205,0.536148
2206,0.217367
2207,0.185678
2208,0.924312
2209,0.190314
2210,0.096992
2211,0.044184
2212,0.500598
2213,0.011815
2214,0.011478
2215,0.010254
2216,0.515481
2217,0.209465
2218,0.033058
2219,0.007556
2220,0.012032
2221,0.030666
2222,0.005106
2223,0.959282
2224,0.309539
2225,0.019017
2226,0.253847
2227,0.638984
2228,0.156933
2229,0.003482
2230,0.797459
2231,0.050883
2232,0.367394
2233,0.005077
2234,0.982205
2235,0.077525
2236,0.227520
2237,0.030711
2238,0.174082
2239,0.813044
2240,0.364420
2241,0.011193
2242,0.008342
2243,0.174865
2244,0.003051
2245,0.008892
2246,0.049043
2247,0.029122
2248,0.054316
2249,0.590055
2250,0.064666
2251,0.528595
2252,0.603336
2253,0.969484
2254,0.015029
2255,0.026335
2256,0.123275
2257,0.004811
2258,0.012724
2259,0.016482
2260,0.385375
2261,0.479305
2262,0.831607
2263,0.331960
2264,0.036876
2265,0.005377
2266,0.389284
2267,0.942016
2268,0.126433
2269,0.286253
2270,0.086491
2271,0.189449
2272,0.108723
2273,0.992171
2274,0.912887
2275,0.002925
2276,0.036932
2277,0.956592
2278,0.678357
2279,0.042704
2280,0.051933
2281,0.314813
2282,0.082297
2283,0.181905
2284,0.620873
2285,0.058667
2286,0.980361
2287,0.077803
2288,0.005141
2289,0.007264
2290,0.006052
2291,0.931912
2292,0.167208
2293,0.026024
2294,0.032241
2295,0.953993
2296,0.847403
2297,0.344329
2298,0.021022
2299,0.056989
2300,0.035465
2301,0.046464
2302,0.118446
2303,0.211685
2304,0.861257
2305,0.024127
2306,0.055736
2307,0.167868
2308,0.142443
2309,0.004677
2310,0.011375
2311,0.008201
2312,0.004136
2313,0.007780
2314,0.969953
2315,0.075243
2316,0.071084
2317,0.829318
2318,0.129665
2319,0.003587
2320,0.112448
2321,0.997853
2322,0.404524
2323,0.119642
2324,0.918673
2325,0.123262
2326,0.491471
2327,0.006828
2328,0.981022
2329,0.127811
2330,0.069286
2331,0.004943
2332,0.102997
2333,0.987213
2334,0.003580
2335,0.136530
2336,0.032867
2337,0.974052
2338,0.065883
2339,0.971254
2340,0.024236
2341,0.008652
2342,0.250548
2343,0.979953
2344,0.106549
2345,0.012869
2346,0.032868
2347,0.378450
2348,0.002468
2349,0.495519
2350,0.071533
2351,0.868329
2352,0.632161
2353,0.971896
2354,0.015698
2355,0.101013
2356,0.209835
2357,0.955968
2358,0.012994
2359,0.019188
2360,0.164640
2361,0.122877
2362,0.009081
2363,0.063569
2364,0.025248
2365,0.643622
2366,0.582894
2367,0.107029
2368,0.023221
2369,0.008730
2370,0.105248
2371,0.988084
2372,0.350970
2373,0.018961
2374,0.004485
2375,0.899661
2376,0.036307
2377,0.154407
2378,0.949787
2379,0.024198
2380,0.016957
2381,0.018918
2382,0.788992
2383,0.557537
2384,0.978094
2385,0.309148
2386,0.065203
2387,0.124196
2388,0.983917
2389,0.005899
2390,0.204601
2391,0.312702
2392,0.023950
2393,0.075476
2394,0.864232
2395,0.091555
2396,0.040593
2397,0.599454
2398,0.033410
2399,0.230584
2400,0.015222
2401,0.030201
2402,0.089370
2403,0.134156
2404,0.971863
2405,0.065742
2406,0.074756
2407,0.619388
2408,0.338398
2409,0.070368
2410,0.074408
2411,0.024449
2412,0.004846
2413,0.947471
2414,0.015108
2415,0.983308
2416,0.682670
2417,0.829981
2418,0.044425
2419,0.018936
2420,0.971608
2421,0.177547
2422,0.008457
2423,0.015369
2424,0.031219
2425,0.639457
2426,0.880841
2427,0.996959
2428,0.004190
2429,0.936586
2430,0.503443
2431,0.515683
2432,0.948770
2433,0.094716
2434,0.118167
2435,0.141497
2436,0.213599
2437,0.970688
2438,0.182383
2439,0.237754
2440,0.301072
2441,0.993445
2442,0.135836
2443,0.071785
2444,0.859776
2445,0.200167
2446,0.409970
2447,0.055431
2448,0.012012
2449,0.772281
2450,0.226986
2451,0.015758
2452,0.510651
2453,0.587385
2454,0.027081
2455,0.284679
2456,0.005254
2457,0.977763
2458,0.253075
2459,0.856494
2460,0.061153
2461,0.014797
2462,0.015323
2463,0.911216
2464,0.006701
2465,0.079258
2466,0.046958
2467,0.022919
2468,0.926796
2469,0.653470
2470,0.993876
2471,0.013288
2472,0.110912
2473,0.021026
2474,0.004988
2475,0.003764
2476,0.791128
2477,0.041693
2478,0.014052
2479,0.293410
2480,0.974430
2481,0.066537
2482,0.178126
2483,0.577310
2484,0.014276
2485,0.789781
2486,0.062823
2487,0.962814
2488,0.542509
2489,0.037184
2490,0.223929
2491,0.003020
2492,0.253007
2493,0.207945
2494,0.016950
2495,0.693497
2496,0.040601
2497,0.157303
2498,0.112857
2499,0.997548
2500,0.019217
2501,0.031341
2502,0.052688
2503,0.182516
2504,0.995757
2505,0.091065
2506,0.061576
2507,0.355754
2508,0.089349
2509,0.034079
2510,0.045334
2511,0.093092
2512,0.059408
2513,0.100759
2514,0.080771
2515,0.111757
2516,0.041108
2517,0.775847
2518,0.191293
2519,0.138261
2520,0.026299
2521,0.183612
2522,0.208247
2523,0.067429
2524,0.015874
2525,0.026590
2526,0.070903
2527,0.601082
2528,0.217405
2529,0.156943
2530,0.775733
2531,0.022587
2532,0.897983
2533,0.131498
2534,0.025708
2535,0.976214
2536,0.063594
2537,0.018259
2538,0.030994
2539,0.540992
2540,0.049414
2541,0.196907
2542,0.142000
2543,0.197310
2544,0.979408
2545,0.004690
2546,0.286214
2547,0.015881
2548,0.355682
2549,0.002285
2550,0.765766
2551,0.357330
2552,0.022748
2553,0.011780
2554,0.004244
2555,0.856414
2556,0.972672
2557,0.222704
2558,0.023312
2559,0.202551
2560,0.172210
2561,0.008157
2562,0.650364
2563,0.187374
2564,0.881750
2565,0.908914
2566,0.090847
2567,0.976357
2568,0.170655
2569,0.007281
2570,0.016009
2571,0.523288
2572,0.047389
2573,0.052143
2574,0.014725
2575,0.953123
2576,0.997363
2577,0.113013
2578,0.020634
2579,0.219276
2580,0.084968
2581,0.937624
2582,0.029550
2583,0.093652
2584,0.130452
2585,0.090671
2586,0.007240
2587,0.167535
2588,0.689892
2589,0.007421
2590,0.007014
2591,0.064063
2592,0.152249
2593,0.158933
2594,0.108147
2595,0.043444
2596,0.049585
2597,0.940121
2598,0.946043
2599,0.101591
2600,0.133190
2601,0.029989
2602,0.068115
2603,0.956643
2604,0.921721
2605,0.037402
2606,0.114363
2607,0.277289
2608,0.993794
2609,0.028330
2610,0.965948
2611,0.838535
2612,0.007502
2613,0.468594
2614,0.004484
2615,0.010743
2616,0.008915
2617,0.028011
2618,0.007700
2619,0.980444
2620,0.021285
2621,0.976781
2622,0.159505
2623,0.036997
2624,0.069160
2625,0.059954
2626,0.817773
2627,0.004149
2628,0.291698
2629,0.947549
2630,0.351789
2631,0.815702
2632,0.962324
2633,0.214527
2634,0.965219
2635,0.699212
2636,0.996597
2637,0.180531
2638,0.014894
2639,0.030324
2640,0.012592
2641,0.022721
2642,0.334293
2643,0.994995
2644,0.929365
2645,0.003682
2646,0.002357
2647,0.462011
2648,0.007476
2649,0.895076
2650,0.146442
2651,0.022611
2652,0.558881
2653,0.656084
2654,0.012572
2655,0.024425
2656,0.096643
2657,0.808675
2658,0.494259
2659,0.286121
2660,0.980028
2661,0.007469
2662,0.004181
2663,0.010087
2664,0.017695
2665,0.964598
2666,0.977172
2667,0.098545
2668,0.407421
2669,0.340935
2670,0.632071
2671,0.211013
2672,0.042511
2673,0.079761
2674,0.041904
2675,0.045652
2676,0.964673
2677,0.997269
2678,0.102328
2679,0.044853
2680,0.966100
2681,0.009071
2682,0.004673
2683,0.649692
2684,0.003033
2685,0.450007
2686,0.930841
2687,0.010931
2688,0.757765
2689,0.086353
2690,0.010353
2691,0.040190
2692,0.005710
2693,0.231152
2694,0.092644
2695,0.086554
2696,0.070275
2697,0.991558
2698,0.418632
2699,0.064693
2700,0.287174
2701,0.925730
2702,0.930236
2703,0.969130
2704,0.864217
2705,0.200733
2706,0.035367
2707,0.997311
2708,0.008428
2709,0.921882
2710,0.299487
2711,0.011496
2712,0.053757
2713,0.036514
2714,0.890206
2715,0.089870
2716,0.002919
2717,0.937437
2718,0.189158
2719,0.113701
2720,0.286535
2721,0.055565
2722,0.967979
2723,0.013281
2724,0.155378
2725,0.006380
2726,0.877620
2727,0.954377
2728,0.013093
2729,0.462739
2730,0.280667
2731,0.018071
2732,0.308246
2733,0.008724
2734,0.017761
2735,0.015416
2736,0.267496
2737,0.023587
2738,0.771448
2739,0.130241
2740,0.840099
2741,0.996741
2742,0.996244
2743,0.085611
2744,0.219658
2745,0.882973
2746,0.959440
2747,0.502404
2748,0.069032
2749,0.072019
2750,0.012257
2751,0.053234
2752,0.120389
2753,0.078012
2754,0.086413
2755,0.769059
2756,0.205283
2757,0.052362
2758,0.125763
2759,0.065092
2760,0.222321
2761,0.681341
2762,0.959379
2763,0.393389
2764,0.015432
2765,0.105184
2766,0.050853
2767,0.533491
2768,0.006813
2769,0.980589
2770,0.016760
2771,0.080576
2772,0.133757
2773,0.917998
2774,0.112075
2775,0.208068
2776,0.494629
2777,0.046784
2778,0.084358
2779,0.023723
2780,0.450635
2781,0.896255
2782,0.006354
2783,0.002928
2784,0.076658
2785,0.012068
2786,0.004285
2787,0.003655
2788,0.051384
2789,0.040657
2790,0.013799
2791,0.015409
2792,0.864340
2793,0.928478
2794,0.526280
2795,0.150872
2796,0.008431
2797,0.031023
2798,0.649242
2799,0.888385
2800,0.057662
2801,0.906469
2802,0.031048
2803,0.959798
2804,0.030070
2805,0.055630
2806,0.019271
2807,0.036245
2808,0.041111
2809,0.061907
2810,0.012769
2811,0.003638
2812,0.971368
2813,0.015980
2814,0.005105
2815,0.673954
2816,0.047726
2817,0.029852
2818,0.625105
2819,0.963195
2820,0.965973
2821,0.039067
2822,0.057983
2823,0.236353
2824,0.291652
2825,0.050281
2826,0.974894
2827,0.020482
2828,0.024230
2829,0.832044
2830,0.021843
2831,0.022289
2832,0.172539
2833,0.820539
2834,0.948986
2835,0.015790
2836,0.032971
2837,0.079473
2838,0.048138
2839,0.055410
2840,0.014622
2841,0.980856
2842,0.986500
2843,0.931604
2844,0.023922
2845,0.015691
2846,0.198270
2847,0.015676
2848,0.029757
2849,0.054035
2850,0.043143
2851,0.857425
2852,0.010444
2853,0.903596
2854,0.003824
2855,0.609343
2856,0.006299
2857,0.159752
2858,0.015756
2859,0.066054
2860,0.014576
2861,0.207257
2862,0.429693
2863,0.019312
2864,0.515823
2865,0.943256
2866,0.006176
2867,0.126223
2868,0.005177
2869,0.135252
2870,0.012228
2871,0.019218
2872,0.335216
2873,0.125881
2874,0.038262
2875,0.039305
2876,0.019167
2877,0.077478
2878,0.229042
2879,0.102446
2880,0.952186
2881,0.506102
2882,0.259484
2883,0.008471
2884,0.767754
2885,0.930526
2886,0.995594
2887,0.880744
2888,0.074613
2889,0.086485
2890,0.402265
2891,0.973395
2892,0.006047
2893,0.546602
2894,0.278295
2895,0.920479
2896,0.037923
2897,0.007365
2898,0.590654
2899,0.042554
2900,0.057020
2901,0.047440
2902,0.158241
2903,0.002705
2904,0.024325
2905,0.529702
2906,0.144676
2907,0.005362
2908,0.120730
2909,0.015701
2910,0.514543
2911,0.096061
2912,0.582234
2913,0.027644
2914,0.977711
2915,0.104580
2916,0.184452
2917,0.107716
2918,0.584976
2919,0.092371
2920,0.037050
2921,0.148360
2922,0.091997
2923,0.012460
2924,0.667342
2925,0.815344
2926,0.487907
2927,0.088982
2928,0.796315
2929,0.963137
2930,0.070383
2931,0.994586
2932,0.973491
2933,0.096101
2934,0.012914
2935,0.195971
2936,0.007233
2937,0.024260
2938,0.711215
2939,0.961803
2940,0.551390
2941,0.005154
2942,0.891143
2943,0.012103
2944,0.538069
2945,0.056831
2946,0.068628
2947,0.026426
2948,0.067617
2949,0.012871
2950,0.024007
2951,0.010251
2952,0.538448
2953,0.965481
2954,0.094954
2955,0.028070
2956,0.974561
2957,0.431302
2958,0.053720
2959,0.140506
2960,0.023274
2961,0.004793
2962,0.618884
2963,0.135207
2964,0.764977
2965,0.874241
2966,0.053218
2967,0.288277
2968,0.012262
2969,0.246171
2970,0.018355
2971,0.098408
2972,0.013112
2973,0.274751
2974,0.882173
2975,0.225725
2976,0.066011
2977,0.960152
2978,0.005329
2979,0.037537
2980,0.006254
2981,0.024714
2982,0.689634
2983,0.823690
2984,0.061917
2985,0.148579
2986,0.019235
2987,0.038685
2988,0.030251
2989,0.073356
2990,0.030920
2991,0.874644
2992,0.947342
2993,0.164955
2994,0.174867
2995,0.032849
2996,0.096848
2997,0.213646
2998,0.110574
2999,0.629861
3000,0.094357
3001,0.003685
3002,0.962050
3003,0.002781
3004,0.389984
3005,0.829195
3006,0.107978
3007,0.127228
3008,0.332195
3009,0.124899
3010,0.010712
3011,0.025970
3012,0.955178
3013,0.160070
3014,0.003646
3015,0.004474
3016,0.010092
3017,0.844428
3018,0.023787
3019,0.509084
3020,0.052794
3021,0.359841
3022,0.988029
3023,0.005571
3024,0.062233
3025,0.172598
3026,0.927359
3027,0.125010
3028,0.180653
3029,0.140710
3030,0.011946
3031,0.012140
3032,0.047648
3033,0.636473
3034,0.172409
3035,0.542260
3036,0.416701
3037,0.168152
3038,0.334162
3039,0.015306
3040,0.038070
3041,0.070362
3042,0.879860
3043,0.016434
3044,0.102714
3045,0.656355
3046,0.032919
3047,0.017340
3048,0.979267
3049,0.716175
3050,0.994838
3051,0.951897
3052,0.009926
3053,0.905037
3054,0.123631
3055,0.040899
3056,0.744100
3057,0.008402
3058,0.993702
3059,0.003139
3060,0.911236
3061,0.996758
3062,0.096532
3063,0.447941
3064,0.046218
3065,0.005417
3066,0.606720
3067,0.092869
3068,0.411749
3069,0.046324
3070,0.006426
3071,0.004396
3072,0.026953
3073,0.308724
3074,0.465500
3075,0.128960
3076,0.003563
3077,0.980384
3078,0.984277
3079,0.078232
3080,0.011924
3081,0.107278
3082,0.868017
3083,0.022351
3084,0.597215
3085,0.521312
3086,0.042002
3087,0.018452
3088,0.045660
3089,0.054887
3090,0.032487
3091,0.064933
3092,0.005693
3093,0.834690
3094,0.007076
3095,0.140200
3096,0.063434
3097,0.017676
3098,0.997420
3099,0.011282
3100,0.018472
3101,0.009820
3102,0.012175
3103,0.019968
3104,0.219329
3105,0.383300
3106,0.062042
3107,0.948607
3108,0.018614
3109,0.005074
3110,0.005741
3111,0.041919
3112,0.002250
3113,0.044512
3114,0.011611
3115,0.818191
3116,0.056972
3117,0.004234
3118,0.263504
3119,0.530352
3120,0.002241
3121,0.010738
3122,0.014552
3123,0.981932
3124,0.017843
3125,0.347832
3126,0.011037
3127,0.919206
3128,0.007625
3129,0.041161
3130,0.730188
3131,0.833801
3132,0.022739
3133,0.080437
3134,0.011572
3135,0.012153
3136,0.128881
3137,0.020414
3138,0.027010
3139,0.973363
3140,0.116327
3141,0.007697
3142,0.924864
3143,0.654036
3144,0.976305
3145,0.035644
3146,0.065816
3147,0.068358
3148,0.237339
3149,0.957168
3150,0.002423
3151,0.322787
3152,0.006970
3153,0.014740
3154,0.031422
3155,0.015477
3156,0.028503
3157,0.180267
3158,0.006311
3159,0.034548
3160,0.747648
3161,0.021597
3162,0.970899
3163,0.022785
3164,0.237631
3165,0.019899
3166,0.078881
3167,0.018398
3168,0.017222
3169,0.970788
3170,0.031585
3171,0.208576
3172,0.079590
3173,0.018544
3174,0.973216
3175,0.798553
3176,0.003363
3177,0.323323
3178,0.126050
3179,0.004397
3180,0.078065
3181,0.034623
3182,0.133812
3183,0.592370
3184,0.004691
3185,0.477316
3186,0.070535
3187,0.977750
3188,0.017335
3189,0.031557
3190,0.995966
3191,0.571665
3192,0.014825
3193,0.087652
3194,0.031380
3195,0.847129
3196,0.870204
3197,0.005310
3198,0.003821
3199,0.443991
3200,0.979930
3201,0.046958
3202,0.005832
3203,0.097646
3204,0.427703
3205,0.921389
3206,0.657866
3207,0.027244
3208,0.078465
3209,0.958046
3210,0.005079
3211,0.966815
3212,0.054063
3213,0.794476
3214,0.029812
3215,0.060764
3216,0.965668
3217,0.957407
3218,0.920741
3219,0.931805
3220,0.724893
3221,0.128339
3222,0.144061
3223,0.875993
3224,0.011570
3225,0.009047
3226,0.169694
3227,0.992203
3228,0.963259
3229,0.808464
3230,0.031842
3231,0.026687
3232,0.283935
3233,0.215540
3234,0.197531
3235,0.026473
3236,0.228994
3237,0.877726
3238,0.006898
3239,0.418004
3240,0.032936
3241,0.014658
3242,0.537282
3243,0.098992
3244,0.099156
3245,0.853655
3246,0.229805
3247,0.205730
3248,0.086464
3249,0.027453
3250,0.423524
3251,0.017477
3252,0.037069
3253,0.007398
3254,0.326322
3255,0.009415
3256,0.009396
3257,0.005494
3258,0.821097
3259,0.039773
3260,0.444678
3261,0.195315
3262,0.014953
3263,0.441750
3264,0.009215
3265,0.166067
3266,0.069305
3267,0.792311
3268,0.984638
3269,0.064902
3270,0.095667
3271,0.891570
3272,0.252266
3273,0.091272
3274,0.007986
3275,0.194370
3276,0.311895
3277,0.214878
3278,0.969347
3279,0.649275
3280,0.098987
3281,0.009504
3282,0.223705
3283,0.009324
3284,0.957461
3285,0.006785
3286,0.572613
3287,0.415888
3288,0.697226
3289,0.005364
3290,0.263353
3291,0.024711
3292,0.105669
3293,0.546730
3294,0.786340
3295,0.886501
3296,0.017305
3297,0.753566
3298,0.697774
3299,0.971451
3300,0.004089
3301,0.039044
3302,0.635656
3303,0.012100
3304,0.267261
3305,0.997240
3306,0.997212
3307,0.647430
3308,0.449931
3309,0.045174
3310,0.985860
3311,0.446344
3312,0.338548
3313,0.078975
3314,0.372490
3315,0.139351
3316,0.922129
3317,0.984093
3318,0.690084
3319,0.977798
3320,0.004172
3321,0.019026
3322,0.005534
3323,0.046837
3324,0.829444
3325,0.110549
3326,0.008094
3327,0.109272
3328,0.025746
3329,0.890627
3330,0.982384
3331,0.162936
3332,0.876487
3333,0.575554
3334,0.257851
3335,0.952471
3336,0.956907
3337,0.787265
3338,0.384782
3339,0.025008
3340,0.960844
3341,0.935588
3342,0.506585
3343,0.029588
3344,0.587888
3345,0.249354
3346,0.959724
3347,0.906699
3348,0.651267
3349,0.016844
3350,0.089373
3351,0.433296
3352,0.701380
3353,0.011879
3354,0.007668
3355,0.360058
3356,0.009656
3357,0.270995
3358,0.003263
3359,0.031252
3360,0.004357
3361,0.004199
3362,0.085597
3363,0.068877
3364,0.108699
3365,0.019431
3366,0.900069
3367,0.086792
3368,0.096672
3369,0.013917
3370,0.669924
3371,0.191400
3372,0.018181
3373,0.009127
3374,0.582854
3375,0.066889
3376,0.015811
3377,0.632196
3378,0.958638
3379,0.060311
3380,0.130891
3381,0.006864
3382,0.089874
3383,0.249048
3384,0.955423
3385,0.947903
3386,0.024152
3387,0.009749
3388,0.203561
3389,0.135668
3390,0.376236
3391,0.996832
3392,0.003471
3393,0.165240
3394,0.174415
3395,0.169196
3396,0.988476
3397,0.993428
3398,0.006107
3399,0.028165
3400,0.092520
3401,0.047640
3402,0.025688
3403,0.921667
3404,0.128970
3405,0.033157
3406,0.321506
3407,0.848408
3408,0.048517
3409,0.012827
3410,0.994857
3411,0.136334
3412,0.960805
3413,0.918701
3414,0.182471
3415,0.293873
3416,0.009300
3417,0.069415
3418,0.009491
3419,0.059862
3420,0.787210
3421,0.008360
3422,0.042236
3423,0.095226
3424,0.027032
3425,0.025000
3426,0.035199
3427,0.017551
3428,0.048264
3429,0.802393
3430,0.005250
3431,0.427787
3432,0.230809
3433,0.016921
3434,0.967288
3435,0.072646
3436,0.070712
3437,0.225670
3438,0.171813
3439,0.282199
3440,0.923114
3441,0.449208
3442,0.004192
3443,0.304171
3444,0.591603
3445,0.194180
3446,0.457216
3447,0.053658
3448,0.026911
3449,0.028050
3450,0.061341
3451,0.022890
3452,0.169197
3453,0.811987
3454,0.995752
3455,0.891691
3456,0.501391
3457,0.107935
3458,0.248364
3459,0.003870
3460,0.050519
3461,0.979968
3462,0.255999
3463,0.044751
3464,0.012287
3465,0.029416
3466,0.010447
3467,0.017974
3468,0.424746
3469,0.903894
3470,0.011747
3471,0.287060
3472,0.025188
3473,0.008542
3474,0.007210
3475,0.550666
3476,0.070452
3477,0.021543
3478,0.007761
3479,0.966133
3480,0.962467
3481,0.091268
3482,0.059728
3483,0.877093
3484,0.008630
3485,0.815238
3486,0.960667
3487,0.069272
3488,0.018962
3489,0.256401
3490,0.044072
3491,0.034373
3492,0.065306
3493,0.084342
3494,0.259208
3495,0.282943
3496,0.629626
3497,0.705833
3498,0.002308
3499,0.378888
3500,0.958618
3501,0.761179
3502,0.010695
3503,0.066328
3504,0.049710
3505,0.006418
3506,0.010987
3507,0.130378
3508,0.795512
3509,0.011837
3510,0.004301
3511,0.942790
3512,0.010861
3513,0.024703
3514,0.042262
3515,0.033377
3516,0.007356
3517,0.941449
3518,0.493961
3519,0.981245
3520,0.045903
3521,0.019683
3522,0.199508
3523,0.165931
3524,0.296107
3525,0.145294
3526,0.286129
3527,0.032288
3528,0.028559
3529,0.721037
3530,0.013138
3531,0.015519
3532,0.983584
3533,0.015373
3534,0.197255
3535,0.015765
3536,0.031947
3537,0.039590
3538,0.006178
3539,0.970284
3540,0.004317
3541,0.094824
3542,0.017370
3543,0.720386
3544,0.086499
3545,0.084131
3546,0.023928
3547,0.004215
3548,0.016080
3549,0.024610
3550,0.024414
3551,0.987903
3552,0.993753
3553,0.401056
3554,0.468650
3555,0.973524
3556,0.193892
3557,0.461359
3558,0.005538
3559,0.229903
3560,0.006535
3561,0.102606
3562,0.094449
3563,0.870460
3564,0.301497
3565,0.938164
3566,0.951598
3567,0.047541
3568,0.004556
3569,0.836177
3570,0.194038
3571,0.837268
3572,0.689325
3573,0.003566
3574,0.025350
3575,0.421760
3576,0.996550
3577,0.024126
3578,0.988420
3579,0.935062
3580,0.274111
3581,0.006425
3582,0.625554
3583,0.051972
3584,0.986736
3585,0.413104
3586,0.790625
3587,0.005871
3588,0.115604
3589,0.977026
3590,0.044182
3591,0.415095
3592,0.913711
3593,0.875601
3594,0.974981
3595,0.046897
3596,0.056130
3597,0.867939
3598,0.008970
3599,0.015751
3600,0.975659
3601,0.005921
3602,0.003811
3603,0.027128
3604,0.054241
3605,0.198237
3606,0.977564
3607,0.002516
3608,0.236460
3609,0.001958
3610,0.120876
3611,0.564330
3612,0.093289
3613,0.924108
3614,0.812983
3615,0.033427
3616,0.015174
3617,0.036524
3618,0.984073
3619,0.719333
3620,0.093567
3621,0.612340
3622,0.009673
3623,0.956215
3624,0.024180
3625,0.487397
3626,0.713114
3627,0.404216
3628,0.248562
3629,0.057232
3630,0.924573
3631,0.076946
3632,0.040102
3633,0.028251
3634,0.048934
3635,0.008453
3636,0.069134
3637,0.030923
3638,0.935025
3639,0.017637
3640,0.097015
3641,0.097911
3642,0.005289
3643,0.006182
3644,0.994476
3645,0.759585
3646,0.908283
3647,0.077065
3648,0.570071
3649,0.923142
3650,0.012016
3651,0.015684
3652,0.011830
3653,0.023621
3654,0.605706
3655,0.390426
3656,0.012600
3657,0.005295
3658,0.029341
3659,0.853329
3660,0.344712
3661,0.486428
3662,0.014251
3663,0.118072
3664,0.007567
3665,0.396883
3666,0.919482
3667,0.033549
3668,0.871599
3669,0.663855
3670,0.114922
3671,0.008592
3672,0.017452
3673,0.700574
3674,0.214259
3675,0.953555
3676,0.052555
3677,0.153899
3678,0.966525
3679,0.921124
3680,0.009710
3681,0.064545
3682,0.008856
3683,0.089251
3684,0.422275
3685,0.294982
3686,0.995642
3687,0.169385
3688,0.155975
3689,0.814840
3690,0.017187
3691,0.802939
3692,0.360144
3693,0.993512
3694,0.006326
3695,0.913935
3696,0.014752
3697,0.726798
3698,0.005270
3699,0.033876
3700,0.323607
3701,0.074744
3702,0.987354
3703,0.158957
3704,0.971997
3705,0.989794
3706,0.187494
3707,0.252168
3708,0.266525
3709,0.005797
3710,0.025324
3711,0.991400
3712,0.101944
3713,0.097579
3714,0.211368
3715,0.006316
3716,0.126929
3717,0.669188
3718,0.920603
3719,0.094560
3720,0.866759
3721,0.246645
3722,0.939200
3723,0.987551
3724,0.013692
3725,0.117489
3726,0.040656
3727,0.210182
3728,0.282049
3729,0.436531
3730,0.901658
3731,0.016616
3732,0.144084
3733,0.058932
3734,0.031447
3735,0.184765
3736,0.006379
3737,0.009003
3738,0.993488
3739,0.981310
3740,0.584885
3741,0.832507
3742,0.940245
3743,0.049988
3744,0.647041
3745,0.269431
3746,0.383333
3747,0.072126
3748,0.666747
3749,0.015173
3750,0.074266
3751,0.027377
3752,0.027607
3753,0.351283
3754,0.938538
3755,0.012568
3756,0.030028
3757,0.040277
3758,0.009739
3759,0.767559
3760,0.584792
3761,0.941204
3762,0.778271
3763,0.174179
3764,0.049536
3765,0.256318
3766,0.038689
3767,0.222416
3768,0.084277
3769,0.948526
3770,0.068153
3771,0.975999
3772,0.428705
3773,0.016197
3774,0.011331
3775,0.091068
3776,0.127268
3777,0.163842
3778,0.005966
3779,0.038293
3780,0.130057
3781,0.236285
3782,0.626717
3783,0.136896
3784,0.151132
3785,0.917274
3786,0.053091
3787,0.493718
3788,0.019351
3789,0.712719
3790,0.948140
3791,0.987864
3792,0.946877
3793,0.085110
3794,0.382779
3795,0.571487
3796,0.891888
3797,0.073003
3798,0.121351
3799,0.017787
3800,0.004838
3801,0.032793
3802,0.976012
3803,0.190736
3804,0.728782
3805,0.019331
3806,0.109578
3807,0.994516
3808,0.289833
3809,0.076437
3810,0.058727
3811,0.155569
3812,0.051184
3813,0.028929
3814,0.936942
3815,0.039584
3816,0.513301
3817,0.069918
3818,0.962303
3819,0.900284
3820,0.466656
3821,0.054365
3822,0.884549
3823,0.045104
3824,0.053358
3825,0.997391
3826,0.322063
3827,0.050697
3828,0.886586
3829,0.059945
3830,0.059755
3831,0.996413
3832,0.010232
3833,0.148292
3834,0.613962
3835,0.058941
3836,0.544137
3837,0.996330
3838,0.575309
3839,0.987271
3840,0.139786
3841,0.066189
3842,0.140598
3843,0.158027
3844,0.042197
3845,0.993999
3846,0.011327
3847,0.969170
3848,0.003658
3849,0.009122
3850,0.391951
3851,0.973839
3852,0.062172
3853,0.618981
3854,0.886324
3855,0.004705
3856,0.029613
3857,0.010804
3858,0.054071
3859,0.042732
3860,0.018225
3861,0.047080
3862,0.012817
3863,0.973321
3864,0.997042
3865,0.199670
3866,0.996501
3867,0.014738
3868,0.534123
3869,0.020798
3870,0.593839
3871,0.043680
3872,0.464020
3873,0.283932
3874,0.093879
3875,0.995473
3876,0.208789
3877,0.983467
3878,0.036847
3879,0.004109
3880,0.995936
3881,0.988445
3882,0.236074
3883,0.372525
3884,0.014667
3885,0.045522
3886,0.884014
3887,0.179843
3888,0.081277
3889,0.111991
3890,0.053496
3891,0.933229
3892,0.010376
3893,0.709790
3894,0.118055
3895,0.409569
3896,0.174441
3897,0.955304
3898,0.438767
3899,0.269064
3900,0.040675
3901,0.004661
3902,0.948208
3903,0.664262
3904,0.024666
3905,0.079277
3906,0.971689
3907,0.059980
3908,0.091541
3909,0.996418
3910,0.004463
3911,0.008176
3912,0.181662
3913,0.022956
3914,0.874148
3915,0.049084
3916,0.775364
3917,0.044937
3918,0.061746
3919,0.010494
3920,0.060479
3921,0.005522
3922,0.352392
3923,0.025425
3924,0.027354
3925,0.983540
3926,0.299811
3927,0.011665
3928,0.047941
3929,0.915794
3930,0.984027
3931,0.002614
3932,0.348264
3933,0.005572
3934,0.907868
3935,0.006093
3936,0.107278
3937,0.235900
3938,0.959835
3939,0.057685
3940,0.147171
3941,0.975282
3942,0.013545
3943,0.228182
3944,0.826932
3945,0.700057
3946,0.062368
3947,0.008083
3948,0.220056
3949,0.968928
3950,0.047805
3951,0.027576
3952,0.948196
3953,0.023910
3954,0.994723
3955,0.009389
3956,0.090832
3957,0.364676
3958,0.045928
3959,0.908380
3960,0.063849
3961,0.022687
3962,0.012487
3963,0.804340
3964,0.347749
3965,0.100001
3966,0.600967
3967,0.012201
3968,0.003964
3969,0.094482
3970,0.256023
3971,0.958533
3972,0.540590
3973,0.417889
3974,0.011526
3975,0.858581
3976,0.974113
3977,0.157150
3978,0.043718
3979,0.680321
3980,0.760889
3981,0.939712
3982,0.962924
3983,0.004808
3984,0.604566
3985,0.027472
3986,0.517102
3987,0.002302
3988,0.825093
3989,0.007494
3990,0.518476
3991,0.787788
3992,0.007300
3993,0.127337
3994,0.794114
3995,0.962269
3996,0.590150
3997,0.006643
3998,0.161887
3999,0.068090
4000,0.019197
4001,0.061140
4002,0.010675
4003,0.149788
4004,0.586012
4005,0.186130
4006,0.130345
4007,0.004926
4008,0.990786
4009,0.083454
4010,0.997410
4011,0.892783
4012,0.054827
4013,0.037089
4014,0.997113
4015,0.949863
4016,0.097471
4017,0.079570
4018,0.098786
4019,0.014543
4020,0.015257
4021,0.046645
4022,0.021170
4023,0.008574
4024,0.004688
4025,0.799311
4026,0.801691
4027,0.007401
4028,0.032792
4029,0.043619
4030,0.006530
4031,0.879432
4032,0.116733
4033,0.026986
4034,0.051275
4035,0.029789
4036,0.021431
4037,0.011185
4038,0.980222
4039,0.007141
4040,0.273799
4041,0.986351
4042,0.038076
4043,0.099140
4044,0.028697
4045,0.002968
4046,0.011073
4047,0.108241
4048,0.079791
4049,0.048567
4050,0.077318
4051,0.107009
4052,0.147006
4053,0.882064
4054,0.033909
4055,0.011768
4056,0.086604
4057,0.311537
4058,0.499681
4059,0.026071
4060,0.120228
4061,0.969431
4062,0.143996
4063,0.412003
4064,0.282881
4065,0.167044
4066,0.011325
4067,0.546655
4068,0.017777
4069,0.015762
4070,0.063322
4071,0.980711
4072,0.003521
4073,0.044604
4074,0.050497
4075,0.016681
4076,0.508125
4077,0.075769
4078,0.380954
4079,0.322959
4080,0.002657
4081,0.796626
4082,0.938115
4083,0.150122
4084,0.055598
4085,0.125463
4086,0.214326
4087,0.007548
4088,0.101087
4089,0.010970
4090,0.207704
4091,0.005755
4092,0.201132
4093,0.349207
4094,0.014289
4095,0.019554
4096,0.020523
4097,0.204524
4098,0.015173
4099,0.962994
4100,0.607623
4101,0.099171
4102,0.099742
4103,0.178933
4104,0.977000
4105,0.509175
4106,0.241663
4107,0.578647
4108,0.985167
4109,0.968037
4110,0.074325
4111,0.003975
4112,0.984433
4113,0.245999
4114,0.093897
4115,0.008938
4116,0.024968
4117,0.995129
4118,0.060854
4119,0.152116
4120,0.966207
4121,0.331461
4122,0.779250
4123,0.009682
4124,0.391830
4125,0.008609
4126,0.090226
4127,0.069887
4128,0.130731
4129,0.416093
4130,0.018390
4131,0.270568
4132,0.915786
4133,0.964363
4134,0.028011
4135,0.370940
4136,0.029367
4137,0.882518
4138,0.003054
4139,0.043635
4140,0.996030
4141,0.895155
4142,0.098681
4143,0.100497
4144,0.979522
4145,0.075460
4146,0.128101
4147,0.172600
4148,0.075409
4149,0.022754
4150,0.290728
4151,0.042076
4152,0.019897
4153,0.098378
4154,0.509494
4155,0.801881
4156,0.047898
4157,0.005471
4158,0.932444
4159,0.280765
4160,0.258528
4161,0.296761
4162,0.008690
4163,0.005920
4164,0.955163
4165,0.221247
4166,0.009838
4167,0.984199
4168,0.158978
4169,0.174827
4170,0.997746
4171,0.035856
4172,0.866006
4173,0.045053
4174,0.014903
4175,0.297495
4176,0.033239
4177,0.005342
4178,0.735889
4179,0.113998
4180,0.943539
4181,0.200594
4182,0.006658
4183,0.786900
4184,0.972489
4185,0.878041
4186,0.943457
4187,0.059080
4188,0.012206
4189,0.099472
4190,0.002798
4191,0.121397
4192,0.936995
4193,0.117659
4194,0.891652
4195,0.119871
4196,0.996448
4197,0.772647
4198,0.109143
4199,0.905976
4200,0.017394
4201,0.531739
4202,0.109605
4203,0.092116
4204,0.079168
4205,0.055302
4206,0.506486
4207,0.109414
4208,0.288302
4209,0.241454
4210,0.385181
4211,0.124529
4212,0.162617
4213,0.366872
4214,0.043008
4215,0.026745
4216,0.012635
4217,0.988060
4218,0.996134
4219,0.008915
4220,0.141895
4221,0.982456
4222,0.167699
4223,0.379586
4224,0.061111
4225,0.039869
4226,0.996024
4227,0.312891
4228,0.015203
4229,0.649471
4230,0.816148
4231,0.025541
4232,0.013258
4233,0.094873
4234,0.004397
4235,0.367124
4236,0.038740
4237,0.126633
4238,0.046180
4239,0.083389
4240,0.544066
4241,0.953365
4242,0.004525
4243,0.025694
4244,0.976281
4245,0.044939
4246,0.024273
4247,0.006901
4248,0.035803
4249,0.460322
4250,0.652828
4251,0.167291
4252,0.004841
4253,0.830886
4254,0.038610
4255,0.036672
4256,0.143139
4257,0.003904
4258,0.871389
4259,0.007562
4260,0.978743
4261,0.947669
4262,0.578251
4263,0.927120
4264,0.008811
4265,0.371159
4266,0.912809
4267,0.006578
4268,0.957706
4269,0.142960
4270,0.179663
4271,0.012166
4272,0.161787
4273,0.008428
4274,0.017420
4275,0.933977
4276,0.605167
4277,0.019783
4278,0.010268
4279,0.183302
4280,0.973829
4281,0.454345
4282,0.219910
4283,0.007900
4284,0.015436
4285,0.362662
4286,0.091607
4287,0.484781
4288,0.764717
4289,0.022739
4290,0.767020
4291,0.032993
4292,0.024813
4293,0.723228
4294,0.912138
4295,0.372612
4296,0.156713
4297,0.993243
4298,0.121573
4299,0.016250
4300,0.095592
4301,0.996875
4302,0.027690
4303,0.074030
4304,0.309479
4305,0.013799
4306,0.052424
4307,0.051297
4308,0.951186
4309,0.922693
4310,0.096350
4311,0.010546
4312,0.966496
4313,0.897165
4314,0.019219
4315,0.017813
4316,0.878000
4317,0.912399
4318,0.757579
4319,0.006319
4320,0.801567
4321,0.004997
4322,0.353339
4323,0.169318
4324,0.480459
4325,0.490325
4326,0.003508
4327,0.558882
4328,0.980943
4329,0.013064
4330,0.116757
4331,0.066774
4332,0.022472
4333,0.032903
4334,0.166965
4335,0.064264
4336,0.040197
4337,0.103410
4338,0.051932
4339,0.476305
4340,0.092555
4341,0.049927
4342,0.126192
4343,0.976369
4344,0.822310
4345,0.031215
4346,0.006638
4347,0.032685
4348,0.090922
4349,0.005296
4350,0.020446
4351,0.027363
4352,0.984258
4353,0.337691
4354,0.064584
4355,0.064973
4356,0.942345
4357,0.036775
4358,0.165688
4359,0.007607
4360,0.967203
4361,0.373433
4362,0.797291
4363,0.052769
4364,0.884500
4365,0.175683
4366,0.106725
4367,0.947335
4368,0.002493
4369,0.043296
4370,0.213562
4371,0.090160
4372,0.996654
4373,0.031607
4374,0.081098
4375,0.645347
4376,0.061158
4377,0.106693
4378,0.966633
4379,0.997626
4380,0.160482
4381,0.043549
4382,0.077244
4383,0.345137
4384,0.914202
4385,0.037765
4386,0.131099
4387,0.001848
4388,0.210027
4389,0.034452
4390,0.795960
4391,0.057388
4392,0.892491
4393,0.042123
4394,0.505570
4395,0.035948
4396,0.832003
4397,0.003086
4398,0.995267
4399,0.115532
4400,0.933616
4401,0.116652
4402,0.117257
4403,0.008479
4404,0.033286
4405,0.103498
4406,0.003506
4407,0.062594
4408,0.314511
4409,0.111086
4410,0.010848
4411,0.003200
4412,0.015631
4413,0.051375
4414,0.748629
4415,0.049176
4416,0.268101
4417,0.052193
4418,0.023702
4419,0.316928
4420,0.028368
4421,0.031472
4422,0.002683
4423,0.089008
4424,0.005241
4425,0.081610
4426,0.032098
4427,0.006866
4428,0.024650
4429,0.094533
4430,0.037692
4431,0.155091
4432,0.003911
4433,0.049035
4434,0.028045
4435,0.108205
4436,0.010839
4437,0.197761
4438,0.059389
4439,0.334503
4440,0.842773
4441,0.010143
4442,0.417714
4443,0.106742
4444,0.180554
4445,0.106944
4446,0.026931
4447,0.526294
4448,0.023272
4449,0.727923
4450,0.053698
4451,0.902356
4452,0.949942
4453,0.298544
4454,0.869792
4455,0.043780
4456,0.117922
4457,0.989707
4458,0.023248
4459,0.153471
4460,0.511188
4461,0.082528
4462,0.015255
4463,0.006649
4464,0.050341
4465,0.020142
4466,0.113844
4467,0.996160
4468,0.916299
4469,0.031483
4470,0.104185
4471,0.008257
4472,0.345085
4473,0.171496
4474,0.241013
4475,0.986176
4476,0.157559
4477,0.043602
4478,0.856593
4479,0.241954
4480,0.347238
4481,0.088326
4482,0.013736
4483,0.949311
4484,0.033374
4485,0.024102
4486,0.984881
4487,0.109133
4488,0.074845
4489,0.017612
4490,0.068029
4491,0.003719
4492,0.012871
4493,0.470128
4494,0.338147
4495,0.145605
4496,0.119913
4497,0.251482
4498,0.007748
4499,0.020944
4500,0.253463
4501,0.019065
4502,0.235863
4503,0.979169
4504,0.279880
4505,0.087414
4506,0.631430
4507,0.088110
4508,0.007917
4509,0.014798
4510,0.200676
4511,0.225589
4512,0.019467
4513,0.002242
4514,0.044913
4515,0.514453
4516,0.933343
4517,0.104381
4518,0.977057
4519,0.086452
4520,0.128463
4521,0.639652
4522,0.396386
4523,0.956772
4524,0.705621
4525,0.959881
4526,0.129329
4527,0.035471
4528,0.003133
4529,0.978525
4530,0.559783
4531,0.022810
4532,0.012608
4533,0.205114
4534,0.766816
4535,0.011278
4536,0.471694
4537,0.055798
4538,0.080324
4539,0.587216
4540,0.286163
4541,0.012586
4542,0.021253
4543,0.973559
4544,0.970157
4545,0.045488
4546,0.225269
4547,0.090238
4548,0.760766
4549,0.064204
4550,0.080888
4551,0.935707
4552,0.795952
4553,0.219247
4554,0.032310
4555,0.144186
4556,0.052409
4557,0.706384
4558,0.970255
4559,0.750885
4560,0.002184
4561,0.015750
4562,0.970012
4563,0.016289
4564,0.053718
4565,0.109320
4566,0.083415
4567,0.329842
4568,0.005536
4569,0.021611
4570,0.012398
4571,0.018905
4572,0.112671
4573,0.017616
4574,0.307999
4575,0.007912
4576,0.132606
4577,0.324304
4578,0.045999
4579,0.023096
4580,0.104942
4581,0.189512
4582,0.925265
4583,0.024532
4584,0.953603
4585,0.900787
4586,0.167315
4587,0.336776
4588,0.029640
4589,0.024368
4590,0.048112
4591,0.006884
4592,0.029228
4593,0.020621
4594,0.955222
4595,0.034405
4596,0.109899
4597,0.979799
4598,0.211096
4599,0.622384
4600,0.008740
4601,0.006264
4602,0.044169
4603,0.137401
4604,0.011330
4605,0.180699
4606,0.076779
4607,0.122814
4608,0.981175
4609,0.010271
4610,0.949880
4611,0.131808
4612,0.092710
4613,0.073220
4614,0.941529
4615,0.982546
4616,0.036712
4617,0.282820
4618,0.980443
4619,0.724706
4620,0.965386
4621,0.074125
4622,0.577193
4623,0.035039
4624,0.315470
4625,0.004642
4626,0.069215
4627,0.077328
4628,0.966451
4629,0.131586
4630,0.046029
4631,0.973602
4632,0.054892
4633,0.839159
4634,0.053379
4635,0.058137
4636,0.070777
4637,0.961219
4638,0.064736
4639,0.039819
4640,0.097677
4641,0.086574
4642,0.979594
4643,0.997338
4644,0.996230
4645,0.010479
4646,0.516951
4647,0.054046
4648,0.047037
4649,0.348330
4650,0.006019
4651,0.732922
4652,0.030799
4653,0.386788
4654,0.118820
4655,0.024793
4656,0.650207
4657,0.971164
4658,0.025330
4659,0.803158
4660,0.109400
4661,0.179847
4662,0.034218
4663,0.051752
4664,0.186119
4665,0.005217
4666,0.479900
4667,0.007173
4668,0.059352
4669,0.013806
4670,0.211877
4671,0.996137
4672,0.107011
4673,0.004610
4674,0.008326
4675,0.933875
4676,0.026177
4677,0.032537
4678,0.013016
4679,0.976666
4680,0.069472
4681,0.011597
4682,0.022653
4683,0.560090
4684,0.016407
4685,0.502909
4686,0.468144
4687,0.015922
4688,0.048550
4689,0.090829
4690,0.039644
4691,0.271503
4692,0.043376
4693,0.986312
4694,0.018700
4695,0.518731
4696,0.109229
4697,0.471692
4698,0.993174
4699,0.078211
4700,0.624216
4701,0.093478
4702,0.006040
4703,0.357726
4704,0.017370
4705,0.061799
4706,0.053971
4707,0.008635
4708,0.051787
4709,0.041343
4710,0.276262
4711,0.970927
4712,0.287656
4713,0.017393
4714,0.007273
4715,0.092130
4716,0.003200
4717,0.049352
4718,0.746809
4719,0.481892
4720,0.020914
4721,0.110994
4722,0.970385
4723,0.813625
4724,0.038881
4725,0.008974
4726,0.061174
4727,0.092984
4728,0.160893
4729,0.014993
4730,0.005820
4731,0.007222
4732,0.076214
4733,0.951316
4734,0.027630
4735,0.013586
4736,0.969272
4737,0.273348
4738,0.816467
4739,0.488417
4740,0.993719
4741,0.037389
4742,0.954347
4743,0.050474
4744,0.048421
4745,0.324541
4746,0.062583
4747,0.041174
4748,0.009551
4749,0.240935
4750,0.618768
4751,0.989907
4752,0.039606
4753,0.390608
4754,0.160960
4755,0.186055
4756,0.012869
4757,0.041682
4758,0.073159
4759,0.116689
4760,0.926038
4761,0.603616
4762,0.050347
4763,0.008383
4764,0.004638
4765,0.148822
4766,0.179016
4767,0.609286
4768,0.919696
4769,0.452750
4770,0.010571
4771,0.014208
4772,0.070147
4773,0.006370
4774,0.705778
4775,0.003942
4776,0.019022
4777,0.045248
4778,0.012700
4779,0.982484
4780,0.989965
4781,0.243082
4782,0.989833
4783,0.107441
4784,0.248593
4785,0.137543
4786,0.022114
4787,0.858876
4788,0.122382
4789,0.005727
4790,0.006124
4791,0.008972
4792,0.901726
4793,0.984155
4794,0.085055
4795,0.005044
4796,0.994609
4797,0.010528
4798,0.846607
4799,0.742037
4800,0.553732
4801,0.589796
4802,0.005903
4803,0.014951
4804,0.024441
4805,0.008006
4806,0.344160
4807,0.960338
4808,0.113005
4809,0.067917
4810,0.033216
4811,0.107073
4812,0.157721
4813,0.755506
4814,0.960195
4815,0.246210
4816,0.304973
4817,0.027053
4818,0.117181
4819,0.139205
4820,0.996699
4821,0.702808
4822,0.010806
4823,0.460822
4824,0.162170
4825,0.754273
4826,0.025120
4827,0.122243
4828,0.012408
4829,0.029508
4830,0.034605
4831,0.322336
4832,0.178825
4833,0.202849
4834,0.021746
4835,0.039054
4836,0.038829
4837,0.049666
4838,0.025313
4839,0.006344
4840,0.970319
4841,0.256480
4842,0.980632
4843,0.056689
4844,0.144758
4845,0.124041
4846,0.011191
4847,0.946110
4848,0.699056
4849,0.005697
4850,0.249778
4851,0.053999
4852,0.539181
4853,0.693550
4854,0.619999
4855,0.246771
4856,0.739793
4857,0.107415
4858,0.111878
4859,0.034215
4860,0.095913
4861,0.807142
4862,0.047076
4863,0.012579
4864,0.582366
4865,0.188400
4866,0.005191
4867,0.174734
4868,0.176632
4869,0.004849
4870,0.116148
4871,0.317900
4872,0.365985
4873,0.104067
4874,0.984092
4875,0.269850
4876,0.029921
4877,0.016118
4878,0.879300
4879,0.715641
4880,0.861349
4881,0.928265
4882,0.066407
4883,0.072327
4884,0.121626
4885,0.820683
4886,0.955093
4887,0.013283
4888,0.047835
4889,0.109256
4890,0.022103
4891,0.642767
4892,0.981188
4893,0.891311
4894,0.185853
4895,0.092685
4896,0.509370
4897,0.885884
4898,0.144032
4899,0.926205
4900,0.011135
4901,0.849711
4902,0.295374
4903,0.047904
4904,0.060841
4905,0.264351
4906,0.013327
4907,0.491270
4908,0.053160
4909,0.060641
4910,0.913544
4911,0.152659
4912,0.034878
4913,0.849012
4914,0.043930
4915,0.968185
4916,0.474173
4917,0.612732
4918,0.973913
4919,0.597779
4920,0.030004
4921,0.964853
4922,0.984070
4923,0.005381
4924,0.934680
4925,0.093596
4926,0.011667
4927,0.884264
4928,0.548957
4929,0.037771
4930,0.971884
4931,0.826401
4932,0.662416
4933,0.990961
4934,0.137097
4935,0.070925
4936,0.064819
4937,0.529529
4938,0.023113
4939,0.954129
4940,0.015963
4941,0.006690
4942,0.370147
4943,0.009300
4944,0.040296
4945,0.159257
4946,0.111533
4947,0.073701
4948,0.198554
4949,0.870632
4950,0.444075
4951,0.199371
4952,0.114125
4953,0.188138
4954,0.763468
4955,0.551331
4956,0.180549
4957,0.220296
4958,0.981050
4959,0.721838
4960,0.003005
4961,0.835248
4962,0.122656
4963,0.309069
4964,0.903696
4965,0.017518
4966,0.011085
4967,0.277488
4968,0.007024
4969,0.206004
4970,0.982599
4971,0.194543
4972,0.060212
4973,0.011837
4974,0.034662
4975,0.688038
4976,0.132511
4977,0.550436
4978,0.010114
4979,0.878134
4980,0.537378
4981,0.006632
4982,0.067332
4983,0.919990
4984,0.333697
4985,0.619061
4986,0.986009
4987,0.973266
4988,0.017938
4989,0.002368
4990,0.005316
4991,0.737062
4992,0.008064
4993,0.057856
4994,0.150709
4995,0.010771
4996,0.948115
4997,0.021459
4998,0.346884
4999,0.555605
5000,0.014333
5001,0.012128
5002,0.069718
5003,0.471267
5004,0.369313
5005,0.056455
5006,0.032952
5007,0.772506
5008,0.956758
5009,0.044436
5010,0.003255
5011,0.504238
5012,0.035914
5013,0.096209
5014,0.133266
5015,0.643280
5016,0.891976
5017,0.617244
5018,0.959170
5019,0.962049
5020,0.020252
5021,0.293207
5022,0.014287
5023,0.002902
5024,0.212170
5025,0.091505
5026,0.041842
5027,0.123206
5028,0.996547
5029,0.883090
5030,0.007080
5031,0.033353
5032,0.224528
5033,0.935366
5034,0.916321
5035,0.022437
5036,0.032919
5037,0.003040
5038,0.014095
5039,0.249670
5040,0.910390
5041,0.326286
5042,0.962791
5043,0.043471
5044,0.009896
5045,0.413718
5046,0.081741
5047,0.002987
5048,0.480053
5049,0.115919
5050,0.092533
5051,0.869885
5052,0.009806
5053,0.140786
5054,0.066499
5055,0.012439
5056,0.921285
5057,0.022659
5058,0.957849
5059,0.072459
5060,0.125744
5061,0.041073
5062,0.018849
5063,0.013183
5064,0.025285
5065,0.371565
5066,0.526338
5067,0.057525
5068,0.945041
5069,0.698052
5070,0.943186
5071,0.067636
5072,0.032370
5073,0.017016
5074,0.017093
5075,0.505182
5076,0.340074
5077,0.093885
5078,0.135456
5079,0.968786
5080,0.026544
5081,0.005756
5082,0.057931
5083,0.060782
5084,0.004688
5085,0.950443
5086,0.996770
5087,0.008607
5088,0.043301
5089,0.012739
5090,0.431473
5091,0.063279
5092,0.992572
5093,0.361637
5094,0.093690
5095,0.096885
5096,0.013945
5097,0.036898
5098,0.150536
5099,0.003808
5100,0.053899
5101,0.283718
5102,0.544143
5103,0.007950
5104,0.009186
5105,0.064158
5106,0.996560
5107,0.975318
5108,0.551426
5109,0.904740
5110,0.017575
5111,0.978478
5112,0.897885
5113,0.236433
5114,0.948227
5115,0.881279
5116,0.783311
5117,0.772527
5118,0.876341
5119,0.029622
5120,0.984659
5121,0.038832
5122,0.016299
5123,0.821773
5124,0.013860
5125,0.951122
5126,0.094793
5127,0.354226
5128,0.044649
5129,0.502549
5130,0.027105
5131,0.016758
5132,0.134866
5133,0.168962
5134,0.704196
5135,0.415348
5136,0.004385
5137,0.672440
5138,0.027358
5139,0.255805
5140,0.072480
5141,0.205329
5142,0.072776
5143,0.003436
5144,0.009324
5145,0.002715
5146,0.027608
5147,0.014957
5148,0.024333
5149,0.008729
5150,0.290419
5151,0.793527
5152,0.114275
5153,0.039706
5154,0.990738
5155,0.120161
5156,0.005523
5157,0.013622
5158,0.005914
5159,0.045892
5160,0.199824
5161,0.041451
5162,0.005638
5163,0.057864
5164,0.033558
5165,0.150668
5166,0.465384
5167,0.071172
5168,0.086416
5169,0.071517
5170,0.141301
5171,0.790924
5172,0.651878
5173,0.104345
5174,0.015981
5175,0.997708
5176,0.403414
5177,0.964968
5178,0.908887
5179,0.911143
5180,0.025550
5181,0.215131
5182,0.223959
5183,0.003970
5184,0.161793
5185,0.042700
5186,0.002378
5187,0.073193
5188,0.980739
5189,0.021228
5190,0.065949
5191,0.192987
5192,0.190768
5193,0.308610
5194,0.510647
5195,0.303461
5196,0.057368
5197,0.021190
5198,0.029175
5199,0.012355
5200,0.002722
5201,0.144031
5202,0.110785
5203,0.017298
5204,0.186119
5205,0.007637
5206,0.062900
5207,0.647584
5208,0.014844
5209,0.790686
5210,0.911333
5211,0.905518
5212,0.250625
5213,0.254190
5214,0.021693
5215,0.645497
5216,0.856924
5217,0.024981
5218,0.627214
5219,0.003300
5220,0.989422
5221,0.023790
5222,0.057661
5223,0.268524
5224,0.527595
5225,0.005912
5226,0.976765
5227,0.838383
5228,0.861963
5229,0.993348
5230,0.050346
5231,0.404358
5232,0.960196
5233,0.012832
5234,0.038369
5235,0.012075
5236,0.008464
5237,0.937858
5238,0.122220
5239,0.019672
5240,0.017538
5241,0.061432
5242,0.032268
5243,0.077407
5244,0.985271
5245,0.483389
5246,0.133120
5247,0.051809
5248,0.044956
5249,0.329968
5250,0.180976
5251,0.363428
5252,0.561285
5253,0.011956
5254,0.031672
5255,0.293010
5256,0.007206
5257,0.269958
5258,0.918353
5259,0.652087
5260,0.096908
5261,0.018467
5262,0.816571
5263,0.006909
5264,0.273703
5265,0.103263
5266,0.970952
5267,0.004968
5268,0.181937
5269,0.027729
5270,0.247566
5271,0.127847
5272,0.947754
5273,0.012498
5274,0.486646
5275,0.805399
5276,0.147085
5277,0.740848
5278,0.168238
5279,0.008169
5280,0.009283
5281,0.004289
5282,0.981489
5283,0.054407
5284,0.017348
5285,0.005962
5286,0.018429
5287,0.069759
5288,0.062129
5289,0.025721
5290,0.003157
5291,0.989586
5292,0.675331
5293,0.114940
5294,0.762228
5295,0.044133
5296,0.195780
5297,0.005362
5298,0.282332
5299,0.003287
5300,0.012873
5301,0.226246
5302,0.278793
5303,0.135068
5304,0.078445
5305,0.046317
5306,0.117905
5307,0.832523
5308,0.092344
5309,0.115906
5310,0.023451
5311,0.867703
5312,0.266587
5313,0.051946
5314,0.675179
5315,0.140930
5316,0.116784
5317,0.124282
5318,0.004362
5319,0.694469
5320,0.048526
5321,0.086580
5322,0.108615
5323,0.030727
5324,0.890512
5325,0.182771
5326,0.003606
5327,0.023587
5328,0.052359
5329,0.934262
5330,0.010627
5331,0.116360
5332,0.005864
5333,0.037115
5334,0.973000
5335,0.493061
5336,0.009546
5337,0.049304
5338,0.302351
5339,0.075112
5340,0.017635
5341,0.005047
5342,0.980683
5343,0.080055
5344,0.019546
5345,0.014706
5346,0.263421
5347,0.951734
5348,0.032479
5349,0.027150
5350,0.795641
5351,0.995240
5352,0.781045
5353,0.027005
5354,0.280071
5355,0.855036
5356,0.017042
5357,0.138051
5358,0.995477
5359,0.009155
5360,0.055960
5361,0.600476
5362,0.120349
5363,0.012144
5364,0.008662
5365,0.957311
5366,0.004846
5367,0.003641
5368,0.892188
5369,0.716304
5370,0.042985
5371,0.020081
5372,0.012748
5373,0.286332
5374,0.005617
5375,0.035585
5376,0.071111
5377,0.010604
5378,0.037205
5379,0.296747
5380,0.442829
5381,0.038248
5382,0.269758
5383,0.094909
5384,0.090676
5385,0.045955
5386,0.016386
5387,0.675933
5388,0.011652
5389,0.979951
5390,0.602456
5391,0.007570
5392,0.005021
5393,0.992852
5394,0.031596
5395,0.810876
5396,0.041235
5397,0.175823
5398,0.174134
5399,0.326686
5400,0.034025
5401,0.437933
5402,0.005523
5403,0.094628
5404,0.035861
5405,0.058665
5406,0.897358
5407,0.811831
5408,0.014087
5409,0.013312
5410,0.192381
5411,0.194538
5412,0.949073
5413,0.078782
5414,0.005991
5415,0.994142
5416,0.033179
5417,0.078962
5418,0.085769
5419,0.249898
5420,0.051272
5421,0.059362
5422,0.060589
5423,0.054157
5424,0.872194
5425,0.961504
5426,0.038109
5427,0.029816
5428,0.007467
5429,0.002727
5430,0.672727
5431,0.037900
5432,0.751108
5433,0.176840
5434,0.965615
5435,0.608542
5436,0.983534
5437,0.054284
5438,0.298146
5439,0.252073
5440,0.931944
5441,0.007662
5442,0.056413
5443,0.629459
5444,0.011182
5445,0.936541
5446,0.146666
5447,0.137970
5448,0.029385
5449,0.006641
5450,0.951184
5451,0.003100
5452,0.986695
5453,0.196810
5454,0.069025
5455,0.958651
5456,0.008019
5457,0.076605
5458,0.004176
5459,0.917383
5460,0.972835
5461,0.013879
5462,0.018181
5463,0.021189
5464,0.006874
5465,0.140291
5466,0.786182
5467,0.990824
5468,0.067872
5469,0.085219
5470,0.996045
5471,0.333525
5472,0.147044
5473,0.003514
5474,0.363897
5475,0.006440
5476,0.056486
5477,0.916035
5478,0.314105
5479,0.951347
5480,0.049272
5481,0.044174
5482,0.005321
5483,0.398399
5484,0.744840
5485,0.177799
5486,0.064574
5487,0.438000
5488,0.120944
5489,0.137314
5490,0.021644
5491,0.612258
5492,0.055996
5493,0.012622
5494,0.817894
5495,0.843791
5496,0.018277
5497,0.127285
5498,0.050641
5499,0.005217
5500,0.003307
5501,0.172732
5502,0.032164
5503,0.076449
5504,0.979010
5505,0.978164
5506,0.019107
5507,0.340499
5508,0.038884
5509,0.971343
5510,0.008048
5511,0.993892
5512,0.006086
5513,0.031977
5514,0.291073
5515,0.003971
5516,0.053408
5517,0.126495
5518,0.161194
5519,0.036337
5520,0.025828
5521,0.996019
5522,0.787743
5523,0.217447
5524,0.972462
5525,0.090091
5526,0.144839
5527,0.710406
5528,0.005992
5529,0.033555
5530,0.114706
5531,0.055459
5532,0.104289
5533,0.095259
5534,0.150291
5535,0.019784
5536,0.078995
5537,0.030571
5538,0.014591
5539,0.058342
5540,0.802332
5541,0.007817
5542,0.225080
5543,0.006759
5544,0.010667
5545,0.957670
5546,0.435696
5547,0.032278
5548,0.058240
5549,0.986410
5550,0.020942
5551,0.115084
5552,0.050528
5553,0.063716
5554,0.412488
5555,0.111035
5556,0.097168
5557,0.632804
5558,0.978804
5559,0.045527
5560,0.987368
5561,0.646322
5562,0.004647
5563,0.086236
5564,0.009179
5565,0.990683
5566,0.409395
5567,0.017633
5568,0.076002
5569,0.071871
5570,0.978289
5571,0.019650
5572,0.003826
5573,0.077201
5574,0.809481
5575,0.345296
5576,0.032677
5577,0.058567
5578,0.177704
5579,0.017418
5580,0.995091
5581,0.333914
5582,0.009313
5583,0.014889
5584,0.686577
5585,0.021503
5586,0.292995
5587,0.759573
5588,0.185618
5589,0.121597
5590,0.114016
5591,0.015058
5592,0.588561
5593,0.006985
5594,0.028982
5595,0.062239
5596,0.671605
5597,0.889646
5598,0.043837
5599,0.866449
5600,0.972897
5601,0.069113
5602,0.110719
5603,0.500403
5604,0.004504
5605,0.798391
5606,0.105540
5607,0.003401
5608,0.348209
5609,0.817524
5610,0.048026
5611,0.065721
5612,0.033371
5613,0.132883
5614,0.193933
5615,0.003133
5616,0.032527
5617,0.911533
5618,0.995950
5619,0.127990
5620,0.028514
5621,0.166955
5622,0.011403
5623,0.003735
5624,0.111606
5625,0.681787
5626,0.191824
5627,0.995326
5628,0.057772
5629,0.136778
5630,0.982442
5631,0.035948
5632,0.022597
5633,0.008997
5634,0.614978
5635,0.056958
5636,0.003733
5637,0.101681
5638,0.768995
5639,0.004071
5640,0.022022
5641,0.164489
5642,0.020347
5643,0.834420
5644,0.064100
5645,0.025933
5646,0.828763
5647,0.100484
5648,0.025935
5649,0.050059
5650,0.008534
5651,0.157101
5652,0.013068
5653,0.012528
5654,0.012298
5655,0.970202
5656,0.220043
5657,0.205778
5658,0.018536
5659,0.110976
5660,0.029021
5661,0.860594
5662,0.036511
5663,0.215786
5664,0.019870
5665,0.925119
5666,0.071918
5667,0.948706
5668,0.996888
5669,0.343115
5670,0.923297
5671,0.128660
5672,0.031029
5673,0.223386
5674,0.826854
5675,0.183411
5676,0.995415
5677,0.073906
5678,0.085586
5679,0.970533
5680,0.011336
5681,0.050527
5682,0.504751
5683,0.173468
5684,0.051856
5685,0.101571
5686,0.101324
5687,0.124496
5688,0.020725
5689,0.053969
5690,0.019101
5691,0.009307
5692,0.021104
5693,0.285419
5694,0.055415
5695,0.379191
5696,0.124109
5697,0.198739
5698,0.031789
5699,0.250411
5700,0.032146
5701,0.970249
5702,0.090064
5703,0.190137
5704,0.866728
5705,0.642156
5706,0.070083
5707,0.027418
5708,0.149236
5709,0.914063
5710,0.966928
5711,0.063171
5712,0.003367
5713,0.018478
5714,0.259088
5715,0.023712
5716,0.003854
5717,0.923931
5718,0.949076
5719,0.004021
5720,0.436620
5721,0.006547
5722,0.996442
5723,0.470093
5724,0.021333
5725,0.057432
5726,0.330964
5727,0.950569
5728,0.821749
5729,0.010221
5730,0.380299
5731,0.974979
5732,0.019851
5733,0.205081
5734,0.995320
5735,0.027982
5736,0.003435
5737,0.958255
5738,0.864175
5739,0.011755
5740,0.202817
5741,0.073469
5742,0.071957
5743,0.844775
5744,0.255874
5745,0.007479
5746,0.030177
5747,0.108393
5748,0.071700
5749,0.267433
5750,0.976941
5751,0.004532
5752,0.103479
5753,0.015686
5754,0.005856
5755,0.058937
5756,0.010265
5757,0.168017
5758,0.919146
5759,0.223937
5760,0.028569
5761,0.008708
5762,0.447747
5763,0.935044
5764,0.002650
5765,0.748994
5766,0.986668
5767,0.051983
5768,0.874596
5769,0.004303
5770,0.080021
5771,0.996280
5772,0.192932
5773,0.578050
5774,0.985446
5775,0.065337
5776,0.890758
5777,0.005909
5778,0.022577
5779,0.010340
5780,0.023441
5781,0.303958
5782,0.020076
5783,0.432200
5784,0.956065
5785,0.752893
5786,0.002874
5787,0.086194
5788,0.988910
5789,0.018842
5790,0.981041
5791,0.996542
5792,0.061255
5793,0.205336
5794,0.120501
5795,0.060567
5796,0.065619
5797,0.954035
5798,0.993211
5799,0.029695
5800,0.335715
5801,0.161518
5802,0.955738
5803,0.241780
5804,0.043159
5805,0.092035
5806,0.958173
5807,0.054955
5808,0.997575
5809,0.022827
5810,0.080660
5811,0.966893
5812,0.982819
5813,0.903474
5814,0.889402
5815,0.947122
5816,0.965872
5817,0.932102
5818,0.035860
5819,0.996506
5820,0.292979
5821,0.042195
5822,0.995957
5823,0.010922
5824,0.869799
5825,0.056735
5826,0.030145
5827,0.015571
5828,0.940158
5829,0.246923
5830,0.065037
5831,0.104632
5832,0.431793
5833,0.235820
5834,0.052360
5835,0.749693
5836,0.107634
5837,0.611312
5838,0.007962
5839,0.003954
5840,0.006339
5841,0.921853
5842,0.089748
5843,0.205344
5844,0.206008
5845,0.460543
5846,0.928070
5847,0.118131
5848,0.081575
5849,0.032336
5850,0.982237
5851,0.946846
5852,0.840380
5853,0.128940
5854,0.828299
5855,0.007263
5856,0.119120
5857,0.061399
5858,0.615290
5859,0.045570
5860,0.961447
5861,0.028956
5862,0.619550
5863,0.091129
5864,0.139469
5865,0.230200
5866,0.092432
5867,0.141466
5868,0.047483
5869,0.059034
5870,0.005851
5871,0.113746
5872,0.006481
5873,0.088010
5874,0.986440
5875,0.997011
5876,0.062729
5877,0.953815
5878,0.199230
5879,0.041634
5880,0.181527
5881,0.136942
5882,0.021891
5883,0.167829
5884,0.752746
5885,0.006274
5886,0.489573
5887,0.922653
5888,0.458316
5889,0.902879
5890,0.005996
5891,0.046094
5892,0.635121
5893,0.077929
5894,0.051885
5895,0.062379
5896,0.013125
5897,0.034980
5898,0.617095
5899,0.128104
5900,0.091385
5901,0.628311
5902,0.616095
5903,0.947487
5904,0.979227
5905,0.431778
5906,0.043155
5907,0.978379
5908,0.031227
5909,0.061816
5910,0.099354
5911,0.155677
5912,0.990481
5913,0.004065
5914,0.075964
5915,0.155192
5916,0.007247
5917,0.006168
5918,0.949931
5919,0.185025
5920,0.987186
5921,0.063006
5922,0.087791
5923,0.066950
5924,0.338800
5925,0.083479
5926,0.976959
5927,0.122043
5928,0.066877
5929,0.011345
5930,0.115434
5931,0.926807
5932,0.044571
5933,0.917302
5934,0.620043
5935,0.229028
5936,0.004067
5937,0.083737
5938,0.391401
5939,0.005355
5940,0.954160
5941,0.052078
5942,0.165079
5943,0.088567
5944,0.337448
5945,0.983268
5946,0.094934
5947,0.061496
5948,0.124337
5949,0.754980
5950,0.013824
5951,0.391017
5952,0.140152
5953,0.408785
5954,0.338057
5955,0.025956
5956,0.918023
5957,0.871437
5958,0.739248
5959,0.284332
5960,0.038464
5961,0.006188
5962,0.240174
5963,0.004785
5964,0.879302
5965,0.183206
5966,0.029212
5967,0.008747
5968,0.042550
5969,0.659653
5970,0.955306
5971,0.057637
5972,0.947899
5973,0.133035
5974,0.871653
5975,0.612640
5976,0.008356
5977,0.317777
5978,0.316396
5979,0.906856
5980,0.179494
5981,0.378053
5982,0.026812
5983,0.023474
5984,0.911993
5985,0.034695
5986,0.150657
5987,0.017465
5988,0.766478
5989,0.861865
5990,0.018975
5991,0.994995
5992,0.051315
5993,0.251614
5994,0.007769
5995,0.060792
5996,0.026395
5997,0.938556
5998,0.846019
5999,0.850936
6000,0.019107
6001,0.676077
6002,0.791226
6003,0.208955
6004,0.042520
6005,0.004548
6006,0.665310
6007,0.957901
6008,0.471746
6009,0.875519
6010,0.012838
6011,0.946353
6012,0.058048
6013,0.148207
6014,0.024305
6015,0.058919
6016,0.052237
6017,0.042558
6018,0.995092
6019,0.032029
6020,0.961544
6021,0.295100
6022,0.955809
6023,0.847090
6024,0.021413
6025,0.044620
6026,0.042061
6027,0.369295
6028,0.077864
6029,0.728381
6030,0.019782
6031,0.035184
6032,0.057428
6033,0.015572
6034,0.646299
6035,0.183912
6036,0.947583
6037,0.634347
6038,0.911374
6039,0.005972
6040,0.040730
6041,0.965349
6042,0.975123
6043,0.777062
6044,0.928822
6045,0.917639
6046,0.015499
6047,0.086292
6048,0.184225
6049,0.562677
6050,0.020106
6051,0.145935
6052,0.095216
6053,0.002810
6054,0.015216
6055,0.066067
6056,0.099330
6057,0.015489
6058,0.243577
6059,0.679430
6060,0.021435
6061,0.356450
6062,0.077435
6063,0.949654
6064,0.008283
6065,0.028383
6066,0.109745
6067,0.008647
6068,0.554186
6069,0.002997
6070,0.048739
6071,0.035129
6072,0.995975
6073,0.022793
6074,0.195995
6075,0.049864
6076,0.104870
6077,0.049737
6078,0.303591
6079,0.035183
6080,0.748885
6081,0.007899
6082,0.710828
6083,0.020067
6084,0.984189
6085,0.161730
6086,0.054734
6087,0.035979
6088,0.127151
6089,0.092374
6090,0.039187
6091,0.030493
6092,0.971102
6093,0.227800
6094,0.049737
6095,0.496125
6096,0.903800
6097,0.065253
6098,0.002599
6099,0.937997
6100,0.970953
6101,0.814704
6102,0.086085
6103,0.283281
6104,0.065410
6105,0.015572
6106,0.017294
6107,0.539567
6108,0.961535
6109,0.006949
6110,0.336063
6111,0.959334
6112,0.013526
6113,0.007166
6114,0.078448
6115,0.953471
6116,0.741241
6117,0.002859
6118,0.051182
6119,0.624744
6120,0.369498
6121,0.012380
6122,0.053764
6123,0.881982
6124,0.119410
6125,0.613009
6126,0.003285
6127,0.904146
6128,0.013274
6129,0.927290
6130,0.023967
6131,0.055103
6132,0.951122
6133,0.083423
6134,0.462794
6135,0.043049
6136,0.824454
6137,0.081971
6138,0.015218
6139,0.128602
6140,0.045523
6141,0.996392
6142,0.961181
6143,0.844025
6144,0.031317
6145,0.953338
6146,0.688281
6147,0.042749
6148,0.803010
6149,0.295353
6150,0.006105
6151,0.036335
6152,0.047332
6153,0.062438
6154,0.839343
6155,0.025646
6156,0.411399
6157,0.038267
6158,0.155166
6159,0.034289
6160,0.785748
6161,0.370786
6162,0.962228
6163,0.855451
6164,0.027205
6165,0.273644
6166,0.951111
6167,0.993499
6168,0.697440
6169,0.508956
6170,0.770338
6171,0.150292
6172,0.863450
6173,0.210613
6174,0.417317
6175,0.583051
6176,0.017277
6177,0.043655
6178,0.910778
6179,0.096513
6180,0.726346
6181,0.961242
6182,0.102177
6183,0.027080
6184,0.157654
6185,0.607353
6186,0.450212
6187,0.004476
6188,0.048217
6189,0.126456
6190,0.129773
6191,0.996565
6192,0.257017
6193,0.020557
6194,0.975026
6195,0.014446
6196,0.974910
6197,0.977972
6198,0.865356
6199,0.049625
6200,0.965068
6201,0.009713
6202,0.019543
6203,0.013247
6204,0.078648
6205,0.022361
6206,0.049455
6207,0.018103
6208,0.983641
6209,0.189501
6210,0.551939
6211,0.914517
6212,0.015386
6213,0.016407
6214,0.434834
6215,0.070980
6216,0.014780
6217,0.035729
6218,0.136536
6219,0.130458
6220,0.041298
6221,0.792682
6222,0.009273
6223,0.009466
6224,0.013918
6225,0.005272
6226,0.006193
6227,0.022181
6228,0.029105
6229,0.955570
6230,0.002634
6231,0.065660
6232,0.083039
6233,0.033246
6234,0.997485
6235,0.360639
6236,0.200271
6237,0.314799
6238,0.036626
6239,0.757414
6240,0.017951
6241,0.389241
6242,0.008945
6243,0.016912
6244,0.002125
6245,0.003973
6246,0.965395
6247,0.056129
6248,0.012331
6249,0.315692
6250,0.335944
6251,0.100560
6252,0.848204
6253,0.835853
6254,0.926820
6255,0.962091
6256,0.990705
6257,0.432139
6258,0.993690
6259,0.007034
6260,0.004563
6261,0.084491
6262,0.111854
6263,0.237270
6264,0.525195
6265,0.060354
6266,0.970571
6267,0.058908
6268,0.045333
6269,0.009865
6270,0.080652
6271,0.015597
6272,0.107777
6273,0.040582
6274,0.104959
6275,0.013533
6276,0.979567
6277,0.063718
6278,0.111770
6279,0.974107
6280,0.100527
6281,0.004692
6282,0.128898
6283,0.238946
6284,0.588001
6285,0.340077
6286,0.016468
6287,0.037416
6288,0.977137
6289,0.687558
6290,0.050670
6291,0.074011
6292,0.030447
6293,0.130784
6294,0.850488
6295,0.119137
6296,0.764100
6297,0.016415
6298,0.127648
6299,0.954843
6300,0.876958
6301,0.021193
6302,0.028489
6303,0.017915
6304,0.698248
6305,0.864682
6306,0.741540
6307,0.281069
6308,0.588799
6309,0.026154
6310,0.719674
6311,0.664714
6312,0.932675
6313,0.995759
6314,0.040681
6315,0.446916
6316,0.496008
6317,0.037843
6318,0.276824
6319,0.082055
6320,0.098350
6321,0.004966
6322,0.997107
6323,0.003480
6324,0.240202
6325,0.004678
6326,0.011834
6327,0.145944
6328,0.005172
6329,0.019091
6330,0.685595
6331,0.017629
6332,0.997235
6333,0.915362
6334,0.006908
6335,0.986789
6336,0.252290
6337,0.590728
6338,0.112754
6339,0.126541
6340,0.006651
6341,0.023691
6342,0.791638
6343,0.034081
6344,0.051339
6345,0.016559
6346,0.124743
6347,0.156787
6348,0.076361
6349,0.927924
6350,0.834728
6351,0.381101
6352,0.588041
6353,0.048692
6354,0.013596
6355,0.082873
6356,0.108933
6357,0.222928
6358,0.005686
6359,0.213140
6360,0.191190
6361,0.136213
6362,0.021685
6363,0.975722
6364,0.013750
6365,0.054148
6366,0.010237
6367,0.036516
6368,0.332593
6369,0.945084
6370,0.342243
6371,0.048646
6372,0.005987
6373,0.561218
6374,0.039669
6375,0.445216
6376,0.587906
6377,0.171284
6378,0.019401
6379,0.016426
6380,0.010076
6381,0.310686
6382,0.054825
6383,0.028870
6384,0.028727
6385,0.997314
6386,0.111202
6387,0.018118
6388,0.810877
6389,0.772106
6390,0.758385
6391,0.906140
6392,0.053128
6393,0.022727
6394,0.008707
6395,0.804299
6396,0.222579
6397,0.981165
6398,0.941661
6399,0.948539
6400,0.940727
6401,0.975191
6402,0.931107
6403,0.002627
6404,0.004314
6405,0.385432
6406,0.957922
6407,0.923845
6408,0.329229
6409,0.593610
6410,0.024120
6411,0.196830
6412,0.175571
6413,0.960747
6414,0.002686
6415,0.983670
6416,0.109895
6417,0.510955
6418,0.036753
6419,0.071127
6420,0.268244
6421,0.044138
6422,0.026485
6423,0.070256
6424,0.928676
6425,0.630974
6426,0.206774
6427,0.124351
6428,0.105203
6429,0.967166
6430,0.983367
6431,0.116868
6432,0.053474
6433,0.002618
6434,0.054359
6435,0.052791
6436,0.116723
6437,0.970930
6438,0.087658
6439,0.073661
6440,0.030485
6441,0.017752
6442,0.018134
6443,0.011290
6444,0.929626
6445,0.945459
6446,0.138361
6447,0.028758
6448,0.014255
6449,0.597846
6450,0.030115
6451,0.590231
6452,0.117556
6453,0.015219
6454,0.189147
6455,0.110628
6456,0.805389
6457,0.015649
6458,0.576031
6459,0.012640
6460,0.018527
6461,0.077498
6462,0.043272
6463,0.005044
6464,0.961770
6465,0.445875
6466,0.087853
6467,0.309543
6468,0.042177
6469,0.970918
6470,0.931616
6471,0.283807
6472,0.039143
6473,0.045011
6474,0.316959
6475,0.066327
6476,0.166466
6477,0.007168
6478,0.089600
6479,0.668939
6480,0.008914
6481,0.023150
6482,0.602025
6483,0.074490
6484,0.052772
6485,0.095652
6486,0.339313
6487,0.016892
6488,0.054763
6489,0.010538
6490,0.378748
6491,0.217792
6492,0.974185
6493,0.027592
6494,0.134350
6495,0.178145
6496,0.083124
6497,0.965835
6498,0.798313
6499,0.262775
6500,0.996892
6501,0.994789
6502,0.006152
6503,0.948833
6504,0.005804
6505,0.933876
6506,0.997165
6507,0.160837
6508,0.068071
6509,0.110110
6510,0.115085
6511,0.975744
6512,0.056434
6513,0.912814
6514,0.011081
6515,0.077826
6516,0.004026
6517,0.023346
6518,0.093421
6519,0.121275
6520,0.919098
6521,0.127035
6522,0.002760
6523,0.361703
6524,0.111337
6525,0.258243
6526,0.107575
6527,0.005679
6528,0.004889
6529,0.028844
6530,0.007178
6531,0.964101
6532,0.315263
6533,0.464170
6534,0.777594
6535,0.110542
6536,0.775112
6537,0.034150
6538,0.009540
6539,0.131916
6540,0.039019
6541,0.942423
6542,0.015058
6543,0.014346
6544,0.017262
6545,0.068004
6546,0.082301
6547,0.923109
6548,0.106597
6549,0.990908
6550,0.046224
6551,0.127501
6552,0.690704
6553,0.067541
6554,0.068941
6555,0.578265
6556,0.987627
6557,0.421347
6558,0.957818
6559,0.612311
6560,0.845895
6561,0.196967
6562,0.528447
6563,0.950346
6564,0.011014
6565,0.546173
6566,0.969410
6567,0.315945
6568,0.263654
6569,0.586230
6570,0.076543
6571,0.027622
6572,0.022317
6573,0.977442
6574,0.046792
6575,0.634388
6576,0.056163
6577,0.060108
6578,0.103714
6579,0.145088
6580,0.003391
6581,0.005886
6582,0.131927
6583,0.215116
6584,0.738559
6585,0.113114
6586,0.551907
6587,0.862706
6588,0.009929
6589,0.053281
6590,0.033277
6591,0.029834
6592,0.039009
6593,0.102493
6594,0.171817
6595,0.627212
6596,0.048394
6597,0.012745
6598,0.137812
6599,0.893849
6600,0.195957
6601,0.463470
6602,0.026736
6603,0.420537
6604,0.011500
6605,0.038399
6606,0.684387
6607,0.011944
6608,0.867587
6609,0.009472
6610,0.031152
6611,0.059802
6612,0.958379
6613,0.026296
6614,0.256389
6615,0.082952
6616,0.018840
6617,0.017781
6618,0.983206
6619,0.037951
6620,0.241451
6621,0.996285
6622,0.913992
6623,0.005170
6624,0.025697
6625,0.096628
6626,0.103196
6627,0.030624
6628,0.011399
6629,0.029678
6630,0.138745
6631,0.025352
6632,0.036167
6633,0.141766
6634,0.029460
6635,0.241844
6636,0.021616
6637,0.083507
6638,0.050653
6639,0.939372
6640,0.018031
6641,0.061962
6642,0.957240
6643,0.107149
6644,0.234843
6645,0.244168
6646,0.875231
6647,0.208754
6648,0.915148
6649,0.928156
6650,0.151217
6651,0.944934
6652,0.396127
6653,0.181703
6654,0.093410
6655,0.089883
6656,0.003882
6657,0.745000
6658,0.046696
6659,0.966159
6660,0.037877
6661,0.164186
6662,0.971703
6663,0.022474
6664,0.045394
6665,0.945902
6666,0.065593
6667,0.349330
6668,0.020588
6669,0.125989
6670,0.107988
6671,0.947304
6672,0.040915
6673,0.006481
6674,0.068478
6675,0.510597
6676,0.291433
6677,0.023965
6678,0.152345
6679,0.047981
6680,0.173297
6681,0.451305
6682,0.014631
6683,0.139365
6684,0.109526
6685,0.958066
6686,0.687796
6687,0.003818
6688,0.004488
6689,0.906841
6690,0.979538
6691,0.997575
6692,0.016812
6693,0.366884
6694,0.040745
6695,0.977480
6696,0.056102
6697,0.036921
6698,0.974990
6699,0.838475
6700,0.429180
6701,0.010311
6702,0.931921
6703,0.929737
6704,0.102445
6705,0.979901
6706,0.021192
6707,0.032936
6708,0.034251
6709,0.195631
6710,0.095630
6711,0.055732
6712,0.007874
6713,0.449308
6714,0.962790
6715,0.027568
6716,0.014452
6717,0.846185
6718,0.966553
6719,0.061803
6720,0.004534
6721,0.002247
6722,0.657234
6723,0.066332
6724,0.005589
6725,0.996870
6726,0.881151
6727,0.962016
6728,0.050552
6729,0.933779
6730,0.315951
6731,0.174731
6732,0.089126
6733,0.954000
6734,0.012225
6735,0.996228
6736,0.349935
6737,0.997095
6738,0.978434
6739,0.003345
6740,0.007224
6741,0.006674
6742,0.190003
6743,0.094233
6744,0.047345
6745,0.005211
6746,0.605593
6747,0.595428
6748,0.912905
6749,0.104846
6750,0.960705
6751,0.258848
6752,0.022182
6753,0.332969
6754,0.008208
6755,0.184517
6756,0.965780
6757,0.071700
6758,0.667762
6759,0.037757
6760,0.128905
6761,0.026484
6762,0.942050
6763,0.010144
6764,0.050752
6765,0.166387
6766,0.882207
6767,0.982524
6768,0.929780
6769,0.043307
6770,0.024694
6771,0.031753
6772,0.963881
6773,0.027574
6774,0.008103
6775,0.056781
6776,0.125734
6777,0.052564
6778,0.048179
6779,0.169960
6780,0.955897
6781,0.010215
6782,0.191590
6783,0.137825
6784,0.004906
6785,0.727432
6786,0.660516
6787,0.868347
6788,0.841667
6789,0.108233
6790,0.020599
6791,0.704334
6792,0.966710
6793,0.137939
6794,0.359038
6795,0.950779
6796,0.685741
6797,0.092503
6798,0.307642
6799,0.028185
6800,0.778753
6801,0.599783
6802,0.264211
6803,0.074747
6804,0.743916
6805,0.003889
6806,0.659809
6807,0.007440
6808,0.028259
6809,0.095074
6810,0.892989
6811,0.029402
6812,0.017839
6813,0.925942
6814,0.038413
6815,0.196392
6816,0.035658
6817,0.019197
6818,0.979356
6819,0.009892
6820,0.045017
6821,0.936995
6822,0.009967
6823,0.108865
6824,0.018106
6825,0.028232
6826,0.052407
6827,0.004018
6828,0.946083
6829,0.002906
6830,0.989202
6831,0.058158
6832,0.013683
6833,0.124950
6834,0.024299
6835,0.640856
6836,0.510020
6837,0.996178
6838,0.234656
6839,0.098975
6840,0.880336
6841,0.059397
6842,0.889307
6843,0.002751
6844,0.095091
6845,0.984931
6846,0.197471
6847,0.007764
6848,0.818408
6849,0.019606
6850,0.019786
6851,0.639565
6852,0.146594
6853,0.859763
6854,0.033940
6855,0.033719
6856,0.077540
6857,0.816999
6858,0.975768
6859,0.944087
6860,0.886121
6861,0.021564
6862,0.094271
6863,0.030181
6864,0.063197
6865,0.003811
6866,0.218870
6867,0.506230
6868,0.824757
6869,0.169915
6870,0.812813
6871,0.943273
6872,0.019567
6873,0.092075
6874,0.060412
6875,0.261893
6876,0.957924
6877,0.807741
6878,0.010360
6879,0.019005
6880,0.069895
6881,0.328258
6882,0.930593
6883,0.378328
6884,0.148736
6885,0.049368
6886,0.988502
6887,0.869830
6888,0.727969
6889,0.132459
6890,0.927663
6891,0.056559
6892,0.009389
6893,0.046515
6894,0.201493
6895,0.061313
6896,0.997362
6897,0.068794
6898,0.965028
6899,0.013892
6900,0.417799
6901,0.007427
6902,0.060834
6903,0.054584
6904,0.025060
6905,0.985213
6906,0.858754
6907,0.132903
6908,0.049247
6909,0.004144
6910,0.798072
6911,0.011290
6912,0.975040
6913,0.967844
6914,0.005801
6915,0.035521
6916,0.970566
6917,0.337474
6918,0.805481
6919,0.014665
6920,0.057443
6921,0.444992
6922,0.004463
6923,0.035448
6924,0.037085
6925,0.014218
6926,0.603046
6927,0.005636
6928,0.003605
6929,0.010391
6930,0.395576
6931,0.096521
6932,0.076703
6933,0.823666
6934,0.094431
6935,0.214908
6936,0.004318
6937,0.004868
6938,0.185928
6939,0.091360
6940,0.938213
6941,0.005050
6942,0.817611
6943,0.068294
6944,0.919776
6945,0.624372
6946,0.004230
6947,0.846441
6948,0.015635
6949,0.126600
6950,0.903302
6951,0.741327
6952,0.044939
6953,0.004519
6954,0.020390
6955,0.953080
6956,0.034278
6957,0.996968
6958,0.955886
6959,0.063230
6960,0.069545
6961,0.160134
6962,0.614598
6963,0.025630
6964,0.691820
6965,0.006480
6966,0.057553
6967,0.016575
6968,0.980384
6969,0.993952
6970,0.002874
6971,0.003280
6972,0.062432
6973,0.014811
6974,0.402936
6975,0.119033
6976,0.017550
6977,0.068528
6978,0.009774
6979,0.035365
6980,0.609737
6981,0.104972
6982,0.997640
6983,0.218340
6984,0.036409
6985,0.291268
6986,0.870822
6987,0.130954
6988,0.041281
6989,0.009408
6990,0.013256
6991,0.004808
6992,0.034073
6993,0.937431
6994,0.821157
6995,0.044262
6996,0.452762
6997,0.911087
6998,0.006580
6999,0.068922
7000,0.428974
7001,0.159352
7002,0.089507
7003,0.090345
7004,0.003747
7005,0.079617
7006,0.008326
7007,0.973983
7008,0.059947
7009,0.048297
7010,0.161541
7011,0.921904
7012,0.006796
7013,0.272595
7014,0.739005
7015,0.003663
7016,0.925207
7017,0.042886
7018,0.313359
7019,0.011919
7020,0.026184
7021,0.012022
7022,0.408062
7023,0.186168
7024,0.839933
7025,0.041129
7026,0.020085
7027,0.012112
7028,0.050713
7029,0.018048
7030,0.138968
7031,0.945432
7032,0.008519
7033,0.843932
7034,0.115833
7035,0.226613
7036,0.788970
7037,0.951936
7038,0.022116
7039,0.004232
7040,0.086868
7041,0.965107
7042,0.006128
7043,0.619059
7044,0.027277
7045,0.249836
7046,0.533902
7047,0.903948
7048,0.912879
7049,0.154403
7050,0.121174
7051,0.037726
7052,0.032292
7053,0.104215
7054,0.020435
7055,0.113949
7056,0.140462
7057,0.246855
7058,0.557375
7059,0.034061
7060,0.021953
7061,0.829217
7062,0.954385
7063,0.049388
7064,0.021945
7065,0.094655
7066,0.185170
7067,0.035889
7068,0.031759
7069,0.962048
7070,0.984415
7071,0.066694
7072,0.006710
7073,0.044405
7074,0.072428
7075,0.996800
7076,0.436266
7077,0.974688
7078,0.948744
7079,0.464416
7080,0.051471
7081,0.285855
7082,0.043379
7083,0.744548
7084,0.093445
7085,0.493768
7086,0.344335
7087,0.016854
7088,0.016912
7089,0.942289
7090,0.179587
7091,0.222881
7092,0.024489
7093,0.675489
7094,0.801916
7095,0.574194
7096,0.180691
7097,0.018831
7098,0.977648
7099,0.004694
7100,0.995758
7101,0.839418
7102,0.461225
7103,0.996617
7104,0.006942
7105,0.032355
7106,0.009609
7107,0.114946
7108,0.154493
7109,0.004850
7110,0.003403
7111,0.507057
7112,0.233574
7113,0.245325
7114,0.979801
7115,0.053709
7116,0.052767
7117,0.419083
7118,0.025868
7119,0.401907
7120,0.134895
7121,0.020491
7122,0.019244
7123,0.061460
7124,0.807417
7125,0.050211
7126,0.454671
7127,0.131870
7128,0.107817
7129,0.938774
7130,0.045226
7131,0.969593
7132,0.496272
7133,0.012395
7134,0.953805
7135,0.323898
7136,0.053996
7137,0.165244
7138,0.697774
7139,0.037649
7140,0.031438
7141,0.012181
7142,0.071824
7143,0.004297
7144,0.977260
7145,0.140218
7146,0.021379
7147,0.002557
7148,0.996207
7149,0.055673
7150,0.018801
7151,0.006323
7152,0.084114
7153,0.466786
7154,0.072775
7155,0.191463
7156,0.006875
7157,0.048666
7158,0.013191
7159,0.050878
7160,0.067420
7161,0.961797
7162,0.003089
7163,0.895648
7164,0.996729
7165,0.019616
7166,0.096651
7167,0.522289
7168,0.985645
7169,0.089736
7170,0.982724
7171,0.423972
7172,0.981424
7173,0.941548
7174,0.018376
7175,0.122767
7176,0.434230
7177,0.887899
7178,0.398298
7179,0.008272
7180,0.046752
7181,0.225820
7182,0.068751
7183,0.924658
7184,0.017611
7185,0.383224
7186,0.868958
7187,0.046585
7188,0.762838
7189,0.688393
7190,0.030336
7191,0.122035
7192,0.032065
7193,0.551954
7194,0.032171
7195,0.981382
7196,0.024456
7197,0.007537
7198,0.031050
7199,0.159864
7200,0.046191
7201,0.035335
7202,0.181265
7203,0.021778
7204,0.118541
7205,0.115035
7206,0.879537
7207,0.974180
7208,0.625153
7209,0.616938
7210,0.844302
7211,0.009596
7212,0.217272
7213,0.984609
7214,0.059091
7215,0.066334
7216,0.012734
7217,0.285004
7218,0.070804
7219,0.003434
7220,0.589232
7221,0.421351
7222,0.002588
7223,0.973008
7224,0.953384
7225,0.098052
7226,0.022458
7227,0.013397
7228,0.153645
7229,0.115815
7230,0.947540
7231,0.066548
7232,0.225229
7233,0.065627
7234,0.983018
7235,0.099074
7236,0.038594
7237,0.269271
7238,0.673210
7239,0.312179
7240,0.003922
7241,0.250408
7242,0.233288
7243,0.026910
7244,0.930736
7245,0.093188
7246,0.052334
7247,0.088496
7248,0.941206
7249,0.152481
7250,0.005246
7251,0.462472
7252,0.258573
7253,0.233463
7254,0.060798
7255,0.115296
7256,0.620131
7257,0.538742
7258,0.108111
7259,0.051308
7260,0.717955
7261,0.964058
7262,0.040436
7263,0.937266
7264,0.030506
7265,0.212143
7266,0.074892
7267,0.016277
7268,0.005144
7269,0.089305
7270,0.027502
7271,0.021103
7272,0.254016
7273,0.081676
7274,0.006095
7275,0.929691
7276,0.003116
7277,0.051349
7278,0.237870
7279,0.060859
7280,0.069279
7281,0.733203
7282,0.967710
7283,0.065600
7284,0.249654
7285,0.077670
7286,0.192017
7287,0.005401
7288,0.894247
7289,0.937610
7290,0.017072
7291,0.131656
7292,0.091952
7293,0.596178
7294,0.220825
7295,0.047581
7296,0.013124
7297,0.447983
7298,0.884055
7299,0.812591
7300,0.334422
7301,0.868303
7302,0.958541
7303,0.354690
7304,0.043703
7305,0.118726
7306,0.128916
7307,0.081246
7308,0.018216
7309,0.003859
7310,0.111578
7311,0.946555
7312,0.022486
7313,0.692704
7314,0.040765
7315,0.009376
7316,0.048012
7317,0.142126
7318,0.108412
7319,0.644873
7320,0.027655
7321,0.928808
7322,0.003442
7323,0.034640
7324,0.868928
7325,0.045763
7326,0.042914
7327,0.324182
7328,0.961915
7329,0.002786
7330,0.968047
7331,0.068307
7332,0.033765
7333,0.091016
7334,0.123500
7335,0.036371
7336,0.186692
7337,0.036284
7338,0.060740
7339,0.044709
7340,0.083387
7341,0.510571
7342,0.020475
7343,0.987608
7344,0.066931
7345,0.018770
7346,0.956867
7347,0.175468
7348,0.005890
7349,0.950887
7350,0.434846
7351,0.996865
7352,0.341745
7353,0.062986
7354,0.097958
7355,0.036600
7356,0.843261
7357,0.004606
7358,0.054197
7359,0.144466
7360,0.161265
7361,0.010775
7362,0.017669
7363,0.829019
7364,0.020492
7365,0.027256
7366,0.011860
7367,0.455348
7368,0.035948
7369,0.013417
7370,0.139470
7371,0.051656
7372,0.027287
7373,0.025255
7374,0.631395
7375,0.968983
7376,0.271593
7377,0.004447
7378,0.925920
7379,0.821602
7380,0.537305
7381,0.005697
7382,0.026673
7383,0.007506
7384,0.024323
7385,0.986092
7386,0.053630
7387,0.976074
7388,0.002754
7389,0.911077
7390,0.518868
7391,0.073191
7392,0.075643
7393,0.023866
7394,0.014297
7395,0.753511
7396,0.996580
7397,0.012109
7398,0.129385
7399,0.027367
7400,0.011279
7401,0.026165
7402,0.005888
7403,0.191339
7404,0.009039
7405,0.158391
7406,0.893690
7407,0.011588
7408,0.118544
7409,0.031279
7410,0.137165
7411,0.174817
7412,0.995529
7413,0.104764
7414,0.019957
7415,0.996929
7416,0.585894
7417,0.899774
7418,0.011121
7419,0.877836
7420,0.914818
7421,0.892994
7422,0.061717
7423,0.441354
7424,0.067875
7425,0.124670
7426,0.028331
7427,0.970047
7428,0.211724
7429,0.774374
7430,0.955924
7431,0.033878
7432,0.017115
7433,0.363692
7434,0.301266
7435,0.670540
7436,0.928075
7437,0.061503
7438,0.964685
7439,0.034951
7440,0.003292
7441,0.882516
7442,0.024533
7443,0.096844
7444,0.053870
7445,0.967706
7446,0.227436
7447,0.979670
7448,0.536903
7449,0.684293
7450,0.263117
7451,0.255569
7452,0.019294
7453,0.986003
7454,0.011560
7455,0.165080
7456,0.142595
7457,0.034795
7458,0.038659
7459,0.215007
7460,0.045322
7461,0.056793
7462,0.654069
7463,0.306920
7464,0.080897
7465,0.003454
7466,0.003912
7467,0.767709
7468,0.270110
7469,0.026185
7470,0.176123
7471,0.766040
7472,0.316858
7473,0.018681
7474,0.017642
7475,0.057786
7476,0.006531
7477,0.033481
7478,0.003953
7479,0.009691
7480,0.735498
7481,0.102915
7482,0.005775
7483,0.996630
7484,0.017344
7485,0.014822
7486,0.087152
7487,0.119984
7488,0.048063
7489,0.079328
7490,0.002732
7491,0.199253
7492,0.071733
7493,0.043845
7494,0.009689
7495,0.019476
7496,0.083756
7497,0.033840
7498,0.070881
7499,0.006527
7500,0.068483
7501,0.398371
7502,0.276922
7503,0.851062
7504,0.011866
7505,0.051333
7506,0.028179
7507,0.016486
7508,0.760931
7509,0.321815
7510,0.945729
7511,0.048788
7512,0.093252
7513,0.003955
7514,0.045494
7515,0.280903
7516,0.045164
7517,0.012290
7518,0.015910
7519,0.946377
7520,0.090982
7521,0.008026
7522,0.008891
7523,0.941103
7524,0.173886
7525,0.967742
7526,0.008212
7527,0.997548
7528,0.111192
7529,0.128545
7530,0.085838
7531,0.007693
7532,0.969599
7533,0.086560
7534,0.012779
7535,0.870038
7536,0.873799
7537,0.259232
7538,0.006693
7539,0.011446
7540,0.531709
7541,0.033551
7542,0.946265
7543,0.097785
7544,0.046271
7545,0.977392
7546,0.997626
7547,0.101948
7548,0.105060
7549,0.252492
7550,0.045722
7551,0.971168
7552,0.295671
7553,0.243775
7554,0.449103
7555,0.878118
7556,0.251973
7557,0.011416
7558,0.218030
7559,0.162236
7560,0.599622
7561,0.166375
7562,0.051620
7563,0.047898
7564,0.335871
7565,0.074696
7566,0.398737
7567,0.814969
7568,0.076800
7569,0.975244
7570,0.187413
7571,0.015845
7572,0.044910
7573,0.014681
7574,0.019456
7575,0.237141
7576,0.010119
7577,0.241073
7578,0.017104
7579,0.763901
7580,0.978905
7581,0.220389
7582,0.528848
7583,0.894570
7584,0.007519
7585,0.481922
7586,0.086406
7587,0.825414
7588,0.004082
7589,0.985206
7590,0.376347
7591,0.099911
7592,0.020461
7593,0.021461
7594,0.032090
7595,0.993447
7596,0.010667
7597,0.609998
7598,0.603151
7599,0.045924
7600,0.017936
7601,0.009164
7602,0.018280
7603,0.919133
7604,0.041738
7605,0.173765
7606,0.850348
7607,0.226471
7608,0.034197
7609,0.005346
7610,0.206411
7611,0.011014
7612,0.069128
7613,0.059330
7614,0.111865
7615,0.728020
7616,0.340160
7617,0.033663
7618,0.385887
7619,0.179925
7620,0.019923
7621,0.151295
7622,0.955481
7623,0.987239
7624,0.066570
7625,0.103790
7626,0.151519
7627,0.971590
7628,0.866070
7629,0.170010
7630,0.952731
7631,0.055389
7632,0.261264
7633,0.380145
7634,0.003343
7635,0.562370
7636,0.252362
7637,0.540814
7638,0.950987
7639,0.007906
7640,0.040343
7641,0.128871
7642,0.107981
7643,0.049849
7644,0.009388
7645,0.193410
7646,0.042603
7647,0.087409
7648,0.003839
7649,0.026483
7650,0.969363
7651,0.981143
7652,0.570673
7653,0.013963
7654,0.040576
7655,0.980526
7656,0.516726
7657,0.637638
7658,0.081311
7659,0.365326
7660,0.105152
7661,0.023396
7662,0.033889
7663,0.255331
7664,0.668664
7665,0.004002
7666,0.014521
7667,0.052551
7668,0.021395
7669,0.111962
7670,0.195577
7671,0.726307
7672,0.830882
7673,0.964387
7674,0.060872
7675,0.279296
7676,0.167335
7677,0.121445
7678,0.723417
7679,0.028164
7680,0.007038
7681,0.002650
7682,0.006733
7683,0.967538
7684,0.023143
7685,0.948492
7686,0.996070
7687,0.007299
7688,0.059347
7689,0.882397
7690,0.022002
7691,0.020926
7692,0.184881
7693,0.151377
7694,0.412048
7695,0.006708
7696,0.258965
7697,0.521218
7698,0.004801
7699,0.091633
7700,0.021767
7701,0.141795
7702,0.408933
7703,0.943125
7704,0.874805
7705,0.007371
7706,0.135696
7707,0.376574
7708,0.034453
7709,0.052117
7710,0.014816
7711,0.074545
7712,0.012216
7713,0.571680
7714,0.009696
7715,0.433145
7716,0.004482
7717,0.059975
7718,0.349605
7719,0.821004
7720,0.189510
7721,0.033066
7722,0.087914
7723,0.207533
7724,0.044813
7725,0.030888
7726,0.506089
7727,0.950055
7728,0.023022
7729,0.701243
7730,0.708401
7731,0.135073
7732,0.982519
7733,0.020519
7734,0.045563
7735,0.068362
7736,0.016217
7737,0.248953
7738,0.193399
7739,0.111741
7740,0.994105
7741,0.996687
7742,0.014338
7743,0.426538
7744,0.952237
7745,0.941484
7746,0.063631
7747,0.888472
7748,0.274553
7749,0.510419
7750,0.020994
7751,0.076755
7752,0.961971
7753,0.165833
7754,0.023914
7755,0.547169
7756,0.550694
7757,0.099914
7758,0.849908
7759,0.047878
7760,0.071271
7761,0.623989
7762,0.092719
7763,0.212231
7764,0.052945
7765,0.106908
7766,0.008021
7767,0.048262
7768,0.996451
7769,0.816554
7770,0.500130
7771,0.266250
7772,0.016510
7773,0.187161
7774,0.883590
7775,0.852280
7776,0.021687
7777,0.243715
7778,0.989811
7779,0.869660
7780,0.090977
7781,0.117430
7782,0.749005
7783,0.105254
7784,0.100035
7785,0.997331
7786,0.810538
7787,0.934854
7788,0.972177
7789,0.329723
7790,0.938739
7791,0.992205
7792,0.937667
7793,0.132740
7794,0.982156
7795,0.618179
7796,0.049181
7797,0.027435
7798,0.048389
7799,0.997896
7800,0.542037
7801,0.383292
7802,0.013423
7803,0.006731
7804,0.012061
7805,0.113061
7806,0.879394
7807,0.937618
7808,0.672331
7809,0.017991
7810,0.971874
7811,0.941436
7812,0.055325
7813,0.914009
7814,0.984671
7815,0.318801
7816,0.368755
7817,0.003134
7818,0.003398
7819,0.118841
7820,0.032702
7821,0.006317
7822,0.083390
7823,0.968482
7824,0.006798
7825,0.922341
7826,0.746908
7827,0.134202
7828,0.979024
7829,0.871143
7830,0.440248
7831,0.910805
7832,0.075452
7833,0.997864
7834,0.007743
7835,0.057340
7836,0.967777
7837,0.026546
7838,0.019939
7839,0.024937
7840,0.957330
7841,0.029613
7842,0.172646
7843,0.029917
7844,0.922968
7845,0.008851
7846,0.666424
7847,0.004469
7848,0.403355
7849,0.834528
7850,0.187481
7851,0.003733
7852,0.739523
7853,0.011744
7854,0.234946
7855,0.968902
7856,0.025614
7857,0.039953
7858,0.026533
7859,0.977577
7860,0.321790
7861,0.516311
7862,0.181571
7863,0.096399
7864,0.072937
7865,0.017415
7866,0.910985
7867,0.013228
7868,0.722237
7869,0.804413
7870,0.393184
7871,0.064586
7872,0.265135
7873,0.959119
7874,0.964072
7875,0.027892
7876,0.128721
7877,0.840577
7878,0.996876
7879,0.880109
7880,0.989701
7881,0.314347
7882,0.994713
7883,0.461425
7884,0.010153
7885,0.067836
7886,0.005205
7887,0.030532
7888,0.924590
7889,0.025158
7890,0.941576
7891,0.025147
7892,0.259811
7893,0.606226
7894,0.004275
7895,0.132856
7896,0.024667
7897,0.075820
7898,0.047811
7899,0.156144
7900,0.395571
7901,0.103423
7902,0.013708
7903,0.797098
7904,0.006050
7905,0.071579
7906,0.353156
7907,0.600571
7908,0.578058
7909,0.177435
7910,0.016033
7911,0.988232
7912,0.034740
7913,0.016879
7914,0.012519
7915,0.872616
7916,0.031787
7917,0.827815
7918,0.131295
7919,0.153484
7920,0.923875
7921,0.091691
7922,0.039734
7923,0.010136
7924,0.026005
7925,0.227697
7926,0.201646
7927,0.114845
7928,0.200955
7929,0.145104
7930,0.860058
7931,0.005917
7932,0.018106
7933,0.070258
7934,0.005842
7935,0.507441
7936,0.061240
7937,0.208002
7938,0.143691
7939,0.058047
7940,0.304799
7941,0.016352
7942,0.011526
7943,0.258944
7944,0.047194
7945,0.006876
7946,0.354418
7947,0.137830
7948,0.094678
7949,0.923983
7950,0.073149
7951,0.843392
7952,0.858706
7953,0.511960
7954,0.119182
7955,0.107651
7956,0.106785
7957,0.030253
7958,0.267426
7959,0.061810
7960,0.032648
7961,0.058646
7962,0.011447
7963,0.493186
7964,0.324987
7965,0.028243
7966,0.925118
7967,0.020705
7968,0.663068
7969,0.007951
7970,0.991835
7971,0.002670
7972,0.009508
7973,0.019996
7974,0.006925
7975,0.294087
7976,0.589503
7977,0.021912
7978,0.860794
7979,0.033515
7980,0.815443
7981,0.079578
7982,0.061415
7983,0.205014
7984,0.009170
7985,0.018266
7986,0.039416
7987,0.055851
7988,0.101837
7989,0.006916
7990,0.301075
7991,0.979126
7992,0.328488
7993,0.247385
7994,0.943845
7995,0.025607
7996,0.665731
7997,0.959421
7998,0.112419
7999,0.976926
8000,0.008919
8001,0.023326
8002,0.717965
8003,0.049340
8004,0.079723
8005,0.164016
8006,0.201225
8007,0.124355
8008,0.399461
8009,0.006693
8010,0.136711
8011,0.326008
8012,0.345845
8013,0.235400
8014,0.985607
8015,0.083505
8016,0.051638
8017,0.184112
8018,0.714189
8019,0.023679
8020,0.003846
8021,0.028443
8022,0.074771
8023,0.087400
8024,0.818368
8025,0.015300
8026,0.809766
8027,0.005315
8028,0.378970
8029,0.126064
8030,0.272079
8031,0.824700
8032,0.024524
8033,0.004866
8034,0.125814
8035,0.345033
8036,0.003729
8037,0.017553
8038,0.050289
8039,0.007081
8040,0.007855
8041,0.078713
8042,0.795939
8043,0.838898
8044,0.020085
8045,0.075607
8046,0.026755
8047,0.205424
8048,0.996227
8049,0.039157
8050,0.358803
8051,0.883327
8052,0.008605
8053,0.977313
8054,0.008388
8055,0.084379
8056,0.971327
8057,0.977453
8058,0.067247
8059,0.040401
8060,0.001893
8061,0.031414
8062,0.503778
8063,0.016781
8064,0.065429
8065,0.516426
8066,0.214755
8067,0.825058
8068,0.032498
8069,0.115538
8070,0.371372
8071,0.909952
8072,0.214515
8073,0.965185
8074,0.867492
8075,0.006824
8076,0.983072
8077,0.981647
8078,0.083658
8079,0.985333
8080,0.093433
8081,0.063006
8082,0.003861
8083,0.904103
8084,0.003514
8085,0.512730
8086,0.005929
8087,0.007378
8088,0.054265
8089,0.900060
8090,0.028171
8091,0.994419
8092,0.950583
8093,0.059723
8094,0.721338
8095,0.027487
8096,0.990733
8097,0.020498
8098,0.004489
8099,0.579773
8100,0.118094
8101,0.170994
8102,0.003858
8103,0.007632
8104,0.947355
8105,0.248605
8106,0.004806
8107,0.267644
8108,0.745437
8109,0.930297
8110,0.146406
8111,0.006539
8112,0.932673
8113,0.077022
8114,0.030989
8115,0.086018
8116,0.982204
8117,0.882946
8118,0.205858
8119,0.039524
8120,0.034385
8121,0.004328
8122,0.976394
8123,0.045945
8124,0.130207
8125,0.028781
8126,0.619189
8127,0.971278
8128,0.101476
8129,0.025349
8130,0.674344
8131,0.106876
8132,0.008160
8133,0.069416
8134,0.936837
8135,0.763361
8136,0.097285
8137,0.061332
8138,0.006810
8139,0.035320
8140,0.011011
8141,0.042232
8142,0.557848
8143,0.167145
8144,0.200175
8145,0.395866
8146,0.019856
8147,0.101131
8148,0.083318
8149,0.400186
8150,0.032570
8151,0.982757
8152,0.730570
8153,0.020044
8154,0.063745
8155,0.206862
8156,0.057017
8157,0.042164
8158,0.169353
8159,0.007087
8160,0.473544
8161,0.200039
8162,0.015248
8163,0.015487
8164,0.349085
8165,0.013203
8166,0.123964
8167,0.982898
8168,0.068837
8169,0.923510
8170,0.214757
8171,0.027931
8172,0.247083
8173,0.757578
8174,0.044605
8175,0.772620
8176,0.147486
8177,0.060771
8178,0.534014
8179,0.075451
8180,0.004037
8181,0.218319
8182,0.945914
8183,0.427758
8184,0.021752
8185,0.054965
8186,0.382214
8187,0.675485
8188,0.971060
8189,0.221877
8190,0.162893
8191,0.050051
8192,0.954395
8193,0.047314
8194,0.026808
8195,0.042904
8196,0.963964
8197,0.225920
8198,0.309935
8199,0.055357
8200,0.501497
8201,0.126337
8202,0.013824
8203,0.232592
8204,0.736520
8205,0.092041
8206,0.040050
8207,0.135376
8208,0.986162
8209,0.691911
8210,0.440962
8211,0.051499
8212,0.005599
8213,0.004387
8214,0.845576
8215,0.084208
8216,0.037045
8217,0.569257
8218,0.245656
8219,0.007363
8220,0.079340
8221,0.965318
8222,0.026368
8223,0.130260
8224,0.175992
8225,0.338570
8226,0.279328
8227,0.016763
8228,0.038005
8229,0.003366
8230,0.212471
8231,0.012647
8232,0.996572
8233,0.024788
8234,0.325819
8235,0.848245
8236,0.995464
8237,0.011086
8238,0.016733
8239,0.028825
8240,0.914433
8241,0.990695
8242,0.018090
8243,0.101659
8244,0.105933
8245,0.231688
8246,0.109838
8247,0.982290
8248,0.215232
8249,0.473908
8250,0.454559
8251,0.064086
8252,0.340759
8253,0.249653
8254,0.333708
8255,0.978572
8256,0.166372
8257,0.002772
8258,0.666095
8259,0.243202
8260,0.004039
8261,0.009046
8262,0.122065
8263,0.073154
8264,0.004274
8265,0.045517
8266,0.216199
8267,0.960718
8268,0.085330
8269,0.500122
8270,0.046081
8271,0.420169
8272,0.071413
8273,0.063162
8274,0.071370
8275,0.967973
8276,0.117571
8277,0.291146
8278,0.096582
8279,0.101258
8280,0.162944
8281,0.004597
8282,0.052506
8283,0.995322
8284,0.293272
8285,0.936417
8286,0.035895
8287,0.019540
8288,0.785409
8289,0.420225
8290,0.024847
8291,0.023016
8292,0.003385
8293,0.155968
8294,0.436902
8295,0.513966
8296,0.021087
8297,0.897846
8298,0.332796
8299,0.982227
8300,0.023819
8301,0.015638
8302,0.038614
8303,0.041432
8304,0.063762
8305,0.012941
8306,0.421981
8307,0.978356
8308,0.003678
8309,0.269261
8310,0.134303
8311,0.971857
8312,0.812748
8313,0.360021
8314,0.051510
8315,0.979437
8316,0.904386
8317,0.039722
8318,0.012076
8319,0.018109
8320,0.011598
8321,0.013271
8322,0.237969
8323,0.101779
8324,0.019569
8325,0.006367
8326,0.660848
8327,0.019961
8328,0.037349
8329,0.224271
8330,0.985434
8331,0.223642
8332,0.276188
8333,0.003570
8334,0.686736
8335,0.948161
8336,0.721417
8337,0.072108
8338,0.007628
8339,0.032600
8340,0.071364
8341,0.232077
8342,0.957219
8343,0.044198
8344,0.982316
8345,0.013744
8346,0.893769
8347,0.163944
8348,0.092395
8349,0.211684
8350,0.250207
8351,0.040171
8352,0.956070
8353,0.698683
8354,0.004043
8355,0.929956
8356,0.047413
8357,0.275680
8358,0.177564
8359,0.841057
8360,0.983892
8361,0.277677
8362,0.931189
8363,0.122102
8364,0.996069
8365,0.703724
8366,0.013604
8367,0.358055
8368,0.801748
8369,0.007409
8370,0.084722
8371,0.799551
8372,0.064905
8373,0.510567
8374,0.261065
8375,0.279771
8376,0.129383
8377,0.012336
8378,0.341162
8379,0.011584
8380,0.570231
8381,0.711315
8382,0.996512
8383,0.015658
8384,0.005398
8385,0.050847
8386,0.924103
8387,0.983841
8388,0.244551
8389,0.076314
8390,0.002943
8391,0.069577
8392,0.005631
8393,0.655428
8394,0.438088
8395,0.154310
8396,0.085875
8397,0.997417
8398,0.960136
8399,0.082572
8400,0.079142
8401,0.535186
8402,0.934525
8403,0.623425
8404,0.030582
8405,0.913443
8406,0.184281
8407,0.962079
8408,0.004131
8409,0.026849
8410,0.056463
8411,0.128315
8412,0.073916
8413,0.110393
8414,0.018472
8415,0.340369
8416,0.005932
8417,0.049178
8418,0.014675
8419,0.787041
8420,0.008444
8421,0.996273
8422,0.043630
8423,0.261970
8424,0.006523
8425,0.474463
8426,0.996548
8427,0.368559
8428,0.968087
8429,0.099003
8430,0.018865
8431,0.470894
8432,0.016248
8433,0.903201
8434,0.178125
8435,0.058307
8436,0.829263
8437,0.846407
8438,0.020446
8439,0.091460
8440,0.026919
8441,0.472474
8442,0.010286
8443,0.213385
8444,0.053069
8445,0.011681
8446,0.039923
8447,0.112288
8448,0.066104
8449,0.698225
8450,0.031929
8451,0.086441
8452,0.002879
8453,0.997605
8454,0.653474
8455,0.142097
8456,0.476792
8457,0.148021
8458,0.994622
8459,0.315642
8460,0.197126
8461,0.072190
8462,0.043546
8463,0.018111
8464,0.062370
8465,0.023362
8466,0.847272
8467,0.005900
8468,0.634359
8469,0.063508
8470,0.080470
8471,0.975767
8472,0.988520
8473,0.079420
8474,0.008084
8475,0.922501
8476,0.151652
8477,0.366369
8478,0.609936
8479,0.005233
8480,0.006465
8481,0.004468
8482,0.016524
8483,0.007815
8484,0.337627
8485,0.146792
8486,0.130707
8487,0.045929
8488,0.004042
8489,0.827836
8490,0.095485
8491,0.892281
8492,0.600751
8493,0.013197
8494,0.041409
8495,0.917492
8496,0.135032
8497,0.063991
8498,0.057960
8499,0.430441
8500,0.014303
8501,0.117658
8502,0.073360
8503,0.891049
8504,0.040839
8505,0.021288
8506,0.026487
8507,0.040936
8508,0.021706
8509,0.011371
8510,0.039953
8511,0.016468
8512,0.018368
8513,0.009612
8514,0.024259
8515,0.233993
8516,0.055171
8517,0.050502
8518,0.273557
8519,0.024302
8520,0.009827
8521,0.108912
8522,0.851305
8523,0.105997
8524,0.978882
8525,0.007694
8526,0.655450
8527,0.016052
8528,0.084599
8529,0.706696
8530,0.851576
8531,0.867452
8532,0.604229
8533,0.014653
8534,0.018487
8535,0.993541
8536,0.118455
8537,0.067643
8538,0.384753
8539,0.034865
8540,0.240623
8541,0.197914
8542,0.071933
8543,0.975035
8544,0.974488
8545,0.108708
8546,0.061014
8547,0.149730
8548,0.712109
8549,0.045314
8550,0.043623
8551,0.053439
8552,0.049405
8553,0.096913
8554,0.193813
8555,0.047121
8556,0.161809
8557,0.839035
8558,0.972957
8559,0.796784
8560,0.984940
8561,0.651086
8562,0.090546
8563,0.065005
8564,0.024593
8565,0.031293
8566,0.910234
8567,0.575175
8568,0.950097
8569,0.155052
8570,0.817151
8571,0.021088
8572,0.996222
8573,0.402681
8574,0.043258
8575,0.086114
8576,0.003816
8577,0.775136
8578,0.966035
8579,0.066233
8580,0.583944
8581,0.471749
8582,0.015267
8583,0.538856
8584,0.660091
8585,0.009632
8586,0.063390
8587,0.037769
8588,0.127597
8589,0.009201
8590,0.597506
8591,0.978456
8592,0.098064
8593,0.071840
8594,0.005374
8595,0.950928
8596,0.299377
8597,0.009076
8598,0.845721
8599,0.924377
8600,0.077633
8601,0.082562
8602,0.058749
8603,0.097719
8604,0.841404
8605,0.042134
8606,0.039133
8607,0.234942
8608,0.979381
8609,0.037002
8610,0.039003
8611,0.607964
8612,0.204883
8613,0.970539
8614,0.924703
8615,0.427515
8616,0.152608
8617,0.065102
8618,0.645925
8619,0.034809
8620,0.107272
8621,0.917958
8622,0.061661
8623,0.904765
8624,0.011651
8625,0.088301
8626,0.018103
8627,0.039243
8628,0.449476
8629,0.006739
8630,0.883234
8631,0.084585
8632,0.054161
8633,0.915327
8634,0.181590
8635,0.698608
8636,0.924794
8637,0.985795
8638,0.012614
8639,0.508164
8640,0.015971
8641,0.432219
8642,0.003948
8643,0.818056
8644,0.004283
8645,0.007153
8646,0.287090
8647,0.279298
8648,0.049203
8649,0.223222
8650,0.007412
8651,0.010137
8652,0.834503
8653,0.005061
8654,0.015672
8655,0.005134
8656,0.011274
8657,0.349240
8658,0.453731
8659,0.054814
8660,0.004442
8661,0.261769
8662,0.006637
8663,0.104017
8664,0.002964
8665,0.010595
8666,0.965681
8667,0.046767
8668,0.053356
8669,0.091489
8670,0.004240
8671,0.268183
8672,0.963917
8673,0.023945
8674,0.043311
8675,0.965902
8676,0.897406
8677,0.008028
8678,0.049207
8679,0.086599
8680,0.455126
8681,0.108503
8682,0.933808
8683,0.554954
8684,0.397529
8685,0.007505
8686,0.098410
8687,0.019337
8688,0.950159
8689,0.072884
8690,0.044094
8691,0.954957
8692,0.122282
8693,0.031213
8694,0.998074
8695,0.984149
8696,0.026687
8697,0.953639
8698,0.093667
8699,0.046956
8700,0.046811
8701,0.947645
8702,0.016358
8703,0.053426
8704,0.003704
8705,0.436975
8706,0.996759
8707,0.019587
8708,0.016798
8709,0.018279
8710,0.147579
8711,0.028798
8712,0.036472
8713,0.148182
8714,0.754558
8715,0.024993
8716,0.008639
8717,0.543515
8718,0.935471
8719,0.034156
8720,0.042689
8721,0.047420
8722,0.975158
8723,0.006979
8724,0.005291
8725,0.029331
8726,0.041532
8727,0.016753
8728,0.174191
8729,0.997850
8730,0.668195
8731,0.659202
8732,0.791514
8733,0.693112
8734,0.005401
8735,0.073825
8736,0.748098
8737,0.915074
8738,0.104979
8739,0.146111
8740,0.965930
8741,0.973694
8742,0.993097
8743,0.039383
8744,0.003031
8745,0.210603
8746,0.187259
8747,0.064461
8748,0.022305
8749,0.054558
8750,0.044411
8751,0.128329
8752,0.583063
8753,0.804467
8754,0.199035
8755,0.958363
8756,0.285232
8757,0.195940
8758,0.038936
8759,0.317018
8760,0.006529
8761,0.825732
8762,0.021490
8763,0.968546
8764,0.211424
8765,0.247410
8766,0.007172
8767,0.096849
8768,0.021575
8769,0.058841
8770,0.048207
8771,0.004674
8772,0.016782
8773,0.030106
8774,0.580489
8775,0.011184
8776,0.032883
8777,0.308157
8778,0.112744
8779,0.015846
8780,0.008262
8781,0.948047
8782,0.059383
8783,0.034858
8784,0.003603
8785,0.010857
8786,0.103179
8787,0.007452
8788,0.978830
8789,0.054496
8790,0.968215
8791,0.095004
8792,0.025489
8793,0.072254
8794,0.907394
8795,0.741932
8796,0.005478
8797,0.595136
8798,0.904361
8799,0.077465
8800,0.019764
8801,0.034351
8802,0.014431
8803,0.675974
8804,0.018020
8805,0.097453
8806,0.250633
8807,0.022182
8808,0.361913
8809,0.358940
8810,0.019479
8811,0.332251
8812,0.925075
8813,0.011941
8814,0.634193
8815,0.894439
8816,0.886484
8817,0.982167
8818,0.870766
8819,0.239800
8820,0.413233
8821,0.120337
8822,0.762708
8823,0.942923
8824,0.011702
8825,0.059337
8826,0.334362
8827,0.639505
8828,0.177600
8829,0.062130
8830,0.014770
8831,0.075423
8832,0.196408
8833,0.023336
8834,0.838286
8835,0.008154
8836,0.068830
8837,0.162754
8838,0.313882
8839,0.133021
8840,0.086521
8841,0.981853
8842,0.923907
8843,0.041740
8844,0.615565
8845,0.119897
8846,0.009441
8847,0.041992
8848,0.989649
8849,0.048652
8850,0.903076
8851,0.092239
8852,0.806460
8853,0.199351
8854,0.002920
8855,0.025306
8856,0.019324
8857,0.025136
8858,0.093223
8859,0.442563
8860,0.068234
8861,0.066782
8862,0.044963
8863,0.386775
8864,0.008472
8865,0.658096
8866,0.966165
8867,0.048043
8868,0.920895
8869,0.256379
8870,0.098746
8871,0.362894
8872,0.037540
8873,0.013378
8874,0.322066
8875,0.086935
8876,0.006388
8877,0.997905
8878,0.002570
8879,0.054235
8880,0.013120
8881,0.326532
8882,0.210112
8883,0.274924
8884,0.949754
8885,0.238480
8886,0.099645
8887,0.024859
8888,0.045311
8889,0.022359
8890,0.072970
8891,0.186175
8892,0.131510
8893,0.292483
8894,0.138509
8895,0.957901
8896,0.321725
8897,0.244301
8898,0.491315
8899,0.116660
8900,0.184349
8901,0.450601
8902,0.996468
8903,0.407731
8904,0.578567
8905,0.424930
8906,0.952927
8907,0.065457
8908,0.073153
8909,0.719147
8910,0.665079
8911,0.031899
8912,0.317174
8913,0.046982
8914,0.047018
8915,0.064464
8916,0.006654
8917,0.064025
8918,0.028564
8919,0.154537
8920,0.078034
8921,0.043282
8922,0.955865
8923,0.033825
8924,0.723509
8925,0.436025
8926,0.019069
8927,0.619479
8928,0.925746
8929,0.350152
8930,0.581478
8931,0.091574
8932,0.943155
8933,0.049924
8934,0.079140
8935,0.721134
8936,0.884135
8937,0.014585
8938,0.927754
8939,0.119697
8940,0.210773
8941,0.006634
8942,0.233362
8943,0.333710
8944,0.683767
8945,0.872477
8946,0.155942
8947,0.958057
8948,0.122468
8949,0.323841
8950,0.547759
8951,0.994122
8952,0.032788
8953,0.038685
8954,0.029111
8955,0.906989
8956,0.694264
8957,0.935568
8958,0.893083
8959,0.258826
8960,0.015332
8961,0.710990
8962,0.021800
8963,0.952600
8964,0.278749
8965,0.028600
8966,0.244146
8967,0.013332
8968,0.020870
8969,0.009463
8970,0.007154
8971,0.012187
8972,0.009108
8973,0.373727
8974,0.023588
8975,0.863208
8976,0.140497
8977,0.047187
8978,0.431788
8979,0.003065
8980,0.009712
8981,0.784601
8982,0.070415
8983,0.565629
8984,0.007364
8985,0.021670
8986,0.012053
8987,0.016892
8988,0.009032
8989,0.326669
8990,0.011817
8991,0.107169
8992,0.006386
8993,0.096826
8994,0.970725
8995,0.533132
8996,0.023397
8997,0.970287
8998,0.026690
8999,0.086679
9000,0.102064
9001,0.195200
9002,0.006813
9003,0.982231
9004,0.180102
9005,0.829738
9006,0.917418
9007,0.164482
9008,0.073228
9009,0.065292
9010,0.798530
9011,0.840123
9012,0.014486
9013,0.014382
9014,0.152236
9015,0.012673
9016,0.288113
9017,0.067536
9018,0.822453
9019,0.181569
9020,0.018060
9021,0.333542
9022,0.052042
9023,0.136928
9024,0.036500
9025,0.558825
9026,0.164687
9027,0.994768
9028,0.119440
9029,0.011948
9030,0.488271
9031,0.190449
9032,0.230705
9033,0.973402
9034,0.028255
9035,0.011253
9036,0.037452
9037,0.041990
9038,0.175491
9039,0.165972
9040,0.022473
9041,0.320870
9042,0.126272
9043,0.303254
9044,0.006484
9045,0.042988
9046,0.023014
9047,0.073851
9048,0.231971
9049,0.977491
9050,0.074789
9051,0.965354
9052,0.032870
9053,0.016692
9054,0.062360
9055,0.347726
9056,0.368774
9057,0.051723
9058,0.996473
9059,0.044414
9060,0.020875
9061,0.304914
9062,0.894546
9063,0.013486
9064,0.014997
9065,0.501521
9066,0.103547
9067,0.275155
9068,0.028288
9069,0.009629
9070,0.062331
9071,0.088822
9072,0.887057
9073,0.626400
9074,0.924985
9075,0.005535
9076,0.842459
9077,0.009651
9078,0.161051
9079,0.690035
9080,0.619471
9081,0.569653
9082,0.501813
9083,0.509375
9084,0.061423
9085,0.968750
9086,0.877703
9087,0.975734
9088,0.707076
9089,0.174764
9090,0.324553
9091,0.327606
9092,0.367097
9093,0.013354
9094,0.025256
9095,0.634937
9096,0.917512
9097,0.003644
9098,0.060609
9099,0.145547
9100,0.005856
9101,0.871240
9102,0.056903
9103,0.724298
9104,0.176608
9105,0.084093
9106,0.141514
9107,0.011021
9108,0.386317
9109,0.199301
9110,0.002246
9111,0.834367
9112,0.015910
9113,0.655121
9114,0.029620
9115,0.810846
9116,0.088066
9117,0.896101
9118,0.224010
9119,0.619693
9120,0.047395
9121,0.563534
9122,0.080488
9123,0.131498
9124,0.009740
9125,0.541604
9126,0.130835
9127,0.047293
9128,0.006417
9129,0.015515
9130,0.420577
9131,0.976895
9132,0.133850
9133,0.015526
9134,0.084204
9135,0.339589
9136,0.009515
9137,0.044557
9138,0.021397
9139,0.036957
9140,0.934028
9141,0.084455
9142,0.045678
9143,0.816687
9144,0.191122
9145,0.029004
9146,0.005238
9147,0.102083
9148,0.247100
9149,0.051002
9150,0.215846
9151,0.007741
9152,0.665045
9153,0.203283
9154,0.805658
9155,0.992251
9156,0.637390
9157,0.910485
9158,0.258640
9159,0.007016
9160,0.137445
9161,0.009733
9162,0.075863
9163,0.004736
9164,0.039235
9165,0.017391
9166,0.964008
9167,0.013875
9168,0.194310
9169,0.963536
9170,0.734089
9171,0.964536
9172,0.887710
9173,0.449984
9174,0.071010
9175,0.055619
9176,0.003478
9177,0.359115
9178,0.497905
9179,0.026089
9180,0.008693
9181,0.469644
9182,0.004438
9183,0.012651
9184,0.253619
9185,0.029669
9186,0.111353
9187,0.038659
9188,0.028857
9189,0.737884
9190,0.006219
9191,0.058206
9192,0.968826
9193,0.003533
9194,0.011570
9195,0.012870
9196,0.833572
9197,0.033002
9198,0.006011
9199,0.050554
9200,0.064335
9201,0.997629
9202,0.045366
9203,0.051088
9204,0.149832
9205,0.004150
9206,0.213812
9207,0.440608
9208,0.006237
9209,0.015382
9210,0.929077
9211,0.852433
9212,0.241100
9213,0.073468
9214,0.033718
9215,0.060502
9216,0.218450
9217,0.039077
9218,0.252056
9219,0.040842
9220,0.025001
9221,0.452862
9222,0.060152
9223,0.988430
9224,0.084618
9225,0.981454
9226,0.991600
9227,0.037135
9228,0.012988
9229,0.012966
9230,0.087864
9231,0.048466
9232,0.910577
9233,0.005879
9234,0.087965
9235,0.076137
9236,0.008569
9237,0.073884
9238,0.139280
9239,0.150750
9240,0.570244
9241,0.140957
9242,0.002332
9243,0.992025
9244,0.012252
9245,0.032541
9246,0.259861
9247,0.042958
9248,0.992209
9249,0.995033
9250,0.037498
9251,0.639946
9252,0.004828
9253,0.007120
9254,0.119829
9255,0.997661
9256,0.107194
9257,0.251695
9258,0.890212
9259,0.034439
9260,0.068774
9261,0.938149
9262,0.734704
9263,0.023180
9264,0.028870
9265,0.013974
9266,0.826012
9267,0.359642
9268,0.063083
9269,0.715658
9270,0.006542
9271,0.002904
9272,0.060895
9273,0.044345
9274,0.050689
9275,0.017314
9276,0.014931
9277,0.184043
9278,0.986877
9279,0.120613
9280,0.539138
9281,0.969959
9282,0.289132
9283,0.848445
9284,0.089467
9285,0.287952
9286,0.106348
9287,0.456501
9288,0.130133
9289,0.086334
9290,0.060276
9291,0.074603
9292,0.459798
9293,0.323554
9294,0.104495
9295,0.495355
9296,0.163057
9297,0.971754
9298,0.058945
9299,0.008016
9300,0.094179
9301,0.254492
9302,0.038937
9303,0.048268
9304,0.050826
9305,0.008735
9306,0.107214
9307,0.731183
9308,0.961584
9309,0.963054
9310,0.057281
9311,0.913950
9312,0.850277
9313,0.814953
9314,0.022228
9315,0.380822
9316,0.899534
9317,0.507990
9318,0.007315
9319,0.043592
9320,0.028727
9321,0.801412
9322,0.655533
9323,0.424898
9324,0.008281
9325,0.013943
9326,0.234890
9327,0.037710
9328,0.526692
9329,0.098114
9330,0.857865
9331,0.137897
9332,0.029851
9333,0.037790
9334,0.437601
9335,0.011600
9336,0.085245
9337,0.756731
9338,0.082085
9339,0.297013
9340,0.103015
9341,0.031758
9342,0.034268
9343,0.025527
9344,0.102094
9345,0.004306
9346,0.061155
9347,0.048032
9348,0.024625
9349,0.051246
9350,0.071447
9351,0.017532
9352,0.073519
9353,0.036292
9354,0.039301
9355,0.260432
9356,0.198148
9357,0.016273
9358,0.227717
9359,0.972147
9360,0.067166
9361,0.003351
9362,0.024751
9363,0.030584
9364,0.392338
9365,0.005448
9366,0.109520
9367,0.961312
9368,0.080000
9369,0.063794
9370,0.951466
9371,0.474470
9372,0.019547
9373,0.004828
9374,0.035126
9375,0.212473
9376,0.846108
9377,0.088905
9378,0.997924
9379,0.080941
9380,0.041307
9381,0.982640
9382,0.057600
9383,0.976832
9384,0.837698
9385,0.966938
9386,0.004845
9387,0.385805
9388,0.183530
9389,0.623809
9390,0.021914
9391,0.249505
9392,0.058384
9393,0.033297
9394,0.344517
9395,0.844973
9396,0.013029
9397,0.996577
9398,0.009640
9399,0.004093
9400,0.505566
9401,0.033658
9402,0.080837
9403,0.012728
9404,0.981620
9405,0.452234
9406,0.003671
9407,0.005485
9408,0.409696
9409,0.216101
9410,0.945055
9411,0.231714
9412,0.028757
9413,0.047808
9414,0.009346
9415,0.196380
9416,0.020869
9417,0.026766
9418,0.050620
9419,0.257911
9420,0.975976
9421,0.112100
9422,0.995021
9423,0.050078
9424,0.751720
9425,0.980310
9426,0.347922
9427,0.110343
9428,0.064599
9429,0.566421
9430,0.003187
9431,0.932395
9432,0.010600
9433,0.894976
9434,0.010941
9435,0.997532
9436,0.980840
9437,0.007618
9438,0.342204
9439,0.009112
9440,0.293197
9441,0.815221
9442,0.077599
9443,0.050119
9444,0.066587
9445,0.910501
9446,0.007423
9447,0.982795
9448,0.032905
9449,0.041098
9450,0.045171
9451,0.008557
9452,0.982431
9453,0.402015
9454,0.022027
9455,0.024339
9456,0.005639
9457,0.520252
9458,0.014377
9459,0.283916
9460,0.026663
9461,0.936354
9462,0.301703
9463,0.046749
9464,0.108970
9465,0.002428
9466,0.478986
9467,0.912989
9468,0.098135
9469,0.002540
9470,0.969656
9471,0.011338
9472,0.966141
9473,0.102664
9474,0.957198
9475,0.033595
9476,0.019092
9477,0.090428
9478,0.734746
9479,0.057043
9480,0.906812
9481,0.916083
9482,0.183607
9483,0.922374
9484,0.069053
9485,0.246334
9486,0.946038
9487,0.691395
9488,0.979949
9489,0.236484
9490,0.021940
9491,0.032274
9492,0.991945
9493,0.078097
9494,0.093582
9495,0.003872
9496,0.014186
9497,0.061880
9498,0.380663
9499,0.957994
9500,0.240414
9501,0.116594
9502,0.971321
9503,0.979276
9504,0.314475
9505,0.781533
9506,0.991162
9507,0.034077
9508,0.041816
9509,0.055782
9510,0.013899
9511,0.204718
9512,0.163292
9513,0.771584
9514,0.166024
9515,0.062295
9516,0.242211
9517,0.033613
9518,0.022920
9519,0.027167
9520,0.004038
9521,0.020816
9522,0.404086
9523,0.045664
9524,0.044194
9525,0.003028
9526,0.635115
9527,0.025592
9528,0.065071
9529,0.202614
9530,0.040588
9531,0.023725
9532,0.022538
9533,0.491202
9534,0.786474
9535,0.758589
9536,0.017260
9537,0.989503
9538,0.032930
9539,0.466359
9540,0.973969
9541,0.216246
9542,0.385879
9543,0.007676
9544,0.020128
9545,0.094037
9546,0.972526
9547,0.836930
9548,0.013972
9549,0.192017
9550,0.676706
9551,0.623141
9552,0.950836
9553,0.617458
9554,0.978413
9555,0.410792
9556,0.028701
9557,0.960556
9558,0.063860
9559,0.103523
9560,0.002510
9561,0.077300
9562,0.994050
9563,0.203657
9564,0.962439
9565,0.006817
9566,0.089240
9567,0.989467
9568,0.029401
9569,0.076751
9570,0.245637
9571,0.082003
9572,0.148084
9573,0.810497
9574,0.905858
9575,0.058653
9576,0.975437
9577,0.259533
9578,0.005450
9579,0.005447
9580,0.928773
9581,0.845000
9582,0.013564
9583,0.830938
9584,0.922972
9585,0.032813
9586,0.005460
9587,0.018146
9588,0.907231
9589,0.019756
9590,0.114745
9591,0.323412
9592,0.601023
9593,0.025095
9594,0.957474
9595,0.976169
9596,0.031113
9597,0.917116
9598,0.976523
9599,0.087088
9600,0.703536
9601,0.653940
9602,0.007360
9603,0.093219
9604,0.070893
9605,0.119624
9606,0.003317
9607,0.215350
9608,0.695647
9609,0.511518
9610,0.007674
9611,0.006394
9612,0.011599
9613,0.044982
9614,0.480885
9615,0.153931
9616,0.886028
9617,0.025454
9618,0.579034
9619,0.197702
9620,0.005471
9621,0.263152
9622,0.014840
9623,0.488379
9624,0.154649
9625,0.006170
9626,0.046331
9627,0.080912
9628,0.970910
9629,0.584224
9630,0.941653
9631,0.997086
9632,0.992067
9633,0.065961
9634,0.093373
9635,0.997311
9636,0.982101
9637,0.007233
9638,0.072354
9639,0.088013
9640,0.180391
9641,0.009120
9642,0.152264
9643,0.086959
9644,0.968168
9645,0.131393
9646,0.368768
9647,0.540942
9648,0.002407
9649,0.662697
9650,0.015366
9651,0.985351
9652,0.756947
9653,0.251344
9654,0.240927
9655,0.020296
9656,0.450387
9657,0.956721
9658,0.998123
9659,0.049178
9660,0.061685
9661,0.071496
9662,0.970042
9663,0.010289
9664,0.008846
9665,0.104620
9666,0.051835
9667,0.090190
9668,0.236904
9669,0.091280
9670,0.784711
9671,0.249081
9672,0.072506
9673,0.060125
9674,0.625943
9675,0.127731
9676,0.086463
9677,0.003610
9678,0.954811
9679,0.024475
9680,0.431071
9681,0.492933
9682,0.168141
9683,0.943448
9684,0.031034
9685,0.867715
9686,0.089892
9687,0.106462
9688,0.028903
9689,0.012480
9690,0.161744
9691,0.829789
9692,0.085628
9693,0.031800
9694,0.740552
9695,0.011168
9696,0.959319
9697,0.224254
9698,0.073632
9699,0.008428
9700,0.079903
9701,0.086587
9702,0.993552
9703,0.139203
9704,0.052377
9705,0.146953
9706,0.648855
9707,0.110740
9708,0.022382
9709,0.125865
9710,0.476651
9711,0.076341
9712,0.470835
9713,0.521202
9714,0.020705
9715,0.053619
9716,0.309953
9717,0.027681
9718,0.022574
9719,0.079362
9720,0.993150
9721,0.975468
9722,0.089042
9723,0.019776
9724,0.089452
9725,0.872690
9726,0.119057
9727,0.108432
9728,0.296564
9729,0.021529
9730,0.971708
9731,0.019187
9732,0.004028
9733,0.012177
9734,0.045885
9735,0.669122
9736,0.216793
9737,0.046389
9738,0.066681
9739,0.965964
9740,0.074397
9741,0.059417
9742,0.048072
9743,0.793815
9744,0.033727
9745,0.825086
9746,0.010263
9747,0.372462
9748,0.676702
9749,0.972983
9750,0.006358
9751,0.978129
9752,0.017257
9753,0.961871
9754,0.310838
9755,0.995247
9756,0.149843
9757,0.976331
9758,0.178922
9759,0.022574
9760,0.008761
9761,0.184187
9762,0.002718
9763,0.070314
9764,0.886420
9765,0.148978
9766,0.167032
9767,0.966376
9768,0.377986
9769,0.013861
9770,0.607539
9771,0.083230
9772,0.072956
9773,0.766362
9774,0.010239
9775,0.076171
9776,0.005334
9777,0.145723
9778,0.139536
9779,0.166910
9780,0.992226
9781,0.115723
9782,0.796688
9783,0.223221
9784,0.438265
9785,0.956349
9786,0.554043
9787,0.060517
9788,0.004465
9789,0.402069
9790,0.163883
9791,0.059279
9792,0.169214
9793,0.105815
9794,0.677174
9795,0.065878
9796,0.050451
9797,0.896863
9798,0.483592
9799,0.042519
9800,0.041344
9801,0.019050
9802,0.187135
9803,0.008879
9804,0.748479
9805,0.008638
9806,0.743452
9807,0.045605
9808,0.036474
9809,0.053818
9810,0.008443
9811,0.029740
9812,0.048326
9813,0.005762
9814,0.063981
9815,0.235911
9816,0.223036
9817,0.045290
9818,0.457389
9819,0.923162
9820,0.062352
9821,0.055890
9822,0.009710
9823,0.919426
9824,0.322548
9825,0.976004
9826,0.009921
9827,0.992589
9828,0.492854
9829,0.490492
9830,0.978027
9831,0.022889
9832,0.062209
9833,0.170205
9834,0.035273
9835,0.511798
9836,0.978509
9837,0.994182
9838,0.003085
9839,0.064765
9840,0.995723
9841,0.038981
9842,0.385951
9843,0.790684
9844,0.057214
9845,0.003865
9846,0.810790
9847,0.401392
9848,0.039170
9849,0.005967
9850,0.211462
9851,0.063556
9852,0.022083
9853,0.018047
9854,0.081235
9855,0.237885
9856,0.051867
9857,0.960255
9858,0.034028
9859,0.893478
9860,0.068057
9861,0.055780
9862,0.102788
9863,0.005602
9864,0.867770
9865,0.994310
9866,0.058328
9867,0.003795
9868,0.501166
9869,0.116310
9870,0.844304
9871,0.932504
9872,0.094983
9873,0.033870
9874,0.857225
9875,0.162548
9876,0.065241
9877,0.150978
9878,0.030376
9879,0.801117
9880,0.014222
9881,0.920733
9882,0.934883
9883,0.031253
9884,0.019017
9885,0.062808
9886,0.180890
9887,0.016722
9888,0.945076
9889,0.996846
9890,0.370477
9891,0.019143
9892,0.053940
9893,0.246962
9894,0.069014
9895,0.077362
9896,0.864135
9897,0.132257
9898,0.071075
9899,0.101135
9900,0.150612
9901,0.043119
9902,0.047299
9903,0.045569
9904,0.788548
9905,0.022086
9906,0.136330
9907,0.295455
9908,0.005254
9909,0.954517
9910,0.967256
9911,0.089096
9912,0.057300
9913,0.022334
9914,0.159771
9915,0.994337
9916,0.096336
9917,0.107325
9918,0.014792
9919,0.697080
9920,0.012544
9921,0.447334
9922,0.002350
9923,0.381962
9924,0.194442
9925,0.288793
9926,0.156323
9927,0.200201
9928,0.006492
9929,0.930180
9930,0.960631
9931,0.439902
9932,0.171327
9933,0.142647
9934,0.031914
9935,0.840655
9936,0.983066
9937,0.246744
9938,0.328620
9939,0.057727
9940,0.137510
9941,0.032984
9942,0.059467
9943,0.014280
9944,0.049130
9945,0.960726
9946,0.049346
9947,0.097228
9948,0.034606
9949,0.004376
9950,0.042027
9951,0.175890
9952,0.008128
9953,0.994756
9954,0.736245
9955,0.148287
9956,0.851074
9957,0.010016
9958,0.989882
9959,0.221808
9960,0.695849
9961,0.021833
9962,0.040563
9963,0.017240
9964,0.137963
9965,0.042049
9966,0.010570
9967,0.006143
9968,0.092650
9969,0.004657
9970,0.124484
9971,0.991960
9972,0.037164
9973,0.018835
9974,0.037189
9975,0.958922
9976,0.265274
9977,0.188712
9978,0.133529
9979,0.003352
9980,0.090882
9981,0.076507
9982,0.007116
9983,0.138262
9984,0.020994
9985,0.006529
9986,0.035783
9987,0.091349
9988,0.082503
9989,0.033355
9990,0.109210
9991,0.944294
9992,0.037281
9993,0.051577
9994,0.727467
9995,0.003096
9996,0.229735
9997,0.516771
9998,0.986509
9999,0.082510
10000,0.550416
10001,0.918412
10002,0.382396
10003,0.268518
10004,0.011574
10005,0.948821
10006,0.954200
10007,0.045541
10008,0.977748
10009,0.955611
10010,0.093124
10011,0.037410
10012,0.915278
10013,0.031115
10014,0.202982
10015,0.070397
10016,0.037179
10017,0.007893
10018,0.005262
10019,0.059616
10020,0.017465
10021,0.044095
10022,0.983162
10023,0.986703
10024,0.644466
10025,0.019604
10026,0.018385
10027,0.081236
10028,0.834171
10029,0.031616
10030,0.005412
10031,0.060022
10032,0.661558
10033,0.884162
10034,0.011378
10035,0.022189
10036,0.061829
10037,0.918691
10038,0.009887
10039,0.326915
10040,0.152641
10041,0.011873
10042,0.929044
10043,0.023442
10044,0.194800
10045,0.013330
10046,0.007623
10047,0.867324
10048,0.105394
10049,0.813644
10050,0.017892
10051,0.386217
10052,0.923992
10053,0.088253
10054,0.626657
10055,0.265405
10056,0.008107
10057,0.967465
10058,0.963711
10059,0.056352
10060,0.880091
10061,0.120764
10062,0.003560
10063,0.084964
10064,0.975232
10065,0.106519
10066,0.058286
10067,0.027288
10068,0.013732
10069,0.075568
10070,0.039000
10071,0.670067
10072,0.880641
10073,0.544616
10074,0.191730
10075,0.860126
10076,0.948338
10077,0.090219
10078,0.013807
10079,0.082489
10080,0.104056
10081,0.111550
10082,0.403665
10083,0.018134
10084,0.119734
10085,0.311287
10086,0.090523
10087,0.836863
10088,0.053898
10089,0.799223
10090,0.004265
10091,0.058343
10092,0.004368
10093,0.034203
10094,0.445013
10095,0.044941
10096,0.031707
10097,0.975385
10098,0.174209
10099,0.240174
10100,0.016906
10101,0.006988
10102,0.037850
10103,0.029197
10104,0.934681
10105,0.003874
10106,0.212019
10107,0.006514
10108,0.370511
10109,0.076830
10110,0.123228
10111,0.020267
10112,0.028539
10113,0.069025
10114,0.032475
10115,0.006213
10116,0.634825
10117,0.057959
10118,0.092949
10119,0.502548
10120,0.353285
10121,0.215046
10122,0.200251
10123,0.120223
10124,0.009505
10125,0.093148
10126,0.969499
10127,0.029618
10128,0.043407
10129,0.041762
10130,0.134132
10131,0.769245
10132,0.431196
10133,0.096282
10134,0.977508
10135,0.041456
10136,0.017031
10137,0.006168
10138,0.517982
10139,0.885957
10140,0.237502
10141,0.103001
10142,0.010670
10143,0.095533
10144,0.004023
10145,0.018116
10146,0.072012
10147,0.383168
10148,0.644018
10149,0.761458
10150,0.127738
10151,0.038851
10152,0.015753
10153,0.915688
10154,0.054468
10155,0.035422
10156,0.504793
10157,0.217782
10158,0.886213
10159,0.255986
10160,0.973762
10161,0.020436
10162,0.918328
10163,0.996317
10164,0.005442
10165,0.021817
10166,0.004232
10167,0.730245
10168,0.321462
10169,0.861938
10170,0.008027
10171,0.175763
10172,0.289497
10173,0.167027
10174,0.005666
10175,0.322029
10176,0.004322
10177,0.996647
10178,0.007810
10179,0.036573
10180,0.155940
10181,0.005566
10182,0.042241
10183,0.948632
10184,0.996398
10185,0.944356
10186,0.287186
10187,0.015472
10188,0.038940
10189,0.008844
10190,0.002488
10191,0.974528
10192,0.950354
10193,0.111732
10194,0.052067
10195,0.027198
10196,0.620934
10197,0.036705
10198,0.049306
10199,0.086533
10200,0.006873
10201,0.018720
10202,0.049780
10203,0.023358
10204,0.878679
10205,0.010129
10206,0.995542
10207,0.021297
10208,0.973067
10209,0.898698
10210,0.971519
10211,0.565655
10212,0.871005
10213,0.383573
10214,0.203262
10215,0.016673
10216,0.435086
10217,0.835537
10218,0.010351
10219,0.043202
10220,0.102965
10221,0.004429
10222,0.004640
10223,0.948225
10224,0.837880
10225,0.075101
10226,0.024649
10227,0.997809
10228,0.008296
10229,0.372816
10230,0.997517
10231,0.023656
10232,0.217186
10233,0.190595
10234,0.094459
10235,0.011762
10236,0.032674
10237,0.464200
10238,0.067908
10239,0.920633
10240,0.046334
10241,0.019492
10242,0.221638
10243,0.076602
10244,0.004898
10245,0.922428
10246,0.031371
10247,0.548603
10248,0.673615
10249,0.733364
10250,0.008763
10251,0.064545
10252,0.022728
10253,0.862050
10254,0.204712
10255,0.132760
10256,0.954220
10257,0.828959
10258,0.032872
10259,0.041400
10260,0.973355
10261,0.013962
10262,0.003302
10263,0.747162
10264,0.650957
10265,0.024118
10266,0.569767
10267,0.882388
10268,0.013373
10269,0.033584
10270,0.483701
10271,0.010052
10272,0.064168
10273,0.789920
10274,0.576938
10275,0.166713
10276,0.153592
10277,0.140779
10278,0.137928
10279,0.977211
10280,0.021658
10281,0.605030
10282,0.030142
10283,0.534163
10284,0.290282
10285,0.052056
10286,0.129873
10287,0.259276
10288,0.888371
10289,0.826352
10290,0.050407
10291,0.080018
10292,0.018836
10293,0.078838
10294,0.344227
10295,0.143100
10296,0.961830
10297,0.170903
10298,0.040867
10299,0.136640
10300,0.945591
10301,0.003884
10302,0.778504
10303,0.066117
10304,0.197549
10305,0.038063
10306,0.906561
10307,0.147498
10308,0.102419
10309,0.077911
10310,0.108962
10311,0.089650
10312,0.965352
10313,0.095241
10314,0.002014
10315,0.734216
10316,0.175096
10317,0.067452
10318,0.375737
10319,0.009344
10320,0.081994
10321,0.063384
10322,0.103326
10323,0.093391
10324,0.003345
10325,0.353096
10326,0.396500
10327,0.007983
10328,0.717495
10329,0.210309
10330,0.034151
10331,0.080276
10332,0.042680
10333,0.228423
10334,0.952933
10335,0.923595
10336,0.269893
10337,0.476098
10338,0.469606
10339,0.390836
10340,0.626464
10341,0.042374
10342,0.780735
10343,0.875878
10344,0.793407
10345,0.020422
10346,0.974271
10347,0.917214
10348,0.028244
10349,0.782495
10350,0.105734
10351,0.961730
10352,0.042612
10353,0.927194
10354,0.399538
10355,0.175444
10356,0.096753
10357,0.099068
10358,0.970489
10359,0.027899
10360,0.930884
10361,0.953709
10362,0.011168
10363,0.026268
10364,0.298121
10365,0.010100
10366,0.045631
10367,0.014604
10368,0.980812
10369,0.018684
10370,0.005780
10371,0.187265
10372,0.037408
10373,0.515540
10374,0.960897
10375,0.003175
10376,0.045672
10377,0.135116
10378,0.456844
10379,0.039096
10380,0.142311
10381,0.048158
10382,0.952983
10383,0.997654
10384,0.027809
10385,0.071444
10386,0.077183
10387,0.010848
10388,0.110242
10389,0.029016
10390,0.399551
10391,0.005625
10392,0.219177
10393,0.018841
10394,0.784588
10395,0.144395
10396,0.478953
10397,0.092234
10398,0.930761
10399,0.134980
10400,0.541495
10401,0.611497
10402,0.546059
10403,0.039164
10404,0.030008
10405,0.746882
10406,0.564834
10407,0.010596
10408,0.954325
10409,0.169690
10410,0.357316
10411,0.067920
10412,0.067199
10413,0.019459
10414,0.976967
10415,0.153494
10416,0.568291
10417,0.051581
10418,0.975629
10419,0.081951
10420,0.561684
10421,0.924562
10422,0.577005
10423,0.115572
10424,0.802018
10425,0.288471
10426,0.020344
10427,0.060519
10428,0.020218
10429,0.040437
10430,0.135715
10431,0.635633
10432,0.962022
10433,0.118206
10434,0.008543
10435,0.038170
10436,0.024485
10437,0.005320
10438,0.010838
10439,0.003047
10440,0.002884
10441,0.867348
10442,0.939754
10443,0.400929
10444,0.185300
10445,0.043004
10446,0.006339
10447,0.797590
10448,0.014621
10449,0.980781
10450,0.993135
10451,0.310514
10452,0.976325
10453,0.699873
10454,0.213104
10455,0.010022
10456,0.013252
10457,0.009614
10458,0.950089
10459,0.047315
10460,0.030898
10461,0.396623
10462,0.164297
10463,0.044019
10464,0.955901
10465,0.019065
10466,0.159822
10467,0.038403
10468,0.526659
10469,0.839173
10470,0.883814
10471,0.019082
10472,0.781110
10473,0.093000
10474,0.148527
10475,0.018640
10476,0.076190
10477,0.985713
10478,0.897854
10479,0.067231
10480,0.970910
10481,0.965213
10482,0.134773
10483,0.051197
10484,0.969119
10485,0.072244
10486,0.083016
10487,0.098821
10488,0.347140
10489,0.288343
10490,0.658404
10491,0.052643
10492,0.003517
10493,0.981996
10494,0.179341
10495,0.966879
10496,0.109038
10497,0.037532
10498,0.214144
10499,0.048572
10500,0.976958
10501,0.452258
10502,0.563919
10503,0.910315
10504,0.180606
10505,0.067046
10506,0.365786
10507,0.150747
10508,0.034840
10509,0.037124
10510,0.909796
10511,0.210243
10512,0.027643
10513,0.092782
10514,0.826497
10515,0.011764
10516,0.839747
10517,0.048372
10518,0.304037
10519,0.683800
10520,0.992600
10521,0.251640
10522,0.004737
10523,0.020881
10524,0.846900
10525,0.649830
10526,0.199174
10527,0.391983
10528,0.851604
10529,0.952385
10530,0.071726
10531,0.060230
10532,0.020041
10533,0.045426
10534,0.093554
10535,0.552044
10536,0.990628
10537,0.081227
10538,0.040086
10539,0.081070
10540,0.427318
10541,0.917055
10542,0.115677
10543,0.927157
10544,0.744982
10545,0.931704
10546,0.996344
10547,0.828692
10548,0.029184
10549,0.968904
10550,0.154020
10551,0.010397
10552,0.021919
10553,0.037602
10554,0.945663
10555,0.051366
10556,0.201396
10557,0.051466
10558,0.898630
10559,0.913767
10560,0.061593
10561,0.003916
10562,0.234811
10563,0.848755
10564,0.711163
10565,0.008649
10566,0.528725
10567,0.036701
10568,0.086059
10569,0.102447
10570,0.428483
10571,0.104044
10572,0.124223
10573,0.285724
10574,0.971891
10575,0.012848
10576,0.021469
10577,0.960008
10578,0.856695
10579,0.049054
10580,0.004021
10581,0.021815
10582,0.919226
10583,0.980562
10584,0.041244
10585,0.961779
10586,0.225851
10587,0.927897
10588,0.018059
10589,0.146193
10590,0.348803
10591,0.010311
10592,0.784482
10593,0.068594
10594,0.052697
10595,0.004998
10596,0.198354
10597,0.925412
10598,0.102839
10599,0.083828
10600,0.064179
10601,0.837770
10602,0.054178
10603,0.935702
10604,0.002979
10605,0.734348
10606,0.984708
10607,0.010597
10608,0.017618
10609,0.115095
10610,0.056893
10611,0.937941
10612,0.021160
10613,0.054558
10614,0.028499
10615,0.041939
10616,0.139801
10617,0.676679
10618,0.939571
10619,0.007905
10620,0.945269
10621,0.080614
10622,0.478392
10623,0.120160
10624,0.157370
10625,0.181729
10626,0.120618
10627,0.085136
10628,0.363104
10629,0.007730
10630,0.979623
10631,0.003619
10632,0.044352
10633,0.031257
10634,0.577832
10635,0.895017
10636,0.803323
10637,0.996227
10638,0.116246
10639,0.574888
10640,0.170848
10641,0.249828
10642,0.417464
10643,0.004595
10644,0.024479
10645,0.996285
10646,0.007003
10647,0.006624
10648,0.003877
10649,0.923707
10650,0.227066
10651,0.160959
10652,0.994978
10653,0.376392
10654,0.882909
10655,0.175377
10656,0.977690
10657,0.243421
10658,0.192410
10659,0.029702
10660,0.004992
10661,0.967981
10662,0.035721
10663,0.203646
10664,0.099437
10665,0.009927
10666,0.416716
10667,0.337356
10668,0.643471
10669,0.007846
10670,0.031853
10671,0.004386
10672,0.003478
10673,0.088514
10674,0.346204
10675,0.558889
10676,0.034639
10677,0.974423
10678,0.070806
10679,0.032774
10680,0.003287
10681,0.409317
10682,0.040781
10683,0.479448
10684,0.035584
10685,0.947600
10686,0.990875
10687,0.019160
10688,0.018809
10689,0.871103
10690,0.006607
10691,0.446764
10692,0.930036
10693,0.836803
10694,0.010306
10695,0.365898
10696,0.108201
10697,0.023829
10698,0.838874
10699,0.997280
10700,0.909641
10701,0.139026
10702,0.013573
10703,0.941543
10704,0.406239
10705,0.976023
10706,0.703231
10707,0.956968
10708,0.004446
10709,0.083181
10710,0.011119
10711,0.003680
10712,0.142005
10713,0.064948
10714,0.005150
10715,0.228286
10716,0.713098
10717,0.105937
10718,0.002556
10719,0.444621
10720,0.775542
10721,0.977162
10722,0.949236
10723,0.931263
10724,0.006505
10725,0.142814
10726,0.933057
10727,0.994106
10728,0.035685
10729,0.099167
10730,0.006016
10731,0.996129
10732,0.092410
10733,0.065219
10734,0.118575
10735,0.967628
10736,0.006897
10737,0.356061
10738,0.003839
10739,0.864332
10740,0.400050
10741,0.213194
10742,0.934402
10743,0.007429
10744,0.778561
10745,0.238340
10746,0.786585
10747,0.013906
10748,0.989092
10749,0.996137
10750,0.812172
10751,0.016361
10752,0.064758
10753,0.131464
10754,0.525759
10755,0.017570
10756,0.127236
10757,0.903922
10758,0.603773
10759,0.096741
10760,0.197173
10761,0.009272
10762,0.065838
10763,0.352865
10764,0.949826
10765,0.877810
10766,0.058323
10767,0.163778
10768,0.006146
10769,0.195800
10770,0.987600
10771,0.072283
10772,0.020292
10773,0.003679
10774,0.020718
10775,0.449261
10776,0.536469
10777,0.033642
10778,0.071588
10779,0.865559
10780,0.007829
10781,0.046597
10782,0.004282
10783,0.832196
10784,0.101303
10785,0.354755
10786,0.961112
10787,0.120708
10788,0.010738
10789,0.997168
10790,0.393631
10791,0.067554
10792,0.011006
10793,0.704033
10794,0.249256
10795,0.338754
10796,0.068767
10797,0.054517
10798,0.812981
10799,0.252991
10800,0.095829
10801,0.029573
10802,0.005090
10803,0.066165
10804,0.980593
10805,0.826676
10806,0.061717
10807,0.109053
10808,0.060675
10809,0.129739
10810,0.936956
10811,0.043450
10812,0.029865
10813,0.041935
10814,0.087200
10815,0.367499
10816,0.102776
10817,0.971086
10818,0.079750
10819,0.068519
10820,0.005575
10821,0.079375
10822,0.036442
10823,0.045372
10824,0.006345
10825,0.060529
10826,0.093009
10827,0.004936
10828,0.809372
10829,0.061854
10830,0.052634
10831,0.307296
10832,0.293895
10833,0.039628
10834,0.075548
10835,0.319623
10836,0.027411
10837,0.482939
10838,0.465828
10839,0.224505
10840,0.012932
10841,0.131028
10842,0.867272
10843,0.972777
10844,0.281967
10845,0.053640
10846,0.144907
10847,0.029090
10848,0.162385
10849,0.047362
10850,0.169187
10851,0.236993
10852,0.920717
10853,0.033673
10854,0.002330
10855,0.025710
10856,0.081640
10857,0.055921
10858,0.211498
10859,0.965175
10860,0.192869
10861,0.091366
10862,0.057016
10863,0.114697
10864,0.917591
10865,0.281608
10866,0.091616
10867,0.058876
10868,0.022709
10869,0.966408
10870,0.315148
10871,0.034414
10872,0.076417
10873,0.067551
10874,0.991527
10875,0.147386
10876,0.075575
10877,0.049107
10878,0.004818
10879,0.956637
10880,0.041162
10881,0.948611
10882,0.907767
10883,0.761358
10884,0.966919
10885,0.008225
10886,0.837953
10887,0.053061
10888,0.965189
10889,0.139468
10890,0.876810
10891,0.013260
10892,0.012384
10893,0.983600
10894,0.977624
10895,0.961792
10896,0.091327
10897,0.063216
10898,0.021566
10899,0.006269
10900,0.035551
10901,0.403155
10902,0.090199
10903,0.176784
10904,0.012018
10905,0.574664
10906,0.113621
10907,0.058428
10908,0.794748
10909,0.009579
10910,0.942539
10911,0.974075
10912,0.011822
10913,0.886170
10914,0.997783
10915,0.810967
10916,0.951734
10917,0.131110
10918,0.297987
10919,0.135037
10920,0.972621
10921,0.985703
10922,0.923065
10923,0.824842
10924,0.559018
10925,0.063592
10926,0.473418
10927,0.015279
10928,0.375028
10929,0.947744
10930,0.519821
10931,0.112632
10932,0.017807
10933,0.194591
10934,0.208897
10935,0.975805
10936,0.319528
10937,0.126008
10938,0.972464
10939,0.297933
10940,0.903605
10941,0.996251
10942,0.466768
10943,0.011662
10944,0.025777
10945,0.185747
10946,0.028793
10947,0.054659
10948,0.004749
10949,0.039910
10950,0.011912
10951,0.914835
10952,0.075680
10953,0.016992
10954,0.069687
10955,0.276508
10956,0.442042
10957,0.003231
10958,0.016620
10959,0.003879
10960,0.956326
10961,0.290368
10962,0.700743
10963,0.185512
10964,0.003188
10965,0.647154
10966,0.950961
10967,0.919963
10968,0.196047
10969,0.218831
10970,0.064226
10971,0.097450
10972,0.418403
10973,0.478386
10974,0.319078
10975,0.588098
10976,0.163516
10977,0.962010
10978,0.116424
10979,0.004921
10980,0.898123
10981,0.545597
10982,0.977917
10983,0.058913
10984,0.032843
10985,0.957589
10986,0.044886
10987,0.044301
10988,0.130654
10989,0.071030
10990,0.080863
10991,0.081096
10992,0.028751
10993,0.085926
10994,0.006472
10995,0.131681
10996,0.438946
10997,0.040890
10998,0.044360
10999,0.085351
11000,0.023891
11001,0.021864
11002,0.435014
11003,0.513614
11004,0.975240
11005,0.007682
11006,0.006993
11007,0.156152
11008,0.156755
11009,0.039887
11010,0.092645
11011,0.003814
11012,0.151939
11013,0.550978
11014,0.048057
11015,0.091915
11016,0.008116
11017,0.921189
11018,0.010891
11019,0.113042
11020,0.900873
11021,0.013182
11022,0.205498
11023,0.003583
11024,0.765013
11025,0.093502
11026,0.730040
11027,0.148233
11028,0.895793
11029,0.015887
11030,0.016440
11031,0.015789
11032,0.861360
11033,0.054704
11034,0.017326
11035,0.966627
11036,0.079453
11037,0.990022
11038,0.239638
11039,0.985105
11040,0.008288
11041,0.047193
11042,0.954939
11043,0.036119
11044,0.165629
11045,0.868856
11046,0.028150
11047,0.516022
11048,0.023191
11049,0.013445
11050,0.821114
11051,0.265140
11052,0.231675
11053,0.681423
11054,0.982217
11055,0.856040
11056,0.110611
11057,0.031923
11058,0.077966
11059,0.033795
11060,0.308891
11061,0.633019
11062,0.955518
11063,0.003641
11064,0.843449
11065,0.961967
11066,0.049876
11067,0.075743
11068,0.919333
11069,0.929405
11070,0.052183
11071,0.037316
11072,0.933983
11073,0.017968
11074,0.994253
11075,0.091083
11076,0.111813
11077,0.023455
11078,0.600631
11079,0.021461
11080,0.003958
11081,0.017229
11082,0.800740
11083,0.095594
11084,0.057407
11085,0.080775
11086,0.163921
11087,0.005948
11088,0.009597
11089,0.981474
11090,0.977146
11091,0.017223
11092,0.943924
11093,0.741128
11094,0.113654
11095,0.951705
11096,0.512845
11097,0.045386
11098,0.100214
11099,0.950198
11100,0.074744
11101,0.197044
11102,0.028754
11103,0.836989
11104,0.022337
11105,0.119871
11106,0.963134
11107,0.981218
11108,0.462870
11109,0.971333
11110,0.049087
11111,0.944181
11112,0.052477
11113,0.002905
11114,0.147864
11115,0.331014
11116,0.156969
11117,0.950832
11118,0.121674
11119,0.942705
11120,0.004890
11121,0.145559
11122,0.010276
11123,0.995044
11124,0.774977
11125,0.980961
11126,0.049741
11127,0.087962
11128,0.948459
11129,0.010004
11130,0.087611
11131,0.815612
11132,0.087242
11133,0.505386
11134,0.089896
11135,0.931935
11136,0.289731
11137,0.013427
11138,0.947685
11139,0.055021
11140,0.944931
11141,0.025642
11142,0.159148
11143,0.960387
11144,0.016358
11145,0.175628
11146,0.952682
11147,0.009426
11148,0.974667
11149,0.053269
11150,0.696923
11151,0.046370
11152,0.017950
11153,0.732392
11154,0.039368
11155,0.217055
11156,0.028678
11157,0.516535
11158,0.987695
11159,0.020073
11160,0.903849
11161,0.977976
11162,0.237473
11163,0.840820
11164,0.039578
11165,0.294379
11166,0.109003
11167,0.018056
11168,0.989736
11169,0.577950
11170,0.025518
11171,0.850089
11172,0.037259
11173,0.007063
11174,0.113522
11175,0.214957
11176,0.035688
11177,0.971276
11178,0.009288
11179,0.006865
11180,0.852518
11181,0.304573
11182,0.952799
11183,0.549584
11184,0.003691
11185,0.896421
11186,0.040582
11187,0.988979
11188,0.093495
11189,0.118949
11190,0.055910
11191,0.996569
11192,0.246937
11193,0.068348
11194,0.091190
11195,0.114166
11196,0.024603
11197,0.088944
11198,0.734218
11199,0.895731
11200,0.258243
11201,0.011480
11202,0.002678
11203,0.112623
11204,0.006741
11205,0.043356
11206,0.010983
11207,0.193603
11208,0.023051
11209,0.950022
11210,0.035938
11211,0.058579
11212,0.076191
11213,0.005328
11214,0.842535
11215,0.056607
11216,0.214359
11217,0.220843
11218,0.111889
11219,0.991561
11220,0.083639
11221,0.254562
11222,0.185557
11223,0.003740
11224,0.068033
11225,0.996498
11226,0.010378
11227,0.106676
11228,0.579763
11229,0.085156
11230,0.003586
11231,0.979467
