index,target
0,0.005331
1,0.779403
2,0.055184
3,0.046347
4,0.996775
5,0.005393
6,0.953879
7,0.118867
8,0.038087
9,0.738599
10,0.004617
11,0.004745
12,0.074875
13,0.627451
14,0.628415
15,0.434186
16,0.157811
17,0.985045
18,0.791526
19,0.970863
20,0.168531
21,0.691516
22,0.981647
23,0.111307
24,0.950476
25,0.010634
26,0.004542
27,0.009689
28,0.038300
29,0.002712
30,0.047200
31,0.004507
32,0.008713
33,0.323331
34,0.124530
35,0.214197
36,0.900299
37,0.011079
38,0.082079
39,0.149188
40,0.193371
41,0.931646
42,0.005583
43,0.347862
44,0.831612
45,0.044753
46,0.737145
47,0.058483
48,0.553626
49,0.075775
50,0.098827
51,0.005360
52,0.202274
53,0.012840
54,0.165590
55,0.016799
56,0.054013
57,0.935333
58,0.030522
59,0.730958
60,0.325125
61,0.008740
62,0.801038
63,0.745864
64,0.282318
65,0.004204
66,0.027538
67,0.914215
68,0.975803
69,0.191151
70,0.084567
71,0.432760
72,0.084253
73,0.104856
74,0.135916
75,0.010630
76,0.003164
77,0.005418
78,0.030503
79,0.880863
80,0.213440
81,0.228181
82,0.121720
83,0.165905
84,0.135348
85,0.519162
86,0.745243
87,0.022192
88,0.144911
89,0.003839
90,0.704707
91,0.106504
92,0.089713
93,0.095566
94,0.056687
95,0.716541
96,0.447681
97,0.056917
98,0.974084
99,0.322223
100,0.004280
101,0.069548
102,0.085471
103,0.170156
104,0.565374
105,0.097552
106,0.898763
107,0.683921
108,0.196774
109,0.123116
110,0.928910
111,0.020245
112,0.157499
113,0.018357
114,0.008807
115,0.153241
116,0.969198
117,0.319689
118,0.315757
119,0.989950
120,0.949426
121,0.002539
122,0.379038
123,0.146612
124,0.145153
125,0.128486
126,0.059928
127,0.135274
128,0.129098
129,0.134429
130,0.004541
131,0.059708
132,0.974248
133,0.073845
134,0.963740
135,0.916109
136,0.969522
137,0.933057
138,0.707680
139,0.096223
140,0.018078
141,0.537016
142,0.019468
143,0.042136
144,0.005721
145,0.979436
146,0.683983
147,0.937500
148,0.939246
149,0.054045
150,0.580741
151,0.169603
152,0.105380
153,0.014504
154,0.054145
155,0.042640
156,0.414834
157,0.627464
158,0.084343
159,0.063147
160,0.006838
161,0.463799
162,0.035658
163,0.604056
164,0.048067
165,0.051560
166,0.122202
167,0.029741
168,0.964847
169,0.006008
170,0.035896
171,0.048254
172,0.163672
173,0.901995
174,0.005762
175,0.004346
176,0.963849
177,0.974288
178,0.003810
179,0.917719
180,0.162625
181,0.034826
182,0.874696
183,0.153846
184,0.897050
185,0.075380
186,0.596761
187,0.007146
188,0.249088
189,0.031897
190,0.006222
191,0.786093
192,0.064673
193,0.061281
194,0.158947
195,0.969030
196,0.056338
197,0.979857
198,0.138660
199,0.474550
200,0.163743
201,0.026702
202,0.943856
203,0.003043
204,0.042080
205,0.009217
206,0.116800
207,0.857158
208,0.044414
209,0.998460
210,0.125358
211,0.003828
212,0.411218
213,0.006008
214,0.033101
215,0.221877
216,0.044573
217,0.454600
218,0.722332
219,0.412580
220,0.203472
221,0.051336
222,0.010833
223,0.027254
224,0.307953
225,0.979520
226,0.891511
227,0.035321
228,0.886309
229,0.004094
230,0.033569
231,0.981519
232,0.356701
233,0.044519
234,0.266348
235,0.081728
236,0.209849
237,0.725597
238,0.041537
239,0.972715
240,0.057409
241,0.043179
242,0.213732
243,0.155047
244,0.885466
245,0.140326
246,0.148294
247,0.006595
248,0.692549
249,0.996466
250,0.185375
251,0.049258
252,0.054563
253,0.105192
254,0.025854
255,0.200833
256,0.305253
257,0.802911
258,0.007200
259,0.020982
260,0.213784
261,0.041162
262,0.995068
263,0.906438
264,0.009823
265,0.113659
266,0.742643
267,0.199463
268,0.006962
269,0.003716
270,0.365465
271,0.398131
272,0.048926
273,0.026632
274,0.997014
275,0.998290
276,0.099827
277,0.010307
278,0.015115
279,0.031051
280,0.955816
281,0.936415
282,0.970510
283,0.007614
284,0.140386
285,0.107998
286,0.019088
287,0.009602
288,0.989885
289,0.327689
290,0.169745
291,0.952620
292,0.906949
293,0.979795
294,0.004295
295,0.102676
296,0.182588
297,0.070671
298,0.005771
299,0.991917
300,0.096397
301,0.898566
302,0.766571
303,0.081924
304,0.680054
305,0.769376
306,0.102405
307,0.060160
308,0.602583
309,0.597978
310,0.965375
311,0.046496
312,0.493928
313,0.006968
314,0.446368
315,0.036674
316,0.971525
317,0.102616
318,0.004890
319,0.603037
320,0.156434
321,0.041130
322,0.001824
323,0.018692
324,0.156362
325,0.822519
326,0.054346
327,0.814305
328,0.013564
329,0.008824
330,0.784215
331,0.028501
332,0.282868
333,0.088433
334,0.478633
335,0.113343
336,0.057890
337,0.978434
338,0.007573
339,0.014784
340,0.006459
341,0.981110
342,0.831067
343,0.104571
344,0.034714
345,0.953994
346,0.435697
347,0.096056
348,0.004078
349,0.440618
350,0.996229
351,0.024383
352,0.066243
353,0.049716
354,0.065773
355,0.068234
356,0.921461
357,0.036087
358,0.953277
359,0.229704
360,0.088442
361,0.608146
362,0.007456
363,0.098077
364,0.007660
365,0.740418
366,0.020254
367,0.453476
368,0.466983
369,0.866774
370,0.617101
371,0.915068
372,0.025584
373,0.137615
374,0.040614
375,0.839346
376,0.129170
377,0.033933
378,0.008531
379,0.016656
380,0.041907
381,0.146242
382,0.858892
383,0.058426
384,0.170609
385,0.178042
386,0.040521
387,0.510068
388,0.107008
389,0.038809
390,0.796941
391,0.036355
392,0.017237
393,0.727468
394,0.975424
395,0.730362
396,0.974347
397,0.301547
398,0.146951
399,0.003177
400,0.103671
401,0.004120
402,0.009354
403,0.171042
404,0.009813
405,0.037117
406,0.975021
407,0.567208
408,0.045426
409,0.177093
410,0.096863
411,0.865021
412,0.137841
413,0.486227
414,0.043603
415,0.012410
416,0.941195
417,0.212702
418,0.039092
419,0.974005
420,0.096100
421,0.004800
422,0.018206
423,0.862412
424,0.926210
425,0.013004
426,0.191721
427,0.007276
428,0.967872
429,0.989047
430,0.994469
431,0.133177
432,0.351985
433,0.023575
434,0.762349
435,0.018621
436,0.961975
437,0.057619
438,0.053174
439,0.987312
440,0.800222
441,0.111597
442,0.056636
443,0.010528
444,0.287781
445,0.040148
446,0.990334
447,0.219841
448,0.018862
449,0.337894
450,0.024569
451,0.728106
452,0.918015
453,0.340018
454,0.065891
455,0.834816
456,0.870800
457,0.033760
458,0.408826
459,0.477412
460,0.160952
461,0.665756
462,0.273575
463,0.928960
464,0.015217
465,0.973912
466,0.991643
467,0.008193
468,0.808322
469,0.954605
470,0.086357
471,0.325724
472,0.957837
473,0.019318
474,0.029151
475,0.007080
476,0.013841
477,0.106985
478,0.151376
479,0.627552
480,0.016904
481,0.982194
482,0.101223
483,0.973678
484,0.935587
485,0.028745
486,0.036049
487,0.087372
488,0.012902
489,0.007756
490,0.046349
491,0.016213
492,0.002955
493,0.054586
494,0.399956
495,0.130383
496,0.027283
497,0.700129
498,0.276515
499,0.080750
500,0.964706
501,0.083879
502,0.075799
503,0.273780
504,0.701120
505,0.160710
506,0.019340
507,0.981077
508,0.679233
509,0.062121
510,0.041600
511,0.661029
512,0.007699
513,0.966823
514,0.971045
515,0.929493
516,0.981813
517,0.446299
518,0.125631
519,0.107277
520,0.676506
521,0.155127
522,0.930796
523,0.662763
524,0.159828
525,0.934156
526,0.412616
527,0.007168
528,0.356770
529,0.979736
530,0.010545
531,0.004634
532,0.029139
533,0.015216
534,0.006489
535,0.065209
536,0.085476
537,0.816526
538,0.043613
539,0.914355
540,0.415720
541,0.052676
542,0.002896
543,0.439396
544,0.937455
545,0.018515
546,0.427389
547,0.004079
548,0.079491
549,0.035240
550,0.968497
551,0.635882
552,0.330169
553,0.014511
554,0.090475
555,0.961566
556,0.028029
557,0.089588
558,0.539151
559,0.012795
560,0.069291
561,0.315333
562,0.994848
563,0.551609
564,0.004062
565,0.870606
566,0.069952
567,0.007634
568,0.439039
569,0.283972
570,0.242157
571,0.188985
572,0.600969
573,0.068508
574,0.476923
575,0.087402
576,0.954771
577,0.010072
578,0.029217
579,0.172333
580,0.047328
581,0.110374
582,0.004112
583,0.006843
584,0.003059
585,0.435056
586,0.707645
587,0.496337
588,0.004937
589,0.119655
590,0.060970
591,0.007115
592,0.114524
593,0.030919
594,0.103139
595,0.227323
596,0.081825
597,0.054219
598,0.295699
599,0.942003
600,0.035716
601,0.021149
602,0.023649
603,0.064410
604,0.883739
605,0.062861
606,0.067814
607,0.010243
608,0.004733
609,0.005894
610,0.094000
611,0.093798
612,0.016579
613,0.009436
614,0.119951
615,0.399400
616,0.006688
617,0.073265
618,0.003389
619,0.047996
620,0.016489
621,0.005829
622,0.406129
623,0.016871
624,0.062559
625,0.274481
626,0.818998
627,0.976468
628,0.006505
629,0.926593
630,0.007285
631,0.033711
632,0.560860
633,0.968368
634,0.050799
635,0.341388
636,0.012004
637,0.008321
638,0.006661
639,0.951765
640,0.133950
641,0.785712
642,0.034386
643,0.031288
644,0.914694
645,0.004205
646,0.015983
647,0.075508
648,0.200671
649,0.341873
650,0.049556
651,0.963700
652,0.961583
653,0.027756
654,0.061247
655,0.004193
656,0.181315
657,0.951194
658,0.632099
659,0.106224
660,0.007966
661,0.536553
662,0.056121
663,0.125480
664,0.472674
665,0.026555
666,0.045427
667,0.962277
668,0.200597
669,0.630318
670,0.046025
671,0.291841
672,0.022835
673,0.056927
674,0.996768
675,0.043083
676,0.023962
677,0.561100
678,0.091770
679,0.708282
680,0.222588
681,0.065127
682,0.927500
683,0.134260
684,0.231453
685,0.143799
686,0.073630
687,0.050988
688,0.954571
689,0.076939
690,0.942084
691,0.061874
692,0.004203
693,0.872200
694,0.016443
695,0.847971
696,0.019933
697,0.144013
698,0.995460
699,0.026208
700,0.013928
701,0.141355
702,0.003016
703,0.003323
704,0.017059
705,0.020084
706,0.062267
707,0.340487
708,0.093389
709,0.018928
710,0.063454
711,0.075741
712,0.996762
713,0.087433
714,0.974808
715,0.158067
716,0.013147
717,0.205373
718,0.201709
719,0.014081
720,0.028654
721,0.121275
722,0.329881
723,0.658584
724,0.906135
725,0.680177
726,0.042904
727,0.972010
728,0.240704
729,0.190486
730,0.153012
731,0.011542
732,0.977262
733,0.928919
734,0.181462
735,0.087937
736,0.993696
737,0.016476
738,0.201172
739,0.568453
740,0.993050
741,0.705835
742,0.287018
743,0.216552
744,0.084367
745,0.028037
746,0.936529
747,0.888211
748,0.117987
749,0.579503
750,0.013346
751,0.139913
752,0.115971
753,0.223623
754,0.013085
755,0.013027
756,0.264434
757,0.080938
758,0.004441
759,0.022840
760,0.769629
761,0.056453
762,0.747087
763,0.023981
764,0.007783
765,0.967070
766,0.244547
767,0.773635
768,0.504084
769,0.693152
770,0.182068
771,0.023480
772,0.975647
773,0.006689
774,0.277857
775,0.996027
776,0.336143
777,0.017230
778,0.583351
779,0.355801
780,0.005797
781,0.017552
782,0.494864
783,0.059769
784,0.533937
785,0.962805
786,0.722265
787,0.005550
788,0.896589
789,0.017844
790,0.670818
791,0.049148
792,0.069464
793,0.060747
794,0.364574
795,0.158086
796,0.047258
797,0.004351
798,0.709784
799,0.173381
800,0.394771
801,0.791266
802,0.004368
803,0.008587
804,0.054840
805,0.100304
806,0.019025
807,0.023464
808,0.154104
809,0.308148
810,0.078827
811,0.091748
812,0.962773
813,0.337111
814,0.915126
815,0.024629
816,0.218418
817,0.931875
818,0.569572
819,0.011118
820,0.965908
821,0.996756
822,0.202260
823,0.030536
824,0.353253
825,0.003483
826,0.246229
827,0.062751
828,0.033447
829,0.973969
830,0.820422
831,0.038039
832,0.981476
833,0.413842
834,0.869350
835,0.004196
836,0.208473
837,0.218441
838,0.263737
839,0.992952
840,0.071770
841,0.018718
842,0.244239
843,0.008473
844,0.435669
845,0.996548
846,0.996950
847,0.014035
848,0.006720
849,0.696822
850,0.432077
851,0.834818
852,0.189904
853,0.031921
854,0.931883
855,0.011876
856,0.642323
857,0.966491
858,0.045038
859,0.973581
860,0.011823
861,0.743617
862,0.255450
863,0.883238
864,0.002967
865,0.519030
866,0.910389
867,0.032461
868,0.132492
869,0.724971
870,0.053494
871,0.996914
872,0.042644
873,0.029201
874,0.929330
875,0.751402
876,0.010959
877,0.144453
878,0.117283
879,0.931626
880,0.071396
881,0.040947
882,0.800227
883,0.231880
884,0.035757
885,0.966074
886,0.016952
887,0.957057
888,0.050540
889,0.005682
890,0.209391
891,0.436420
892,0.168411
893,0.079899
894,0.571525
895,0.303085
896,0.910198
897,0.107934
898,0.004731
899,0.589650
900,0.210952
901,0.007928
902,0.476003
903,0.837043
904,0.043060
905,0.975326
906,0.045916
907,0.010451
908,0.983786
909,0.021922
910,0.062701
911,0.073442
912,0.021259
913,0.118252
914,0.044316
915,0.062244
916,0.190747
917,0.472980
918,0.082731
919,0.397424
920,0.004256
921,0.020307
922,0.087500
923,0.998425
924,0.929701
925,0.865435
926,0.053058
927,0.098762
928,0.005442
929,0.548092
930,0.205101
931,0.036517
932,0.930475
933,0.010624
934,0.032500
935,0.039128
936,0.993772
937,0.046667
938,0.018492
939,0.549000
940,0.017765
941,0.989100
942,0.911660
943,0.995709
944,0.404608
945,0.249087
946,0.058812
947,0.768733
948,0.043756
949,0.042493
950,0.992150
951,0.260659
952,0.312346
953,0.058033
954,0.095077
955,0.493343
956,0.923054
957,0.347405
958,0.010144
959,0.496884
960,0.006812
961,0.961921
962,0.033014
963,0.438256
964,0.388385
965,0.060053
966,0.384345
967,0.004904
968,0.008116
969,0.002808
970,0.226383
971,0.128114
972,0.996454
973,0.135899
974,0.700283
975,0.013029
976,0.014823
977,0.833452
978,0.053377
979,0.995293
980,0.890769
981,0.970618
982,0.374161
983,0.062757
984,0.955246
985,0.026011
986,0.955910
987,0.157977
988,0.469358
989,0.813779
990,0.938368
991,0.090098
992,0.018773
993,0.081605
994,0.034661
995,0.995751
996,0.037515
997,0.022001
998,0.208514
999,0.837537
1000,0.912822
1001,0.987767
1002,0.008396
1003,0.015645
1004,0.591006
1005,0.864634
1006,0.995841
1007,0.350821
1008,0.043238
1009,0.289196
1010,0.045792
1011,0.265819
1012,0.058411
1013,0.269085
1014,0.333745
1015,0.033738
1016,0.013924
1017,0.625491
1018,0.732469
1019,0.004531
1020,0.053771
1021,0.970754
1022,0.757514
1023,0.784397
1024,0.009113
1025,0.010144
1026,0.014848
1027,0.095379
1028,0.029252
1029,0.201531
1030,0.004342
1031,0.112639
1032,0.335446
1033,0.007179
1034,0.630509
1035,0.030643
1036,0.322003
1037,0.965553
1038,0.034661
1039,0.931182
1040,0.328294
1041,0.048660
1042,0.055145
1043,0.628689
1044,0.003176
1045,0.079376
1046,0.006544
1047,0.109709
1048,0.778361
1049,0.736546
1050,0.005997
1051,0.047923
1052,0.082501
1053,0.956834
1054,0.512798
1055,0.100055
1056,0.304981
1057,0.241477
1058,0.006558
1059,0.941923
1060,0.280634
1061,0.054674
1062,0.007563
1063,0.158900
1064,0.927905
1065,0.059892
1066,0.011938
1067,0.196991
1068,0.195832
1069,0.981975
1070,0.449350
1071,0.510922
1072,0.021510
1073,0.936402
1074,0.007894
1075,0.009549
1076,0.004256
1077,0.028525
1078,0.028910
1079,0.954616
1080,0.007462
1081,0.057041
1082,0.902724
1083,0.084031
1084,0.849792
1085,0.465505
1086,0.731812
1087,0.311998
1088,0.005022
1089,0.907180
1090,0.055497
1091,0.961681
1092,0.040778
1093,0.089282
1094,0.998373
1095,0.819064
1096,0.040632
1097,0.683489
1098,0.021768
1099,0.370428
1100,0.155479
1101,0.028626
1102,0.112936
1103,0.122754
1104,0.072310
1105,0.189146
1106,0.164874
1107,0.083120
1108,0.013273
1109,0.327465
1110,0.774136
1111,0.012560
1112,0.044155
1113,0.531796
1114,0.496670
1115,0.294870
1116,0.074448
1117,0.697107
1118,0.115729
1119,0.008639
1120,0.039235
1121,0.057795
1122,0.026447
1123,0.519406
1124,0.030503
1125,0.209680
1126,0.932998
1127,0.343946
1128,0.008227
1129,0.049692
1130,0.006852
1131,0.040363
1132,0.009640
1133,0.003948
1134,0.995725
1135,0.010423
1136,0.026851
1137,0.003492
1138,0.928935
1139,0.090363
1140,0.432436
1141,0.978944
1142,0.007335
1143,0.093204
1144,0.804687
1145,0.927078
1146,0.997885
1147,0.080981
1148,0.003850
1149,0.442191
1150,0.960427
1151,0.002842
1152,0.162483
1153,0.994079
1154,0.167371
1155,0.018135
1156,0.238003
1157,0.272480
1158,0.571022
1159,0.840055
1160,0.018879
1161,0.019098
1162,0.274943
1163,0.009514
1164,0.163911
1165,0.046878
1166,0.378451
1167,0.935742
1168,0.946300
1169,0.664917
1170,0.008104
1171,0.023693
1172,0.900728
1173,0.049900
1174,0.027968
1175,0.227156
1176,0.060324
1177,0.008184
1178,0.030042
1179,0.007660
1180,0.937903
1181,0.080159
1182,0.024516
1183,0.076433
1184,0.648367
1185,0.032547
1186,0.815039
1187,0.013472
1188,0.006420
1189,0.149545
1190,0.063227
1191,0.083315
1192,0.975270
1193,0.085489
1194,0.053951
1195,0.015154
1196,0.459735
1197,0.860876
1198,0.088608
1199,0.954532
1200,0.446222
1201,0.213623
1202,0.158966
1203,0.042905
1204,0.474307
1205,0.036030
1206,0.824455
1207,0.016855
1208,0.176039
1209,0.045403
1210,0.968608
1211,0.681849
1212,0.011438
1213,0.017938
1214,0.024983
1215,0.035242
1216,0.015985
1217,0.489273
1218,0.032587
1219,0.021137
1220,0.921416
1221,0.069966
1222,0.425360
1223,0.051553
1224,0.273055
1225,0.749779
1226,0.155470
1227,0.922978
1228,0.098157
1229,0.775700
1230,0.010701
1231,0.932414
1232,0.905396
1233,0.017263
1234,0.038096
1235,0.760710
1236,0.435593
1237,0.206933
1238,0.076234
1239,0.402463
1240,0.696557
1241,0.031509
1242,0.022099
1243,0.298050
1244,0.360711
1245,0.027753
1246,0.002221
1247,0.039402
1248,0.099606
1249,0.993922
1250,0.324361
1251,0.017142
1252,0.894411
1253,0.965735
1254,0.996606
1255,0.777833
1256,0.068832
1257,0.939594
1258,0.005544
1259,0.997088
1260,0.484223
1261,0.078142
1262,0.003397
1263,0.005428
1264,0.100965
1265,0.980652
1266,0.017857
1267,0.964344
1268,0.162027
1269,0.039356
1270,0.438108
1271,0.032893
1272,0.090319
1273,0.117108
1274,0.927535
1275,0.359751
1276,0.063879
1277,0.509411
1278,0.304634
1279,0.012732
1280,0.942120
1281,0.014243
1282,0.894813
1283,0.023299
1284,0.143120
1285,0.372918
1286,0.064337
1287,0.517797
1288,0.209112
1289,0.003407
1290,0.377614
1291,0.099838
1292,0.144687
1293,0.057717
1294,0.187379
1295,0.504685
1296,0.680562
1297,0.054287
1298,0.029622
1299,0.012411
1300,0.410192
1301,0.016657
1302,0.087075
1303,0.945251
1304,0.055078
1305,0.995258
1306,0.227331
1307,0.006705
1308,0.005561
1309,0.977792
1310,0.079056
1311,0.057154
1312,0.481591
1313,0.005696
1314,0.892320
1315,0.029952
1316,0.054363
1317,0.616703
1318,0.263760
1319,0.264781
1320,0.319868
1321,0.888743
1322,0.027837
1323,0.054118
1324,0.037773
1325,0.016765
1326,0.953115
1327,0.917815
1328,0.014432
1329,0.418792
1330,0.945174
1331,0.204485
1332,0.016162
1333,0.019689
1334,0.845121
1335,0.376726
1336,0.009679
1337,0.016603
1338,0.018603
1339,0.074980
1340,0.427101
1341,0.882527
1342,0.937082
1343,0.076559
1344,0.273529
1345,0.048992
1346,0.996167
1347,0.835544
1348,0.055488
1349,0.007916
1350,0.160493
1351,0.077520
1352,0.153201
1353,0.027324
1354,0.090990
1355,0.974730
1356,0.055119
1357,0.387719
1358,0.167024
1359,0.061057
1360,0.950301
1361,0.159611
1362,0.887969
1363,0.866721
1364,0.020156
1365,0.961069
1366,0.080373
1367,0.941456
1368,0.879140
1369,0.410322
1370,0.363378
1371,0.116512
1372,0.019964
1373,0.199178
1374,0.016480
1375,0.896030
1376,0.063496
1377,0.997802
1378,0.043397
1379,0.012937
1380,0.853251
1381,0.799267
1382,0.003708
1383,0.978346
1384,0.011282
1385,0.414869
1386,0.798279
1387,0.909739
1388,0.802667
1389,0.995076
1390,0.006443
1391,0.989065
1392,0.326799
1393,0.731634
1394,0.004300
1395,0.592051
1396,0.065367
1397,0.035106
1398,0.020092
1399,0.985536
1400,0.035941
1401,0.012319
1402,0.005827
1403,0.465641
1404,0.016297
1405,0.102427
1406,0.049501
1407,0.218504
1408,0.014312
1409,0.002937
1410,0.011512
1411,0.072406
1412,0.528566
1413,0.948246
1414,0.021895
1415,0.162709
1416,0.958487
1417,0.048159
1418,0.235035
1419,0.473117
1420,0.280557
1421,0.965852
1422,0.041686
1423,0.005433
1424,0.004109
1425,0.033802
1426,0.011116
1427,0.015200
1428,0.026357
1429,0.023510
1430,0.101319
1431,0.628044
1432,0.081462
1433,0.847233
1434,0.795822
1435,0.029434
1436,0.003856
1437,0.939357
1438,0.012183
1439,0.971619
1440,0.011680
1441,0.026015
1442,0.453806
1443,0.009856
1444,0.124325
1445,0.797347
1446,0.848459
1447,0.087531
1448,0.103285
1449,0.859451
1450,0.210846
1451,0.003367
1452,0.335076
1453,0.960862
1454,0.979371
1455,0.078406
1456,0.049141
1457,0.049646
1458,0.948792
1459,0.954483
1460,0.022815
1461,0.052422
1462,0.039925
1463,0.918564
1464,0.159308
1465,0.013093
1466,0.769742
1467,0.328719
1468,0.947778
1469,0.975708
1470,0.973982
1471,0.334766
1472,0.258900
1473,0.893690
1474,0.312592
1475,0.200492
1476,0.969320
1477,0.753335
1478,0.131899
1479,0.034061
1480,0.315432
1481,0.015870
1482,0.989633
1483,0.021260
1484,0.030772
1485,0.046891
1486,0.172211
1487,0.185795
1488,0.078088
1489,0.032235
1490,0.875784
1491,0.006644
1492,0.974000
1493,0.994606
1494,0.993105
1495,0.115432
1496,0.577685
1497,0.026459
1498,0.778179
1499,0.803132
1500,0.067181
1501,0.046921
1502,0.098196
1503,0.065471
1504,0.079127
1505,0.192135
1506,0.176191
1507,0.881909
1508,0.080431
1509,0.008628
1510,0.143958
1511,0.480300
1512,0.058147
1513,0.392530
1514,0.763248
1515,0.025771
1516,0.127443
1517,0.002820
1518,0.221082
1519,0.089041
1520,0.014236
1521,0.009966
1522,0.088339
1523,0.027002
1524,0.904002
1525,0.012049
1526,0.004352
1527,0.674164
1528,0.055361
1529,0.800821
1530,0.049737
1531,0.229655
1532,0.945346
1533,0.152526
1534,0.088920
1535,0.008128
1536,0.052313
1537,0.576300
1538,0.219600
1539,0.473480
1540,0.930706
1541,0.761208
1542,0.043932
1543,0.004231
1544,0.053957
1545,0.057822
1546,0.713504
1547,0.647381
1548,0.047758
1549,0.865365
1550,0.696790
1551,0.143075
1552,0.002983
1553,0.886994
1554,0.009538
1555,0.004558
1556,0.005931
1557,0.120972
1558,0.015048
1559,0.170093
1560,0.027852
1561,0.066161
1562,0.317637
1563,0.345488
1564,0.125155
1565,0.037533
1566,0.006155
1567,0.104656
1568,0.663511
1569,0.299248
1570,0.096497
1571,0.569962
1572,0.347203
1573,0.380295
1574,0.360340
1575,0.048044
1576,0.847746
1577,0.168499
1578,0.004334
1579,0.613109
1580,0.975332
1581,0.951157
1582,0.074525
1583,0.022942
1584,0.077221
1585,0.963516
1586,0.029955
1587,0.009478
1588,0.931901
1589,0.906958
1590,0.044501
1591,0.018621
1592,0.032490
1593,0.089069
1594,0.009369
1595,0.396446
1596,0.083754
1597,0.934831
1598,0.420313
1599,0.102936
1600,0.074457
1601,0.189579
1602,0.236737
1603,0.831852
1604,0.823244
1605,0.965002
1606,0.012400
1607,0.023955
1608,0.043691
1609,0.770892
1610,0.889490
1611,0.786816
1612,0.097640
1613,0.049260
1614,0.063362
1615,0.940347
1616,0.156236
1617,0.005147
1618,0.019779
1619,0.060660
1620,0.053594
1621,0.844446
1622,0.079640
1623,0.080680
1624,0.955363
1625,0.005813
1626,0.024214
1627,0.208162
1628,0.981618
1629,0.020454
1630,0.057892
1631,0.019358
1632,0.056081
1633,0.796818
1634,0.452470
1635,0.018063
1636,0.121896
1637,0.198035
1638,0.995437
1639,0.084614
1640,0.144672
1641,0.102791
1642,0.045150
1643,0.043184
1644,0.067000
1645,0.011580
1646,0.104899
1647,0.222151
1648,0.009959
1649,0.008227
1650,0.130552
1651,0.179025
1652,0.118089
1653,0.039174
1654,0.216335
1655,0.076447
1656,0.547002
1657,0.190568
1658,0.201881
1659,0.201729
1660,0.006614
1661,0.637031
1662,0.118999
1663,0.231025
1664,0.005146
1665,0.561151
1666,0.401904
1667,0.910742
1668,0.036583
1669,0.010339
1670,0.010534
1671,0.057735
1672,0.168803
1673,0.002987
1674,0.973915
1675,0.015734
1676,0.004420
1677,0.556514
1678,0.094743
1679,0.021511
1680,0.168928
1681,0.157356
1682,0.004039
1683,0.044247
1684,0.005978
1685,0.087605
1686,0.060271
1687,0.116363
1688,0.047459
1689,0.994455
1690,0.265903
1691,0.937211
1692,0.981346
1693,0.975932
1694,0.630808
1695,0.917481
1696,0.931191
1697,0.031806
1698,0.251710
1699,0.511939
1700,0.272136
1701,0.009336
1702,0.032700
1703,0.998069
1704,0.009517
1705,0.548695
1706,0.052602
1707,0.212861
1708,0.019760
1709,0.954044
1710,0.004757
1711,0.076944
1712,0.050035
1713,0.228570
1714,0.199211
1715,0.006154
1716,0.009199
1717,0.395343
1718,0.110432
1719,0.164916
1720,0.004905
1721,0.052993
1722,0.081760
1723,0.875781
1724,0.003599
1725,0.086192
1726,0.021538
1727,0.322815
1728,0.251503
1729,0.008881
1730,0.985464
1731,0.674817
1732,0.006688
1733,0.974424
1734,0.939478
1735,0.102322
1736,0.078125
1737,0.997900
1738,0.272983
1739,0.736916
1740,0.017874
1741,0.965670
1742,0.016851
1743,0.044317
1744,0.010519
1745,0.137205
1746,0.092528
1747,0.004067
1748,0.020528
1749,0.988259
1750,0.045331
1751,0.002320
1752,0.790590
1753,0.263487
1754,0.271204
1755,0.880493
1756,0.748938
1757,0.014458
1758,0.126790
1759,0.016622
1760,0.601465
1761,0.014734
1762,0.919060
1763,0.185833
1764,0.067790
1765,0.144184
1766,0.016908
1767,0.893248
1768,0.982948
1769,0.004421
1770,0.064376
1771,0.754786
1772,0.888456
1773,0.997102
1774,0.682819
1775,0.912904
1776,0.720329
1777,0.003827
1778,0.095946
1779,0.467745
1780,0.006382
1781,0.980094
1782,0.016969
1783,0.820513
1784,0.246030
1785,0.007164
1786,0.529697
1787,0.734207
1788,0.019817
1789,0.016483
1790,0.046738
1791,0.014089
1792,0.169095
1793,0.123590
1794,0.007100
1795,0.044625
1796,0.139704
1797,0.318427
1798,0.079828
1799,0.036426
1800,0.041809
1801,0.035834
1802,0.125600
1803,0.599560
1804,0.004457
1805,0.081494
1806,0.651573
1807,0.010507
1808,0.138714
1809,0.375844
1810,0.017643
1811,0.033499
1812,0.125152
1813,0.071446
1814,0.310063
1815,0.058141
1816,0.088341
1817,0.290305
1818,0.043781
1819,0.109536
1820,0.981939
1821,0.007242
1822,0.243325
1823,0.123005
1824,0.035600
1825,0.983198
1826,0.043871
1827,0.965593
1828,0.005437
1829,0.120068
1830,0.203894
1831,0.070628
1832,0.045997
1833,0.977762
1834,0.121302
1835,0.010250
1836,0.040579
1837,0.044292
1838,0.027752
1839,0.032483
1840,0.074065
1841,0.970373
1842,0.084746
1843,0.234684
1844,0.009810
1845,0.968927
1846,0.057350
1847,0.010407
1848,0.865167
1849,0.313075
1850,0.160980
1851,0.051794
1852,0.096232
1853,0.080411
1854,0.092525
1855,0.012969
1856,0.876743
1857,0.016739
1858,0.060458
1859,0.134297
1860,0.106421
1861,0.006378
1862,0.170986
1863,0.005311
1864,0.735920
1865,0.007316
1866,0.054286
1867,0.069553
1868,0.643454
1869,0.976678
1870,0.024816
1871,0.292668
1872,0.103985
1873,0.008366
1874,0.559630
1875,0.219309
1876,0.072681
1877,0.006377
1878,0.003599
1879,0.086672
1880,0.094536
1881,0.074037
1882,0.007591
1883,0.994188
1884,0.957145
1885,0.007372
1886,0.417611
1887,0.466097
1888,0.107890
1889,0.004954
1890,0.009809
1891,0.481452
1892,0.738004
1893,0.917592
1894,0.082652
1895,0.009032
1896,0.736745
1897,0.003366
1898,0.831911
1899,0.040037
1900,0.071846
1901,0.150844
1902,0.069724
1903,0.029715
1904,0.051088
1905,0.051248
1906,0.997949
1907,0.064713
1908,0.004793
1909,0.249037
1910,0.951740
1911,0.029195
1912,0.059140
1913,0.760440
1914,0.102692
1915,0.967318
1916,0.160792
1917,0.976703
1918,0.602825
1919,0.317570
1920,0.174921
1921,0.934390
1922,0.330115
1923,0.005500
1924,0.979922
1925,0.168102
1926,0.918868
1927,0.959518
1928,0.521881
1929,0.347476
1930,0.901943
1931,0.017801
1932,0.023055
1933,0.377451
1934,0.216848
1935,0.994659
1936,0.154410
1937,0.024167
1938,0.059027
1939,0.047668
1940,0.614772
1941,0.012157
1942,0.914224
1943,0.310899
1944,0.009450
1945,0.003842
1946,0.366740
1947,0.086233
1948,0.336266
1949,0.025806
1950,0.529950
1951,0.850727
1952,0.917359
1953,0.247577
1954,0.041639
1955,0.024619
1956,0.042766
1957,0.796628
1958,0.274371
1959,0.106533
1960,0.046746
1961,0.241769
1962,0.222501
1963,0.167067
1964,0.183471
1965,0.112041
1966,0.970833
1967,0.013132
1968,0.022060
1969,0.223105
1970,0.114809
1971,0.968645
1972,0.766468
1973,0.027375
1974,0.907053
1975,0.707639
1976,0.016009
1977,0.995521
1978,0.064632
1979,0.996430
1980,0.946949
1981,0.529109
1982,0.189285
1983,0.065916
1984,0.379736
1985,0.069387
1986,0.144592
1987,0.472446
1988,0.004069
1989,0.044055
1990,0.290277
1991,0.922713
1992,0.106232
1993,0.008030
1994,0.926569
1995,0.446094
1996,0.468226
1997,0.489455
1998,0.543292
1999,0.900841
2000,0.149775
2001,0.041070
2002,0.051132
2003,0.966920
2004,0.048816
2005,0.050129
2006,0.893601
2007,0.070524
2008,0.281001
2009,0.052677
2010,0.945475
2011,0.919814
2012,0.555021
2013,0.903092
2014,0.990682
2015,0.013131
2016,0.929444
2017,0.765723
2018,0.005084
2019,0.073566
2020,0.006472
2021,0.836538
2022,0.253609
2023,0.265478
2024,0.973048
2025,0.848237
2026,0.626900
2027,0.007529
2028,0.131060
2029,0.003288
2030,0.983942
2031,0.242441
2032,0.982078
2033,0.251818
2034,0.958459
2035,0.984500
2036,0.051320
2037,0.012403
2038,0.031925
2039,0.959501
2040,0.007218
2041,0.716205
2042,0.143239
2043,0.956182
2044,0.800518
2045,0.004022
2046,0.008646
2047,0.173241
2048,0.107824
2049,0.922109
2050,0.933605
2051,0.702495
2052,0.014354
2053,0.304543
2054,0.687767
2055,0.004285
2056,0.019112
2057,0.831399
2058,0.011684
2059,0.008613
2060,0.021771
2061,0.230267
2062,0.169906
2063,0.117597
2064,0.765401
2065,0.868388
2066,0.175106
2067,0.969243
2068,0.785708
2069,0.377396
2070,0.161670
2071,0.337018
2072,0.227432
2073,0.008354
2074,0.114874
2075,0.460023
2076,0.004876
2077,0.133463
2078,0.007899
2079,0.048150
2080,0.013792
2081,0.587245
2082,0.256296
2083,0.043826
2084,0.633575
2085,0.090357
2086,0.014274
2087,0.032142
2088,0.963765
2089,0.052988
2090,0.776879
2091,0.115050
2092,0.029785
2093,0.029332
2094,0.542264
2095,0.996543
2096,0.234023
2097,0.006432
2098,0.674018
2099,0.510061
2100,0.979458
2101,0.020888
2102,0.740973
2103,0.213302
2104,0.061531
2105,0.006207
2106,0.078160
2107,0.859503
2108,0.052001
2109,0.013507
2110,0.019945
2111,0.620868
2112,0.080684
2113,0.464715
2114,0.184022
2115,0.081736
2116,0.881388
2117,0.873393
2118,0.018584
2119,0.949867
2120,0.133932
2121,0.032388
2122,0.216920
2123,0.881395
2124,0.042441
2125,0.781482
2126,0.031118
2127,0.068764
2128,0.074150
2129,0.129122
2130,0.034787
2131,0.111705
2132,0.968023
2133,0.043657
2134,0.032649
2135,0.198021
2136,0.005472
2137,0.994253
2138,0.007756
2139,0.064914
2140,0.009520
2141,0.197198
2142,0.195454
2143,0.800154
2144,0.836208
2145,0.987799
2146,0.244669
2147,0.993991
2148,0.015734
2149,0.974457
2150,0.497820
2151,0.884241
2152,0.698660
2153,0.145811
2154,0.072619
2155,0.256190
2156,0.971686
2157,0.020531
2158,0.692043
2159,0.875289
2160,0.863637
2161,0.010166
2162,0.050369
2163,0.021396
2164,0.095181
2165,0.126418
2166,0.217008
2167,0.459914
2168,0.096236
2169,0.064747
2170,0.957014
2171,0.012430
2172,0.618776
2173,0.952330
2174,0.184645
2175,0.011308
2176,0.073340
2177,0.028628
2178,0.036813
2179,0.051990
2180,0.848148
2181,0.016961
2182,0.006845
2183,0.317064
2184,0.081761
2185,0.125954
2186,0.369791
2187,0.031518
2188,0.049325
2189,0.431411
2190,0.002104
2191,0.973609
2192,0.948220
2193,0.049311
2194,0.042228
2195,0.060208
2196,0.071633
2197,0.927107
2198,0.960414
2199,0.068282
2200,0.022168
2201,0.195163
2202,0.005627
2203,0.936621
2204,0.922074
2205,0.535126
2206,0.181746
2207,0.182249
2208,0.926234
2209,0.200890
2210,0.115521
2211,0.059220
2212,0.367059
2213,0.008814
2214,0.009122
2215,0.015162
2216,0.481227
2217,0.201910
2218,0.031796
2219,0.009032
2220,0.015910
2221,0.037258
2222,0.004328
2223,0.957073
2224,0.260022
2225,0.017464
2226,0.209400
2227,0.664690
2228,0.192583
2229,0.003906
2230,0.773265
2231,0.057323
2232,0.333192
2233,0.004166
2234,0.988112
2235,0.076968
2236,0.203271
2237,0.034793
2238,0.183572
2239,0.884025
2240,0.400253
2241,0.013203
2242,0.005374
2243,0.240915
2244,0.002782
2245,0.013258
2246,0.034491
2247,0.016821
2248,0.035774
2249,0.590551
2250,0.079764
2251,0.499808
2252,0.591216
2253,0.968340
2254,0.011924
2255,0.026612
2256,0.166256
2257,0.007722
2258,0.011162
2259,0.010311
2260,0.470566
2261,0.378607
2262,0.718500
2263,0.382194
2264,0.057318
2265,0.004464
2266,0.404349
2267,0.910782
2268,0.145194
2269,0.426004
2270,0.087596
2271,0.167300
2272,0.144856
2273,0.996469
2274,0.928732
2275,0.003047
2276,0.028476
2277,0.964886
2278,0.664021
2279,0.040203
2280,0.073699
2281,0.339898
2282,0.090230
2283,0.150741
2284,0.589618
2285,0.060784
2286,0.979267
2287,0.063731
2288,0.007235
2289,0.009540
2290,0.004254
2291,0.927840
2292,0.232940
2293,0.022513
2294,0.083141
2295,0.952677
2296,0.893138
2297,0.324543
2298,0.018084
2299,0.069801
2300,0.066053
2301,0.042276
2302,0.202219
2303,0.179681
2304,0.888386
2305,0.020965
2306,0.059519
2307,0.202137
2308,0.171822
2309,0.004357
2310,0.011079
2311,0.010565
2312,0.006203
2313,0.006839
2314,0.963833
2315,0.060598
2316,0.092879
2317,0.802290
2318,0.203733
2319,0.003565
2320,0.115229
2321,0.998610
2322,0.383189
2323,0.143812
2324,0.863879
2325,0.094725
2326,0.517023
2327,0.006969
2328,0.977743
2329,0.106506
2330,0.106011
2331,0.004282
2332,0.113549
2333,0.984575
2334,0.003725
2335,0.126322
2336,0.044093
2337,0.979065
2338,0.047327
2339,0.976327
2340,0.045312
2341,0.008562
2342,0.224079
2343,0.979468
2344,0.157953
2345,0.009658
2346,0.047750
2347,0.373544
2348,0.002323
2349,0.434148
2350,0.064704
2351,0.904197
2352,0.516595
2353,0.971545
2354,0.016089
2355,0.133227
2356,0.223936
2357,0.949328
2358,0.011880
2359,0.015314
2360,0.222802
2361,0.178059
2362,0.006413
2363,0.059098
2364,0.032605
2365,0.597587
2366,0.541540
2367,0.113573
2368,0.033800
2369,0.006782
2370,0.109655
2371,0.990130
2372,0.354521
2373,0.018118
2374,0.005261
2375,0.896420
2376,0.026286
2377,0.222724
2378,0.946254
2379,0.027014
2380,0.011516
2381,0.021275
2382,0.822568
2383,0.455773
2384,0.987871
2385,0.269664
2386,0.050073
2387,0.120304
2388,0.981851
2389,0.005409
2390,0.173419
2391,0.252525
2392,0.039252
2393,0.076945
2394,0.962315
2395,0.100670
2396,0.039088
2397,0.460192
2398,0.042630
2399,0.277472
2400,0.017638
2401,0.035650
2402,0.096590
2403,0.154162
2404,0.965938
2405,0.062864
2406,0.082418
2407,0.654186
2408,0.382780
2409,0.076937
2410,0.076529
2411,0.040418
2412,0.003362
2413,0.943376
2414,0.015981
2415,0.979779
2416,0.591802
2417,0.815352
2418,0.076389
2419,0.035429
2420,0.955999
2421,0.240807
2422,0.008031
2423,0.018596
2424,0.042675
2425,0.674784
2426,0.828020
2427,0.997052
2428,0.006962
2429,0.940852
2430,0.494367
2431,0.508507
2432,0.957365
2433,0.079618
2434,0.144146
2435,0.195426
2436,0.343794
2437,0.915759
2438,0.193437
2439,0.240644
2440,0.310926
2441,0.993434
2442,0.153285
2443,0.082777
2444,0.800452
2445,0.245244
2446,0.382023
2447,0.050770
2448,0.013526
2449,0.853470
2450,0.370564
2451,0.024510
2452,0.540040
2453,0.507844
2454,0.038581
2455,0.253723
2456,0.006916
2457,0.970863
2458,0.384353
2459,0.818255
2460,0.069047
2461,0.032620
2462,0.018313
2463,0.925676
2464,0.006655
2465,0.084203
2466,0.038236
2467,0.015305
2468,0.914124
2469,0.598731
2470,0.997070
2471,0.012995
2472,0.166571
2473,0.026694
2474,0.004932
2475,0.002826
2476,0.688748
2477,0.055918
2478,0.011406
2479,0.257296
2480,0.960355
2481,0.047757
2482,0.295446
2483,0.587533
2484,0.012891
2485,0.676063
2486,0.061089
2487,0.957366
2488,0.619334
2489,0.036490
2490,0.247909
2491,0.004341
2492,0.223049
2493,0.194917
2494,0.015994
2495,0.690868
2496,0.059084
2497,0.087855
2498,0.117713
2499,0.997951
2500,0.016855
2501,0.042784
2502,0.069746
2503,0.248845
2504,0.996667
2505,0.073762
2506,0.051731
2507,0.512090
2508,0.098145
2509,0.035391
2510,0.053101
2511,0.119000
2512,0.054922
2513,0.115575
2514,0.076829
2515,0.084673
2516,0.039938
2517,0.690647
2518,0.260589
2519,0.193727
2520,0.043186
2521,0.184055
2522,0.203177
2523,0.083150
2524,0.024906
2525,0.043715
2526,0.112143
2527,0.653478
2528,0.252533
2529,0.204010
2530,0.758173
2531,0.027470
2532,0.887851
2533,0.197987
2534,0.027133
2535,0.967384
2536,0.078084
2537,0.009192
2538,0.037418
2539,0.477186
2540,0.041517
2541,0.261701
2542,0.118796
2543,0.218717
2544,0.977681
2545,0.005025
2546,0.160366
2547,0.014317
2548,0.307328
2549,0.002996
2550,0.766394
2551,0.317365
2552,0.030017
2553,0.011819
2554,0.004340
2555,0.784588
2556,0.952024
2557,0.299466
2558,0.033442
2559,0.218498
2560,0.148984
2561,0.014618
2562,0.629427
2563,0.153338
2564,0.881629
2565,0.872854
2566,0.094441
2567,0.974203
2568,0.182685
2569,0.006442
2570,0.036149
2571,0.526729
2572,0.049488
2573,0.046705
2574,0.011883
2575,0.863319
2576,0.998282
2577,0.112388
2578,0.028149
2579,0.292790
2580,0.065963
2581,0.943355
2582,0.040195
2583,0.088087
2584,0.133895
2585,0.089350
2586,0.005209
2587,0.226790
2588,0.736362
2589,0.007689
2590,0.003610
2591,0.042663
2592,0.175052
2593,0.199440
2594,0.112997
2595,0.046089
2596,0.075677
2597,0.931078
2598,0.937297
2599,0.091581
2600,0.172250
2601,0.040610
2602,0.070463
2603,0.888226
2604,0.884397
2605,0.032577
2606,0.100408
2607,0.289699
2608,0.993968
2609,0.033828
2610,0.960700
2611,0.783853
2612,0.012997
2613,0.395979
2614,0.005128
2615,0.012046
2616,0.008246
2617,0.020961
2618,0.007342
2619,0.980144
2620,0.022493
2621,0.985698
2622,0.196689
2623,0.034838
2624,0.090482
2625,0.058424
2626,0.803509
2627,0.003159
2628,0.245803
2629,0.954380
2630,0.314537
2631,0.759874
2632,0.965937
2633,0.153198
2634,0.956715
2635,0.689617
2636,0.996757
2637,0.183125
2638,0.013940
2639,0.039074
2640,0.014503
2641,0.034036
2642,0.398476
2643,0.994755
2644,0.915467
2645,0.003858
2646,0.002559
2647,0.432334
2648,0.010729
2649,0.889615
2650,0.155330
2651,0.029513
2652,0.543897
2653,0.665677
2654,0.012504
2655,0.041711
2656,0.134918
2657,0.801603
2658,0.553324
2659,0.312361
2660,0.984517
2661,0.011495
2662,0.004183
2663,0.011521
2664,0.020644
2665,0.960707
2666,0.971358
2667,0.126819
2668,0.405892
2669,0.371514
2670,0.634555
2671,0.252378
2672,0.027913
2673,0.042208
2674,0.035879
2675,0.079775
2676,0.964061
2677,0.998070
2678,0.125074
2679,0.051771
2680,0.961324
2681,0.012858
2682,0.005978
2683,0.637382
2684,0.003532
2685,0.301608
2686,0.929347
2687,0.012438
2688,0.785199
2689,0.102108
2690,0.013902
2691,0.046749
2692,0.004142
2693,0.230835
2694,0.109646
2695,0.086235
2696,0.093391
2697,0.991919
2698,0.453580
2699,0.068250
2700,0.220890
2701,0.881237
2702,0.927937
2703,0.969366
2704,0.870594
2705,0.173137
2706,0.033766
2707,0.997377
2708,0.005704
2709,0.910478
2710,0.350440
2711,0.014654
2712,0.070928
2713,0.022225
2714,0.916829
2715,0.095059
2716,0.002602
2717,0.924724
2718,0.170552
2719,0.110037
2720,0.294952
2721,0.056128
2722,0.955701
2723,0.016759
2724,0.117995
2725,0.008191
2726,0.839747
2727,0.956137
2728,0.014672
2729,0.478695
2730,0.412344
2731,0.013291
2732,0.332753
2733,0.009736
2734,0.014072
2735,0.016056
2736,0.225460
2737,0.023638
2738,0.794604
2739,0.119875
2740,0.850978
2741,0.997056
2742,0.997004
2743,0.114443
2744,0.219406
2745,0.820610
2746,0.953566
2747,0.536034
2748,0.075678
2749,0.096979
2750,0.012816
2751,0.068767
2752,0.125371
2753,0.063406
2754,0.093910
2755,0.691720
2756,0.221531
2757,0.030432
2758,0.080233
2759,0.053581
2760,0.214851
2761,0.744784
2762,0.955733
2763,0.475906
2764,0.032537
2765,0.075228
2766,0.071142
2767,0.604996
2768,0.004968
2769,0.989057
2770,0.009019
2771,0.109271
2772,0.150865
2773,0.947930
2774,0.118083
2775,0.207406
2776,0.521979
2777,0.062454
2778,0.120468
2779,0.027812
2780,0.343271
2781,0.936364
2782,0.006967
2783,0.003647
2784,0.084302
2785,0.012232
2786,0.004794
2787,0.003321
2788,0.046667
2789,0.046041
2790,0.010584
2791,0.027316
2792,0.835633
2793,0.918564
2794,0.542371
2795,0.203622
2796,0.008966
2797,0.020168
2798,0.666734
2799,0.857022
2800,0.060869
2801,0.882442
2802,0.017842
2803,0.946822
2804,0.052867
2805,0.064858
2806,0.012527
2807,0.038496
2808,0.036161
2809,0.126544
2810,0.012729
2811,0.003475
2812,0.973433
2813,0.014611
2814,0.005574
2815,0.703066
2816,0.054251
2817,0.040905
2818,0.488742
2819,0.963665
2820,0.972895
2821,0.057449
2822,0.065172
2823,0.383754
2824,0.271229
2825,0.056297
2826,0.969792
2827,0.024369
2828,0.035492
2829,0.830462
2830,0.013273
2831,0.023499
2832,0.118210
2833,0.699109
2834,0.939341
2835,0.014926
2836,0.035010
2837,0.083689
2838,0.042200
2839,0.061811
2840,0.038719
2841,0.978769
2842,0.984942
2843,0.942601
2844,0.030982
2845,0.012443
2846,0.287210
2847,0.011631
2848,0.037027
2849,0.068423
2850,0.072134
2851,0.905020
2852,0.014532
2853,0.860232
2854,0.004577
2855,0.559115
2856,0.005073
2857,0.169482
2858,0.018851
2859,0.096267
2860,0.009801
2861,0.204631
2862,0.491299
2863,0.020091
2864,0.518660
2865,0.915843
2866,0.004850
2867,0.076204
2868,0.003932
2869,0.141911
2870,0.013902
2871,0.022994
2872,0.350058
2873,0.078081
2874,0.057246
2875,0.036397
2876,0.012078
2877,0.067625
2878,0.238900
2879,0.101430
2880,0.964420
2881,0.410978
2882,0.263441
2883,0.013293
2884,0.797732
2885,0.917137
2886,0.996318
2887,0.872002
2888,0.070532
2889,0.089329
2890,0.415483
2891,0.950482
2892,0.006579
2893,0.495046
2894,0.220687
2895,0.922514
2896,0.033180
2897,0.007763
2898,0.593849
2899,0.047379
2900,0.070566
2901,0.059817
2902,0.139618
2903,0.002739
2904,0.016978
2905,0.571732
2906,0.113200
2907,0.005688
2908,0.076417
2909,0.039870
2910,0.620678
2911,0.074272
2912,0.543651
2913,0.027504
2914,0.974118
2915,0.140625
2916,0.088783
2917,0.098764
2918,0.516475
2919,0.094512
2920,0.027869
2921,0.164901
2922,0.084102
2923,0.013477
2924,0.619688
2925,0.896128
2926,0.542976
2927,0.102582
2928,0.748300
2929,0.951085
2930,0.091069
2931,0.995106
2932,0.973094
2933,0.093182
2934,0.010604
2935,0.189900
2936,0.007883
2937,0.033034
2938,0.693511
2939,0.950189
2940,0.514105
2941,0.005109
2942,0.847111
2943,0.017131
2944,0.436327
2945,0.065534
2946,0.135168
2947,0.018636
2948,0.054033
2949,0.027898
2950,0.015542
2951,0.013023
2952,0.470072
2953,0.970961
2954,0.108234
2955,0.047223
2956,0.985295
2957,0.483421
2958,0.062403
2959,0.129832
2960,0.026025
2961,0.006919
2962,0.659515
2963,0.172076
2964,0.766561
2965,0.882694
2966,0.040301
2967,0.277227
2968,0.008883
2969,0.269917
2970,0.025665
2971,0.100888
2972,0.008654
2973,0.274872
2974,0.875034
2975,0.247742
2976,0.086076
2977,0.950016
2978,0.006765
2979,0.063753
2980,0.004545
2981,0.030337
2982,0.784516
2983,0.831414
2984,0.043970
2985,0.154924
2986,0.015640
2987,0.063079
2988,0.037032
2989,0.071473
2990,0.026315
2991,0.879052
2992,0.921920
2993,0.285446
2994,0.211413
2995,0.046670
2996,0.047085
2997,0.252652
2998,0.145439
2999,0.766452
3000,0.111386
3001,0.003290
3002,0.960899
3003,0.001917
3004,0.412910
3005,0.794522
3006,0.090968
3007,0.140951
3008,0.305347
3009,0.149777
3010,0.010690
3011,0.019442
3012,0.951509
3013,0.216000
3014,0.003144
3015,0.003260
3016,0.008714
3017,0.790317
3018,0.018334
3019,0.471731
3020,0.055007
3021,0.323535
3022,0.992356
3023,0.005088
3024,0.058547
3025,0.171273
3026,0.922442
3027,0.156907
3028,0.171255
3029,0.170587
3030,0.009925
3031,0.010275
3032,0.059593
3033,0.724699
3034,0.209395
3035,0.558714
3036,0.434044
3037,0.149928
3038,0.297965
3039,0.014183
3040,0.040234
3041,0.064219
3042,0.882513
3043,0.019536
3044,0.128445
3045,0.693644
3046,0.043202
3047,0.016851
3048,0.975729
3049,0.706459
3050,0.994546
3051,0.950970
3052,0.008660
3053,0.944209
3054,0.092669
3055,0.043628
3056,0.750720
3057,0.009022
3058,0.992127
3059,0.003099
3060,0.874759
3061,0.996774
3062,0.118165
3063,0.446018
3064,0.048081
3065,0.004829
3066,0.613424
3067,0.141427
3068,0.383121
3069,0.048258
3070,0.007983
3071,0.003697
3072,0.026481
3073,0.303720
3074,0.404269
3075,0.111645
3076,0.002975
3077,0.973579
3078,0.980270
3079,0.072447
3080,0.012251
3081,0.140789
3082,0.842862
3083,0.017561
3084,0.688169
3085,0.586014
3086,0.032198
3087,0.008934
3088,0.058015
3089,0.075582
3090,0.023833
3091,0.072626
3092,0.005437
3093,0.808195
3094,0.009758
3095,0.150040
3096,0.057935
3097,0.022326
3098,0.997523
3099,0.012500
3100,0.011213
3101,0.006787
3102,0.010650
3103,0.014905
3104,0.209532
3105,0.410629
3106,0.071443
3107,0.979313
3108,0.017169
3109,0.009234
3110,0.006141
3111,0.045583
3112,0.002823
3113,0.025268
3114,0.013365
3115,0.729771
3116,0.062225
3117,0.003866
3118,0.262028
3119,0.631686
3120,0.002354
3121,0.009404
3122,0.014474
3123,0.979626
3124,0.023130
3125,0.349075
3126,0.013428
3127,0.946960
3128,0.009466
3129,0.053185
3130,0.769892
3131,0.849889
3132,0.013567
3133,0.056911
3134,0.015508
3135,0.010785
3136,0.095635
3137,0.029328
3138,0.019827
3139,0.967723
3140,0.128956
3141,0.007812
3142,0.935963
3143,0.679976
3144,0.973929
3145,0.041860
3146,0.055426
3147,0.090098
3148,0.309323
3149,0.961878
3150,0.001575
3151,0.232793
3152,0.006459
3153,0.015476
3154,0.034270
3155,0.015547
3156,0.029623
3157,0.192944
3158,0.004735
3159,0.023352
3160,0.751573
3161,0.042748
3162,0.986220
3163,0.023947
3164,0.203224
3165,0.032547
3166,0.094450
3167,0.031964
3168,0.023564
3169,0.962706
3170,0.039429
3171,0.246610
3172,0.067520
3173,0.020604
3174,0.989051
3175,0.815212
3176,0.003268
3177,0.341009
3178,0.182909
3179,0.003130
3180,0.076031
3181,0.035781
3182,0.210896
3183,0.603646
3184,0.006064
3185,0.352497
3186,0.108670
3187,0.975310
3188,0.018397
3189,0.045056
3190,0.996494
3191,0.572021
3192,0.018033
3193,0.093687
3194,0.097316
3195,0.866081
3196,0.841000
3197,0.007420
3198,0.004350
3199,0.356950
3200,0.978701
3201,0.036320
3202,0.004250
3203,0.109050
3204,0.355347
3205,0.896843
3206,0.675651
3207,0.022821
3208,0.078977
3209,0.960963
3210,0.006996
3211,0.956578
3212,0.071538
3213,0.738211
3214,0.042607
3215,0.058538
3216,0.960834
3217,0.958919
3218,0.929740
3219,0.915442
3220,0.662439
3221,0.123008
3222,0.154508
3223,0.880849
3224,0.013548
3225,0.004902
3226,0.161633
3227,0.991303
3228,0.957414
3229,0.692352
3230,0.027684
3231,0.032182
3232,0.329501
3233,0.202726
3234,0.180630
3235,0.019154
3236,0.262345
3237,0.827614
3238,0.005732
3239,0.284781
3240,0.025339
3241,0.012294
3242,0.582263
3243,0.109449
3244,0.110377
3245,0.825946
3246,0.193865
3247,0.252614
3248,0.058221
3249,0.018191
3250,0.455191
3251,0.011474
3252,0.035948
3253,0.007702
3254,0.326468
3255,0.007177
3256,0.014162
3257,0.004696
3258,0.850933
3259,0.046550
3260,0.296701
3261,0.222280
3262,0.014271
3263,0.436162
3264,0.009975
3265,0.226282
3266,0.066779
3267,0.823388
3268,0.981245
3269,0.060028
3270,0.076722
3271,0.868230
3272,0.347591
3273,0.082735
3274,0.010005
3275,0.213381
3276,0.295436
3277,0.290450
3278,0.965699
3279,0.611375
3280,0.115043
3281,0.011695
3282,0.265287
3283,0.008419
3284,0.956462
3285,0.010009
3286,0.512366
3287,0.499305
3288,0.694471
3289,0.005649
3290,0.250848
3291,0.024537
3292,0.104621
3293,0.545788
3294,0.708957
3295,0.874663
3296,0.020906
3297,0.789662
3298,0.707460
3299,0.965343
3300,0.004256
3301,0.037973
3302,0.705641
3303,0.012548
3304,0.233400
3305,0.997616
3306,0.997568
3307,0.635941
3308,0.411262
3309,0.057123
3310,0.988477
3311,0.547691
3312,0.291965
3313,0.133270
3314,0.300838
3315,0.199445
3316,0.895045
3317,0.982448
3318,0.694234
3319,0.976703
3320,0.003799
3321,0.018544
3322,0.004614
3323,0.029030
3324,0.820711
3325,0.131504
3326,0.007076
3327,0.092108
3328,0.022648
3329,0.774190
3330,0.981073
3331,0.149886
3332,0.886311
3333,0.586358
3334,0.297434
3335,0.944670
3336,0.949993
3337,0.727535
3338,0.455996
3339,0.024138
3340,0.932204
3341,0.936717
3342,0.639046
3343,0.030304
3344,0.602248
3345,0.305814
3346,0.958991
3347,0.956110
3348,0.688609
3349,0.014506
3350,0.085167
3351,0.535466
3352,0.705821
3353,0.011293
3354,0.005868
3355,0.281764
3356,0.011464
3357,0.273497
3358,0.003043
3359,0.024035
3360,0.006148
3361,0.003909
3362,0.097193
3363,0.072434
3364,0.054146
3365,0.033232
3366,0.904633
3367,0.087068
3368,0.073187
3369,0.014460
3370,0.635524
3371,0.199786
3372,0.025216
3373,0.008530
3374,0.531063
3375,0.061214
3376,0.016880
3377,0.618385
3378,0.951543
3379,0.067495
3380,0.257990
3381,0.007731
3382,0.077027
3383,0.215794
3384,0.941926
3385,0.965424
3386,0.023093
3387,0.010307
3388,0.193626
3389,0.175167
3390,0.321712
3391,0.997254
3392,0.003796
3393,0.167349
3394,0.167376
3395,0.171605
3396,0.994559
3397,0.993320
3398,0.009418
3399,0.039933
3400,0.083026
3401,0.043094
3402,0.035393
3403,0.933568
3404,0.123780
3405,0.044379
3406,0.282819
3407,0.879658
3408,0.047207
3409,0.013806
3410,0.996923
3411,0.174133
3412,0.959682
3413,0.887048
3414,0.194570
3415,0.315357
3416,0.010620
3417,0.086397
3418,0.007813
3419,0.047972
3420,0.575713
3421,0.012408
3422,0.037797
3423,0.102917
3424,0.027371
3425,0.026930
3426,0.052804
3427,0.016862
3428,0.048540
3429,0.846301
3430,0.004621
3431,0.391342
3432,0.320513
3433,0.025722
3434,0.965787
3435,0.058337
3436,0.144763
3437,0.215277
3438,0.144397
3439,0.283498
3440,0.913946
3441,0.403541
3442,0.004149
3443,0.298908
3444,0.477360
3445,0.256623
3446,0.502181
3447,0.070590
3448,0.037131
3449,0.039626
3450,0.067179
3451,0.017325
3452,0.181259
3453,0.813716
3454,0.996488
3455,0.892583
3456,0.578866
3457,0.086759
3458,0.227209
3459,0.003976
3460,0.040471
3461,0.979337
3462,0.269755
3463,0.051532
3464,0.015905
3465,0.028722
3466,0.011723
3467,0.011989
3468,0.532079
3469,0.888740
3470,0.015126
3471,0.397505
3472,0.028338
3473,0.007884
3474,0.006984
3475,0.606249
3476,0.060840
3477,0.048027
3478,0.008372
3479,0.969577
3480,0.946393
3481,0.071986
3482,0.064256
3483,0.827657
3484,0.010055
3485,0.789943
3486,0.946232
3487,0.059103
3488,0.031583
3489,0.383312
3490,0.042991
3491,0.043127
3492,0.050030
3493,0.103257
3494,0.194401
3495,0.192455
3496,0.601756
3497,0.836013
3498,0.002300
3499,0.371237
3500,0.961607
3501,0.730139
3502,0.011199
3503,0.107846
3504,0.037441
3505,0.005442
3506,0.013788
3507,0.158001
3508,0.775859
3509,0.007906
3510,0.003089
3511,0.936549
3512,0.009601
3513,0.021043
3514,0.045587
3515,0.036434
3516,0.007032
3517,0.943124
3518,0.402661
3519,0.970719
3520,0.055092
3521,0.037143
3522,0.184808
3523,0.120433
3524,0.266061
3525,0.207781
3526,0.345375
3527,0.048277
3528,0.023512
3529,0.707376
3530,0.014408
3531,0.026236
3532,0.982261
3533,0.027102
3534,0.175599
3535,0.030792
3536,0.052521
3537,0.044030
3538,0.007156
3539,0.951225
3540,0.004416
3541,0.088475
3542,0.009507
3543,0.744071
3544,0.109759
3545,0.090206
3546,0.024445
3547,0.004742
3548,0.020354
3549,0.052151
3550,0.032582
3551,0.991262
3552,0.993906
3553,0.486003
3554,0.475264
3555,0.969437
3556,0.196676
3557,0.456183
3558,0.006502
3559,0.175817
3560,0.006886
3561,0.124498
3562,0.070567
3563,0.915143
3564,0.255590
3565,0.938317
3566,0.933496
3567,0.063382
3568,0.003562
3569,0.774970
3570,0.140361
3571,0.851730
3572,0.868438
3573,0.004367
3574,0.035109
3575,0.379588
3576,0.996975
3577,0.020752
3578,0.989107
3579,0.930202
3580,0.383143
3581,0.007077
3582,0.569591
3583,0.080004
3584,0.983427
3585,0.431803
3586,0.854065
3587,0.006042
3588,0.094001
3589,0.975985
3590,0.063418
3591,0.481003
3592,0.937908
3593,0.873579
3594,0.966973
3595,0.057612
3596,0.072416
3597,0.894059
3598,0.004775
3599,0.009667
3600,0.983680
3601,0.005653
3602,0.004346
3603,0.029243
3604,0.043332
3605,0.180292
3606,0.976693
3607,0.002672
3608,0.275487
3609,0.001652
3610,0.184152
3611,0.534654
3612,0.105359
3613,0.922104
3614,0.799027
3615,0.051321
3616,0.019107
3617,0.041319
3618,0.981385
3619,0.604457
3620,0.148108
3621,0.688143
3622,0.008414
3623,0.951583
3624,0.014600
3625,0.547662
3626,0.673232
3627,0.449429
3628,0.202937
3629,0.060731
3630,0.952066
3631,0.080764
3632,0.053001
3633,0.033293
3634,0.056827
3635,0.008364
3636,0.072198
3637,0.033681
3638,0.926128
3639,0.012416
3640,0.091072
3641,0.102321
3642,0.005208
3643,0.007008
3644,0.995458
3645,0.824403
3646,0.889254
3647,0.036989
3648,0.548571
3649,0.935302
3650,0.009948
3651,0.018308
3652,0.008150
3653,0.027140
3654,0.556200
3655,0.362340
3656,0.012450
3657,0.004928
3658,0.027899
3659,0.811584
3660,0.248133
3661,0.605793
3662,0.038471
3663,0.138218
3664,0.007209
3665,0.421663
3666,0.932372
3667,0.048200
3668,0.904663
3669,0.696097
3670,0.132605
3671,0.008294
3672,0.026399
3673,0.747933
3674,0.173927
3675,0.923256
3676,0.046658
3677,0.129618
3678,0.962461
3679,0.924274
3680,0.010180
3681,0.084760
3682,0.009821
3683,0.096077
3684,0.391470
3685,0.289721
3686,0.994655
3687,0.197829
3688,0.196129
3689,0.715417
3690,0.021873
3691,0.814618
3692,0.346166
3693,0.994004
3694,0.006760
3695,0.884649
3696,0.023816
3697,0.793708
3698,0.006929
3699,0.057972
3700,0.284691
3701,0.102936
3702,0.985740
3703,0.216906
3704,0.976025
3705,0.988107
3706,0.204998
3707,0.351909
3708,0.328033
3709,0.007399
3710,0.022311
3711,0.992302
3712,0.131885
3713,0.069265
3714,0.196023
3715,0.006933
3716,0.176394
3717,0.650475
3718,0.874202
3719,0.104168
3720,0.809320
3721,0.183488
3722,0.944258
3723,0.983903
3724,0.012760
3725,0.107393
3726,0.037075
3727,0.249965
3728,0.243078
3729,0.380488
3730,0.897299
3731,0.013325
3732,0.141537
3733,0.062365
3734,0.027311
3735,0.209111
3736,0.005558
3737,0.008046
3738,0.995199
3739,0.987283
3740,0.509663
3741,0.808558
3742,0.954223
3743,0.062480
3744,0.748448
3745,0.275571
3746,0.550433
3747,0.078300
3748,0.612616
3749,0.009218
3750,0.087583
3751,0.033115
3752,0.022644
3753,0.287798
3754,0.939388
3755,0.005969
3756,0.062738
3757,0.043128
3758,0.008602
3759,0.812203
3760,0.567050
3761,0.935958
3762,0.751923
3763,0.331534
3764,0.026884
3765,0.251896
3766,0.021278
3767,0.261093
3768,0.082401
3769,0.937913
3770,0.068853
3771,0.968024
3772,0.397015
3773,0.020583
3774,0.013983
3775,0.096749
3776,0.104048
3777,0.169630
3778,0.007046
3779,0.033532
3780,0.122685
3781,0.206792
3782,0.592637
3783,0.079744
3784,0.128542
3785,0.896780
3786,0.058959
3787,0.449314
3788,0.018608
3789,0.599083
3790,0.931091
3791,0.982654
3792,0.946200
3793,0.097670
3794,0.497182
3795,0.584292
3796,0.917592
3797,0.082801
3798,0.165239
3799,0.027317
3800,0.004481
3801,0.041330
3802,0.974971
3803,0.146939
3804,0.585982
3805,0.018880
3806,0.111425
3807,0.995648
3808,0.267435
3809,0.067604
3810,0.066869
3811,0.256785
3812,0.036000
3813,0.035791
3814,0.924293
3815,0.051640
3816,0.511651
3817,0.071428
3818,0.970251
3819,0.909447
3820,0.504445
3821,0.045888
3822,0.895482
3823,0.036634
3824,0.047025
3825,0.997354
3826,0.340420
3827,0.040521
3828,0.862053
3829,0.060644
3830,0.049631
3831,0.996584
3832,0.015540
3833,0.139401
3834,0.521180
3835,0.079995
3836,0.538909
3837,0.996781
3838,0.674145
3839,0.994015
3840,0.180006
3841,0.110076
3842,0.169031
3843,0.094366
3844,0.039706
3845,0.993433
3846,0.011134
3847,0.963280
3848,0.004399
3849,0.004673
3850,0.407694
3851,0.972167
3852,0.057729
3853,0.628737
3854,0.860263
3855,0.003630
3856,0.034373
3857,0.007659
3858,0.079179
3859,0.048732
3860,0.024777
3861,0.050804
3862,0.010647
3863,0.972338
3864,0.997605
3865,0.332133
3866,0.996869
3867,0.015805
3868,0.552626
3869,0.036344
3870,0.602419
3871,0.048384
3872,0.644408
3873,0.350940
3874,0.092475
3875,0.995999
3876,0.215675
3877,0.975132
3878,0.047986
3879,0.004655
3880,0.995740
3881,0.986344
3882,0.276545
3883,0.402184
3884,0.008064
3885,0.045786
3886,0.854178
3887,0.222591
3888,0.101161
3889,0.151008
3890,0.059328
3891,0.899065
3892,0.011314
3893,0.692143
3894,0.112477
3895,0.445901
3896,0.108070
3897,0.941557
3898,0.545624
3899,0.303126
3900,0.028687
3901,0.004209
3902,0.935732
3903,0.576606
3904,0.020401
3905,0.108480
3906,0.976809
3907,0.063987
3908,0.104868
3909,0.997150
3910,0.003397
3911,0.010547
3912,0.207156
3913,0.037133
3914,0.815216
3915,0.043802
3916,0.780132
3917,0.037532
3918,0.059897
3919,0.010771
3920,0.082579
3921,0.006081
3922,0.460806
3923,0.028054
3924,0.023286
3925,0.986608
3926,0.282506
3927,0.014448
3928,0.042609
3929,0.916488
3930,0.982300
3931,0.002528
3932,0.331028
3933,0.005875
3934,0.921484
3935,0.005357
3936,0.105756
3937,0.257525
3938,0.954741
3939,0.087470
3940,0.154694
3941,0.961750
3942,0.020527
3943,0.199050
3944,0.894791
3945,0.718956
3946,0.075781
3947,0.006942
3948,0.218989
3949,0.961897
3950,0.073055
3951,0.027213
3952,0.907923
3953,0.030477
3954,0.994787
3955,0.009452
3956,0.077340
3957,0.304196
3958,0.050352
3959,0.926754
3960,0.088557
3961,0.016914
3962,0.007158
3963,0.842362
3964,0.396819
3965,0.139647
3966,0.546032
3967,0.012786
3968,0.004915
3969,0.088971
3970,0.179063
3971,0.961890
3972,0.488562
3973,0.344641
3974,0.011009
3975,0.895995
3976,0.992081
3977,0.153489
3978,0.054795
3979,0.619157
3980,0.757932
3981,0.944017
3982,0.962475
3983,0.006830
3984,0.475730
3985,0.036195
3986,0.528150
3987,0.002287
3988,0.872801
3989,0.008112
3990,0.395297
3991,0.691669
3992,0.007511
3993,0.165238
3994,0.774246
3995,0.948143
3996,0.625475
3997,0.007099
3998,0.213687
3999,0.119310
4000,0.008936
4001,0.048659
4002,0.006486
4003,0.147516
4004,0.651996
4005,0.289170
4006,0.125528
4007,0.005232
4008,0.992390
4009,0.101757
4010,0.997714
4011,0.883509
4012,0.056494
4013,0.044559
4014,0.997268
4015,0.937059
4016,0.114861
4017,0.079986
4018,0.123192
4019,0.031686
4020,0.016366
4021,0.055209
4022,0.019953
4023,0.010118
4024,0.007881
4025,0.777987
4026,0.752247
4027,0.007666
4028,0.042245
4029,0.047111
4030,0.008548
4031,0.864180
4032,0.134291
4033,0.026800
4034,0.058882
4035,0.038378
4036,0.032842
4037,0.011808
4038,0.973998
4039,0.006945
4040,0.327935
4041,0.989491
4042,0.055319
4043,0.112020
4044,0.029912
4045,0.002233
4046,0.011267
4047,0.105646
4048,0.117252
4049,0.037201
4050,0.078224
4051,0.081970
4052,0.205098
4053,0.843500
4054,0.024412
4055,0.010852
4056,0.096016
4057,0.223220
4058,0.457822
4059,0.020530
4060,0.121028
4061,0.940497
4062,0.122928
4063,0.394915
4064,0.324366
4065,0.184810
4066,0.012212
4067,0.527974
4068,0.018582
4069,0.013121
4070,0.060672
4071,0.974279
4072,0.003708
4073,0.040836
4074,0.047794
4075,0.009005
4076,0.404638
4077,0.098117
4078,0.407513
4079,0.259929
4080,0.002159
4081,0.812859
4082,0.912890
4083,0.222771
4084,0.028084
4085,0.156501
4086,0.255261
4087,0.005835
4088,0.125274
4089,0.011169
4090,0.190897
4091,0.005915
4092,0.190731
4093,0.290869
4094,0.010798
4095,0.032282
4096,0.017142
4097,0.181397
4098,0.011309
4099,0.950652
4100,0.599890
4101,0.081337
4102,0.150051
4103,0.203695
4104,0.969853
4105,0.450331
4106,0.171372
4107,0.612196
4108,0.983425
4109,0.965603
4110,0.075410
4111,0.003333
4112,0.983458
4113,0.270901
4114,0.085339
4115,0.007470
4116,0.029812
4117,0.996937
4118,0.081790
4119,0.157984
4120,0.962017
4121,0.193324
4122,0.750388
4123,0.010271
4124,0.466828
4125,0.008130
4126,0.082802
4127,0.087672
4128,0.152816
4129,0.386348
4130,0.024611
4131,0.339675
4132,0.894799
4133,0.955102
4134,0.031241
4135,0.293527
4136,0.019030
4137,0.881350
4138,0.003909
4139,0.051800
4140,0.996917
4141,0.868183
4142,0.088990
4143,0.085486
4144,0.975583
4145,0.112380
4146,0.145250
4147,0.145411
4148,0.036896
4149,0.022082
4150,0.226413
4151,0.030044
4152,0.032792
4153,0.126679
4154,0.462599
4155,0.783832
4156,0.061194
4157,0.004867
4158,0.919611
4159,0.249205
4160,0.256402
4161,0.275281
4162,0.007467
4163,0.004894
4164,0.953840
4165,0.256362
4166,0.010758
4167,0.979335
4168,0.193167
4169,0.124596
4170,0.998483
4171,0.033647
4172,0.888089
4173,0.047755
4174,0.010002
4175,0.267202
4176,0.037109
4177,0.005508
4178,0.688656
4179,0.076534
4180,0.945019
4181,0.216119
4182,0.008691
4183,0.795896
4184,0.974709
4185,0.878708
4186,0.942003
4187,0.077188
4188,0.007131
4189,0.124881
4190,0.003449
4191,0.132428
4192,0.916098
4193,0.142481
4194,0.907968
4195,0.134490
4196,0.996903
4197,0.786197
4198,0.094380
4199,0.885829
4200,0.012890
4201,0.619312
4202,0.113875
4203,0.100043
4204,0.077217
4205,0.063119
4206,0.517179
4207,0.084379
4208,0.450161
4209,0.294379
4210,0.252302
4211,0.121907
4212,0.167987
4213,0.411568
4214,0.037629
4215,0.011834
4216,0.024825
4217,0.989374
4218,0.995615
4219,0.009125
4220,0.154295
4221,0.983019
4222,0.202319
4223,0.422518
4224,0.070568
4225,0.028898
4226,0.996916
4227,0.338426
4228,0.022698
4229,0.727390
4230,0.765950
4231,0.048448
4232,0.017750
4233,0.206483
4234,0.004698
4235,0.327003
4236,0.045967
4237,0.115307
4238,0.073617
4239,0.045069
4240,0.535268
4241,0.986908
4242,0.004881
4243,0.022948
4244,0.965899
4245,0.065248
4246,0.034420
4247,0.007706
4248,0.024545
4249,0.403916
4250,0.566097
4251,0.150433
4252,0.004290
4253,0.856459
4254,0.036178
4255,0.038192
4256,0.191979
4257,0.004426
4258,0.795712
4259,0.008763
4260,0.978121
4261,0.963254
4262,0.597733
4263,0.924907
4264,0.006418
4265,0.346092
4266,0.942644
4267,0.004447
4268,0.950055
4269,0.207848
4270,0.159086
4271,0.012360
4272,0.140706
4273,0.007534
4274,0.024944
4275,0.932864
4276,0.564266
4277,0.023107
4278,0.009587
4279,0.176716
4280,0.978394
4281,0.428018
4282,0.219441
4283,0.010007
4284,0.012757
4285,0.367748
4286,0.154176
4287,0.562709
4288,0.691580
4289,0.017511
4290,0.844043
4291,0.040632
4292,0.039916
4293,0.688033
4294,0.888045
4295,0.376700
4296,0.213399
4297,0.995950
4298,0.184696
4299,0.012387
4300,0.111217
4301,0.997369
4302,0.033204
4303,0.078671
4304,0.327213
4305,0.019623
4306,0.044434
4307,0.095505
4308,0.912631
4309,0.914363
4310,0.066175
4311,0.018002
4312,0.958806
4313,0.930302
4314,0.011322
4315,0.014072
4316,0.895521
4317,0.898910
4318,0.716350
4319,0.008310
4320,0.743958
4321,0.006934
4322,0.381142
4323,0.202157
4324,0.526720
4325,0.487452
4326,0.004700
4327,0.618986
4328,0.979617
4329,0.009435
4330,0.141055
4331,0.059893
4332,0.039685
4333,0.045898
4334,0.169360
4335,0.116054
4336,0.038668
4337,0.110565
4338,0.064607
4339,0.541730
4340,0.065818
4341,0.046239
4342,0.141502
4343,0.975946
4344,0.807718
4345,0.049246
4346,0.007520
4347,0.022827
4348,0.106273
4349,0.003513
4350,0.025596
4351,0.022222
4352,0.981354
4353,0.233468
4354,0.086603
4355,0.057530
4356,0.932702
4357,0.034854
4358,0.165433
4359,0.008500
4360,0.966518
4361,0.393440
4362,0.793012
4363,0.040079
4364,0.889962
4365,0.283694
4366,0.128703
4367,0.930522
4368,0.003097
4369,0.036324
4370,0.205974
4371,0.150396
4372,0.997101
4373,0.039205
4374,0.105399
4375,0.497870
4376,0.044497
4377,0.106586
4378,0.969922
4379,0.998052
4380,0.232894
4381,0.056217
4382,0.080883
4383,0.320013
4384,0.878679
4385,0.076213
4386,0.146668
4387,0.001999
4388,0.354376
4389,0.028714
4390,0.809754
4391,0.050467
4392,0.912954
4393,0.077634
4394,0.575115
4395,0.023199
4396,0.716065
4397,0.003145
4398,0.995304
4399,0.135742
4400,0.927183
4401,0.108953
4402,0.134342
4403,0.011649
4404,0.051386
4405,0.113419
4406,0.003302
4407,0.031493
4408,0.294832
4409,0.110000
4410,0.006531
4411,0.003113
4412,0.021519
4413,0.066775
4414,0.756153
4415,0.050430
4416,0.303070
4417,0.057241
4418,0.041868
4419,0.224880
4420,0.017810
4421,0.031297
4422,0.002550
4423,0.102761
4424,0.005764
4425,0.077474
4426,0.035852
4427,0.005538
4428,0.023440
4429,0.080822
4430,0.034647
4431,0.082654
4432,0.003907
4433,0.024296
4434,0.034345
4435,0.133380
4436,0.012022
4437,0.174901
4438,0.046250
4439,0.345981
4440,0.882278
4441,0.008243
4442,0.470417
4443,0.078585
4444,0.131551
4445,0.124874
4446,0.026134
4447,0.570348
4448,0.023712
4449,0.691716
4450,0.069553
4451,0.795648
4452,0.943167
4453,0.266958
4454,0.793514
4455,0.036724
4456,0.102376
4457,0.991508
4458,0.026705
4459,0.169599
4460,0.619525
4461,0.119698
4462,0.020974
4463,0.006382
4464,0.081570
4465,0.018067
4466,0.102019
4467,0.996332
4468,0.920104
4469,0.050692
4470,0.073575
4471,0.007964
4472,0.243876
4473,0.131887
4474,0.282307
4475,0.986818
4476,0.145842
4477,0.041579
4478,0.829861
4479,0.270692
4480,0.237412
4481,0.148127
4482,0.006777
4483,0.939264
4484,0.037224
4485,0.027878
4486,0.990570
4487,0.120160
4488,0.057659
4489,0.014219
4490,0.075292
4491,0.003876
4492,0.007763
4493,0.437521
4494,0.344836
4495,0.205991
4496,0.088503
4497,0.198957
4498,0.005229
4499,0.043817
4500,0.285892
4501,0.029437
4502,0.274153
4503,0.977524
4504,0.283073
4505,0.131928
4506,0.649436
4507,0.073506
4508,0.006833
4509,0.014956
4510,0.223005
4511,0.263365
4512,0.030748
4513,0.002136
4514,0.063013
4515,0.587356
4516,0.904632
4517,0.089108
4518,0.971621
4519,0.087430
4520,0.175414
4521,0.607060
4522,0.468878
4523,0.957688
4524,0.724155
4525,0.958674
4526,0.187182
4527,0.036339
4528,0.003124
4529,0.978247
4530,0.479573
4531,0.020722
4532,0.013393
4533,0.188369
4534,0.819578
4535,0.008171
4536,0.494510
4537,0.055838
4538,0.057629
4539,0.500909
4540,0.387163
4541,0.017750
4542,0.024749
4543,0.971153
4544,0.964534
4545,0.060184
4546,0.189582
4547,0.098094
4548,0.779187
4549,0.045890
4550,0.085701
4551,0.913691
4552,0.788170
4553,0.256786
4554,0.037122
4555,0.150812
4556,0.070148
4557,0.708773
4558,0.956126
4559,0.735303
4560,0.002049
4561,0.022687
4562,0.975621
4563,0.014591
4564,0.051242
4565,0.124253
4566,0.108359
4567,0.363088
4568,0.006706
4569,0.026190
4570,0.010092
4571,0.012082
4572,0.098589
4573,0.016724
4574,0.330693
4575,0.006382
4576,0.163728
4577,0.223135
4578,0.049595
4579,0.023737
4580,0.182302
4581,0.167690
4582,0.873157
4583,0.025530
4584,0.951479
4585,0.895620
4586,0.212577
4587,0.304931
4588,0.026506
4589,0.019460
4590,0.056621
4591,0.005094
4592,0.032227
4593,0.025546
4594,0.955951
4595,0.039955
4596,0.117356
4597,0.972761
4598,0.226403
4599,0.612365
4600,0.012823
4601,0.009054
4602,0.057131
4603,0.239789
4604,0.010195
4605,0.179154
4606,0.093823
4607,0.114115
4608,0.977626
4609,0.015368
4610,0.958042
4611,0.115905
4612,0.107540
4613,0.084011
4614,0.935344
4615,0.981295
4616,0.032934
4617,0.316389
4618,0.980592
4619,0.622475
4620,0.965168
4621,0.052031
4622,0.607779
4623,0.035724
4624,0.307784
4625,0.008542
4626,0.079157
4627,0.103318
4628,0.958808
4629,0.081227
4630,0.053009
4631,0.983764
4632,0.033299
4633,0.848363
4634,0.069256
4635,0.069786
4636,0.057531
4637,0.956838
4638,0.065624
4639,0.062662
4640,0.091142
4641,0.092509
4642,0.970022
4643,0.997935
4644,0.996692
4645,0.008259
4646,0.512188
4647,0.054702
4648,0.065609
4649,0.293791
4650,0.007036
4651,0.706134
4652,0.054464
4653,0.377513
4654,0.129853
4655,0.024619
4656,0.679708
4657,0.966864
4658,0.027073
4659,0.712817
4660,0.089019
4661,0.106299
4662,0.036100
4663,0.045004
4664,0.151862
4665,0.004382
4666,0.410691
4667,0.008598
4668,0.060789
4669,0.006955
4670,0.197651
4671,0.996933
4672,0.110625
4673,0.006082
4674,0.010994
4675,0.932884
4676,0.033219
4677,0.031940
4678,0.010782
4679,0.965184
4680,0.126229
4681,0.007388
4682,0.021648
4683,0.528711
4684,0.014428
4685,0.393471
4686,0.408848
4687,0.020816
4688,0.085387
4689,0.079859
4690,0.045793
4691,0.273369
4692,0.037898
4693,0.989250
4694,0.029262
4695,0.478660
4696,0.111203
4697,0.592268
4698,0.993892
4699,0.074427
4700,0.613807
4701,0.086242
4702,0.004597
4703,0.393029
4704,0.010674
4705,0.039703
4706,0.070077
4707,0.006753
4708,0.079111
4709,0.058410
4710,0.262151
4711,0.970918
4712,0.345556
4713,0.015381
4714,0.009543
4715,0.101528
4716,0.002863
4717,0.050256
4718,0.800423
4719,0.507686
4720,0.021803
4721,0.066809
4722,0.972847
4723,0.821783
4724,0.037328
4725,0.005327
4726,0.058394
4727,0.144216
4728,0.142368
4729,0.031305
4730,0.002900
4731,0.006494
4732,0.074380
4733,0.956231
4734,0.044069
4735,0.016438
4736,0.968044
4737,0.209498
4738,0.794435
4739,0.420539
4740,0.993415
4741,0.061907
4742,0.923567
4743,0.060339
4744,0.034086
4745,0.400007
4746,0.066355
4747,0.052495
4748,0.008550
4749,0.251104
4750,0.624525
4751,0.994189
4752,0.039074
4753,0.380728
4754,0.131049
4755,0.234297
4756,0.016238
4757,0.048716
4758,0.091705
4759,0.088320
4760,0.904089
4761,0.603333
4762,0.045162
4763,0.008746
4764,0.002990
4765,0.134191
4766,0.209098
4767,0.651983
4768,0.907648
4769,0.423256
4770,0.006614
4771,0.009272
4772,0.037749
4773,0.006511
4774,0.720378
4775,0.003959
4776,0.010217
4777,0.045366
4778,0.012236
4779,0.978611
4780,0.989678
4781,0.235574
4782,0.989936
4783,0.070199
4784,0.262603
4785,0.129616
4786,0.028434
4787,0.844835
4788,0.123385
4789,0.005038
4790,0.005113
4791,0.013825
4792,0.889781
4793,0.981632
4794,0.103719
4795,0.003295
4796,0.995282
4797,0.007675
4798,0.843136
4799,0.710960
4800,0.521187
4801,0.568170
4802,0.003952
4803,0.024162
4804,0.029648
4805,0.005538
4806,0.472923
4807,0.942092
4808,0.078795
4809,0.048779
4810,0.027554
4811,0.138184
4812,0.146797
4813,0.803773
4814,0.959159
4815,0.286618
4816,0.240848
4817,0.018540
4818,0.150392
4819,0.147381
4820,0.996764
4821,0.715938
4822,0.012798
4823,0.413408
4824,0.252473
4825,0.733137
4826,0.017716
4827,0.160779
4828,0.016301
4829,0.032454
4830,0.032661
4831,0.285360
4832,0.188634
4833,0.254843
4834,0.024623
4835,0.080538
4836,0.044802
4837,0.041917
4838,0.014859
4839,0.006463
4840,0.958374
4841,0.218945
4842,0.971647
4843,0.055159
4844,0.149622
4845,0.106552
4846,0.013631
4847,0.948067
4848,0.622802
4849,0.004099
4850,0.332832
4851,0.067319
4852,0.487773
4853,0.707837
4854,0.513825
4855,0.446613
4856,0.697764
4857,0.119179
4858,0.140537
4859,0.041043
4860,0.093387
4861,0.836536
4862,0.047656
4863,0.017953
4864,0.528813
4865,0.199951
4866,0.004621
4867,0.195935
4868,0.232189
4869,0.003795
4870,0.138000
4871,0.251631
4872,0.320427
4873,0.095657
4874,0.990434
4875,0.269484
4876,0.043486
4877,0.015854
4878,0.812758
4879,0.724324
4880,0.856571
4881,0.913568
4882,0.050594
4883,0.117206
4884,0.082997
4885,0.832911
4886,0.928225
4887,0.010796
4888,0.068615
4889,0.157792
4890,0.035946
4891,0.700580
4892,0.982869
4893,0.895901
4894,0.198145
4895,0.081351
4896,0.695350
4897,0.873186
4898,0.138106
4899,0.920862
4900,0.018106
4901,0.810878
4902,0.253440
4903,0.057434
4904,0.071611
4905,0.231221
4906,0.012190
4907,0.558377
4908,0.060480
4909,0.071125
4910,0.912808
4911,0.202184
4912,0.027473
4913,0.893643
4914,0.033827
4915,0.959602
4916,0.531473
4917,0.597281
4918,0.974952
4919,0.533295
4920,0.040328
4921,0.941872
4922,0.965006
4923,0.005863
4924,0.933321
4925,0.076595
4926,0.017303
4927,0.851637
4928,0.549358
4929,0.047596
4930,0.973648
4931,0.872670
4932,0.643161
4933,0.994840
4934,0.135190
4935,0.079117
4936,0.073226
4937,0.618535
4938,0.007411
4939,0.967478
4940,0.018840
4941,0.007458
4942,0.271472
4943,0.008408
4944,0.038348
4945,0.174297
4946,0.118858
4947,0.101664
4948,0.243775
4949,0.893755
4950,0.464045
4951,0.087843
4952,0.187688
4953,0.236255
4954,0.837399
4955,0.512084
4956,0.232488
4957,0.278642
4958,0.975755
4959,0.594424
4960,0.002656
4961,0.828754
4962,0.105647
4963,0.347537
4964,0.840106
4965,0.024665
4966,0.015213
4967,0.341775
4968,0.006644
4969,0.222384
4970,0.981355
4971,0.172317
4972,0.069919
4973,0.007499
4974,0.030179
4975,0.606002
4976,0.131974
4977,0.559771
4978,0.010119
4979,0.852384
4980,0.462928
4981,0.004662
4982,0.062357
4983,0.919510
4984,0.313056
4985,0.625050
4986,0.983995
4987,0.975841
4988,0.017322
4989,0.002352
4990,0.006709
4991,0.750576
4992,0.006015
4993,0.053039
4994,0.107040
4995,0.008164
4996,0.948056
4997,0.017048
4998,0.338218
4999,0.457284
5000,0.012676
5001,0.012388
5002,0.080656
5003,0.406072
5004,0.385081
5005,0.059241
5006,0.035689
5007,0.746117
5008,0.947322
5009,0.050902
5010,0.003463
5011,0.527896
5012,0.049398
5013,0.111064
5014,0.169328
5015,0.702528
5016,0.896750
5017,0.523245
5018,0.978836
5019,0.966117
5020,0.022575
5021,0.340025
5022,0.010221
5023,0.003122
5024,0.259093
5025,0.070020
5026,0.058022
5027,0.129667
5028,0.997328
5029,0.894757
5030,0.007602
5031,0.030610
5032,0.194817
5033,0.937618
5034,0.912397
5035,0.046186
5036,0.035747
5037,0.002571
5038,0.013805
5039,0.200934
5040,0.916593
5041,0.358426
5042,0.959169
5043,0.067634
5044,0.008986
5045,0.315827
5046,0.066725
5047,0.004405
5048,0.450489
5049,0.090633
5050,0.089724
5051,0.834758
5052,0.008501
5053,0.119779
5054,0.067516
5055,0.015400
5056,0.919936
5057,0.042263
5058,0.928183
5059,0.075687
5060,0.112757
5061,0.032158
5062,0.010556
5063,0.007219
5064,0.024527
5065,0.454411
5066,0.414604
5067,0.046984
5068,0.957751
5069,0.675334
5070,0.940529
5071,0.070197
5072,0.037110
5073,0.009452
5074,0.021756
5075,0.461708
5076,0.364608
5077,0.060438
5078,0.104621
5079,0.964104
5080,0.035123
5081,0.005041
5082,0.055470
5083,0.054814
5084,0.003570
5085,0.942532
5086,0.997019
5087,0.007569
5088,0.042966
5089,0.030564
5090,0.465218
5091,0.050765
5092,0.993759
5093,0.434925
5094,0.099513
5095,0.093054
5096,0.017345
5097,0.038256
5098,0.228813
5099,0.003165
5100,0.058831
5101,0.320412
5102,0.594200
5103,0.006560
5104,0.012919
5105,0.069011
5106,0.996651
5107,0.968086
5108,0.539804
5109,0.929890
5110,0.019856
5111,0.990755
5112,0.902079
5113,0.285282
5114,0.938060
5115,0.890542
5116,0.862483
5117,0.785684
5118,0.892768
5119,0.026613
5120,0.994344
5121,0.036046
5122,0.011040
5123,0.865133
5124,0.019944
5125,0.957731
5126,0.112166
5127,0.388511
5128,0.050106
5129,0.504844
5130,0.029210
5131,0.019850
5132,0.147005
5133,0.207270
5134,0.726393
5135,0.367067
5136,0.006159
5137,0.696851
5138,0.029721
5139,0.261495
5140,0.084232
5141,0.239549
5142,0.096396
5143,0.004129
5144,0.007736
5145,0.005348
5146,0.030042
5147,0.009179
5148,0.026617
5149,0.008506
5150,0.322982
5151,0.824957
5152,0.153222
5153,0.035422
5154,0.994538
5155,0.087930
5156,0.004739
5157,0.026136
5158,0.004433
5159,0.042044
5160,0.192703
5161,0.057046
5162,0.005206
5163,0.067632
5164,0.020838
5165,0.209674
5166,0.553207
5167,0.072557
5168,0.077940
5169,0.062015
5170,0.121272
5171,0.793660
5172,0.648384
5173,0.153222
5174,0.018932
5175,0.997941
5176,0.403034
5177,0.934564
5178,0.888246
5179,0.907864
5180,0.049930
5181,0.195500
5182,0.339974
5183,0.004222
5184,0.152424
5185,0.066744
5186,0.001905
5187,0.128186
5188,0.975774
5189,0.023729
5190,0.054994
5191,0.226569
5192,0.173122
5193,0.255160
5194,0.635009
5195,0.334194
5196,0.049232
5197,0.036744
5198,0.036124
5199,0.011690
5200,0.002901
5201,0.111555
5202,0.123947
5203,0.009655
5204,0.165322
5205,0.009282
5206,0.103484
5207,0.697882
5208,0.015019
5209,0.787929
5210,0.880397
5211,0.868307
5212,0.243572
5213,0.220377
5214,0.027768
5215,0.610188
5216,0.878351
5217,0.022446
5218,0.573391
5219,0.003557
5220,0.993880
5221,0.031669
5222,0.070546
5223,0.382178
5224,0.550619
5225,0.007022
5226,0.984709
5227,0.849161
5228,0.868583
5229,0.992883
5230,0.070657
5231,0.464107
5232,0.957880
5233,0.009142
5234,0.055639
5235,0.014782
5236,0.007245
5237,0.922318
5238,0.114512
5239,0.021131
5240,0.028375
5241,0.110235
5242,0.027356
5243,0.070425
5244,0.981787
5245,0.579063
5246,0.103844
5247,0.051034
5248,0.056416
5249,0.383854
5250,0.193856
5251,0.275988
5252,0.579961
5253,0.017051
5254,0.025920
5255,0.286120
5256,0.005832
5257,0.411115
5258,0.932935
5259,0.707127
5260,0.136954
5261,0.019771
5262,0.759190
5263,0.005747
5264,0.321722
5265,0.105784
5266,0.964748
5267,0.003387
5268,0.152276
5269,0.029163
5270,0.182536
5271,0.126736
5272,0.939390
5273,0.013114
5274,0.557617
5275,0.858377
5276,0.138692
5277,0.807109
5278,0.144103
5279,0.006257
5280,0.008919
5281,0.004952
5282,0.978157
5283,0.080313
5284,0.036054
5285,0.011696
5286,0.017410
5287,0.065909
5288,0.069731
5289,0.012634
5290,0.003360
5291,0.990337
5292,0.618981
5293,0.128613
5294,0.814926
5295,0.036021
5296,0.245864
5297,0.004651
5298,0.239625
5299,0.003199
5300,0.011363
5301,0.175387
5302,0.284345
5303,0.171789
5304,0.075281
5305,0.062126
5306,0.095492
5307,0.859517
5308,0.085886
5309,0.138172
5310,0.028569
5311,0.867127
5312,0.403593
5313,0.051167
5314,0.682317
5315,0.157292
5316,0.102542
5317,0.085451
5318,0.006710
5319,0.759496
5320,0.043899
5321,0.097486
5322,0.157734
5323,0.045829
5324,0.863670
5325,0.222429
5326,0.003767
5327,0.014354
5328,0.057057
5329,0.936086
5330,0.015518
5331,0.105808
5332,0.004884
5333,0.050993
5334,0.964734
5335,0.441212
5336,0.010114
5337,0.051293
5338,0.271224
5339,0.041073
5340,0.015181
5341,0.007335
5342,0.974971
5343,0.069870
5344,0.029765
5345,0.027125
5346,0.276246
5347,0.944388
5348,0.012454
5349,0.035061
5350,0.855821
5351,0.997260
5352,0.774037
5353,0.023729
5354,0.337279
5355,0.826290
5356,0.041140
5357,0.143716
5358,0.996259
5359,0.008005
5360,0.056750
5361,0.744774
5362,0.125092
5363,0.027156
5364,0.008222
5365,0.971744
5366,0.006274
5367,0.003275
5368,0.886164
5369,0.717041
5370,0.041433
5371,0.020127
5372,0.012311
5373,0.198646
5374,0.005998
5375,0.046921
5376,0.063971
5377,0.014436
5378,0.035152
5379,0.289600
5380,0.499244
5381,0.042511
5382,0.317592
5383,0.103473
5384,0.104934
5385,0.054701
5386,0.035828
5387,0.680628
5388,0.012616
5389,0.990442
5390,0.602407
5391,0.010630
5392,0.003452
5393,0.995115
5394,0.028460
5395,0.842631
5396,0.040170
5397,0.163999
5398,0.148076
5399,0.298288
5400,0.047896
5401,0.381017
5402,0.006300
5403,0.082486
5404,0.056056
5405,0.054645
5406,0.906136
5407,0.857545
5408,0.021560
5409,0.015463
5410,0.210136
5411,0.199044
5412,0.948018
5413,0.088206
5414,0.004627
5415,0.995351
5416,0.036092
5417,0.063247
5418,0.121743
5419,0.320613
5420,0.026910
5421,0.077081
5422,0.049035
5423,0.053410
5424,0.897629
5425,0.952559
5426,0.039143
5427,0.033566
5428,0.009056
5429,0.003727
5430,0.669831
5431,0.049408
5432,0.746731
5433,0.181126
5434,0.954362
5435,0.560172
5436,0.981590
5437,0.047983
5438,0.355281
5439,0.234431
5440,0.900235
5441,0.008218
5442,0.072307
5443,0.619469
5444,0.015247
5445,0.971077
5446,0.205729
5447,0.227229
5448,0.027230
5449,0.007945
5450,0.928122
5451,0.004042
5452,0.989026
5453,0.222610
5454,0.053692
5455,0.943266
5456,0.007902
5457,0.101004
5458,0.004177
5459,0.932945
5460,0.962611
5461,0.013359
5462,0.022831
5463,0.032163
5464,0.009201
5465,0.126164
5466,0.771320
5467,0.991562
5468,0.062834
5469,0.090935
5470,0.995124
5471,0.255635
5472,0.205697
5473,0.004445
5474,0.379138
5475,0.009210
5476,0.065437
5477,0.898121
5478,0.316537
5479,0.936651
5480,0.060127
5481,0.052043
5482,0.004017
5483,0.332507
5484,0.738308
5485,0.140989
5486,0.053729
5487,0.490687
5488,0.108112
5489,0.168295
5490,0.020492
5491,0.611081
5492,0.036741
5493,0.016661
5494,0.789729
5495,0.904806
5496,0.015938
5497,0.192631
5498,0.077411
5499,0.003839
5500,0.002051
5501,0.225904
5502,0.045929
5503,0.057780
5504,0.975767
5505,0.979850
5506,0.019387
5507,0.456306
5508,0.054488
5509,0.959969
5510,0.008581
5511,0.994810
5512,0.009021
5513,0.041599
5514,0.408048
5515,0.004002
5516,0.034884
5517,0.156328
5518,0.186480
5519,0.049165
5520,0.023886
5521,0.996009
5522,0.794004
5523,0.223022
5524,0.974829
5525,0.121104
5526,0.151690
5527,0.832179
5528,0.006021
5529,0.036713
5530,0.120341
5531,0.076711
5532,0.081452
5533,0.091426
5534,0.090135
5535,0.013819
5536,0.082032
5537,0.047144
5538,0.016766
5539,0.055454
5540,0.802351
5541,0.007402
5542,0.273494
5543,0.007561
5544,0.008055
5545,0.931633
5546,0.372715
5547,0.037813
5548,0.050681
5549,0.983278
5550,0.032666
5551,0.117383
5552,0.064182
5553,0.050824
5554,0.443015
5555,0.218534
5556,0.103782
5557,0.582337
5558,0.978599
5559,0.094626
5560,0.988167
5561,0.570597
5562,0.005383
5563,0.094978
5564,0.006602
5565,0.992446
5566,0.373762
5567,0.014910
5568,0.114784
5569,0.062970
5570,0.979821
5571,0.017906
5572,0.003677
5573,0.076481
5574,0.775450
5575,0.387423
5576,0.053266
5577,0.046349
5578,0.125465
5579,0.038222
5580,0.996259
5581,0.313093
5582,0.008356
5583,0.019117
5584,0.623794
5585,0.016581
5586,0.325820
5587,0.747064
5588,0.227435
5589,0.110289
5590,0.140874
5591,0.022297
5592,0.554446
5593,0.007082
5594,0.044146
5595,0.050638
5596,0.602624
5597,0.881150
5598,0.045944
5599,0.831170
5600,0.968695
5601,0.069847
5602,0.079656
5603,0.451449
5604,0.005158
5605,0.794107
5606,0.078257
5607,0.002774
5608,0.388293
5609,0.621422
5610,0.049602
5611,0.086754
5612,0.040713
5613,0.175552
5614,0.192433
5615,0.002677
5616,0.049706
5617,0.868362
5618,0.996541
5619,0.160695
5620,0.035339
5621,0.245258
5622,0.005159
5623,0.004330
5624,0.222039
5625,0.660570
5626,0.217473
5627,0.996370
5628,0.066519
5629,0.134660
5630,0.985410
5631,0.037931
5632,0.016037
5633,0.010145
5634,0.538680
5635,0.087862
5636,0.004919
5637,0.124185
5638,0.752432
5639,0.003563
5640,0.016021
5641,0.179585
5642,0.034557
5643,0.836373
5644,0.081366
5645,0.027138
5646,0.783196
5647,0.127084
5648,0.016551
5649,0.048003
5650,0.013947
5651,0.171075
5652,0.014889
5653,0.014710
5654,0.009284
5655,0.949792
5656,0.202921
5657,0.241628
5658,0.039409
5659,0.133820
5660,0.019055
5661,0.859885
5662,0.024345
5663,0.222958
5664,0.020072
5665,0.927648
5666,0.081407
5667,0.941557
5668,0.996924
5669,0.304070
5670,0.920162
5671,0.099606
5672,0.041225
5673,0.253247
5674,0.789643
5675,0.152117
5676,0.996188
5677,0.050877
5678,0.079110
5679,0.934321
5680,0.006081
5681,0.051582
5682,0.472102
5683,0.202035
5684,0.043151
5685,0.110023
5686,0.105819
5687,0.092199
5688,0.015528
5689,0.043379
5690,0.028854
5691,0.008257
5692,0.024455
5693,0.189131
5694,0.064997
5695,0.472399
5696,0.130087
5697,0.199165
5698,0.032309
5699,0.331584
5700,0.038745
5701,0.968775
5702,0.104603
5703,0.207170
5704,0.830446
5705,0.635933
5706,0.077283
5707,0.022210
5708,0.131340
5709,0.913697
5710,0.969201
5711,0.079838
5712,0.002741
5713,0.023912
5714,0.264041
5715,0.026576
5716,0.002749
5717,0.936696
5718,0.912646
5719,0.005516
5720,0.410231
5721,0.005117
5722,0.996895
5723,0.406731
5724,0.016824
5725,0.052450
5726,0.376031
5727,0.958166
5728,0.788615
5729,0.009274
5730,0.337714
5731,0.979918
5732,0.012951
5733,0.213963
5734,0.995121
5735,0.020519
5736,0.003826
5737,0.963841
5738,0.823688
5739,0.011161
5740,0.249381
5741,0.080653
5742,0.089869
5743,0.820448
5744,0.259543
5745,0.006517
5746,0.032737
5747,0.121650
5748,0.101832
5749,0.267392
5750,0.966423
5751,0.004427
5752,0.136446
5753,0.018002
5754,0.004543
5755,0.053742
5756,0.006810
5757,0.165905
5758,0.889604
5759,0.193967
5760,0.014886
5761,0.009089
5762,0.605805
5763,0.919729
5764,0.002266
5765,0.714386
5766,0.988076
5767,0.034442
5768,0.861748
5769,0.004944
5770,0.088825
5771,0.996298
5772,0.200149
5773,0.664014
5774,0.985305
5775,0.064084
5776,0.874387
5777,0.005868
5778,0.015922
5779,0.006184
5780,0.019354
5781,0.315606
5782,0.020394
5783,0.581458
5784,0.951775
5785,0.716031
5786,0.003098
5787,0.072642
5788,0.994121
5789,0.025231
5790,0.977231
5791,0.996972
5792,0.048180
5793,0.147809
5794,0.145575
5795,0.079333
5796,0.096218
5797,0.971263
5798,0.996401
5799,0.036304
5800,0.331137
5801,0.195331
5802,0.943665
5803,0.133473
5804,0.045379
5805,0.093730
5806,0.986463
5807,0.069720
5808,0.997923
5809,0.024551
5810,0.112249
5811,0.944362
5812,0.979169
5813,0.895065
5814,0.915670
5815,0.934714
5816,0.959745
5817,0.921621
5818,0.034330
5819,0.997811
5820,0.263913
5821,0.071414
5822,0.996829
5823,0.006768
5824,0.867985
5825,0.054183
5826,0.035712
5827,0.025090
5828,0.934690
5829,0.255171
5830,0.059557
5831,0.102427
5832,0.421189
5833,0.301154
5834,0.031177
5835,0.887479
5836,0.096529
5837,0.668012
5838,0.007959
5839,0.003567
5840,0.005401
5841,0.896721
5842,0.059567
5843,0.222833
5844,0.226036
5845,0.532201
5846,0.926174
5847,0.106073
5848,0.096667
5849,0.020653
5850,0.980398
5851,0.956026
5852,0.799879
5853,0.127906
5854,0.830091
5855,0.008758
5856,0.140367
5857,0.066759
5858,0.633361
5859,0.039143
5860,0.949558
5861,0.040608
5862,0.609006
5863,0.145985
5864,0.155343
5865,0.214607
5866,0.084779
5867,0.152463
5868,0.049989
5869,0.066806
5870,0.004748
5871,0.139337
5872,0.008148
5873,0.068946
5874,0.984010
5875,0.997101
5876,0.077888
5877,0.943015
5878,0.160070
5879,0.048795
5880,0.193528
5881,0.131678
5882,0.013381
5883,0.173546
5884,0.819831
5885,0.008794
5886,0.472463
5887,0.874729
5888,0.558621
5889,0.885076
5890,0.003732
5891,0.056906
5892,0.473236
5893,0.077419
5894,0.060552
5895,0.063355
5896,0.017776
5897,0.027922
5898,0.693766
5899,0.098747
5900,0.091121
5901,0.513170
5902,0.564971
5903,0.917929
5904,0.978849
5905,0.487612
5906,0.035886
5907,0.956487
5908,0.036836
5909,0.052010
5910,0.088683
5911,0.126323
5912,0.994325
5913,0.003957
5914,0.062461
5915,0.188646
5916,0.005700
5917,0.004589
5918,0.946764
5919,0.229547
5920,0.984294
5921,0.062511
5922,0.077531
5923,0.093266
5924,0.362329
5925,0.095265
5926,0.976789
5927,0.175492
5928,0.072227
5929,0.007188
5930,0.113574
5931,0.919590
5932,0.036550
5933,0.913147
5934,0.555367
5935,0.192436
5936,0.002936
5937,0.084515
5938,0.422223
5939,0.007351
5940,0.947763
5941,0.035013
5942,0.172643
5943,0.107493
5944,0.284485
5945,0.981395
5946,0.130935
5947,0.057808
5948,0.081936
5949,0.673279
5950,0.021339
5951,0.349067
5952,0.198810
5953,0.408381
5954,0.367992
5955,0.029700
5956,0.907284
5957,0.825404
5958,0.750006
5959,0.281939
5960,0.054980
5961,0.007706
5962,0.283420
5963,0.004522
5964,0.879426
5965,0.272877
5966,0.049158
5967,0.005419
5968,0.046005
5969,0.625238
5970,0.947958
5971,0.053779
5972,0.942153
5973,0.106343
5974,0.855766
5975,0.545888
5976,0.014263
5977,0.321364
5978,0.307080
5979,0.881613
5980,0.178867
5981,0.321543
5982,0.021205
5983,0.020146
5984,0.911750
5985,0.031938
5986,0.151568
5987,0.019198
5988,0.706158
5989,0.863654
5990,0.026146
5991,0.996190
5992,0.032011
5993,0.139292
5994,0.009180
5995,0.061258
5996,0.026893
5997,0.944435
5998,0.787697
5999,0.825519
6000,0.016393
6001,0.739040
6002,0.764729
6003,0.329078
6004,0.046408
6005,0.002502
6006,0.694175
6007,0.944063
6008,0.591405
6009,0.792952
6010,0.008627
6011,0.914484
6012,0.077263
6013,0.172349
6014,0.037494
6015,0.082549
6016,0.043490
6017,0.034100
6018,0.996036
6019,0.027429
6020,0.964581
6021,0.385285
6022,0.961776
6023,0.722155
6024,0.029690
6025,0.021311
6026,0.046484
6027,0.451857
6028,0.082847
6029,0.680609
6030,0.012356
6031,0.029014
6032,0.052920
6033,0.013095
6034,0.600605
6035,0.139396
6036,0.956054
6037,0.611734
6038,0.884403
6039,0.006079
6040,0.053286
6041,0.957611
6042,0.975449
6043,0.845437
6044,0.933982
6045,0.911376
6046,0.016005
6047,0.074308
6048,0.161663
6049,0.503315
6050,0.022400
6051,0.181414
6052,0.133300
6053,0.002508
6054,0.015494
6055,0.086626
6056,0.120957
6057,0.015490
6058,0.158506
6059,0.732512
6060,0.018806
6061,0.405674
6062,0.085247
6063,0.949047
6064,0.008994
6065,0.018653
6066,0.130759
6067,0.004706
6068,0.602687
6069,0.003529
6070,0.066890
6071,0.047949
6072,0.996268
6073,0.022655
6074,0.205036
6075,0.073890
6076,0.096186
6077,0.085230
6078,0.331800
6079,0.024249
6080,0.829011
6081,0.005315
6082,0.856914
6083,0.035657
6084,0.980701
6085,0.177850
6086,0.054126
6087,0.058138
6088,0.068848
6089,0.158883
6090,0.044988
6091,0.037901
6092,0.964459
6093,0.275031
6094,0.038141
6095,0.537358
6096,0.926054
6097,0.082546
6098,0.003688
6099,0.914459
6100,0.957975
6101,0.835312
6102,0.099879
6103,0.241790
6104,0.063852
6105,0.016841
6106,0.023484
6107,0.496709
6108,0.955785
6109,0.010576
6110,0.327731
6111,0.956627
6112,0.031178
6113,0.012809
6114,0.152323
6115,0.962212
6116,0.666670
6117,0.002654
6118,0.035907
6119,0.617785
6120,0.380549
6121,0.009795
6122,0.066946
6123,0.906187
6124,0.124606
6125,0.592155
6126,0.004035
6127,0.910816
6128,0.016982
6129,0.943306
6130,0.012642
6131,0.053325
6132,0.937507
6133,0.115647
6134,0.452309
6135,0.026729
6136,0.837578
6137,0.097211
6138,0.025125
6139,0.136571
6140,0.054893
6141,0.996754
6142,0.982693
6143,0.836579
6144,0.039814
6145,0.952937
6146,0.695176
6147,0.044071
6148,0.734808
6149,0.345928
6150,0.007287
6151,0.042433
6152,0.056764
6153,0.056548
6154,0.807783
6155,0.032975
6156,0.358846
6157,0.031621
6158,0.146338
6159,0.029499
6160,0.756813
6161,0.319801
6162,0.961650
6163,0.862334
6164,0.030329
6165,0.268354
6166,0.933002
6167,0.995917
6168,0.668098
6169,0.403222
6170,0.747153
6171,0.155633
6172,0.835336
6173,0.206237
6174,0.425977
6175,0.533690
6176,0.015495
6177,0.055534
6178,0.907249
6179,0.112803
6180,0.650551
6181,0.963800
6182,0.100361
6183,0.021133
6184,0.172796
6185,0.649411
6186,0.404315
6187,0.005387
6188,0.050521
6189,0.125067
6190,0.157390
6191,0.996764
6192,0.353270
6193,0.027395
6194,0.963241
6195,0.013475
6196,0.967864
6197,0.972520
6198,0.897965
6199,0.054220
6200,0.958056
6201,0.007801
6202,0.022842
6203,0.019526
6204,0.108924
6205,0.029053
6206,0.079062
6207,0.016342
6208,0.972222
6209,0.190830
6210,0.608697
6211,0.959484
6212,0.012836
6213,0.015018
6214,0.468528
6215,0.040895
6216,0.010114
6217,0.049974
6218,0.102894
6219,0.133590
6220,0.030484
6221,0.745587
6222,0.005014
6223,0.011312
6224,0.012252
6225,0.005390
6226,0.006338
6227,0.020379
6228,0.031532
6229,0.955897
6230,0.002906
6231,0.055832
6232,0.078283
6233,0.036504
6234,0.998245
6235,0.368136
6236,0.205107
6237,0.310189
6238,0.040560
6239,0.721240
6240,0.014761
6241,0.379473
6242,0.006662
6243,0.024303
6244,0.002598
6245,0.003584
6246,0.960246
6247,0.065459
6248,0.009703
6249,0.231027
6250,0.370774
6251,0.101184
6252,0.826888
6253,0.836038
6254,0.917625
6255,0.959938
6256,0.989722
6257,0.506402
6258,0.993500
6259,0.005513
6260,0.004965
6261,0.108537
6262,0.100034
6263,0.218905
6264,0.414027
6265,0.042424
6266,0.964528
6267,0.068119
6268,0.094249
6269,0.008831
6270,0.072233
6271,0.012017
6272,0.140319
6273,0.036870
6274,0.097770
6275,0.011571
6276,0.979624
6277,0.054380
6278,0.088167
6279,0.979740
6280,0.147534
6281,0.009614
6282,0.132041
6283,0.218572
6284,0.677958
6285,0.323953
6286,0.013579
6287,0.039758
6288,0.968300
6289,0.683371
6290,0.046713
6291,0.062520
6292,0.026145
6293,0.170092
6294,0.843224
6295,0.101214
6296,0.782678
6297,0.041622
6298,0.084963
6299,0.955811
6300,0.888238
6301,0.023839
6302,0.033121
6303,0.016795
6304,0.690018
6305,0.802604
6306,0.732669
6307,0.276394
6308,0.552843
6309,0.021664
6310,0.768335
6311,0.665013
6312,0.918691
6313,0.996114
6314,0.048096
6315,0.479927
6316,0.440716
6317,0.058053
6318,0.175794
6319,0.059841
6320,0.077194
6321,0.004388
6322,0.997077
6323,0.004211
6324,0.276491
6325,0.004568
6326,0.011817
6327,0.142415
6328,0.003983
6329,0.010921
6330,0.636538
6331,0.034333
6332,0.997778
6333,0.920604
6334,0.006603
6335,0.984836
6336,0.266223
6337,0.499348
6338,0.110177
6339,0.144057
6340,0.007747
6341,0.024683
6342,0.799773
6343,0.038876
6344,0.037062
6345,0.015183
6346,0.125645
6347,0.200639
6348,0.066127
6349,0.888253
6350,0.856236
6351,0.426687
6352,0.722757
6353,0.050789
6354,0.011916
6355,0.081766
6356,0.137259
6357,0.208752
6358,0.004608
6359,0.210293
6360,0.164168
6361,0.165016
6362,0.024922
6363,0.963972
6364,0.010197
6365,0.088311
6366,0.008875
6367,0.052152
6368,0.249014
6369,0.944389
6370,0.176813
6371,0.047351
6372,0.006260
6373,0.526626
6374,0.030850
6375,0.495428
6376,0.454648
6377,0.177318
6378,0.037425
6379,0.017845
6380,0.009388
6381,0.326231
6382,0.067906
6383,0.050495
6384,0.024629
6385,0.997484
6386,0.093548
6387,0.018269
6388,0.806099
6389,0.887201
6390,0.661729
6391,0.912015
6392,0.057055
6393,0.028214
6394,0.008554
6395,0.733351
6396,0.238428
6397,0.972175
6398,0.914296
6399,0.957781
6400,0.952894
6401,0.978688
6402,0.879716
6403,0.003008
6404,0.005385
6405,0.474590
6406,0.938632
6407,0.911565
6408,0.345921
6409,0.639068
6410,0.026435
6411,0.193671
6412,0.194754
6413,0.972374
6414,0.002263
6415,0.983130
6416,0.157854
6417,0.538172
6418,0.031044
6419,0.088554
6420,0.315771
6421,0.025567
6422,0.032485
6423,0.090054
6424,0.923160
6425,0.646212
6426,0.234823
6427,0.116010
6428,0.104339
6429,0.969990
6430,0.981467
6431,0.082158
6432,0.039637
6433,0.002906
6434,0.054121
6435,0.052652
6436,0.100225
6437,0.960984
6438,0.087951
6439,0.063250
6440,0.033532
6441,0.023364
6442,0.018471
6443,0.012753
6444,0.897190
6445,0.953282
6446,0.226513
6447,0.029477
6448,0.011645
6449,0.562628
6450,0.038716
6451,0.576083
6452,0.133961
6453,0.019345
6454,0.257543
6455,0.100738
6456,0.744125
6457,0.024302
6458,0.597836
6459,0.010423
6460,0.016549
6461,0.117034
6462,0.039161
6463,0.004792
6464,0.964409
6465,0.494755
6466,0.086170
6467,0.281803
6468,0.057471
6469,0.962053
6470,0.938734
6471,0.307619
6472,0.030278
6473,0.036488
6474,0.245330
6475,0.056090
6476,0.146075
6477,0.009751
6478,0.075517
6479,0.731850
6480,0.006712
6481,0.021508
6482,0.601069
6483,0.076510
6484,0.068037
6485,0.100692
6486,0.382607
6487,0.019891
6488,0.058773
6489,0.009599
6490,0.242645
6491,0.188506
6492,0.958829
6493,0.042570
6494,0.148808
6495,0.169974
6496,0.078162
6497,0.966079
6498,0.767046
6499,0.270097
6500,0.996788
6501,0.995810
6502,0.004421
6503,0.945416
6504,0.007097
6505,0.969994
6506,0.997005
6507,0.180871
6508,0.090366
6509,0.095948
6510,0.202631
6511,0.964499
6512,0.040964
6513,0.898376
6514,0.010922
6515,0.080854
6516,0.004057
6517,0.016205
6518,0.084710
6519,0.189342
6520,0.925666
6521,0.083160
6522,0.002408
6523,0.332009
6524,0.107038
6525,0.277468
6526,0.108091
6527,0.006637
6528,0.004677
6529,0.062323
6530,0.005734
6531,0.978707
6532,0.319471
6533,0.477054
6534,0.819060
6535,0.098068
6536,0.778366
6537,0.030179
6538,0.009415
6539,0.105454
6540,0.030037
6541,0.911392
6542,0.019602
6543,0.014278
6544,0.010833
6545,0.074615
6546,0.064225
6547,0.913389
6548,0.104251
6549,0.995163
6550,0.052468
6551,0.141979
6552,0.714677
6553,0.089616
6554,0.063578
6555,0.596118
6556,0.985711
6557,0.484877
6558,0.951987
6559,0.684896
6560,0.845207
6561,0.189697
6562,0.538395
6563,0.948544
6564,0.008787
6565,0.385585
6566,0.953205
6567,0.362218
6568,0.301899
6569,0.431421
6570,0.091727
6571,0.026056
6572,0.022556
6573,0.978767
6574,0.054759
6575,0.632867
6576,0.042694
6577,0.054430
6578,0.172401
6579,0.184190
6580,0.002857
6581,0.004708
6582,0.182455
6583,0.213653
6584,0.727349
6585,0.116160
6586,0.580251
6587,0.766030
6588,0.009301
6589,0.050385
6590,0.022523
6591,0.028843
6592,0.046986
6593,0.109737
6594,0.215549
6595,0.625038
6596,0.048055
6597,0.011477
6598,0.275380
6599,0.898896
6600,0.208881
6601,0.461139
6602,0.026702
6603,0.462413
6604,0.010816
6605,0.057681
6606,0.682335
6607,0.006208
6608,0.858508
6609,0.006652
6610,0.035269
6611,0.038017
6612,0.960439
6613,0.028695
6614,0.291327
6615,0.071435
6616,0.014145
6617,0.025719
6618,0.990091
6619,0.034452
6620,0.206253
6621,0.996653
6622,0.937829
6623,0.005626
6624,0.029194
6625,0.075300
6626,0.076452
6627,0.027947
6628,0.007101
6629,0.026627
6630,0.087967
6631,0.025301
6632,0.040471
6633,0.189630
6634,0.031548
6635,0.257436
6636,0.015564
6637,0.092469
6638,0.071003
6639,0.875544
6640,0.017497
6641,0.057596
6642,0.962671
6643,0.142791
6644,0.224298
6645,0.238197
6646,0.896053
6647,0.270842
6648,0.912860
6649,0.919739
6650,0.102801
6651,0.951708
6652,0.421099
6653,0.191754
6654,0.071718
6655,0.057168
6656,0.005521
6657,0.663028
6658,0.049361
6659,0.978127
6660,0.024974
6661,0.158418
6662,0.969647
6663,0.013653
6664,0.060613
6665,0.945038
6666,0.036522
6667,0.438211
6668,0.012272
6669,0.116078
6670,0.176202
6671,0.932516
6672,0.065892
6673,0.004996
6674,0.057852
6675,0.547443
6676,0.472932
6677,0.030802
6678,0.121440
6679,0.039140
6680,0.213124
6681,0.525739
6682,0.011455
6683,0.144729
6684,0.116931
6685,0.945974
6686,0.623506
6687,0.003894
6688,0.004665
6689,0.906120
6690,0.976657
6691,0.998483
6692,0.019988
6693,0.300079
6694,0.031252
6695,0.986639
6696,0.046292
6697,0.031977
6698,0.974463
6699,0.787433
6700,0.414114
6701,0.011991
6702,0.920748
6703,0.918975
6704,0.107869
6705,0.974991
6706,0.018478
6707,0.029566
6708,0.024875
6709,0.162056
6710,0.092086
6711,0.065646
6712,0.007778
6713,0.374919
6714,0.958877
6715,0.023976
6716,0.005472
6717,0.800395
6718,0.966489
6719,0.078887
6720,0.003429
6721,0.002913
6722,0.634527
6723,0.099077
6724,0.008585
6725,0.997324
6726,0.876069
6727,0.988431
6728,0.057916
6729,0.945730
6730,0.335923
6731,0.190972
6732,0.081420
6733,0.933610
6734,0.010312
6735,0.996386
6736,0.410185
6737,0.998086
6738,0.969166
6739,0.003153
6740,0.008749
6741,0.004796
6742,0.141741
6743,0.101050
6744,0.063979
6745,0.005148
6746,0.595770
6747,0.700984
6748,0.889728
6749,0.128473
6750,0.942902
6751,0.262319
6752,0.022391
6753,0.364638
6754,0.007710
6755,0.203645
6756,0.964135
6757,0.063106
6758,0.592914
6759,0.038658
6760,0.152682
6761,0.038456
6762,0.934294
6763,0.013843
6764,0.045428
6765,0.143882
6766,0.859212
6767,0.980682
6768,0.934814
6769,0.026950
6770,0.024532
6771,0.022286
6772,0.965256
6773,0.025631
6774,0.009692
6775,0.049489
6776,0.143573
6777,0.054286
6778,0.075975
6779,0.141966
6780,0.940269
6781,0.004752
6782,0.235321
6783,0.125244
6784,0.002435
6785,0.742384
6786,0.681509
6787,0.851474
6788,0.855157
6789,0.142614
6790,0.016783
6791,0.654037
6792,0.966310
6793,0.161888
6794,0.312171
6795,0.952808
6796,0.561290
6797,0.077068
6798,0.316751
6799,0.031365
6800,0.742707
6801,0.522584
6802,0.252871
6803,0.100768
6804,0.870673
6805,0.004313
6806,0.651035
6807,0.007372
6808,0.030297
6809,0.073190
6810,0.885527
6811,0.029031
6812,0.026803
6813,0.914689
6814,0.035305
6815,0.155521
6816,0.048185
6817,0.029621
6818,0.977096
6819,0.007247
6820,0.060506
6821,0.942682
6822,0.009705
6823,0.145825
6824,0.022603
6825,0.033881
6826,0.076932
6827,0.005030
6828,0.935964
6829,0.003176
6830,0.982857
6831,0.065682
6832,0.020306
6833,0.080647
6834,0.020963
6835,0.701677
6836,0.477739
6837,0.996802
6838,0.363099
6839,0.168414
6840,0.835647
6841,0.043412
6842,0.871922
6843,0.003469
6844,0.094226
6845,0.978998
6846,0.224642
6847,0.007914
6848,0.806677
6849,0.014688
6850,0.015683
6851,0.613010
6852,0.214858
6853,0.854075
6854,0.026287
6855,0.027751
6856,0.090065
6857,0.778558
6858,0.977122
6859,0.918301
6860,0.916100
6861,0.023270
6862,0.095297
6863,0.043634
6864,0.059052
6865,0.003714
6866,0.203949
6867,0.431213
6868,0.799018
6869,0.154255
6870,0.787592
6871,0.941017
6872,0.030093
6873,0.093210
6874,0.097706
6875,0.350302
6876,0.947345
6877,0.812718
6878,0.008544
6879,0.032467
6880,0.069928
6881,0.226599
6882,0.926476
6883,0.411697
6884,0.134913
6885,0.066559
6886,0.985523
6887,0.871214
6888,0.597121
6889,0.139367
6890,0.911114
6891,0.055497
6892,0.009224
6893,0.044957
6894,0.209126
6895,0.102941
6896,0.997302
6897,0.055072
6898,0.961039
6899,0.012789
6900,0.495219
6901,0.005830
6902,0.048908
6903,0.056221
6904,0.012560
6905,0.981788
6906,0.849190
6907,0.157310
6908,0.043563
6909,0.004122
6910,0.815052
6911,0.015987
6912,0.975070
6913,0.973764
6914,0.008543
6915,0.048734
6916,0.955535
6917,0.308215
6918,0.822126
6919,0.022766
6920,0.045193
6921,0.488490
6922,0.003840
6923,0.037154
6924,0.065234
6925,0.012722
6926,0.559142
6927,0.006498
6928,0.003962
6929,0.008256
6930,0.280592
6931,0.116259
6932,0.090066
6933,0.815580
6934,0.074306
6935,0.210439
6936,0.004621
6937,0.005254
6938,0.161352
6939,0.103596
6940,0.936822
6941,0.005099
6942,0.856403
6943,0.054197
6944,0.911347
6945,0.602246
6946,0.005630
6947,0.831837
6948,0.022753
6949,0.187069
6950,0.898790
6951,0.709617
6952,0.073498
6953,0.005111
6954,0.015394
6955,0.965195
6956,0.022270
6957,0.996930
6958,0.917072
6959,0.102264
6960,0.082833
6961,0.169834
6962,0.534641
6963,0.036370
6964,0.667900
6965,0.006300
6966,0.063578
6967,0.017170
6968,0.968973
6969,0.995955
6970,0.003190
6971,0.002928
6972,0.067464
6973,0.008873
6974,0.309843
6975,0.132828
6976,0.017256
6977,0.046864
6978,0.012877
6979,0.037856
6980,0.636230
6981,0.145143
6982,0.997891
6983,0.174323
6984,0.028112
6985,0.198801
6986,0.860243
6987,0.138243
6988,0.060950
6989,0.008582
6990,0.010968
6991,0.003492
6992,0.036599
6993,0.887090
6994,0.812476
6995,0.055101
6996,0.400938
6997,0.925677
6998,0.007882
6999,0.057002
7000,0.465367
7001,0.221020
7002,0.084996
7003,0.121583
7004,0.004789
7005,0.067447
7006,0.006376
7007,0.970779
7008,0.052988
7009,0.044770
7010,0.127321
7011,0.910927
7012,0.005108
7013,0.455758
7014,0.710837
7015,0.003129
7016,0.919067
7017,0.049028
7018,0.377370
7019,0.009921
7020,0.044179
7021,0.008480
7022,0.360704
7023,0.241619
7024,0.880917
7025,0.050061
7026,0.021040
7027,0.006284
7028,0.023685
7029,0.009460
7030,0.126500
7031,0.958497
7032,0.008996
7033,0.840007
7034,0.158432
7035,0.276994
7036,0.709734
7037,0.945090
7038,0.021905
7039,0.003329
7040,0.084281
7041,0.962746
7042,0.005710
7043,0.547243
7044,0.028982
7045,0.306459
7046,0.577474
7047,0.867860
7048,0.927418
7049,0.211331
7050,0.135077
7051,0.048281
7052,0.032580
7053,0.136165
7054,0.027589
7055,0.126529
7056,0.155838
7057,0.285882
7058,0.470872
7059,0.055575
7060,0.032003
7061,0.892802
7062,0.945793
7063,0.081309
7064,0.022417
7065,0.158220
7066,0.180116
7067,0.032003
7068,0.021729
7069,0.954132
7070,0.982777
7071,0.093842
7072,0.007009
7073,0.068543
7074,0.071490
7075,0.997286
7076,0.461361
7077,0.959331
7078,0.953383
7079,0.386093
7080,0.033809
7081,0.257127
7082,0.039559
7083,0.674131
7084,0.125887
7085,0.628622
7086,0.329750
7087,0.029182
7088,0.015302
7089,0.937703
7090,0.341593
7091,0.221146
7092,0.018991
7093,0.655563
7094,0.736869
7095,0.486322
7096,0.173367
7097,0.022694
7098,0.976828
7099,0.005682
7100,0.996946
7101,0.848506
7102,0.459077
7103,0.996893
7104,0.004861
7105,0.038200
7106,0.014489
7107,0.081936
7108,0.232187
7109,0.003511
7110,0.003613
7111,0.549843
7112,0.191171
7113,0.233397
7114,0.975292
7115,0.063871
7116,0.055405
7117,0.382045
7118,0.030508
7119,0.317595
7120,0.166759
7121,0.027113
7122,0.025720
7123,0.091107
7124,0.790696
7125,0.054368
7126,0.444303
7127,0.169773
7128,0.162407
7129,0.928318
7130,0.050155
7131,0.910681
7132,0.645675
7133,0.012921
7134,0.944444
7135,0.254399
7136,0.055843
7137,0.160861
7138,0.565067
7139,0.037141
7140,0.039708
7141,0.008118
7142,0.066967
7143,0.004496
7144,0.977778
7145,0.125173
7146,0.021929
7147,0.002231
7148,0.997647
7149,0.054878
7150,0.015128
7151,0.003797
7152,0.079486
7153,0.468992
7154,0.048677
7155,0.223380
7156,0.005453
7157,0.079950
7158,0.031937
7159,0.052431
7160,0.090870
7161,0.964405
7162,0.003052
7163,0.906463
7164,0.996541
7165,0.021334
7166,0.110452
7167,0.534034
7168,0.978678
7169,0.125335
7170,0.982409
7171,0.387846
7172,0.987611
7173,0.932781
7174,0.052284
7175,0.109105
7176,0.505109
7177,0.871107
7178,0.415105
7179,0.007037
7180,0.046225
7181,0.211943
7182,0.071972
7183,0.917784
7184,0.014891
7185,0.416898
7186,0.878582
7187,0.051047
7188,0.759899
7189,0.651563
7190,0.026929
7191,0.161674
7192,0.038762
7193,0.629679
7194,0.047114
7195,0.972623
7196,0.023105
7197,0.007927
7198,0.025910
7199,0.183921
7200,0.045945
7201,0.028799
7202,0.100137
7203,0.025529
7204,0.115317
7205,0.086349
7206,0.844177
7207,0.972638
7208,0.494131
7209,0.732673
7210,0.811588
7211,0.005747
7212,0.191480
7213,0.983643
7214,0.057855
7215,0.094187
7216,0.006955
7217,0.314028
7218,0.062425
7219,0.003070
7220,0.503398
7221,0.416201
7222,0.002701
7223,0.970088
7224,0.947780
7225,0.161779
7226,0.023028
7227,0.009209
7228,0.327731
7229,0.144645
7230,0.939699
7231,0.047636
7232,0.228846
7233,0.072106
7234,0.980530
7235,0.090091
7236,0.024986
7237,0.333928
7238,0.518495
7239,0.338167
7240,0.004452
7241,0.372542
7242,0.213589
7243,0.032185
7244,0.915032
7245,0.181467
7246,0.074431
7247,0.091984
7248,0.946959
7249,0.111746
7250,0.005988
7251,0.480095
7252,0.265113
7253,0.222402
7254,0.065519
7255,0.103338
7256,0.615172
7257,0.561668
7258,0.122120
7259,0.065296
7260,0.700935
7261,0.961899
7262,0.036638
7263,0.921096
7264,0.028194
7265,0.157284
7266,0.079198
7267,0.011298
7268,0.005038
7269,0.081634
7270,0.032496
7271,0.018673
7272,0.289776
7273,0.157919
7274,0.007869
7275,0.946312
7276,0.004167
7277,0.049592
7278,0.255024
7279,0.065198
7280,0.049782
7281,0.723326
7282,0.961244
7283,0.089219
7284,0.308311
7285,0.117398
7286,0.233681
7287,0.006030
7288,0.887984
7289,0.918032
7290,0.012542
7291,0.161749
7292,0.099564
7293,0.566891
7294,0.215429
7295,0.050070
7296,0.012612
7297,0.447114
7298,0.903004
7299,0.795902
7300,0.397778
7301,0.840527
7302,0.948226
7303,0.402295
7304,0.058408
7305,0.138338
7306,0.195309
7307,0.119784
7308,0.024411
7309,0.002854
7310,0.119064
7311,0.942401
7312,0.016997
7313,0.639515
7314,0.053434
7315,0.007959
7316,0.059972
7317,0.144821
7318,0.093630
7319,0.539323
7320,0.034608
7321,0.921508
7322,0.002894
7323,0.047162
7324,0.883531
7325,0.063608
7326,0.032235
7327,0.360390
7328,0.966277
7329,0.003749
7330,0.967115
7331,0.074712
7332,0.035969
7333,0.097563
7334,0.165681
7335,0.026099
7336,0.204559
7337,0.044405
7338,0.058684
7339,0.049815
7340,0.069466
7341,0.611660
7342,0.019384
7343,0.995276
7344,0.077515
7345,0.028671
7346,0.958134
7347,0.156781
7348,0.005519
7349,0.961049
7350,0.522067
7351,0.997201
7352,0.360567
7353,0.074976
7354,0.071701
7355,0.038038
7356,0.810681
7357,0.004063
7358,0.051369
7359,0.160213
7360,0.119765
7361,0.009531
7362,0.010015
7363,0.803270
7364,0.026399
7365,0.034302
7366,0.013638
7367,0.454090
7368,0.042734
7369,0.014921
7370,0.129861
7371,0.058304
7372,0.023898
7373,0.024769
7374,0.633597
7375,0.965921
7376,0.247841
7377,0.003444
7378,0.936929
7379,0.787089
7380,0.533095
7381,0.009704
7382,0.028155
7383,0.011795
7384,0.036722
7385,0.986935
7386,0.057651
7387,0.967708
7388,0.002154
7389,0.916498
7390,0.600790
7391,0.077556
7392,0.077489
7393,0.021012
7394,0.012135
7395,0.758121
7396,0.996287
7397,0.004937
7398,0.142236
7399,0.043013
7400,0.010790
7401,0.028720
7402,0.008866
7403,0.160866
7404,0.011230
7405,0.193589
7406,0.856183
7407,0.017010
7408,0.130100
7409,0.028788
7410,0.165296
7411,0.190229
7412,0.995395
7413,0.088256
7414,0.014996
7415,0.996867
7416,0.611114
7417,0.947657
7418,0.009168
7419,0.886890
7420,0.911658
7421,0.812386
7422,0.090348
7423,0.405792
7424,0.105041
7425,0.137676
7426,0.026702
7427,0.976463
7428,0.164624
7429,0.791343
7430,0.961202
7431,0.028502
7432,0.025524
7433,0.421374
7434,0.431154
7435,0.688217
7436,0.912991
7437,0.082595
7438,0.958893
7439,0.029852
7440,0.003306
7441,0.888436
7442,0.025354
7443,0.147535
7444,0.044315
7445,0.941129
7446,0.316402
7447,0.988504
7448,0.585680
7449,0.673931
7450,0.292262
7451,0.269589
7452,0.015631
7453,0.991738
7454,0.012174
7455,0.152739
7456,0.179087
7457,0.032421
7458,0.043778
7459,0.190655
7460,0.065132
7461,0.058734
7462,0.749363
7463,0.352847
7464,0.055916
7465,0.005417
7466,0.003459
7467,0.769097
7468,0.279842
7469,0.031075
7470,0.246825
7471,0.790480
7472,0.339853
7473,0.012101
7474,0.024205
7475,0.059753
7476,0.006761
7477,0.046942
7478,0.006571
7479,0.010455
7480,0.751266
7481,0.092082
7482,0.006096
7483,0.997630
7484,0.014230
7485,0.010055
7486,0.071956
7487,0.120613
7488,0.049815
7489,0.080024
7490,0.002412
7491,0.209932
7492,0.048682
7493,0.045610
7494,0.012640
7495,0.019001
7496,0.088868
7497,0.048212
7498,0.063867
7499,0.005602
7500,0.033721
7501,0.414301
7502,0.181550
7503,0.792096
7504,0.006403
7505,0.051312
7506,0.033899
7507,0.016213
7508,0.759457
7509,0.229034
7510,0.917319
7511,0.087123
7512,0.117344
7513,0.004139
7514,0.048702
7515,0.408191
7516,0.081293
7517,0.015633
7518,0.022858
7519,0.951583
7520,0.131573
7521,0.007193
7522,0.006370
7523,0.968089
7524,0.136513
7525,0.961486
7526,0.006609
7527,0.997911
7528,0.116761
7529,0.260275
7530,0.070679
7531,0.008135
7532,0.969369
7533,0.098213
7534,0.014173
7535,0.854046
7536,0.875476
7537,0.274360
7538,0.005777
7539,0.013483
7540,0.366804
7541,0.035524
7542,0.944322
7543,0.169838
7544,0.045715
7545,0.972418
7546,0.998292
7547,0.090549
7548,0.100341
7549,0.237401
7550,0.022460
7551,0.958668
7552,0.285129
7553,0.269760
7554,0.541179
7555,0.883607
7556,0.229846
7557,0.007783
7558,0.264724
7559,0.140350
7560,0.571139
7561,0.196261
7562,0.061892
7563,0.041552
7564,0.395890
7565,0.089552
7566,0.404361
7567,0.853983
7568,0.095069
7569,0.967148
7570,0.179156
7571,0.014919
7572,0.044934
7573,0.011895
7574,0.012649
7575,0.268349
7576,0.016750
7577,0.255571
7578,0.033523
7579,0.739622
7580,0.976662
7581,0.220455
7582,0.489235
7583,0.742892
7584,0.012269
7585,0.377800
7586,0.129489
7587,0.825121
7588,0.004563
7589,0.991270
7590,0.402138
7591,0.102716
7592,0.011484
7593,0.019072
7594,0.023416
7595,0.994625
7596,0.008673
7597,0.577022
7598,0.528770
7599,0.028106
7600,0.018851
7601,0.008568
7602,0.023418
7603,0.882169
7604,0.079459
7605,0.226523
7606,0.868161
7607,0.248328
7608,0.037867
7609,0.003971
7610,0.287033
7611,0.007242
7612,0.084669
7613,0.077013
7614,0.087553
7615,0.704889
7616,0.425156
7617,0.032405
7618,0.371600
7619,0.167165
7620,0.020003
7621,0.113243
7622,0.941245
7623,0.983936
7624,0.045672
7625,0.095437
7626,0.196888
7627,0.980514
7628,0.883495
7629,0.158426
7630,0.968224
7631,0.055439
7632,0.297327
7633,0.393446
7634,0.002379
7635,0.603177
7636,0.238403
7637,0.412152
7638,0.921965
7639,0.008119
7640,0.046919
7641,0.126656
7642,0.108802
7643,0.079836
7644,0.011180
7645,0.194253
7646,0.029962
7647,0.065226
7648,0.002582
7649,0.034296
7650,0.965231
7651,0.978809
7652,0.764480
7653,0.015338
7654,0.058604
7655,0.982451
7656,0.555324
7657,0.598671
7658,0.056610
7659,0.403052
7660,0.090279
7661,0.032326
7662,0.037293
7663,0.194941
7664,0.685254
7665,0.004079
7666,0.019844
7667,0.036754
7668,0.021095
7669,0.119454
7670,0.317802
7671,0.651362
7672,0.727873
7673,0.966945
7674,0.082616
7675,0.274578
7676,0.161936
7677,0.127059
7678,0.831752
7679,0.020781
7680,0.008101
7681,0.002003
7682,0.008171
7683,0.963326
7684,0.020264
7685,0.950007
7686,0.995473
7687,0.006289
7688,0.068931
7689,0.837647
7690,0.022624
7691,0.036315
7692,0.162850
7693,0.162844
7694,0.435736
7695,0.010162
7696,0.285827
7697,0.594945
7698,0.005805
7699,0.125517
7700,0.023636
7701,0.107598
7702,0.453979
7703,0.931414
7704,0.824680
7705,0.004076
7706,0.110437
7707,0.253080
7708,0.047396
7709,0.047103
7710,0.013669
7711,0.049874
7712,0.011357
7713,0.528969
7714,0.009595
7715,0.388083
7716,0.004222
7717,0.061502
7718,0.351294
7719,0.824584
7720,0.254216
7721,0.030511
7722,0.096136
7723,0.266810
7724,0.065486
7725,0.031012
7726,0.625234
7727,0.927804
7728,0.021923
7729,0.777198
7730,0.751692
7731,0.143883
7732,0.977818
7733,0.020282
7734,0.050266
7735,0.088401
7736,0.021728
7737,0.240549
7738,0.213453
7739,0.135303
7740,0.992851
7741,0.997110
7742,0.012752
7743,0.424057
7744,0.949020
7745,0.940335
7746,0.043593
7747,0.906944
7748,0.267317
7749,0.509138
7750,0.033652
7751,0.068218
7752,0.961532
7753,0.255371
7754,0.036166
7755,0.573429
7756,0.469057
7757,0.085759
7758,0.840146
7759,0.047393
7760,0.076316
7761,0.597911
7762,0.134282
7763,0.197846
7764,0.045544
7765,0.096538
7766,0.007975
7767,0.043985
7768,0.996884
7769,0.796859
7770,0.521161
7771,0.240737
7772,0.015329
7773,0.159904
7774,0.918196
7775,0.817900
7776,0.053513
7777,0.265073
7778,0.993029
7779,0.869719
7780,0.062703
7781,0.079222
7782,0.771364
7783,0.118111
7784,0.110601
7785,0.998160
7786,0.831787
7787,0.944707
7788,0.968006
7789,0.374486
7790,0.952756
7791,0.992456
7792,0.917632
7793,0.145864
7794,0.972806
7795,0.701092
7796,0.052228
7797,0.034339
7798,0.049937
7799,0.998436
7800,0.510306
7801,0.395360
7802,0.021987
7803,0.007249
7804,0.016257
7805,0.123040
7806,0.863259
7807,0.849987
7808,0.642265
7809,0.018428
7810,0.969995
7811,0.942450
7812,0.042797
7813,0.943298
7814,0.993642
7815,0.307070
7816,0.355121
7817,0.003305
7818,0.002388
7819,0.131631
7820,0.030675
7821,0.007306
7822,0.058908
7823,0.965588
7824,0.007436
7825,0.934047
7826,0.622848
7827,0.176094
7828,0.975939
7829,0.870573
7830,0.561819
7831,0.912334
7832,0.073154
7833,0.998306
7834,0.010201
7835,0.063743
7836,0.964248
7837,0.026929
7838,0.016610
7839,0.021981
7840,0.945211
7841,0.046670
7842,0.203511
7843,0.024093
7844,0.894536
7845,0.011634
7846,0.636705
7847,0.003888
7848,0.407190
7849,0.884454
7850,0.172529
7851,0.006154
7852,0.759138
7853,0.014422
7854,0.271752
7855,0.973310
7856,0.037802
7857,0.035920
7858,0.028091
7859,0.984334
7860,0.485533
7861,0.461988
7862,0.232432
7863,0.098505
7864,0.095623
7865,0.021362
7866,0.897828
7867,0.012919
7868,0.685328
7869,0.793331
7870,0.341247
7871,0.062908
7872,0.255516
7873,0.953355
7874,0.953896
7875,0.035146
7876,0.182296
7877,0.811770
7878,0.996894
7879,0.858299
7880,0.990590
7881,0.244721
7882,0.995794
7883,0.481607
7884,0.011810
7885,0.054521
7886,0.005826
7887,0.028591
7888,0.880724
7889,0.035885
7890,0.944907
7891,0.025126
7892,0.258958
7893,0.590395
7894,0.004851
7895,0.184559
7896,0.037069
7897,0.073634
7898,0.065144
7899,0.176320
7900,0.293894
7901,0.077685
7902,0.016191
7903,0.762618
7904,0.006105
7905,0.081551
7906,0.357147
7907,0.584466
7908,0.573858
7909,0.186272
7910,0.019905
7911,0.985985
7912,0.021547
7913,0.024061
7914,0.012962
7915,0.866594
7916,0.038558
7917,0.830558
7918,0.099671
7919,0.185073
7920,0.887616
7921,0.102731
7922,0.043512
7923,0.010021
7924,0.025559
7925,0.215102
7926,0.208252
7927,0.123873
7928,0.213213
7929,0.143381
7930,0.855185
7931,0.004595
7932,0.015576
7933,0.054582
7934,0.005749
7935,0.485820
7936,0.058767
7937,0.233757
7938,0.167162
7939,0.079428
7940,0.326089
7941,0.014224
7942,0.012059
7943,0.298082
7944,0.097423
7945,0.011533
7946,0.323374
7947,0.144287
7948,0.118578
7949,0.916979
7950,0.118587
7951,0.883266
7952,0.865082
7953,0.568662
7954,0.057159
7955,0.097039
7956,0.155017
7957,0.021192
7958,0.268497
7959,0.097596
7960,0.068642
7961,0.072242
7962,0.009569
7963,0.495744
7964,0.394871
7965,0.056449
7966,0.920682
7967,0.049737
7968,0.623866
7969,0.008405
7970,0.993197
7971,0.003018
7972,0.009686
7973,0.015081
7974,0.007438
7975,0.344563
7976,0.575462
7977,0.030091
7978,0.851127
7979,0.033144
7980,0.795426
7981,0.096366
7982,0.053481
7983,0.149774
7984,0.008503
7985,0.013023
7986,0.044996
7987,0.067747
7988,0.106035
7989,0.007619
7990,0.298837
7991,0.973685
7992,0.300533
7993,0.196217
7994,0.934420
7995,0.038758
7996,0.794515
7997,0.932021
7998,0.105645
7999,0.973905
8000,0.005495
8001,0.021574
8002,0.556848
8003,0.051340
8004,0.062316
8005,0.157029
8006,0.171448
8007,0.152530
8008,0.395115
8009,0.004873
8010,0.115916
8011,0.315616
8012,0.251921
8013,0.321628
8014,0.980711
8015,0.066308
8016,0.048826
8017,0.181969
8018,0.643447
8019,0.028228
8020,0.003499
8021,0.028236
8022,0.082934
8023,0.097476
8024,0.829058
8025,0.013199
8026,0.831494
8027,0.005047
8028,0.337183
8029,0.124959
8030,0.273962
8031,0.800157
8032,0.030071
8033,0.005558
8034,0.142031
8035,0.421589
8036,0.003218
8037,0.016055
8038,0.065015
8039,0.006586
8040,0.011506
8041,0.145896
8042,0.846923
8043,0.858856
8044,0.022161
8045,0.091973
8046,0.032689
8047,0.208039
8048,0.996746
8049,0.053955
8050,0.287862
8051,0.895022
8052,0.005905
8053,0.978493
8054,0.007677
8055,0.050249
8056,0.961965
8057,0.976641
8058,0.045772
8059,0.043160
8060,0.002137
8061,0.037804
8062,0.445833
8063,0.030071
8064,0.042443
8065,0.587244
8066,0.251550
8067,0.795137
8068,0.032358
8069,0.099081
8070,0.419132
8071,0.883057
8072,0.171995
8073,0.966516
8074,0.839620
8075,0.005738
8076,0.980924
8077,0.967001
8078,0.084720
8079,0.981223
8080,0.081487
8081,0.086731
8082,0.003726
8083,0.891806
8084,0.003077
8085,0.510154
8086,0.009965
8087,0.004968
8088,0.056183
8089,0.898028
8090,0.026421
8091,0.995772
8092,0.952290
8093,0.048194
8094,0.730911
8095,0.030200
8096,0.992793
8097,0.022904
8098,0.005650
8099,0.411754
8100,0.149859
8101,0.193000
8102,0.003933
8103,0.005840
8104,0.944367
8105,0.252184
8106,0.006527
8107,0.225645
8108,0.842386
8109,0.933121
8110,0.144197
8111,0.005089
8112,0.918865
8113,0.049125
8114,0.030334
8115,0.190351
8116,0.970895
8117,0.886374
8118,0.202460
8119,0.052433
8120,0.021958
8121,0.003689
8122,0.978155
8123,0.047789
8124,0.140457
8125,0.015490
8126,0.618948
8127,0.962593
8128,0.076431
8129,0.027514
8130,0.659358
8131,0.087403
8132,0.009407
8133,0.089121
8134,0.906403
8135,0.710621
8136,0.128953
8137,0.081541
8138,0.005894
8139,0.054126
8140,0.012803
8141,0.034405
8142,0.440713
8143,0.217894
8144,0.183450
8145,0.331848
8146,0.023903
8147,0.065186
8148,0.051137
8149,0.398625
8150,0.042756
8151,0.982164
8152,0.629682
8153,0.020011
8154,0.073526
8155,0.239438
8156,0.061824
8157,0.033626
8158,0.121869
8159,0.006679
8160,0.500388
8161,0.218193
8162,0.014631
8163,0.016398
8164,0.292839
8165,0.010561
8166,0.138113
8167,0.977927
8168,0.054643
8169,0.902146
8170,0.201038
8171,0.044921
8172,0.265404
8173,0.789017
8174,0.019101
8175,0.713601
8176,0.149641
8177,0.044860
8178,0.591878
8179,0.063926
8180,0.005424
8181,0.248642
8182,0.894515
8183,0.495717
8184,0.026661
8185,0.041489
8186,0.355492
8187,0.700334
8188,0.960718
8189,0.244697
8190,0.203115
8191,0.069394
8192,0.942218
8193,0.025370
8194,0.022015
8195,0.040971
8196,0.943735
8197,0.241043
8198,0.349238
8199,0.065086
8200,0.439356
8201,0.164735
8202,0.013669
8203,0.212431
8204,0.717686
8205,0.098343
8206,0.051539
8207,0.182569
8208,0.982452
8209,0.654522
8210,0.511078
8211,0.053828
8212,0.007005
8213,0.005743
8214,0.834077
8215,0.085283
8216,0.035361
8217,0.533600
8218,0.222653
8219,0.011144
8220,0.114965
8221,0.973106
8222,0.042780
8223,0.142624
8224,0.138592
8225,0.501970
8226,0.300930
8227,0.010082
8228,0.027972
8229,0.002336
8230,0.232427
8231,0.006058
8232,0.997250
8233,0.023518
8234,0.267474
8235,0.843403
8236,0.994866
8237,0.007898
8238,0.016643
8239,0.024337
8240,0.915344
8241,0.991717
8242,0.022744
8243,0.082851
8244,0.106750
8245,0.266950
8246,0.086729
8247,0.979876
8248,0.251002
8249,0.418383
8250,0.455823
8251,0.082316
8252,0.431546
8253,0.260378
8254,0.274855
8255,0.990450
8256,0.174597
8257,0.003301
8258,0.786797
8259,0.169586
8260,0.004496
8261,0.008170
8262,0.135443
8263,0.103062
8264,0.004031
8265,0.046058
8266,0.204484
8267,0.960278
8268,0.134320
8269,0.401821
8270,0.070177
8271,0.439139
8272,0.092419
8273,0.088735
8274,0.069667
8275,0.960780
8276,0.092370
8277,0.326677
8278,0.114962
8279,0.108199
8280,0.232234
8281,0.005429
8282,0.050576
8283,0.996069
8284,0.314324
8285,0.938005
8286,0.039038
8287,0.014116
8288,0.757879
8289,0.430240
8290,0.012859
8291,0.025480
8292,0.003201
8293,0.140644
8294,0.549196
8295,0.466547
8296,0.020867
8297,0.861103
8298,0.394055
8299,0.978941
8300,0.027002
8301,0.012576
8302,0.064459
8303,0.043229
8304,0.088854
8305,0.015363
8306,0.556695
8307,0.980915
8308,0.003735
8309,0.336572
8310,0.150020
8311,0.966644
8312,0.797251
8313,0.463625
8314,0.043552
8315,0.976287
8316,0.935434
8317,0.039055
8318,0.015053
8319,0.021854
8320,0.007533
8321,0.007386
8322,0.126429
8323,0.092842
8324,0.016444
8325,0.005249
8326,0.573351
8327,0.029206
8328,0.026888
8329,0.194215
8330,0.982610
8331,0.266788
8332,0.299868
8333,0.003590
8334,0.701977
8335,0.940569
8336,0.670617
8337,0.126558
8338,0.006935
8339,0.045672
8340,0.085445
8341,0.242269
8342,0.952244
8343,0.052566
8344,0.991936
8345,0.011077
8346,0.907681
8347,0.159544
8348,0.097676
8349,0.232593
8350,0.180249
8351,0.023850
8352,0.950540
8353,0.657234
8354,0.003819
8355,0.932084
8356,0.081980
8357,0.254821
8358,0.226398
8359,0.926145
8360,0.979940
8361,0.303595
8362,0.926322
8363,0.127784
8364,0.996665
8365,0.689177
8366,0.020487
8367,0.322740
8368,0.831022
8369,0.007669
8370,0.077584
8371,0.765699
8372,0.063229
8373,0.470847
8374,0.333731
8375,0.284229
8376,0.115032
8377,0.008147
8378,0.313555
8379,0.016794
8380,0.785954
8381,0.601494
8382,0.997124
8383,0.021938
8384,0.005306
8385,0.057936
8386,0.858615
8387,0.991595
8388,0.282830
8389,0.124028
8390,0.003008
8391,0.080110
8392,0.005908
8393,0.607574
8394,0.428331
8395,0.209791
8396,0.094540
8397,0.998326
8398,0.960695
8399,0.088707
8400,0.092767
8401,0.642107
8402,0.900567
8403,0.548698
8404,0.029443
8405,0.900691
8406,0.180379
8407,0.961464
8408,0.005644
8409,0.021775
8410,0.068026
8411,0.133283
8412,0.074340
8413,0.113642
8414,0.029073
8415,0.283456
8416,0.005070
8417,0.052624
8418,0.047901
8419,0.783352
8420,0.007767
8421,0.996220
8422,0.043272
8423,0.286722
8424,0.005028
8425,0.457650
8426,0.996429
8427,0.365705
8428,0.952897
8429,0.098510
8430,0.014645
8431,0.361984
8432,0.017141
8433,0.906174
8434,0.147475
8435,0.092013
8436,0.847333
8437,0.847552
8438,0.014717
8439,0.114978
8440,0.033151
8441,0.337569
8442,0.010283
8443,0.257235
8444,0.052085
8445,0.012236
8446,0.036964
8447,0.113684
8448,0.075310
8449,0.670324
8450,0.027585
8451,0.063899
8452,0.003646
8453,0.997686
8454,0.702918
8455,0.156438
8456,0.501874
8457,0.204740
8458,0.995165
8459,0.416662
8460,0.226006
8461,0.086138
8462,0.031922
8463,0.011531
8464,0.092767
8465,0.064841
8466,0.845966
8467,0.005512
8468,0.605069
8469,0.083899
8470,0.105482
8471,0.974690
8472,0.991478
8473,0.085743
8474,0.009599
8475,0.936088
8476,0.153715
8477,0.271697
8478,0.612987
8479,0.003291
8480,0.008381
8481,0.004382
8482,0.012007
8483,0.008812
8484,0.367988
8485,0.129465
8486,0.157672
8487,0.037235
8488,0.004364
8489,0.854860
8490,0.109205
8491,0.901915
8492,0.525645
8493,0.014589
8494,0.036263
8495,0.881733
8496,0.178700
8497,0.044150
8498,0.075978
8499,0.471692
8500,0.010772
8501,0.162205
8502,0.085009
8503,0.898124
8504,0.036062
8505,0.014304
8506,0.038080
8507,0.049630
8508,0.037812
8509,0.011428
8510,0.051383
8511,0.013993
8512,0.029765
8513,0.005939
8514,0.019785
8515,0.245331
8516,0.052096
8517,0.049766
8518,0.345135
8519,0.023740
8520,0.005444
8521,0.107292
8522,0.876587
8523,0.124218
8524,0.975233
8525,0.009763
8526,0.596896
8527,0.018672
8528,0.065171
8529,0.761424
8530,0.796070
8531,0.873137
8532,0.474150
8533,0.011427
8534,0.023138
8535,0.993084
8536,0.125886
8537,0.067833
8538,0.355064
8539,0.049829
8540,0.228559
8541,0.239870
8542,0.082775
8543,0.963798
8544,0.967194
8545,0.100909
8546,0.068826
8547,0.152401
8548,0.848419
8549,0.021841
8550,0.032905
8551,0.035877
8552,0.067552
8553,0.116485
8554,0.272716
8555,0.050925
8556,0.165404
8557,0.787537
8558,0.968259
8559,0.708103
8560,0.990020
8561,0.604393
8562,0.087647
8563,0.061876
8564,0.020003
8565,0.047274
8566,0.901406
8567,0.678078
8568,0.944691
8569,0.222973
8570,0.769239
8571,0.013283
8572,0.996865
8573,0.451987
8574,0.050128
8575,0.083454
8576,0.003911
8577,0.819299
8578,0.979289
8579,0.061386
8580,0.523322
8581,0.639114
8582,0.013285
8583,0.676619
8584,0.753741
8585,0.005616
8586,0.062682
8587,0.029279
8588,0.114685
8589,0.010071
8590,0.637920
8591,0.976250
8592,0.093086
8593,0.104597
8594,0.006328
8595,0.946747
8596,0.242786
8597,0.009504
8598,0.834516
8599,0.923142
8600,0.076472
8601,0.082906
8602,0.055809
8603,0.079684
8604,0.843960
8605,0.035357
8606,0.066267
8607,0.236290
8608,0.979889
8609,0.050395
8610,0.064283
8611,0.593574
8612,0.212372
8613,0.968031
8614,0.864548
8615,0.534195
8616,0.103599
8617,0.076536
8618,0.693760
8619,0.028599
8620,0.127856
8621,0.911554
8622,0.063676
8623,0.843733
8624,0.009874
8625,0.122036
8626,0.012603
8627,0.035258
8628,0.508751
8629,0.005963
8630,0.839056
8631,0.069534
8632,0.075747
8633,0.892662
8634,0.276165
8635,0.709846
8636,0.920376
8637,0.989313
8638,0.010880
8639,0.523855
8640,0.010965
8641,0.662162
8642,0.003364
8643,0.774434
8644,0.004531
8645,0.006071
8646,0.282166
8647,0.330239
8648,0.068720
8649,0.263113
8650,0.009293
8651,0.011957
8652,0.758226
8653,0.006080
8654,0.028821
8655,0.006473
8656,0.009303
8657,0.383320
8658,0.450590
8659,0.053296
8660,0.004181
8661,0.212775
8662,0.006834
8663,0.113848
8664,0.003345
8665,0.007409
8666,0.970999
8667,0.035870
8668,0.065208
8669,0.100077
8670,0.003842
8671,0.200813
8672,0.970586
8673,0.028687
8674,0.035249
8675,0.941807
8676,0.893706
8677,0.004339
8678,0.045213
8679,0.106755
8680,0.400966
8681,0.121162
8682,0.935216
8683,0.425843
8684,0.490101
8685,0.008862
8686,0.073474
8687,0.009813
8688,0.928155
8689,0.064089
8690,0.052254
8691,0.955272
8692,0.135040
8693,0.032564
8694,0.998569
8695,0.982945
8696,0.014683
8697,0.953000
8698,0.112293
8699,0.058409
8700,0.063422
8701,0.929590
8702,0.036264
8703,0.088309
8704,0.004896
8705,0.607781
8706,0.996798
8707,0.018148
8708,0.015150
8709,0.027941
8710,0.129434
8711,0.056597
8712,0.045345
8713,0.130844
8714,0.663275
8715,0.024058
8716,0.011505
8717,0.501634
8718,0.926252
8719,0.035046
8720,0.048766
8721,0.039764
8722,0.981444
8723,0.006625
8724,0.007686
8725,0.080507
8726,0.034212
8727,0.038253
8728,0.270512
8729,0.998427
8730,0.678026
8731,0.678564
8732,0.780610
8733,0.722021
8734,0.005240
8735,0.093248
8736,0.749171
8737,0.900391
8738,0.145507
8739,0.284621
8740,0.957701
8741,0.966743
8742,0.993303
8743,0.035172
8744,0.003018
8745,0.212686
8746,0.174969
8747,0.063474
8748,0.019692
8749,0.066157
8750,0.056414
8751,0.142677
8752,0.539861
8753,0.714348
8754,0.189287
8755,0.946414
8756,0.244324
8757,0.211264
8758,0.039390
8759,0.328310
8760,0.002450
8761,0.825521
8762,0.017200
8763,0.965329
8764,0.199973
8765,0.320352
8766,0.007990
8767,0.057355
8768,0.034340
8769,0.058073
8770,0.043063
8771,0.006639
8772,0.034347
8773,0.039125
8774,0.656976
8775,0.013087
8776,0.030565
8777,0.313796
8778,0.101505
8779,0.013359
8780,0.008725
8781,0.954718
8782,0.087959
8783,0.043491
8784,0.004181
8785,0.010048
8786,0.117165
8787,0.005779
8788,0.978574
8789,0.044026
8790,0.975436
8791,0.074132
8792,0.022714
8793,0.087559
8794,0.892908
8795,0.648355
8796,0.005373
8797,0.570208
8798,0.913335
8799,0.079411
8800,0.022068
8801,0.042685
8802,0.014364
8803,0.629952
8804,0.027414
8805,0.115538
8806,0.227085
8807,0.026972
8808,0.461640
8809,0.339680
8810,0.033176
8811,0.432448
8812,0.919903
8813,0.007429
8814,0.687373
8815,0.931848
8816,0.879073
8817,0.972354
8818,0.883593
8819,0.193075
8820,0.385372
8821,0.086726
8822,0.708477
8823,0.932214
8824,0.011248
8825,0.070851
8826,0.347098
8827,0.658556
8828,0.206796
8829,0.049103
8830,0.020280
8831,0.061163
8832,0.285129
8833,0.048562
8834,0.840543
8835,0.006263
8836,0.112408
8837,0.154275
8838,0.297145
8839,0.108534
8840,0.109055
8841,0.976531
8842,0.884208
8843,0.034688
8844,0.599967
8845,0.106695
8846,0.006938
8847,0.027509
8848,0.989564
8849,0.039512
8850,0.905029
8851,0.067622
8852,0.890181
8853,0.209841
8854,0.002790
8855,0.023813
8856,0.028177
8857,0.021081
8858,0.136108
8859,0.529323
8860,0.065048
8861,0.046585
8862,0.050543
8863,0.353300
8864,0.013760
8865,0.732357
8866,0.924812
8867,0.044592
8868,0.954918
8869,0.181463
8870,0.087933
8871,0.321240
8872,0.022376
8873,0.011122
8874,0.358739
8875,0.080619
8876,0.004599
8877,0.998469
8878,0.003041
8879,0.078543
8880,0.017957
8881,0.383596
8882,0.183029
8883,0.211907
8884,0.943349
8885,0.286636
8886,0.100002
8887,0.022554
8888,0.043197
8889,0.018402
8890,0.077451
8891,0.285644
8892,0.190746
8893,0.300815
8894,0.150965
8895,0.965855
8896,0.361969
8897,0.254372
8898,0.554097
8899,0.174450
8900,0.173712
8901,0.497192
8902,0.997625
8903,0.409214
8904,0.579470
8905,0.480403
8906,0.949108
8907,0.043630
8908,0.073677
8909,0.713011
8910,0.630644
8911,0.035446
8912,0.260776
8913,0.061526
8914,0.042495
8915,0.056756
8916,0.005598
8917,0.065517
8918,0.033003
8919,0.195874
8920,0.122746
8921,0.072919
8922,0.949781
8923,0.036335
8924,0.689791
8925,0.334668
8926,0.019454
8927,0.659482
8928,0.939894
8929,0.335379
8930,0.599859
8931,0.099456
8932,0.932989
8933,0.044746
8934,0.116814
8935,0.791760
8936,0.832494
8937,0.009949
8938,0.953739
8939,0.168854
8940,0.271407
8941,0.007154
8942,0.320391
8943,0.320499
8944,0.748097
8945,0.863208
8946,0.132171
8947,0.947742
8948,0.126428
8949,0.304553
8950,0.472109
8951,0.995136
8952,0.022419
8953,0.023735
8954,0.054115
8955,0.908073
8956,0.712048
8957,0.928463
8958,0.904660
8959,0.254844
8960,0.015922
8961,0.606904
8962,0.030551
8963,0.936710
8964,0.241516
8965,0.052452
8966,0.337364
8967,0.018326
8968,0.010128
8969,0.008177
8970,0.008255
8971,0.012262
8972,0.005646
8973,0.478125
8974,0.018495
8975,0.872049
8976,0.142273
8977,0.058141
8978,0.466403
8979,0.003260
8980,0.011412
8981,0.791710
8982,0.091036
8983,0.506565
8984,0.011743
8985,0.016019
8986,0.008860
8987,0.028762
8988,0.009992
8989,0.269637
8990,0.012044
8991,0.128020
8992,0.011437
8993,0.116308
8994,0.961286
8995,0.522043
8996,0.041110
8997,0.971469
8998,0.019670
8999,0.087244
9000,0.112648
9001,0.267632
9002,0.005283
9003,0.977526
9004,0.290909
9005,0.834977
9006,0.875279
9007,0.115049
9008,0.057825
9009,0.117139
9010,0.799169
9011,0.852759
9012,0.014948
9013,0.015731
9014,0.122885
9015,0.010916
9016,0.264147
9017,0.114385
9018,0.861682
9019,0.192412
9020,0.015769
9021,0.436053
9022,0.058745
9023,0.250554
9024,0.043175
9025,0.550361
9026,0.261867
9027,0.994728
9028,0.208359
9029,0.009545
9030,0.549286
9031,0.185222
9032,0.281921
9033,0.972658
9034,0.042438
9035,0.011559
9036,0.032806
9037,0.030530
9038,0.164846
9039,0.161394
9040,0.025083
9041,0.352819
9042,0.077224
9043,0.447207
9044,0.007982
9045,0.036392
9046,0.039544
9047,0.079089
9048,0.255437
9049,0.966003
9050,0.093101
9051,0.950495
9052,0.026645
9053,0.044280
9054,0.095085
9055,0.360070
9056,0.307688
9057,0.053546
9058,0.997338
9059,0.072265
9060,0.015331
9061,0.277279
9062,0.896151
9063,0.016803
9064,0.021664
9065,0.603313
9066,0.146111
9067,0.257183
9068,0.026607
9069,0.012813
9070,0.056285
9071,0.097464
9072,0.805191
9073,0.840808
9074,0.907424
9075,0.009430
9076,0.851295
9077,0.007653
9078,0.145186
9079,0.663607
9080,0.544370
9081,0.693318
9082,0.524258
9083,0.422675
9084,0.063228
9085,0.957823
9086,0.867333
9087,0.972590
9088,0.727055
9089,0.141960
9090,0.370076
9091,0.357486
9092,0.408513
9093,0.019743
9094,0.022662
9095,0.626972
9096,0.911487
9097,0.004093
9098,0.055972
9099,0.171752
9100,0.007543
9101,0.862321
9102,0.050426
9103,0.697069
9104,0.208050
9105,0.072747
9106,0.275431
9107,0.013250
9108,0.456676
9109,0.278380
9110,0.002333
9111,0.845961
9112,0.014241
9113,0.612485
9114,0.023162
9115,0.767761
9116,0.124301
9117,0.919121
9118,0.233923
9119,0.623072
9120,0.050138
9121,0.516743
9122,0.100633
9123,0.204432
9124,0.005504
9125,0.487933
9126,0.134957
9127,0.036456
9128,0.005444
9129,0.016864
9130,0.381219
9131,0.960859
9132,0.122535
9133,0.011644
9134,0.125910
9135,0.457075
9136,0.010028
9137,0.049035
9138,0.025064
9139,0.016484
9140,0.915472
9141,0.078946
9142,0.045681
9143,0.799454
9144,0.259858
9145,0.027059
9146,0.004024
9147,0.123760
9148,0.242231
9149,0.050163
9150,0.160080
9151,0.007534
9152,0.577946
9153,0.236477
9154,0.638154
9155,0.994394
9156,0.680489
9157,0.900935
9158,0.228488
9159,0.006779
9160,0.129586
9161,0.005125
9162,0.064918
9163,0.004230
9164,0.049480
9165,0.020237
9166,0.964120
9167,0.022456
9168,0.226353
9169,0.950633
9170,0.639109
9171,0.955110
9172,0.893203
9173,0.462075
9174,0.091148
9175,0.049056
9176,0.002263
9177,0.313765
9178,0.507399
9179,0.024066
9180,0.008464
9181,0.458664
9182,0.004110
9183,0.012720
9184,0.153796
9185,0.022864
9186,0.093610
9187,0.026101
9188,0.030970
9189,0.684530
9190,0.007313
9191,0.055457
9192,0.953577
9193,0.003995
9194,0.009001
9195,0.012854
9196,0.880710
9197,0.076779
9198,0.005960
9199,0.054511
9200,0.094211
9201,0.997879
9202,0.050747
9203,0.033215
9204,0.154808
9205,0.003203
9206,0.244962
9207,0.368647
9208,0.005924
9209,0.014660
9210,0.932990
9211,0.868939
9212,0.206210
9213,0.084145
9214,0.037572
9215,0.057610
9216,0.179385
9217,0.043917
9218,0.269317
9219,0.038683
9220,0.023777
9221,0.529693
9222,0.053775
9223,0.990616
9224,0.081822
9225,0.986856
9226,0.994688
9227,0.035504
9228,0.011256
9229,0.018593
9230,0.105771
9231,0.043856
9232,0.911629
9233,0.006531
9234,0.122534
9235,0.080463
9236,0.004944
9237,0.088000
9238,0.153820
9239,0.188179
9240,0.527273
9241,0.148551
9242,0.002628
9243,0.995284
9244,0.007486
9245,0.036175
9246,0.217627
9247,0.042589
9248,0.992447
9249,0.995421
9250,0.047235
9251,0.530527
9252,0.008609
9253,0.006880
9254,0.125937
9255,0.998406
9256,0.129287
9257,0.223030
9258,0.905771
9259,0.030664
9260,0.068766
9261,0.935700
9262,0.735806
9263,0.023267
9264,0.016831
9265,0.012184
9266,0.831615
9267,0.406084
9268,0.071732
9269,0.756325
9270,0.005892
9271,0.003226
9272,0.041101
9273,0.078729
9274,0.047824
9275,0.027157
9276,0.013033
9277,0.175099
9278,0.985276
9279,0.113690
9280,0.667215
9281,0.945899
9282,0.272801
9283,0.896283
9284,0.133817
9285,0.244412
9286,0.095616
9287,0.423373
9288,0.133394
9289,0.082183
9290,0.071647
9291,0.083009
9292,0.487539
9293,0.245278
9294,0.110040
9295,0.486272
9296,0.130545
9297,0.959319
9298,0.075023
9299,0.007023
9300,0.083634
9301,0.196453
9302,0.047725
9303,0.057082
9304,0.056372
9305,0.011141
9306,0.120122
9307,0.716730
9308,0.955774
9309,0.892400
9310,0.055406
9311,0.912947
9312,0.844953
9313,0.695153
9314,0.019085
9315,0.315032
9316,0.902696
9317,0.481965
9318,0.007128
9319,0.043176
9320,0.027719
9321,0.825986
9322,0.632078
9323,0.439398
9324,0.013637
9325,0.008231
9326,0.181656
9327,0.041397
9328,0.472572
9329,0.103066
9330,0.869215
9331,0.190736
9332,0.054004
9333,0.035796
9334,0.351132
9335,0.009017
9336,0.068046
9337,0.756215
9338,0.104166
9339,0.268820
9340,0.140440
9341,0.028235
9342,0.040037
9343,0.062402
9344,0.086108
9345,0.004730
9346,0.131628
9347,0.055358
9348,0.033104
9349,0.039114
9350,0.072150
9351,0.017257
9352,0.079020
9353,0.024806
9354,0.036607
9355,0.395735
9356,0.261281
9357,0.008276
9358,0.281215
9359,0.968632
9360,0.085534
9361,0.003496
9362,0.032131
9363,0.038933
9364,0.401873
9365,0.005106
9366,0.128755
9367,0.955733
9368,0.112102
9369,0.084235
9370,0.944248
9371,0.489142
9372,0.015228
9373,0.004598
9374,0.062453
9375,0.208122
9376,0.857144
9377,0.077444
9378,0.998350
9379,0.100149
9380,0.041323
9381,0.970819
9382,0.087192
9383,0.972009
9384,0.905065
9385,0.961148
9386,0.004567
9387,0.374226
9388,0.198305
9389,0.598496
9390,0.015574
9391,0.239528
9392,0.063454
9393,0.027845
9394,0.412110
9395,0.837221
9396,0.021157
9397,0.996613
9398,0.006922
9399,0.003964
9400,0.550301
9401,0.036949
9402,0.088964
9403,0.012841
9404,0.978825
9405,0.449278
9406,0.003405
9407,0.009433
9408,0.476324
9409,0.254219
9410,0.934175
9411,0.250797
9412,0.029441
9413,0.066671
9414,0.007314
9415,0.252808
9416,0.015492
9417,0.023127
9418,0.041156
9419,0.288739
9420,0.973335
9421,0.098162
9422,0.995949
9423,0.044555
9424,0.711305
9425,0.979663
9426,0.253793
9427,0.132061
9428,0.053396
9429,0.586257
9430,0.002961
9431,0.938936
9432,0.012667
9433,0.897078
9434,0.011609
9435,0.998074
9436,0.976117
9437,0.008679
9438,0.337491
9439,0.007298
9440,0.355479
9441,0.845888
9442,0.072039
9443,0.053968
9444,0.067644
9445,0.922224
9446,0.008823
9447,0.970576
9448,0.036628
9449,0.043955
9450,0.057212
9451,0.003467
9452,0.979519
9453,0.460350
9454,0.022546
9455,0.021350
9456,0.005834
9457,0.508119
9458,0.014681
9459,0.265627
9460,0.019059
9461,0.914031
9462,0.331002
9463,0.059247
9464,0.177711
9465,0.002363
9466,0.682990
9467,0.895926
9468,0.138153
9469,0.002084
9470,0.966419
9471,0.011678
9472,0.968003
9473,0.111297
9474,0.952746
9475,0.044290
9476,0.023970
9477,0.066349
9478,0.823594
9479,0.083905
9480,0.881461
9481,0.912110
9482,0.184427
9483,0.913680
9484,0.054876
9485,0.196478
9486,0.945502
9487,0.675267
9488,0.968307
9489,0.240338
9490,0.030152
9491,0.050648
9492,0.990545
9493,0.084423
9494,0.206846
9495,0.003613
9496,0.016289
9497,0.073640
9498,0.341392
9499,0.946518
9500,0.199375
9501,0.118901
9502,0.963254
9503,0.979730
9504,0.378948
9505,0.741036
9506,0.990316
9507,0.043015
9508,0.036964
9509,0.049938
9510,0.019532
9511,0.192094
9512,0.135491
9513,0.858914
9514,0.160376
9515,0.080083
9516,0.154590
9517,0.033792
9518,0.017392
9519,0.041597
9520,0.004444
9521,0.025101
9522,0.471959
9523,0.023129
9524,0.052489
9525,0.002749
9526,0.708587
9527,0.033184
9528,0.080812
9529,0.240159
9530,0.043454
9531,0.033594
9532,0.029878
9533,0.468101
9534,0.819077
9535,0.711130
9536,0.011304
9537,0.991558
9538,0.038251
9539,0.437393
9540,0.975206
9541,0.218476
9542,0.303142
9543,0.005497
9544,0.031114
9545,0.086486
9546,0.965637
9547,0.851205
9548,0.023248
9549,0.236103
9550,0.618118
9551,0.640546
9552,0.942666
9553,0.624125
9554,0.978406
9555,0.461281
9556,0.027894
9557,0.955386
9558,0.055362
9559,0.086095
9560,0.002804
9561,0.081585
9562,0.992976
9563,0.224666
9564,0.961320
9565,0.006816
9566,0.099270
9567,0.991702
9568,0.029080
9569,0.084521
9570,0.368210
9571,0.084240
9572,0.129395
9573,0.815010
9574,0.929111
9575,0.070091
9576,0.975682
9577,0.248952
9578,0.006096
9579,0.008709
9580,0.909886
9581,0.829737
9582,0.011067
9583,0.817633
9584,0.891729
9585,0.028940
9586,0.006404
9587,0.021843
9588,0.950286
9589,0.032160
9590,0.147914
9591,0.212778
9592,0.604187
9593,0.028108
9594,0.952631
9595,0.968274
9596,0.049150
9597,0.934106
9598,0.961739
9599,0.105671
9600,0.699595
9601,0.563721
9602,0.005806
9603,0.073819
9604,0.071437
9605,0.082407
9606,0.003990
9607,0.233670
9608,0.721891
9609,0.498660
9610,0.006253
9611,0.004903
9612,0.007500
9613,0.035355
9614,0.488242
9615,0.182736
9616,0.879979
9617,0.029937
9618,0.587406
9619,0.197885
9620,0.005491
9621,0.352369
9622,0.012972
9623,0.513082
9624,0.154805
9625,0.008600
9626,0.045339
9627,0.068274
9628,0.972909
9629,0.428514
9630,0.898497
9631,0.995942
9632,0.992436
9633,0.055743
9634,0.063199
9635,0.997892
9636,0.976103
9637,0.008922
9638,0.083847
9639,0.073269
9640,0.199093
9641,0.007164
9642,0.140882
9643,0.146570
9644,0.979090
9645,0.197365
9646,0.374682
9647,0.573185
9648,0.002783
9649,0.835780
9650,0.013642
9651,0.977807
9652,0.790732
9653,0.253833
9654,0.205926
9655,0.021055
9656,0.461453
9657,0.946666
9658,0.998502
9659,0.033442
9660,0.050514
9661,0.098611
9662,0.965412
9663,0.012991
9664,0.008767
9665,0.116897
9666,0.053211
9667,0.075465
9668,0.207868
9669,0.090408
9670,0.801574
9671,0.193915
9672,0.072358
9673,0.092561
9674,0.544805
9675,0.125686
9676,0.092463
9677,0.004527
9678,0.951465
9679,0.024909
9680,0.362409
9681,0.484394
9682,0.175229
9683,0.909324
9684,0.035759
9685,0.819402
9686,0.104091
9687,0.113416
9688,0.028265
9689,0.018487
9690,0.201756
9691,0.814870
9692,0.077426
9693,0.030361
9694,0.710907
9695,0.011731
9696,0.953005
9697,0.247530
9698,0.063060
9699,0.013778
9700,0.060669
9701,0.133939
9702,0.996228
9703,0.121678
9704,0.054404
9705,0.157173
9706,0.711385
9707,0.094223
9708,0.023698
9709,0.086660
9710,0.401819
9711,0.072641
9712,0.493269
9713,0.541643
9714,0.020005
9715,0.052662
9716,0.250259
9717,0.026851
9718,0.031991
9719,0.132847
9720,0.994828
9721,0.979118
9722,0.122785
9723,0.016764
9724,0.087423
9725,0.862469
9726,0.122808
9727,0.155543
9728,0.322187
9729,0.023839
9730,0.968803
9731,0.023565
9732,0.004713
9733,0.017449
9734,0.036008
9735,0.698041
9736,0.254396
9737,0.046470
9738,0.064635
9739,0.953921
9740,0.098554
9741,0.058159
9742,0.047440
9743,0.767394
9744,0.037437
9745,0.866956
9746,0.005917
9747,0.388972
9748,0.717041
9749,0.968694
9750,0.009087
9751,0.962633
9752,0.031870
9753,0.962577
9754,0.293587
9755,0.994860
9756,0.114315
9757,0.953837
9758,0.181329
9759,0.023297
9760,0.010287
9761,0.214422
9762,0.003260
9763,0.090255
9764,0.893646
9765,0.198953
9766,0.232874
9767,0.987982
9768,0.333194
9769,0.019441
9770,0.558986
9771,0.112669
9772,0.103635
9773,0.694308
9774,0.008651
9775,0.084708
9776,0.007537
9777,0.194377
9778,0.128946
9779,0.158877
9780,0.994404
9781,0.095712
9782,0.753012
9783,0.162190
9784,0.388995
9785,0.955359
9786,0.597415
9787,0.038697
9788,0.009908
9789,0.373259
9790,0.234083
9791,0.046254
9792,0.141879
9793,0.135530
9794,0.703920
9795,0.066065
9796,0.053613
9797,0.917693
9798,0.506675
9799,0.049878
9800,0.047268
9801,0.023556
9802,0.178554
9803,0.006281
9804,0.682402
9805,0.011611
9806,0.760716
9807,0.049145
9808,0.060981
9809,0.070369
9810,0.008250
9811,0.026274
9812,0.068514
9813,0.006559
9814,0.039732
9815,0.247329
9816,0.196600
9817,0.065283
9818,0.267136
9819,0.870884
9820,0.133395
9821,0.075814
9822,0.010316
9823,0.876656
9824,0.434727
9825,0.970875
9826,0.008643
9827,0.991004
9828,0.490002
9829,0.582371
9830,0.989390
9831,0.034709
9832,0.060024
9833,0.190640
9834,0.035203
9835,0.580026
9836,0.974906
9837,0.994642
9838,0.003032
9839,0.068466
9840,0.995723
9841,0.056608
9842,0.403512
9843,0.792520
9844,0.057958
9845,0.005328
9846,0.790818
9847,0.408667
9848,0.037883
9849,0.005650
9850,0.207550
9851,0.091697
9852,0.016447
9853,0.020818
9854,0.084223
9855,0.231631
9856,0.094491
9857,0.938668
9858,0.045771
9859,0.858728
9860,0.074493
9861,0.089514
9862,0.116141
9863,0.005038
9864,0.861123
9865,0.995193
9866,0.065827
9867,0.004054
9868,0.407046
9869,0.133636
9870,0.892028
9871,0.911101
9872,0.108956
9873,0.014229
9874,0.726575
9875,0.170774
9876,0.078681
9877,0.137984
9878,0.071525
9879,0.846255
9880,0.014966
9881,0.924018
9882,0.945880
9883,0.040250
9884,0.022971
9885,0.043507
9886,0.158963
9887,0.026453
9888,0.936816
9889,0.997079
9890,0.297425
9891,0.014043
9892,0.095174
9893,0.197375
9894,0.086421
9895,0.114555
9896,0.849743
9897,0.180096
9898,0.065375
9899,0.088631
9900,0.154283
9901,0.040300
9902,0.063579
9903,0.047356
9904,0.814551
9905,0.016950
9906,0.127475
9907,0.300822
9908,0.005879
9909,0.942141
9910,0.969160
9911,0.110492
9912,0.050150
9913,0.014210
9914,0.196127
9915,0.994877
9916,0.125720
9917,0.106549
9918,0.013469
9919,0.681991
9920,0.005216
9921,0.462954
9922,0.002063
9923,0.464681
9924,0.275876
9925,0.309638
9926,0.141220
9927,0.142660
9928,0.007227
9929,0.928844
9930,0.958891
9931,0.471550
9932,0.187347
9933,0.130664
9934,0.052464
9935,0.808080
9936,0.979815
9937,0.295555
9938,0.368679
9939,0.071433
9940,0.115370
9941,0.042714
9942,0.084191
9943,0.016794
9944,0.054526
9945,0.953524
9946,0.051794
9947,0.115630
9948,0.037160
9949,0.006589
9950,0.055813
9951,0.167903
9952,0.007336
9953,0.995420
9954,0.762940
9955,0.147228
9956,0.857006
9957,0.017215
9958,0.991762
9959,0.183768
9960,0.728717
9961,0.016751
9962,0.058879
9963,0.028738
9964,0.195493
9965,0.048755
9966,0.010389
9967,0.004423
9968,0.100681
9969,0.004092
9970,0.100545
9971,0.990938
9972,0.043615
9973,0.014659
9974,0.044399
9975,0.955979
9976,0.329773
9977,0.180784
9978,0.222167
9979,0.003550
9980,0.151666
9981,0.081873
9982,0.004750
9983,0.192408
9984,0.017454
9985,0.007768
9986,0.030580
9987,0.111508
9988,0.061949
9989,0.024791
9990,0.107991
9991,0.947359
9992,0.052174
9993,0.067755
9994,0.678198
9995,0.003228
9996,0.227859
9997,0.464042
9998,0.981835
9999,0.079089
10000,0.561602
10001,0.856319
10002,0.357447
10003,0.315086
10004,0.013315
10005,0.961120
10006,0.949525
10007,0.025519
10008,0.969980
10009,0.943586
10010,0.116236
10011,0.054210
10012,0.920663
10013,0.036485
10014,0.292820
10015,0.127858
10016,0.060981
10017,0.007986
10018,0.003884
10019,0.055300
10020,0.029324
10021,0.064338
10022,0.975947
10023,0.981680
10024,0.680731
10025,0.015642
10026,0.017918
10027,0.063811
10028,0.832307
10029,0.017056
10030,0.006254
10031,0.071460
10032,0.667903
10033,0.902127
10034,0.009427
10035,0.016791
10036,0.067469
10037,0.924039
10038,0.013097
10039,0.296432
10040,0.130375
10041,0.019829
10042,0.940446
10043,0.013337
10044,0.181399
10045,0.018542
10046,0.006913
10047,0.870736
10048,0.147147
10049,0.740530
10050,0.017308
10051,0.478314
10052,0.923040
10053,0.115405
10054,0.607542
10055,0.224052
10056,0.003784
10057,0.949271
10058,0.961863
10059,0.077701
10060,0.863992
10061,0.140215
10062,0.003231
10063,0.094543
10064,0.975172
10065,0.169215
10066,0.040413
10067,0.021226
10068,0.021352
10069,0.159926
10070,0.026360
10071,0.585227
10072,0.867289
10073,0.627451
10074,0.238255
10075,0.905927
10076,0.931694
10077,0.086409
10078,0.006328
10079,0.086993
10080,0.080308
10081,0.112466
10082,0.401662
10083,0.017718
10084,0.152104
10085,0.348734
10086,0.125642
10087,0.779162
10088,0.066402
10089,0.874150
10090,0.003428
10091,0.035963
10092,0.003696
10093,0.038671
10094,0.477110
10095,0.068113
10096,0.031054
10097,0.974920
10098,0.164408
10099,0.237967
10100,0.014391
10101,0.009241
10102,0.036119
10103,0.040582
10104,0.955595
10105,0.004131
10106,0.195071
10107,0.006621
10108,0.345952
10109,0.103465
10110,0.144902
10111,0.025740
10112,0.025268
10113,0.082439
10114,0.025342
10115,0.008051
10116,0.582548
10117,0.049695
10118,0.088772
10119,0.426488
10120,0.275017
10121,0.191595
10122,0.189966
10123,0.129999
10124,0.006758
10125,0.092814
10126,0.945713
10127,0.044842
10128,0.054191
10129,0.041249
10130,0.134596
10131,0.706814
10132,0.482013
10133,0.108210
10134,0.976406
10135,0.043067
10136,0.018457
10137,0.005429
10138,0.506145
10139,0.847124
10140,0.224505
10141,0.122030
10142,0.006782
10143,0.089693
10144,0.003330
10145,0.024054
10146,0.083473
10147,0.355029
10148,0.645246
10149,0.790463
10150,0.107644
10151,0.028665
10152,0.010808
10153,0.916065
10154,0.085291
10155,0.052948
10156,0.523803
10157,0.234534
10158,0.915389
10159,0.194235
10160,0.981829
10161,0.025142
10162,0.933753
10163,0.996574
10164,0.004435
10165,0.025248
10166,0.005329
10167,0.856918
10168,0.235637
10169,0.868690
10170,0.008941
10171,0.149544
10172,0.312235
10173,0.119785
10174,0.005267
10175,0.475415
10176,0.005506
10177,0.996658
10178,0.006910
10179,0.042991
10180,0.132050
10181,0.004953
10182,0.048121
10183,0.926001
10184,0.996319
10185,0.910635
10186,0.236728
10187,0.012366
10188,0.047355
10189,0.014825
10190,0.002327
10191,0.973160
10192,0.956449
10193,0.105769
10194,0.040526
10195,0.033081
10196,0.613048
10197,0.049626
10198,0.052446
10199,0.067489
10200,0.017497
10201,0.010222
10202,0.079902
10203,0.026246
10204,0.914581
10205,0.015877
10206,0.995206
10207,0.020958
10208,0.974176
10209,0.914538
10210,0.974294
10211,0.481582
10212,0.836074
10213,0.541038
10214,0.189465
10215,0.016117
10216,0.455144
10217,0.920614
10218,0.014748
10219,0.029150
10220,0.076039
10221,0.003577
10222,0.005779
10223,0.927460
10224,0.843464
10225,0.076028
10226,0.040436
10227,0.998285
10228,0.010067
10229,0.448250
10230,0.998132
10231,0.027554
10232,0.132762
10233,0.231967
10234,0.074171
10235,0.016890
10236,0.030092
10237,0.497995
10238,0.076103
10239,0.929995
10240,0.033946
10241,0.016116
10242,0.210832
10243,0.066267
10244,0.004558
10245,0.927315
10246,0.019336
10247,0.514319
10248,0.613728
10249,0.677575
10250,0.012986
10251,0.070314
10252,0.020145
10253,0.875475
10254,0.143479
10255,0.147286
10256,0.964438
10257,0.860136
10258,0.027243
10259,0.046542
10260,0.968581
10261,0.011179
10262,0.003975
10263,0.686406
10264,0.686100
10265,0.022284
10266,0.541960
10267,0.890594
10268,0.034291
10269,0.040842
10270,0.555124
10271,0.008988
10272,0.067551
10273,0.807647
10274,0.586010
10275,0.226543
10276,0.134751
10277,0.147026
10278,0.113086
10279,0.972666
10280,0.022288
10281,0.589957
10282,0.027691
10283,0.541057
10284,0.285796
10285,0.041613
10286,0.136457
10287,0.233746
10288,0.878000
10289,0.812912
10290,0.049569
10291,0.108928
10292,0.044447
10293,0.083831
10294,0.314531
10295,0.098397
10296,0.960858
10297,0.170427
10298,0.060788
10299,0.124207
10300,0.946619
10301,0.004436
10302,0.680763
10303,0.073055
10304,0.196144
10305,0.060753
10306,0.911078
10307,0.240585
10308,0.094290
10309,0.056540
10310,0.106786
10311,0.099896
10312,0.966175
10313,0.113843
10314,0.002246
10315,0.657293
10316,0.186400
10317,0.074948
10318,0.325765
10319,0.010464
10320,0.115735
10321,0.049214
10322,0.086025
10323,0.090720
10324,0.004169
10325,0.329374
10326,0.424131
10327,0.009221
10328,0.697239
10329,0.342158
10330,0.042899
10331,0.087469
10332,0.042794
10333,0.252683
10334,0.979587
10335,0.921550
10336,0.243958
10337,0.536691
10338,0.528081
10339,0.410319
10340,0.564830
10341,0.065421
10342,0.770165
10343,0.869698
10344,0.809248
10345,0.018018
10346,0.976279
10347,0.901431
10348,0.014082
10349,0.853172
10350,0.107233
10351,0.965408
10352,0.045123
10353,0.939005
10354,0.450490
10355,0.173654
10356,0.092377
10357,0.084910
10358,0.964572
10359,0.034537
10360,0.918681
10361,0.930699
10362,0.010714
10363,0.018610
10364,0.328165
10365,0.008841
10366,0.071614
10367,0.013112
10368,0.978652
10369,0.013841
10370,0.004546
10371,0.180295
10372,0.039394
10373,0.477148
10374,0.967061
10375,0.003707
10376,0.044819
10377,0.123397
10378,0.565599
10379,0.042158
10380,0.191158
10381,0.064816
10382,0.941527
10383,0.997917
10384,0.016687
10385,0.056250
10386,0.084718
10387,0.011738
10388,0.120966
10389,0.028070
10390,0.429613
10391,0.003830
10392,0.354166
10393,0.022478
10394,0.755211
10395,0.148611
10396,0.454842
10397,0.160961
10398,0.912963
10399,0.135415
10400,0.645921
10401,0.524768
10402,0.567000
10403,0.024146
10404,0.041313
10405,0.726623
10406,0.641634
10407,0.011050
10408,0.901579
10409,0.184068
10410,0.399346
10411,0.086624
10412,0.078811
10413,0.037152
10414,0.974301
10415,0.253562
10416,0.491397
10417,0.048817
10418,0.963416
10419,0.072740
10420,0.462474
10421,0.897872
10422,0.652211
10423,0.144360
10424,0.774690
10425,0.249379
10426,0.018738
10427,0.082317
10428,0.020301
10429,0.061521
10430,0.182605
10431,0.644681
10432,0.953798
10433,0.104800
10434,0.006130
10435,0.030728
10436,0.014907
10437,0.005545
10438,0.013092
10439,0.003975
10440,0.002857
10441,0.891569
10442,0.939788
10443,0.520439
10444,0.241324
10445,0.049735
10446,0.009878
10447,0.888467
10448,0.028658
10449,0.982939
10450,0.996012
10451,0.356666
10452,0.950305
10453,0.778749
10454,0.247160
10455,0.008532
10456,0.008865
10457,0.008909
10458,0.953030
10459,0.041325
10460,0.054758
10461,0.392734
10462,0.178416
10463,0.047590
10464,0.940828
10465,0.018296
10466,0.159095
10467,0.045030
10468,0.492988
10469,0.840985
10470,0.863592
10471,0.021943
10472,0.811136
10473,0.135022
10474,0.165740
10475,0.015287
10476,0.110521
10477,0.987164
10478,0.893271
10479,0.104908
10480,0.967975
10481,0.930077
10482,0.183553
10483,0.062078
10484,0.957570
10485,0.088305
10486,0.089762
10487,0.119009
10488,0.430798
10489,0.348128
10490,0.598017
10491,0.043863
10492,0.003372
10493,0.968596
10494,0.264331
10495,0.959540
10496,0.064307
10497,0.042137
10498,0.241795
10499,0.043468
10500,0.973274
10501,0.373302
10502,0.502906
10503,0.911092
10504,0.237770
10505,0.095502
10506,0.323498
10507,0.207101
10508,0.059417
10509,0.022993
10510,0.963419
10511,0.241412
10512,0.022511
10513,0.100410
10514,0.769995
10515,0.015145
10516,0.855726
10517,0.079403
10518,0.326377
10519,0.749637
10520,0.992591
10521,0.221482
10522,0.004951
10523,0.025724
10524,0.882187
10525,0.473740
10526,0.255832
10527,0.361529
10528,0.783114
10529,0.959702
10530,0.068082
10531,0.091928
10532,0.011287
10533,0.065703
10534,0.082881
10535,0.624593
10536,0.996052
10537,0.086338
10538,0.041611
10539,0.053062
10540,0.291116
10541,0.894876
10542,0.145906
10543,0.919760
10544,0.721075
10545,0.924661
10546,0.997113
10547,0.755205
10548,0.039813
10549,0.966566
10550,0.204953
10551,0.015689
10552,0.024505
10553,0.047708
10554,0.898678
10555,0.028203
10556,0.186291
10557,0.085598
10558,0.883406
10559,0.895966
10560,0.059718
10561,0.004401
10562,0.189583
10563,0.825048
10564,0.596394
10565,0.011527
10566,0.503785
10567,0.039840
10568,0.111294
10569,0.126804
10570,0.351212
10571,0.112827
10572,0.105802
10573,0.321686
10574,0.947239
10575,0.022344
10576,0.027544
10577,0.930715
10578,0.844919
10579,0.047708
10580,0.005657
10581,0.028477
10582,0.875708
10583,0.965663
10584,0.036013
10585,0.962044
10586,0.183973
10587,0.910901
10588,0.019020
10589,0.157903
10590,0.390189
10591,0.008810
10592,0.747692
10593,0.069462
10594,0.040407
10595,0.005691
10596,0.212702
10597,0.926710
10598,0.113556
10599,0.096842
10600,0.044940
10601,0.856243
10602,0.081856
10603,0.939882
10604,0.003127
10605,0.732962
10606,0.981271
10607,0.016649
10608,0.010596
10609,0.164390
10610,0.044569
10611,0.935319
10612,0.015813
10613,0.039400
10614,0.048392
10615,0.036918
10616,0.178655
10617,0.622239
10618,0.924641
10619,0.006494
10620,0.922801
10621,0.053150
10622,0.541803
10623,0.152097
10624,0.275191
10625,0.148401
10626,0.119618
10627,0.096597
10628,0.333158
10629,0.007400
10630,0.977384
10631,0.003713
10632,0.049306
10633,0.023777
10634,0.553394
10635,0.888293
10636,0.901515
10637,0.996520
10638,0.096088
10639,0.748253
10640,0.209089
10641,0.240088
10642,0.468159
10643,0.004969
10644,0.023483
10645,0.996950
10646,0.009698
10647,0.005694
10648,0.005881
10649,0.924420
10650,0.215149
10651,0.145310
10652,0.994948
10653,0.315061
10654,0.882123
10655,0.185920
10656,0.973943
10657,0.260689
10658,0.197146
10659,0.032172
10660,0.005414
10661,0.958853
10662,0.044916
10663,0.194277
10664,0.078828
10665,0.008057
10666,0.520735
10667,0.390130
10668,0.729701
10669,0.005579
10670,0.039892
10671,0.003989
10672,0.003746
10673,0.080180
10674,0.340195
10675,0.770282
10676,0.040139
10677,0.969630
10678,0.078188
10679,0.043639
10680,0.003390
10681,0.329598
10682,0.038944
10683,0.504864
10684,0.037883
10685,0.924323
10686,0.992241
10687,0.031389
10688,0.018251
10689,0.872364
10690,0.007219
10691,0.576336
10692,0.917743
10693,0.835959
10694,0.007138
10695,0.494399
10696,0.105191
10697,0.024235
10698,0.816528
10699,0.997882
10700,0.885349
10701,0.160159
10702,0.013585
10703,0.950328
10704,0.450252
10705,0.972758
10706,0.709025
10707,0.954484
10708,0.006868
10709,0.086546
10710,0.011994
10711,0.003732
10712,0.213160
10713,0.045393
10714,0.004721
10715,0.214678
10716,0.693317
10717,0.143108
10718,0.002587
10719,0.549331
10720,0.786813
10721,0.975931
10722,0.923856
10723,0.904082
10724,0.005498
10725,0.110881
10726,0.931305
10727,0.996952
10728,0.039305
10729,0.089908
10730,0.006426
10731,0.995718
10732,0.102424
10733,0.076161
10734,0.099527
10735,0.965754
10736,0.006539
10737,0.418365
10738,0.003460
10739,0.811521
10740,0.332998
10741,0.275630
10742,0.962962
10743,0.007673
10744,0.817088
10745,0.227267
10746,0.784468
10747,0.025695
10748,0.987350
10749,0.997100
10750,0.854277
10751,0.032860
10752,0.083399
10753,0.130971
10754,0.757695
10755,0.016281
10756,0.123778
10757,0.966406
10758,0.541278
10759,0.098632
10760,0.200790
10761,0.007688
10762,0.056043
10763,0.392167
10764,0.952881
10765,0.863569
10766,0.098908
10767,0.185977
10768,0.004822
10769,0.311538
10770,0.989245
10771,0.061356
10772,0.014018
10773,0.003088
10774,0.025302
10775,0.440982
10776,0.626006
10777,0.043234
10778,0.073473
10779,0.906264
10780,0.004993
10781,0.040104
10782,0.003955
10783,0.833603
10784,0.126888
10785,0.483772
10786,0.959180
10787,0.085003
10788,0.006143
10789,0.997896
10790,0.402649
10791,0.125079
10792,0.011379
10793,0.453020
10794,0.243555
10795,0.269033
10796,0.062572
10797,0.052847
10798,0.856379
10799,0.206780
10800,0.097362
10801,0.040435
10802,0.004417
10803,0.058350
10804,0.981512
10805,0.873649
10806,0.048995
10807,0.119606
10808,0.044486
10809,0.134853
10810,0.934582
10811,0.040931
10812,0.024957
10813,0.047793
10814,0.092866
10815,0.375336
10816,0.103868
10817,0.941302
10818,0.072351
10819,0.095736
10820,0.004136
10821,0.086601
10822,0.031558
10823,0.040240
10824,0.006140
10825,0.078124
10826,0.151434
10827,0.006389
10828,0.930331
10829,0.081865
10830,0.041810
10831,0.295604
10832,0.307539
10833,0.032672
10834,0.101905
10835,0.292969
10836,0.020976
10837,0.436435
10838,0.331604
10839,0.241556
10840,0.025609
10841,0.137945
10842,0.866910
10843,0.976453
10844,0.336638
10845,0.045404
10846,0.091816
10847,0.026562
10848,0.257028
10849,0.050440
10850,0.151641
10851,0.300666
10852,0.927138
10853,0.028436
10854,0.002540
10855,0.062537
10856,0.054479
10857,0.044211
10858,0.219642
10859,0.961160
10860,0.230498
10861,0.049383
10862,0.049493
10863,0.114714
10864,0.926357
10865,0.279117
10866,0.093922
10867,0.062079
10868,0.023839
10869,0.937990
10870,0.289481
10871,0.041233
10872,0.105248
10873,0.071126
10874,0.996265
10875,0.257767
10876,0.073173
10877,0.065866
10878,0.003600
10879,0.940714
10880,0.048898
10881,0.922404
10882,0.906950
10883,0.787502
10884,0.956356
10885,0.007218
10886,0.771863
10887,0.046203
10888,0.950839
10889,0.110089
10890,0.839765
10891,0.009200
10892,0.012713
10893,0.990388
10894,0.967528
10895,0.933135
10896,0.080045
10897,0.123633
10898,0.013581
10899,0.007475
10900,0.042421
10901,0.476456
10902,0.086771
10903,0.165164
10904,0.008736
10905,0.496918
10906,0.126050
10907,0.048685
10908,0.850079
10909,0.007344
10910,0.941211
10911,0.975462
10912,0.008716
10913,0.877041
10914,0.998303
10915,0.832361
10916,0.956537
10917,0.123319
10918,0.367737
10919,0.186030
10920,0.962164
10921,0.985508
10922,0.888118
10923,0.795301
10924,0.477369
10925,0.044486
10926,0.500884
10927,0.008256
10928,0.388999
10929,0.939075
10930,0.479303
10931,0.122045
10932,0.013976
10933,0.259541
10934,0.214478
10935,0.988151
10936,0.334647
10937,0.187127
10938,0.971453
10939,0.279868
10940,0.906833
10941,0.997012
10942,0.509702
10943,0.018827
10944,0.032927
10945,0.195026
10946,0.034092
10947,0.049898
10948,0.006637
10949,0.039413
10950,0.010031
10951,0.896581
10952,0.070330
10953,0.021812
10954,0.094796
10955,0.250758
10956,0.459574
10957,0.004570
10958,0.017220
10959,0.003408
10960,0.952559
10961,0.354386
10962,0.645747
10963,0.315226
10964,0.003742
10965,0.782427
10966,0.957193
10967,0.951349
10968,0.194014
10969,0.282945
10970,0.045151
10971,0.084331
10972,0.460220
10973,0.588036
10974,0.254002
10975,0.618354
10976,0.189875
10977,0.954306
10978,0.120068
10979,0.003681
10980,0.895504
10981,0.579422
10982,0.975923
10983,0.044531
10984,0.027372
10985,0.981787
10986,0.044892
10987,0.043297
10988,0.094061
10989,0.058920
10990,0.087641
10991,0.099248
10992,0.033877
10993,0.095570
10994,0.007591
10995,0.172056
10996,0.374112
10997,0.048735
10998,0.044694
10999,0.084154
11000,0.038403
11001,0.031437
11002,0.330441
11003,0.497950
11004,0.968935
11005,0.006758
11006,0.008343
11007,0.137122
11008,0.178217
11009,0.070631
11010,0.082543
11011,0.002729
11012,0.163354
11013,0.523396
11014,0.053869
11015,0.100409
11016,0.007343
11017,0.908654
11018,0.010767
11019,0.106503
11020,0.917456
11021,0.007489
11022,0.195359
11023,0.005968
11024,0.793591
11025,0.139728
11026,0.626334
11027,0.096151
11028,0.892441
11029,0.006467
11030,0.007042
11031,0.020319
11032,0.866184
11033,0.053937
11034,0.016543
11035,0.987884
11036,0.075791
11037,0.988142
11038,0.249494
11039,0.981882
11040,0.008711
11041,0.053498
11042,0.950133
11043,0.046992
11044,0.215456
11045,0.873480
11046,0.034542
11047,0.495350
11048,0.025883
11049,0.012921
11050,0.802509
11051,0.239202
11052,0.244662
11053,0.603178
11054,0.978044
11055,0.849809
11056,0.070499
11057,0.033497
11058,0.063832
11059,0.023098
11060,0.326526
11061,0.672937
11062,0.956997
11063,0.003023
11064,0.847508
11065,0.962363
11066,0.055393
11067,0.057720
11068,0.905208
11069,0.904668
11070,0.043880
11071,0.028747
11072,0.909285
11073,0.013055
11074,0.992772
11075,0.095347
11076,0.134985
11077,0.029419
11078,0.552399
11079,0.017419
11080,0.004408
11081,0.016252
11082,0.629740
11083,0.114028
11084,0.061199
11085,0.125678
11086,0.158155
11087,0.006386
11088,0.008759
11089,0.979503
11090,0.969049
11091,0.020052
11092,0.919787
11093,0.711735
11094,0.095923
11095,0.933651
11096,0.468923
11097,0.049069
11098,0.097919
11099,0.922057
11100,0.093459
11101,0.182005
11102,0.030102
11103,0.885863
11104,0.013177
11105,0.106244
11106,0.943505
11107,0.976133
11108,0.344973
11109,0.966245
11110,0.047320
11111,0.943481
11112,0.051861
11113,0.002925
11114,0.096700
11115,0.313579
11116,0.205211
11117,0.954425
11118,0.116847
11119,0.946854
11120,0.004254
11121,0.141115
11122,0.015737
11123,0.996428
11124,0.735199
11125,0.980056
11126,0.051039
11127,0.048427
11128,0.944238
11129,0.006745
11130,0.093053
11131,0.821262
11132,0.064635
11133,0.522537
11134,0.099861
11135,0.939199
11136,0.227320
11137,0.011918
11138,0.949853
11139,0.037020
11140,0.944564
11141,0.030245
11142,0.186375
11143,0.973187
11144,0.026832
11145,0.135498
11146,0.953924
11147,0.015324
11148,0.971705
11149,0.057617
11150,0.666861
11151,0.019371
11152,0.015918
11153,0.686771
11154,0.072620
11155,0.186036
11156,0.040705
11157,0.626503
11158,0.992736
11159,0.020906
11160,0.857045
11161,0.975415
11162,0.189927
11163,0.874769
11164,0.056588
11165,0.267248
11166,0.090866
11167,0.036209
11168,0.993377
11169,0.728380
11170,0.018098
11171,0.848462
11172,0.041000
11173,0.005763
11174,0.182865
11175,0.214919
11176,0.057399
11177,0.984979
11178,0.006074
11179,0.008677
11180,0.845226
11181,0.282015
11182,0.954300
11183,0.471812
11184,0.003166
11185,0.834401
11186,0.078330
11187,0.989771
11188,0.085368
11189,0.108133
11190,0.061901
11191,0.997945
11192,0.190622
11193,0.072843
11194,0.075362
11195,0.137331
11196,0.015536
11197,0.106346
11198,0.693935
11199,0.845641
11200,0.306065
11201,0.013424
11202,0.003007
11203,0.122704
11204,0.007033
11205,0.039305
11206,0.011863
11207,0.227649
11208,0.016516
11209,0.941559
11210,0.033905
11211,0.055448
11212,0.083193
11213,0.005965
11214,0.831954
11215,0.047888
11216,0.304982
11217,0.202922
11218,0.077731
11219,0.991885
11220,0.079062
11221,0.307061
11222,0.213230
11223,0.003493
11224,0.067841
11225,0.997163
11226,0.013185
11227,0.103276
11228,0.695644
11229,0.109404
11230,0.004311
11231,0.976455
