index,target
0,0.008745
1,0.852944
2,0.054711
3,0.046269
4,0.995223
5,0.004822
6,0.950810
7,0.117141
8,0.047531
9,0.815426
10,0.005709
11,0.005983
12,0.090426
13,0.571638
14,0.559065
15,0.433329
16,0.151221
17,0.978168
18,0.821872
19,0.966171
20,0.146399
21,0.753549
22,0.982608
23,0.106415
24,0.966596
25,0.013572
26,0.005971
27,0.011425
28,0.036806
29,0.003359
30,0.039907
31,0.004763
32,0.008004
33,0.368304
34,0.116913
35,0.202398
36,0.919510
37,0.011500
38,0.079054
39,0.108897
40,0.206762
41,0.938514
42,0.005949
43,0.333317
44,0.811700
45,0.022703
46,0.762455
47,0.060112
48,0.522553
49,0.064132
50,0.081735
51,0.006795
52,0.238660
53,0.016967
54,0.153258
55,0.015890
56,0.045994
57,0.943438
58,0.029595
59,0.715273
60,0.257427
61,0.012882
62,0.858306
63,0.745914
64,0.162227
65,0.004950
66,0.033269
67,0.929997
68,0.973022
69,0.191401
70,0.074347
71,0.428333
72,0.087446
73,0.119033
74,0.111434
75,0.012067
76,0.002796
77,0.007266
78,0.023981
79,0.886377
80,0.193890
81,0.268177
82,0.113579
83,0.172163
84,0.160978
85,0.512047
86,0.664356
87,0.022741
88,0.156025
89,0.003977
90,0.735522
91,0.093024
92,0.105120
93,0.109302
94,0.079090
95,0.698863
96,0.410768
97,0.043353
98,0.970457
99,0.296917
100,0.006525
101,0.075684
102,0.090585
103,0.155534
104,0.551348
105,0.054078
106,0.901434
107,0.677138
108,0.248205
109,0.109987
110,0.923081
111,0.020433
112,0.157457
113,0.020296
114,0.008198
115,0.167107
116,0.974653
117,0.315446
118,0.310870
119,0.986590
120,0.933606
121,0.002749
122,0.428232
123,0.128271
124,0.141582
125,0.162248
126,0.027772
127,0.091510
128,0.127955
129,0.113934
130,0.006427
131,0.065498
132,0.976813
133,0.071820
134,0.972358
135,0.938574
136,0.978909
137,0.922519
138,0.826277
139,0.108066
140,0.012097
141,0.353058
142,0.011587
143,0.042822
144,0.004446
145,0.977226
146,0.684045
147,0.942757
148,0.942540
149,0.053447
150,0.614271
151,0.085651
152,0.090934
153,0.017385
154,0.066891
155,0.044336
156,0.447045
157,0.661810
158,0.097544
159,0.048045
160,0.008257
161,0.447767
162,0.038515
163,0.620235
164,0.056060
165,0.044999
166,0.123881
167,0.013654
168,0.971161
169,0.006903
170,0.029841
171,0.038832
172,0.140302
173,0.896967
174,0.008026
175,0.004868
176,0.973221
177,0.974191
178,0.003879
179,0.930353
180,0.106295
181,0.032883
182,0.851530
183,0.135516
184,0.925634
185,0.089299
186,0.562923
187,0.006918
188,0.218744
189,0.024012
190,0.007966
191,0.908154
192,0.056056
193,0.062418
194,0.181326
195,0.973067
196,0.052482
197,0.980851
198,0.161802
199,0.295367
200,0.140831
201,0.021391
202,0.945069
203,0.003837
204,0.045080
205,0.009373
206,0.129674
207,0.869753
208,0.048911
209,0.997273
210,0.110286
211,0.003631
212,0.380957
213,0.006286
214,0.033440
215,0.260763
216,0.047177
217,0.467085
218,0.723419
219,0.460802
220,0.169361
221,0.059646
222,0.016010
223,0.021712
224,0.281968
225,0.982444
226,0.915939
227,0.032817
228,0.896931
229,0.004860
230,0.028559
231,0.981655
232,0.273515
233,0.033372
234,0.231170
235,0.058537
236,0.206305
237,0.733387
238,0.039471
239,0.960826
240,0.045574
241,0.027002
242,0.214089
243,0.200246
244,0.881054
245,0.148237
246,0.088796
247,0.008032
248,0.600847
249,0.994714
250,0.126685
251,0.043941
252,0.063874
253,0.092630
254,0.033737
255,0.196416
256,0.291849
257,0.804314
258,0.007881
259,0.026033
260,0.140573
261,0.053559
262,0.993984
263,0.915358
264,0.006415
265,0.136726
266,0.745888
267,0.173196
268,0.007803
269,0.003810
270,0.334343
271,0.502835
272,0.047553
273,0.016672
274,0.995591
275,0.997276
276,0.088013
277,0.012119
278,0.015705
279,0.040787
280,0.952853
281,0.938073
282,0.965117
283,0.006483
284,0.115758
285,0.092021
286,0.023270
287,0.007021
288,0.989925
289,0.335249
290,0.166271
291,0.954884
292,0.891646
293,0.980045
294,0.004843
295,0.088365
296,0.100199
297,0.062978
298,0.005649
299,0.989471
300,0.109496
301,0.916462
302,0.773227
303,0.069016
304,0.643498
305,0.824285
306,0.104119
307,0.080854
308,0.599868
309,0.582281
310,0.968471
311,0.043151
312,0.455860
313,0.006985
314,0.439572
315,0.026708
316,0.968736
317,0.040825
318,0.003934
319,0.660237
320,0.138533
321,0.044125
322,0.002996
323,0.020019
324,0.189248
325,0.834206
326,0.059480
327,0.815203
328,0.015110
329,0.008679
330,0.780257
331,0.031525
332,0.247107
333,0.060856
334,0.553224
335,0.100009
336,0.058195
337,0.982306
338,0.009417
339,0.016664
340,0.005599
341,0.983426
342,0.840958
343,0.098537
344,0.026384
345,0.957473
346,0.459511
347,0.104879
348,0.004296
349,0.430478
350,0.995381
351,0.028984
352,0.059422
353,0.060140
354,0.069840
355,0.081981
356,0.913525
357,0.038212
358,0.952238
359,0.214830
360,0.100283
361,0.596261
362,0.006909
363,0.091149
364,0.006716
365,0.589905
366,0.021460
367,0.436327
368,0.493568
369,0.903147
370,0.632153
371,0.879137
372,0.028736
373,0.128800
374,0.039364
375,0.815577
376,0.117876
377,0.029865
378,0.010327
379,0.011638
380,0.043379
381,0.097535
382,0.902857
383,0.064726
384,0.165546
385,0.141829
386,0.032910
387,0.532739
388,0.100102
389,0.037016
390,0.795748
391,0.036474
392,0.015895
393,0.700342
394,0.974987
395,0.760400
396,0.963794
397,0.271672
398,0.145991
399,0.004448
400,0.070657
401,0.004390
402,0.009492
403,0.164073
404,0.009535
405,0.037366
406,0.979450
407,0.573725
408,0.026796
409,0.158479
410,0.089694
411,0.817089
412,0.097557
413,0.547891
414,0.056769
415,0.015463
416,0.949558
417,0.252174
418,0.046919
419,0.974183
420,0.119020
421,0.004275
422,0.016990
423,0.828888
424,0.931622
425,0.011488
426,0.189231
427,0.006455
428,0.965658
429,0.992201
430,0.993369
431,0.130783
432,0.309320
433,0.022868
434,0.811820
435,0.021521
436,0.958795
437,0.053302
438,0.051939
439,0.989032
440,0.759881
441,0.106044
442,0.061870
443,0.010950
444,0.288530
445,0.042309
446,0.987684
447,0.197798
448,0.023542
449,0.349972
450,0.028604
451,0.639958
452,0.918148
453,0.343566
454,0.070506
455,0.841173
456,0.860862
457,0.032145
458,0.387190
459,0.515711
460,0.169325
461,0.778902
462,0.322939
463,0.912096
464,0.026259
465,0.976204
466,0.988250
467,0.008952
468,0.832665
469,0.959905
470,0.090605
471,0.294949
472,0.959826
473,0.020276
474,0.035427
475,0.007648
476,0.016334
477,0.101909
478,0.170226
479,0.645396
480,0.013329
481,0.981247
482,0.107140
483,0.969740
484,0.917964
485,0.020885
486,0.032518
487,0.082122
488,0.011131
489,0.008693
490,0.047426
491,0.023670
492,0.003537
493,0.060352
494,0.378469
495,0.133371
496,0.018669
497,0.749294
498,0.264575
499,0.065097
500,0.965609
501,0.068656
502,0.087441
503,0.230004
504,0.712055
505,0.173342
506,0.019379
507,0.977893
508,0.692289
509,0.066785
510,0.056842
511,0.586743
512,0.010706
513,0.960085
514,0.965628
515,0.946843
516,0.979598
517,0.368446
518,0.111909
519,0.107846
520,0.654898
521,0.129354
522,0.934737
523,0.679039
524,0.141037
525,0.940636
526,0.402900
527,0.008651
528,0.300998
529,0.981891
530,0.009058
531,0.004993
532,0.024642
533,0.017109
534,0.007593
535,0.067295
536,0.093134
537,0.883988
538,0.048492
539,0.914086
540,0.365401
541,0.048067
542,0.003221
543,0.440550
544,0.932286
545,0.019266
546,0.361833
547,0.004864
548,0.076454
549,0.036148
550,0.970148
551,0.722187
552,0.353920
553,0.012720
554,0.060720
555,0.945252
556,0.020736
557,0.079471
558,0.500583
559,0.009188
560,0.052458
561,0.274630
562,0.991541
563,0.543595
564,0.005193
565,0.828167
566,0.062966
567,0.010361
568,0.527691
569,0.275393
570,0.228902
571,0.178325
572,0.718295
573,0.039384
574,0.485656
575,0.085751
576,0.947724
577,0.011623
578,0.030050
579,0.163436
580,0.049869
581,0.151634
582,0.004094
583,0.005534
584,0.003124
585,0.426366
586,0.704307
587,0.645093
588,0.005885
589,0.095682
590,0.082644
591,0.006399
592,0.106426
593,0.028632
594,0.091572
595,0.251432
596,0.084507
597,0.049946
598,0.271177
599,0.939560
600,0.036334
601,0.022375
602,0.022245
603,0.075238
604,0.898357
605,0.052449
606,0.079135
607,0.008215
608,0.005661
609,0.007316
610,0.080250
611,0.115205
612,0.017360
613,0.008534
614,0.116073
615,0.474514
616,0.007627
617,0.041459
618,0.003895
619,0.055467
620,0.019750
621,0.004955
622,0.456994
623,0.015645
624,0.068844
625,0.262525
626,0.821031
627,0.974750
628,0.005619
629,0.919384
630,0.008481
631,0.033781
632,0.588104
633,0.967964
634,0.051011
635,0.432876
636,0.009478
637,0.006578
638,0.006407
639,0.959337
640,0.134662
641,0.767265
642,0.032008
643,0.035081
644,0.925087
645,0.006382
646,0.017403
647,0.065222
648,0.209013
649,0.356291
650,0.065337
651,0.967700
652,0.957596
653,0.027548
654,0.048328
655,0.003701
656,0.186698
657,0.956693
658,0.591693
659,0.105091
660,0.012264
661,0.549199
662,0.051104
663,0.118999
664,0.407217
665,0.025068
666,0.042558
667,0.954858
668,0.199062
669,0.706530
670,0.035788
671,0.316791
672,0.019429
673,0.051808
674,0.995417
675,0.047924
676,0.020220
677,0.642352
678,0.067934
679,0.704622
680,0.236531
681,0.059569
682,0.942176
683,0.096758
684,0.205226
685,0.166639
686,0.076847
687,0.046408
688,0.959804
689,0.043975
690,0.945625
691,0.069201
692,0.004527
693,0.862246
694,0.017987
695,0.888122
696,0.016097
697,0.207582
698,0.993352
699,0.024843
700,0.017707
701,0.083476
702,0.003926
703,0.004262
704,0.020306
705,0.019170
706,0.068129
707,0.358372
708,0.100778
709,0.017645
710,0.059882
711,0.084289
712,0.995534
713,0.100511
714,0.963231
715,0.156654
716,0.014953
717,0.195311
718,0.169252
719,0.017027
720,0.024788
721,0.158390
722,0.285402
723,0.704684
724,0.862728
725,0.693712
726,0.041719
727,0.973166
728,0.250899
729,0.185688
730,0.167944
731,0.011012
732,0.983444
733,0.918069
734,0.197182
735,0.067166
736,0.991758
737,0.017699
738,0.205431
739,0.490976
740,0.990074
741,0.688905
742,0.210342
743,0.198385
744,0.076411
745,0.033939
746,0.931255
747,0.900981
748,0.128764
749,0.588626
750,0.019376
751,0.151626
752,0.131065
753,0.182886
754,0.012689
755,0.013055
756,0.217767
757,0.057009
758,0.004182
759,0.021602
760,0.798776
761,0.059791
762,0.848011
763,0.024854
764,0.008306
765,0.962012
766,0.221830
767,0.780361
768,0.473630
769,0.660836
770,0.134751
771,0.021691
772,0.975392
773,0.007610
774,0.239665
775,0.994372
776,0.258644
777,0.010785
778,0.628745
779,0.392525
780,0.006626
781,0.017409
782,0.461185
783,0.067296
784,0.560856
785,0.963768
786,0.764912
787,0.005888
788,0.905540
789,0.018526
790,0.639793
791,0.046884
792,0.051103
793,0.057565
794,0.331039
795,0.114739
796,0.048423
797,0.004939
798,0.620570
799,0.219315
800,0.512874
801,0.787879
802,0.005525
803,0.008089
804,0.053356
805,0.090510
806,0.017950
807,0.030450
808,0.133753
809,0.267013
810,0.071463
811,0.074208
812,0.962177
813,0.322191
814,0.932487
815,0.027648
816,0.219526
817,0.925625
818,0.602455
819,0.015402
820,0.972982
821,0.995622
822,0.122946
823,0.019224
824,0.417578
825,0.003632
826,0.176637
827,0.065933
828,0.040637
829,0.967854
830,0.844527
831,0.041240
832,0.978197
833,0.370336
834,0.901931
835,0.005001
836,0.214922
837,0.222800
838,0.246114
839,0.991243
840,0.072972
841,0.011827
842,0.190537
843,0.009766
844,0.308080
845,0.995244
846,0.995875
847,0.013441
848,0.005895
849,0.695894
850,0.405417
851,0.832020
852,0.186021
853,0.037793
854,0.935819
855,0.010400
856,0.740144
857,0.960181
858,0.039895
859,0.974742
860,0.012240
861,0.743632
862,0.285976
863,0.886456
864,0.004389
865,0.534211
866,0.890902
867,0.038155
868,0.116248
869,0.736225
870,0.048908
871,0.995501
872,0.025542
873,0.023748
874,0.959766
875,0.686831
876,0.013565
877,0.094935
878,0.075352
879,0.919168
880,0.063741
881,0.047145
882,0.820753
883,0.178586
884,0.027668
885,0.966337
886,0.019705
887,0.955983
888,0.049073
889,0.005436
890,0.162417
891,0.434079
892,0.196008
893,0.073450
894,0.568413
895,0.279764
896,0.880916
897,0.112963
898,0.004355
899,0.621281
900,0.193405
901,0.008523
902,0.385480
903,0.814122
904,0.037301
905,0.966153
906,0.046173
907,0.009834
908,0.984058
909,0.024705
910,0.049051
911,0.064354
912,0.027561
913,0.123270
914,0.023633
915,0.060000
916,0.196608
917,0.464809
918,0.071890
919,0.439320
920,0.005697
921,0.017188
922,0.071987
923,0.997327
924,0.962677
925,0.893993
926,0.047377
927,0.089327
928,0.007957
929,0.507245
930,0.273619
931,0.039886
932,0.924949
933,0.011873
934,0.029080
935,0.031629
936,0.990700
937,0.040309
938,0.023264
939,0.487826
940,0.015956
941,0.983636
942,0.924808
943,0.993678
944,0.419624
945,0.256798
946,0.022593
947,0.824686
948,0.043298
949,0.049795
950,0.990979
951,0.283607
952,0.313190
953,0.044855
954,0.075483
955,0.510032
956,0.889718
957,0.250530
958,0.012420
959,0.521639
960,0.006424
961,0.957935
962,0.024769
963,0.330471
964,0.458188
965,0.054953
966,0.389908
967,0.005497
968,0.008130
969,0.003940
970,0.197451
971,0.114546
972,0.994277
973,0.118798
974,0.672387
975,0.012849
976,0.014383
977,0.833883
978,0.040634
979,0.992719
980,0.902064
981,0.972967
982,0.400012
983,0.020752
984,0.959371
985,0.027964
986,0.946590
987,0.156215
988,0.365392
989,0.784663
990,0.947540
991,0.063267
992,0.023143
993,0.056139
994,0.014980
995,0.995249
996,0.046310
997,0.028732
998,0.216504
999,0.833097
1000,0.925788
1001,0.984664
1002,0.007459
1003,0.013905
1004,0.615662
1005,0.876716
1006,0.993685
1007,0.344093
1008,0.037592
1009,0.325010
1010,0.045120
1011,0.174057
1012,0.048841
1013,0.212220
1014,0.288199
1015,0.035596
1016,0.017507
1017,0.653448
1018,0.749242
1019,0.005076
1020,0.052917
1021,0.968424
1022,0.744720
1023,0.813813
1024,0.009123
1025,0.009358
1026,0.012716
1027,0.079270
1028,0.030100
1029,0.175467
1030,0.004155
1031,0.106444
1032,0.446812
1033,0.006616
1034,0.599870
1035,0.036258
1036,0.198258
1037,0.959956
1038,0.038399
1039,0.926607
1040,0.386731
1041,0.046989
1042,0.053929
1043,0.626266
1044,0.003507
1045,0.085851
1046,0.006791
1047,0.137331
1048,0.802694
1049,0.760035
1050,0.006419
1051,0.048059
1052,0.061757
1053,0.974819
1054,0.538273
1055,0.097801
1056,0.268893
1057,0.208173
1058,0.005091
1059,0.940037
1060,0.350313
1061,0.040824
1062,0.006366
1063,0.173082
1064,0.929522
1065,0.058240
1066,0.014450
1067,0.198011
1068,0.151263
1069,0.981137
1070,0.286463
1071,0.505627
1072,0.024097
1073,0.920960
1074,0.010364
1075,0.013599
1076,0.003897
1077,0.030580
1078,0.024790
1079,0.959765
1080,0.006979
1081,0.037174
1082,0.875274
1083,0.090268
1084,0.886436
1085,0.507191
1086,0.782961
1087,0.390863
1088,0.005468
1089,0.919147
1090,0.050007
1091,0.961417
1092,0.047247
1093,0.094383
1094,0.997316
1095,0.800324
1096,0.040744
1097,0.628095
1098,0.019949
1099,0.307371
1100,0.153831
1101,0.030595
1102,0.114492
1103,0.121425
1104,0.065892
1105,0.182018
1106,0.194526
1107,0.077563
1108,0.018902
1109,0.387383
1110,0.823148
1111,0.010613
1112,0.047481
1113,0.526128
1114,0.519550
1115,0.309762
1116,0.073807
1117,0.811566
1118,0.104811
1119,0.009658
1120,0.034588
1121,0.048543
1122,0.025710
1123,0.500104
1124,0.023392
1125,0.193528
1126,0.947336
1127,0.386753
1128,0.010445
1129,0.053617
1130,0.009932
1131,0.016398
1132,0.008881
1133,0.003623
1134,0.994122
1135,0.015418
1136,0.019312
1137,0.003323
1138,0.933060
1139,0.092809
1140,0.502683
1141,0.977969
1142,0.008252
1143,0.128362
1144,0.912609
1145,0.932995
1146,0.996775
1147,0.076411
1148,0.003777
1149,0.412075
1150,0.952699
1151,0.003156
1152,0.151728
1153,0.991957
1154,0.128060
1155,0.018203
1156,0.203620
1157,0.293362
1158,0.648523
1159,0.804706
1160,0.026494
1161,0.018488
1162,0.257538
1163,0.012775
1164,0.163697
1165,0.032864
1166,0.442209
1167,0.937761
1168,0.950534
1169,0.738043
1170,0.007642
1171,0.020130
1172,0.913457
1173,0.048196
1174,0.032068
1175,0.235658
1176,0.058718
1177,0.007077
1178,0.014001
1179,0.011961
1180,0.950328
1181,0.076937
1182,0.022339
1183,0.061446
1184,0.728151
1185,0.044604
1186,0.831293
1187,0.011411
1188,0.005864
1189,0.179449
1190,0.077068
1191,0.100909
1192,0.972724
1193,0.090243
1194,0.045126
1195,0.013761
1196,0.434315
1197,0.850224
1198,0.095682
1199,0.962691
1200,0.537409
1201,0.166481
1202,0.176835
1203,0.037573
1204,0.484689
1205,0.030688
1206,0.811215
1207,0.022153
1208,0.176366
1209,0.056037
1210,0.962071
1211,0.704386
1212,0.012337
1213,0.012293
1214,0.022920
1215,0.038600
1216,0.015606
1217,0.520703
1218,0.035409
1219,0.018594
1220,0.927320
1221,0.060244
1222,0.503974
1223,0.057735
1224,0.219768
1225,0.714796
1226,0.149914
1227,0.950089
1228,0.085059
1229,0.818106
1230,0.008894
1231,0.938830
1232,0.901907
1233,0.015044
1234,0.038079
1235,0.778157
1236,0.462721
1237,0.233184
1238,0.081268
1239,0.441231
1240,0.616459
1241,0.024637
1242,0.016514
1243,0.323610
1244,0.309465
1245,0.025360
1246,0.002896
1247,0.017879
1248,0.114501
1249,0.991955
1250,0.323258
1251,0.022118
1252,0.886644
1253,0.967385
1254,0.994576
1255,0.808218
1256,0.077138
1257,0.952062
1258,0.006712
1259,0.995802
1260,0.398060
1261,0.064778
1262,0.004101
1263,0.005636
1264,0.057339
1265,0.981228
1266,0.013015
1267,0.965565
1268,0.138795
1269,0.033530
1270,0.410922
1271,0.033611
1272,0.085760
1273,0.170265
1274,0.913132
1275,0.319647
1276,0.047489
1277,0.526112
1278,0.275966
1279,0.012666
1280,0.948981
1281,0.015635
1282,0.905828
1283,0.027471
1284,0.128132
1285,0.397537
1286,0.088314
1287,0.577426
1288,0.201579
1289,0.004021
1290,0.276822
1291,0.116082
1292,0.158951
1293,0.044792
1294,0.138815
1295,0.498149
1296,0.753675
1297,0.055220
1298,0.021982
1299,0.010215
1300,0.352428
1301,0.016818
1302,0.093656
1303,0.959926
1304,0.053913
1305,0.993233
1306,0.241137
1307,0.008539
1308,0.005124
1309,0.977284
1310,0.073282
1311,0.045308
1312,0.471158
1313,0.005428
1314,0.899172
1315,0.024263
1316,0.049615
1317,0.641028
1318,0.228403
1319,0.220658
1320,0.266293
1321,0.852268
1322,0.032748
1323,0.044396
1324,0.044886
1325,0.012532
1326,0.960713
1327,0.907353
1328,0.013598
1329,0.370697
1330,0.942656
1331,0.248750
1332,0.022590
1333,0.020070
1334,0.854613
1335,0.377414
1336,0.007584
1337,0.017825
1338,0.022765
1339,0.075743
1340,0.394978
1341,0.889325
1342,0.947248
1343,0.097289
1344,0.279396
1345,0.059789
1346,0.994721
1347,0.889923
1348,0.053230
1349,0.007816
1350,0.222414
1351,0.084759
1352,0.158251
1353,0.023662
1354,0.081274
1355,0.970598
1356,0.045972
1357,0.446722
1358,0.194080
1359,0.044497
1360,0.956909
1361,0.176102
1362,0.890747
1363,0.893496
1364,0.021003
1365,0.963867
1366,0.075194
1367,0.930686
1368,0.864851
1369,0.266412
1370,0.364905
1371,0.137617
1372,0.018970
1373,0.216363
1374,0.018403
1375,0.897335
1376,0.063948
1377,0.996874
1378,0.033282
1379,0.014391
1380,0.846148
1381,0.811991
1382,0.003808
1383,0.975891
1384,0.016483
1385,0.451280
1386,0.791498
1387,0.940376
1388,0.823527
1389,0.993304
1390,0.006281
1391,0.989167
1392,0.298036
1393,0.709485
1394,0.004116
1395,0.612787
1396,0.073225
1397,0.040137
1398,0.022270
1399,0.984738
1400,0.045723
1401,0.013175
1402,0.005364
1403,0.453150
1404,0.018376
1405,0.101434
1406,0.034780
1407,0.202593
1408,0.011125
1409,0.003594
1410,0.008693
1411,0.084153
1412,0.567681
1413,0.954949
1414,0.023369
1415,0.129423
1416,0.973594
1417,0.043509
1418,0.157146
1419,0.464499
1420,0.244176
1421,0.968879
1422,0.044378
1423,0.005756
1424,0.004290
1425,0.029127
1426,0.012100
1427,0.011410
1428,0.025088
1429,0.011315
1430,0.128396
1431,0.671186
1432,0.093537
1433,0.819004
1434,0.797841
1435,0.011858
1436,0.004110
1437,0.949750
1438,0.010820
1439,0.966036
1440,0.010745
1441,0.024258
1442,0.405229
1443,0.010317
1444,0.107121
1445,0.826106
1446,0.844851
1447,0.077868
1448,0.089907
1449,0.857359
1450,0.208774
1451,0.003664
1452,0.280447
1453,0.953630
1454,0.983704
1455,0.079635
1456,0.051217
1457,0.044163
1458,0.956920
1459,0.959728
1460,0.023464
1461,0.044685
1462,0.038528
1463,0.935620
1464,0.141883
1465,0.017026
1466,0.758318
1467,0.326388
1468,0.946858
1469,0.977010
1470,0.978012
1471,0.257568
1472,0.244625
1473,0.912524
1474,0.364324
1475,0.174526
1476,0.969315
1477,0.745224
1478,0.155104
1479,0.035412
1480,0.321113
1481,0.018469
1482,0.984276
1483,0.028737
1484,0.031098
1485,0.038434
1486,0.180670
1487,0.209506
1488,0.088058
1489,0.042764
1490,0.864983
1491,0.005690
1492,0.970422
1493,0.993597
1494,0.989946
1495,0.158002
1496,0.590075
1497,0.029277
1498,0.824915
1499,0.796552
1500,0.068696
1501,0.040000
1502,0.082159
1503,0.066837
1504,0.075496
1505,0.198635
1506,0.172152
1507,0.899567
1508,0.037230
1509,0.007498
1510,0.143668
1511,0.434613
1512,0.031119
1513,0.369198
1514,0.802744
1515,0.024730
1516,0.119833
1517,0.003753
1518,0.249589
1519,0.078364
1520,0.013633
1521,0.009044
1522,0.126343
1523,0.030061
1524,0.900744
1525,0.010229
1526,0.007185
1527,0.681908
1528,0.070658
1529,0.842453
1530,0.041950
1531,0.266264
1532,0.953234
1533,0.099695
1534,0.067099
1535,0.008539
1536,0.049389
1537,0.546456
1538,0.219878
1539,0.473280
1540,0.931070
1541,0.820521
1542,0.065904
1543,0.003329
1544,0.044109
1545,0.041278
1546,0.727567
1547,0.659541
1548,0.051578
1549,0.895740
1550,0.669850
1551,0.135596
1552,0.003279
1553,0.882217
1554,0.012619
1555,0.004268
1556,0.005428
1557,0.158352
1558,0.015323
1559,0.157760
1560,0.026901
1561,0.072955
1562,0.284488
1563,0.310933
1564,0.134718
1565,0.027221
1566,0.006645
1567,0.118651
1568,0.649460
1569,0.243020
1570,0.045550
1571,0.528135
1572,0.297962
1573,0.357367
1574,0.287622
1575,0.055268
1576,0.836376
1577,0.094689
1578,0.005445
1579,0.563337
1580,0.975822
1581,0.965872
1582,0.059428
1583,0.019683
1584,0.093033
1585,0.962000
1586,0.026871
1587,0.010177
1588,0.920454
1589,0.890518
1590,0.039740
1591,0.020599
1592,0.034923
1593,0.099737
1594,0.009351
1595,0.383436
1596,0.080365
1597,0.935871
1598,0.426069
1599,0.078855
1600,0.047747
1601,0.201875
1602,0.273265
1603,0.873729
1604,0.822603
1605,0.969117
1606,0.015963
1607,0.032768
1608,0.048001
1609,0.831119
1610,0.917666
1611,0.814467
1612,0.097000
1613,0.038254
1614,0.049961
1615,0.949439
1616,0.182645
1617,0.006760
1618,0.020304
1619,0.052603
1620,0.054416
1621,0.815361
1622,0.084836
1623,0.089343
1624,0.962763
1625,0.005746
1626,0.014304
1627,0.220396
1628,0.985363
1629,0.023217
1630,0.046629
1631,0.019995
1632,0.058681
1633,0.723090
1634,0.564139
1635,0.025956
1636,0.108438
1637,0.191469
1638,0.994356
1639,0.084573
1640,0.157374
1641,0.040970
1642,0.039069
1643,0.037824
1644,0.052273
1645,0.008395
1646,0.105988
1647,0.214804
1648,0.011754
1649,0.009297
1650,0.164162
1651,0.172203
1652,0.129943
1653,0.035720
1654,0.183539
1655,0.087982
1656,0.590419
1657,0.213491
1658,0.157333
1659,0.169304
1660,0.007152
1661,0.649769
1662,0.114925
1663,0.236664
1664,0.004227
1665,0.632502
1666,0.384461
1667,0.929221
1668,0.034931
1669,0.013456
1670,0.013342
1671,0.044951
1672,0.104927
1673,0.004144
1674,0.971052
1675,0.018473
1676,0.006690
1677,0.541991
1678,0.085557
1679,0.029536
1680,0.148685
1681,0.143504
1682,0.004241
1683,0.039256
1684,0.005998
1685,0.084778
1686,0.049272
1687,0.128117
1688,0.045436
1689,0.991878
1690,0.328703
1691,0.946332
1692,0.982302
1693,0.973545
1694,0.608247
1695,0.918057
1696,0.937125
1697,0.040822
1698,0.212826
1699,0.504408
1700,0.267429
1701,0.008206
1702,0.031908
1703,0.997140
1704,0.008789
1705,0.597818
1706,0.033328
1707,0.222566
1708,0.017856
1709,0.940848
1710,0.003240
1711,0.074086
1712,0.035728
1713,0.178103
1714,0.213401
1715,0.006037
1716,0.011392
1717,0.350798
1718,0.112780
1719,0.147661
1720,0.006296
1721,0.054945
1722,0.077118
1723,0.892322
1724,0.004195
1725,0.073743
1726,0.020968
1727,0.293176
1728,0.273727
1729,0.009735
1730,0.982146
1731,0.613887
1732,0.006457
1733,0.981852
1734,0.948564
1735,0.098312
1736,0.064014
1737,0.996938
1738,0.314563
1739,0.749800
1740,0.019636
1741,0.971124
1742,0.013181
1743,0.040853
1744,0.013085
1745,0.121027
1746,0.087984
1747,0.004192
1748,0.022482
1749,0.988133
1750,0.041864
1751,0.002435
1752,0.827897
1753,0.172403
1754,0.231537
1755,0.880112
1756,0.671113
1757,0.011940
1758,0.123117
1759,0.014190
1760,0.671469
1761,0.015955
1762,0.912861
1763,0.221597
1764,0.065304
1765,0.108264
1766,0.015836
1767,0.895704
1768,0.981109
1769,0.004418
1770,0.050714
1771,0.766095
1772,0.908773
1773,0.996103
1774,0.683791
1775,0.907924
1776,0.780418
1777,0.003527
1778,0.053889
1779,0.461806
1780,0.006676
1781,0.974814
1782,0.026829
1783,0.808664
1784,0.199567
1785,0.010201
1786,0.584831
1787,0.759273
1788,0.024194
1789,0.016315
1790,0.049182
1791,0.015867
1792,0.217254
1793,0.124896
1794,0.004905
1795,0.043987
1796,0.111865
1797,0.275232
1798,0.072897
1799,0.035631
1800,0.042173
1801,0.030987
1802,0.132713
1803,0.653447
1804,0.003815
1805,0.086903
1806,0.759910
1807,0.011636
1808,0.079399
1809,0.171590
1810,0.021706
1811,0.037505
1812,0.119801
1813,0.084460
1814,0.273844
1815,0.063045
1816,0.081409
1817,0.240005
1818,0.042162
1819,0.075664
1820,0.986233
1821,0.008926
1822,0.241437
1823,0.134339
1824,0.039863
1825,0.976148
1826,0.047021
1827,0.975284
1828,0.008180
1829,0.122263
1830,0.202223
1831,0.059614
1832,0.041687
1833,0.978965
1834,0.134373
1835,0.014089
1836,0.043654
1837,0.046652
1838,0.035343
1839,0.034691
1840,0.049870
1841,0.965633
1842,0.078511
1843,0.253168
1844,0.012515
1845,0.967988
1846,0.047518
1847,0.010800
1848,0.883789
1849,0.331051
1850,0.205118
1851,0.055300
1852,0.099318
1853,0.073203
1854,0.093532
1855,0.013063
1856,0.908435
1857,0.018112
1858,0.058945
1859,0.131351
1860,0.097674
1861,0.007690
1862,0.129532
1863,0.005085
1864,0.830537
1865,0.007965
1866,0.048291
1867,0.044343
1868,0.585648
1869,0.978010
1870,0.023882
1871,0.287222
1872,0.080856
1873,0.009736
1874,0.629470
1875,0.272147
1876,0.044846
1877,0.009637
1878,0.005148
1879,0.066638
1880,0.101579
1881,0.073913
1882,0.009726
1883,0.992178
1884,0.956285
1885,0.007831
1886,0.420757
1887,0.405788
1888,0.082504
1889,0.003945
1890,0.012333
1891,0.483643
1892,0.776524
1893,0.917504
1894,0.075871
1895,0.009182
1896,0.832616
1897,0.003847
1898,0.823863
1899,0.035619
1900,0.090370
1901,0.117249
1902,0.069775
1903,0.031685
1904,0.050941
1905,0.033400
1906,0.996977
1907,0.066031
1908,0.004721
1909,0.262912
1910,0.951944
1911,0.041593
1912,0.050589
1913,0.773853
1914,0.077670
1915,0.969443
1916,0.185044
1917,0.978929
1918,0.566091
1919,0.312511
1920,0.191344
1921,0.953066
1922,0.215993
1923,0.005941
1924,0.975435
1925,0.160022
1926,0.924867
1927,0.957680
1928,0.494609
1929,0.406177
1930,0.908927
1931,0.018727
1932,0.024297
1933,0.366453
1934,0.179459
1935,0.992546
1936,0.144257
1937,0.034077
1938,0.054657
1939,0.039150
1940,0.593062
1941,0.012060
1942,0.907869
1943,0.346457
1944,0.006948
1945,0.003430
1946,0.353847
1947,0.076909
1948,0.348230
1949,0.021389
1950,0.533735
1951,0.891325
1952,0.909656
1953,0.206600
1954,0.055804
1955,0.024806
1956,0.044986
1957,0.793686
1958,0.251588
1959,0.091617
1960,0.041664
1961,0.243487
1962,0.257691
1963,0.163160
1964,0.155383
1965,0.092037
1966,0.969207
1967,0.014250
1968,0.035174
1969,0.171902
1970,0.157603
1971,0.964954
1972,0.726819
1973,0.027561
1974,0.921137
1975,0.702539
1976,0.016101
1977,0.993845
1978,0.069604
1979,0.995380
1980,0.955813
1981,0.526537
1982,0.218293
1983,0.076464
1984,0.377570
1985,0.070004
1986,0.136320
1987,0.518536
1988,0.004296
1989,0.046624
1990,0.307767
1991,0.965126
1992,0.084709
1993,0.007685
1994,0.913077
1995,0.474624
1996,0.403979
1997,0.460724
1998,0.624682
1999,0.876059
2000,0.185359
2001,0.034233
2002,0.044395
2003,0.974747
2004,0.054125
2005,0.059845
2006,0.927634
2007,0.067781
2008,0.273274
2009,0.046171
2010,0.954534
2011,0.909069
2012,0.544950
2013,0.910142
2014,0.989731
2015,0.009597
2016,0.907055
2017,0.797374
2018,0.005042
2019,0.084129
2020,0.006496
2021,0.860294
2022,0.210320
2023,0.317218
2024,0.976560
2025,0.861967
2026,0.670225
2027,0.008757
2028,0.125570
2029,0.003133
2030,0.978248
2031,0.176948
2032,0.978259
2033,0.246879
2034,0.965944
2035,0.982786
2036,0.050982
2037,0.011992
2038,0.038567
2039,0.976008
2040,0.009479
2041,0.677876
2042,0.149851
2043,0.954407
2044,0.775607
2045,0.004772
2046,0.006614
2047,0.163086
2048,0.106553
2049,0.942149
2050,0.954552
2051,0.755578
2052,0.015737
2053,0.319536
2054,0.719852
2055,0.005553
2056,0.011907
2057,0.821611
2058,0.006447
2059,0.006740
2060,0.018405
2061,0.273239
2062,0.158616
2063,0.097423
2064,0.866335
2065,0.856351
2066,0.162502
2067,0.976304
2068,0.766210
2069,0.394248
2070,0.168366
2071,0.349290
2072,0.266962
2073,0.007013
2074,0.088976
2075,0.435897
2076,0.008113
2077,0.136472
2078,0.006538
2079,0.038090
2080,0.014651
2081,0.594204
2082,0.261560
2083,0.051698
2084,0.680686
2085,0.088351
2086,0.009767
2087,0.045384
2088,0.964611
2089,0.049514
2090,0.730229
2091,0.116987
2092,0.033828
2093,0.029664
2094,0.471264
2095,0.995256
2096,0.247453
2097,0.006322
2098,0.652407
2099,0.512214
2100,0.977434
2101,0.022430
2102,0.759428
2103,0.169602
2104,0.028098
2105,0.006375
2106,0.053018
2107,0.880466
2108,0.040881
2109,0.011145
2110,0.011909
2111,0.508289
2112,0.081228
2113,0.458884
2114,0.228329
2115,0.111531
2116,0.916273
2117,0.889187
2118,0.019197
2119,0.949898
2120,0.150182
2121,0.034975
2122,0.169142
2123,0.910639
2124,0.026167
2125,0.839079
2126,0.033212
2127,0.054420
2128,0.073953
2129,0.137038
2130,0.043618
2131,0.094539
2132,0.968498
2133,0.041423
2134,0.024261
2135,0.189528
2136,0.005453
2137,0.992714
2138,0.009237
2139,0.058300
2140,0.011879
2141,0.167992
2142,0.162654
2143,0.841330
2144,0.795430
2145,0.990894
2146,0.220652
2147,0.993303
2148,0.018304
2149,0.976716
2150,0.524284
2151,0.904618
2152,0.704645
2153,0.184301
2154,0.057979
2155,0.245512
2156,0.978544
2157,0.010813
2158,0.714768
2159,0.886177
2160,0.849869
2161,0.009755
2162,0.063867
2163,0.017112
2164,0.077656
2165,0.183672
2166,0.141053
2167,0.346676
2168,0.103373
2169,0.055698
2170,0.942649
2171,0.013521
2172,0.655133
2173,0.963733
2174,0.214467
2175,0.012250
2176,0.062826
2177,0.025355
2178,0.027880
2179,0.049131
2180,0.873256
2181,0.015841
2182,0.006653
2183,0.337088
2184,0.074994
2185,0.103008
2186,0.386177
2187,0.027942
2188,0.056617
2189,0.382046
2190,0.003015
2191,0.972313
2192,0.948047
2193,0.022960
2194,0.036317
2195,0.070173
2196,0.081533
2197,0.937060
2198,0.959024
2199,0.044249
2200,0.010372
2201,0.127601
2202,0.004690
2203,0.942838
2204,0.928143
2205,0.555784
2206,0.136107
2207,0.248675
2208,0.940781
2209,0.201039
2210,0.119246
2211,0.050692
2212,0.441897
2213,0.008875
2214,0.011875
2215,0.009881
2216,0.464213
2217,0.170696
2218,0.037026
2219,0.008390
2220,0.012900
2221,0.033712
2222,0.004456
2223,0.956346
2224,0.245839
2225,0.014861
2226,0.255738
2227,0.599366
2228,0.167250
2229,0.004367
2230,0.803136
2231,0.054864
2232,0.356376
2233,0.006166
2234,0.982475
2235,0.065872
2236,0.188177
2237,0.030332
2238,0.133309
2239,0.816977
2240,0.399453
2241,0.011392
2242,0.007918
2243,0.177845
2244,0.002731
2245,0.010841
2246,0.045084
2247,0.018899
2248,0.038255
2249,0.655993
2250,0.084223
2251,0.462022
2252,0.560930
2253,0.972228
2254,0.012828
2255,0.023809
2256,0.159894
2257,0.007211
2258,0.012802
2259,0.013992
2260,0.526774
2261,0.416500
2262,0.820550
2263,0.359376
2264,0.052569
2265,0.004405
2266,0.374152
2267,0.924370
2268,0.108995
2269,0.405176
2270,0.087049
2271,0.160575
2272,0.133474
2273,0.994870
2274,0.925900
2275,0.003049
2276,0.027505
2277,0.958926
2278,0.690511
2279,0.047673
2280,0.061400
2281,0.304055
2282,0.081898
2283,0.136317
2284,0.603732
2285,0.064346
2286,0.977911
2287,0.071741
2288,0.006657
2289,0.009076
2290,0.005853
2291,0.928562
2292,0.274446
2293,0.018752
2294,0.021393
2295,0.958627
2296,0.863414
2297,0.320400
2298,0.015338
2299,0.038260
2300,0.041726
2301,0.034403
2302,0.077193
2303,0.195653
2304,0.878292
2305,0.019513
2306,0.047370
2307,0.218701
2308,0.146300
2309,0.003963
2310,0.012607
2311,0.009997
2312,0.006038
2313,0.009853
2314,0.966787
2315,0.066103
2316,0.117922
2317,0.811302
2318,0.154377
2319,0.003620
2320,0.103956
2321,0.997587
2322,0.478040
2323,0.119582
2324,0.890852
2325,0.101717
2326,0.447272
2327,0.009806
2328,0.979004
2329,0.113350
2330,0.083573
2331,0.004748
2332,0.099908
2333,0.983617
2334,0.004088
2335,0.116059
2336,0.040066
2337,0.968188
2338,0.052625
2339,0.973038
2340,0.045562
2341,0.008587
2342,0.264385
2343,0.975524
2344,0.170791
2345,0.009291
2346,0.035568
2347,0.344273
2348,0.002737
2349,0.533070
2350,0.056037
2351,0.885664
2352,0.602278
2353,0.970958
2354,0.014820
2355,0.117450
2356,0.211763
2357,0.956929
2358,0.016630
2359,0.017543
2360,0.201253
2361,0.209900
2362,0.007298
2363,0.057455
2364,0.031911
2365,0.574212
2366,0.557277
2367,0.129076
2368,0.024525
2369,0.007442
2370,0.112104
2371,0.989631
2372,0.309520
2373,0.016877
2374,0.004764
2375,0.900185
2376,0.039579
2377,0.201825
2378,0.928897
2379,0.023631
2380,0.013774
2381,0.024047
2382,0.820493
2383,0.484649
2384,0.987843
2385,0.303831
2386,0.056815
2387,0.133339
2388,0.976905
2389,0.006339
2390,0.201828
2391,0.253438
2392,0.035793
2393,0.089056
2394,0.939652
2395,0.095319
2396,0.032801
2397,0.497469
2398,0.051408
2399,0.267983
2400,0.013644
2401,0.032263
2402,0.083411
2403,0.160986
2404,0.965506
2405,0.053657
2406,0.078469
2407,0.574695
2408,0.333297
2409,0.050563
2410,0.065247
2411,0.041772
2412,0.003415
2413,0.962577
2414,0.015559
2415,0.981900
2416,0.651460
2417,0.826010
2418,0.053506
2419,0.014664
2420,0.965532
2421,0.195679
2422,0.009118
2423,0.013974
2424,0.048640
2425,0.708087
2426,0.881177
2427,0.995377
2428,0.005476
2429,0.933066
2430,0.561489
2431,0.576504
2432,0.950695
2433,0.074884
2434,0.096457
2435,0.177012
2436,0.277411
2437,0.964603
2438,0.190346
2439,0.248060
2440,0.270190
2441,0.989935
2442,0.176164
2443,0.079272
2444,0.819566
2445,0.233323
2446,0.386901
2447,0.042285
2448,0.014527
2449,0.806090
2450,0.368873
2451,0.017233
2452,0.488160
2453,0.514081
2454,0.032326
2455,0.206290
2456,0.007085
2457,0.969920
2458,0.312294
2459,0.872893
2460,0.058341
2461,0.015737
2462,0.018072
2463,0.907955
2464,0.005999
2465,0.083730
2466,0.038089
2467,0.020502
2468,0.900586
2469,0.636489
2470,0.996027
2471,0.012502
2472,0.163640
2473,0.026037
2474,0.005391
2475,0.003438
2476,0.804356
2477,0.048057
2478,0.012294
2479,0.255332
2480,0.966084
2481,0.048876
2482,0.251416
2483,0.499630
2484,0.012504
2485,0.746197
2486,0.054643
2487,0.961942
2488,0.605379
2489,0.036866
2490,0.267241
2491,0.004186
2492,0.296969
2493,0.244135
2494,0.015742
2495,0.682397
2496,0.046723
2497,0.100352
2498,0.141658
2499,0.996947
2500,0.015529
2501,0.040708
2502,0.066157
2503,0.178174
2504,0.995694
2505,0.055931
2506,0.057506
2507,0.439811
2508,0.090347
2509,0.033862
2510,0.049409
2511,0.110871
2512,0.064059
2513,0.112042
2514,0.065632
2515,0.097178
2516,0.033339
2517,0.710537
2518,0.236028
2519,0.158804
2520,0.036497
2521,0.184776
2522,0.185397
2523,0.080756
2524,0.028162
2525,0.035095
2526,0.121339
2527,0.736985
2528,0.215951
2529,0.197733
2530,0.733074
2531,0.017920
2532,0.890732
2533,0.129285
2534,0.034455
2535,0.972798
2536,0.071312
2537,0.011076
2538,0.029524
2539,0.570976
2540,0.041261
2541,0.244175
2542,0.130559
2543,0.203238
2544,0.980354
2545,0.005793
2546,0.174103
2547,0.013988
2548,0.328530
2549,0.002579
2550,0.730165
2551,0.290435
2552,0.020533
2553,0.014186
2554,0.005248
2555,0.843191
2556,0.964493
2557,0.321022
2558,0.015995
2559,0.217858
2560,0.155570
2561,0.018670
2562,0.679378
2563,0.206283
2564,0.891602
2565,0.869612
2566,0.088221
2567,0.973532
2568,0.204353
2569,0.007561
2570,0.015449
2571,0.624503
2572,0.049851
2573,0.044191
2574,0.014380
2575,0.947428
2576,0.997022
2577,0.115610
2578,0.024414
2579,0.280308
2580,0.062768
2581,0.936839
2582,0.032632
2583,0.092160
2584,0.160085
2585,0.062977
2586,0.007740
2587,0.164107
2588,0.684888
2589,0.006191
2590,0.003706
2591,0.055666
2592,0.171045
2593,0.160483
2594,0.143512
2595,0.048118
2596,0.054620
2597,0.939767
2598,0.943143
2599,0.108150
2600,0.173086
2601,0.040409
2602,0.087729
2603,0.957211
2604,0.905071
2605,0.040295
2606,0.096300
2607,0.216822
2608,0.992399
2609,0.023355
2610,0.966020
2611,0.811618
2612,0.009977
2613,0.436249
2614,0.005599
2615,0.013479
2616,0.008427
2617,0.021172
2618,0.006814
2619,0.976582
2620,0.018080
2621,0.986902
2622,0.177229
2623,0.031216
2624,0.067234
2625,0.068468
2626,0.823030
2627,0.003255
2628,0.245720
2629,0.951316
2630,0.373078
2631,0.795907
2632,0.961684
2633,0.147788
2634,0.959789
2635,0.709948
2636,0.995479
2637,0.170841
2638,0.016220
2639,0.037444
2640,0.012385
2641,0.026386
2642,0.449148
2643,0.992993
2644,0.923932
2645,0.004069
2646,0.002800
2647,0.403698
2648,0.008456
2649,0.855658
2650,0.127080
2651,0.034145
2652,0.503136
2653,0.658552
2654,0.013740
2655,0.037042
2656,0.100355
2657,0.825884
2658,0.585398
2659,0.306021
2660,0.974090
2661,0.007176
2662,0.005263
2663,0.014675
2664,0.023398
2665,0.950244
2666,0.969084
2667,0.108805
2668,0.377782
2669,0.422689
2670,0.690030
2671,0.239867
2672,0.034704
2673,0.049794
2674,0.036831
2675,0.075879
2676,0.961801
2677,0.996949
2678,0.096525
2679,0.043664
2680,0.958059
2681,0.013923
2682,0.005955
2683,0.611276
2684,0.003391
2685,0.373614
2686,0.937745
2687,0.012084
2688,0.751953
2689,0.093887
2690,0.009572
2691,0.046975
2692,0.004783
2693,0.187147
2694,0.092637
2695,0.083386
2696,0.076494
2697,0.988447
2698,0.476527
2699,0.067186
2700,0.253496
2701,0.945266
2702,0.932459
2703,0.966944
2704,0.880095
2705,0.170782
2706,0.033301
2707,0.996307
2708,0.007177
2709,0.924995
2710,0.314642
2711,0.011538
2712,0.060037
2713,0.026696
2714,0.885198
2715,0.082949
2716,0.003120
2717,0.929204
2718,0.145951
2719,0.115066
2720,0.370751
2721,0.054164
2722,0.961282
2723,0.020152
2724,0.120529
2725,0.007264
2726,0.883450
2727,0.949404
2728,0.011723
2729,0.504350
2730,0.277875
2731,0.012194
2732,0.288935
2733,0.008895
2734,0.013779
2735,0.016747
2736,0.295966
2737,0.021604
2738,0.828755
2739,0.108722
2740,0.876491
2741,0.995612
2742,0.996132
2743,0.113867
2744,0.239604
2745,0.887903
2746,0.956284
2747,0.527503
2748,0.067493
2749,0.102780
2750,0.011962
2751,0.066356
2752,0.111055
2753,0.061128
2754,0.081486
2755,0.697511
2756,0.207629
2757,0.029879
2758,0.089280
2759,0.055789
2760,0.263055
2761,0.782679
2762,0.950770
2763,0.376480
2764,0.013792
2765,0.082887
2766,0.081720
2767,0.579677
2768,0.005696
2769,0.990590
2770,0.009814
2771,0.089407
2772,0.111982
2773,0.934439
2774,0.094092
2775,0.193742
2776,0.563899
2777,0.055286
2778,0.090315
2779,0.023381
2780,0.462672
2781,0.949248
2782,0.008214
2783,0.004048
2784,0.075155
2785,0.010351
2786,0.004471
2787,0.004159
2788,0.050577
2789,0.050320
2790,0.010475
2791,0.029787
2792,0.852688
2793,0.927046
2794,0.533235
2795,0.191752
2796,0.010497
2797,0.023083
2798,0.644378
2799,0.872674
2800,0.049671
2801,0.895246
2802,0.020479
2803,0.965573
2804,0.023479
2805,0.066440
2806,0.014860
2807,0.033478
2808,0.035574
2809,0.136767
2810,0.013804
2811,0.003479
2812,0.972080
2813,0.022319
2814,0.005788
2815,0.672214
2816,0.052044
2817,0.032364
2818,0.581530
2819,0.965176
2820,0.975139
2821,0.042251
2822,0.080084
2823,0.260031
2824,0.267753
2825,0.043973
2826,0.964238
2827,0.022808
2828,0.037670
2829,0.822213
2830,0.016010
2831,0.018540
2832,0.100405
2833,0.801035
2834,0.925946
2835,0.014123
2836,0.031580
2837,0.082726
2838,0.034921
2839,0.058624
2840,0.013099
2841,0.977979
2842,0.986794
2843,0.943583
2844,0.020751
2845,0.009925
2846,0.282095
2847,0.012339
2848,0.038437
2849,0.082286
2850,0.063192
2851,0.865964
2852,0.013179
2853,0.878773
2854,0.005093
2855,0.564419
2856,0.008072
2857,0.108061
2858,0.014246
2859,0.076710
2860,0.010487
2861,0.162345
2862,0.473444
2863,0.014082
2864,0.463545
2865,0.917022
2866,0.005834
2867,0.080644
2868,0.003663
2869,0.100401
2870,0.017245
2871,0.024765
2872,0.313987
2873,0.092686
2874,0.058465
2875,0.042750
2876,0.018085
2877,0.058588
2878,0.224984
2879,0.072260
2880,0.959183
2881,0.458814
2882,0.244681
2883,0.012142
2884,0.787462
2885,0.926066
2886,0.994605
2887,0.882131
2888,0.055843
2889,0.075034
2890,0.361814
2891,0.965106
2892,0.006546
2893,0.411612
2894,0.246268
2895,0.944135
2896,0.040050
2897,0.007740
2898,0.521297
2899,0.040682
2900,0.055881
2901,0.049125
2902,0.118104
2903,0.002832
2904,0.015493
2905,0.578635
2906,0.123296
2907,0.005761
2908,0.115420
2909,0.014352
2910,0.547120
2911,0.067873
2912,0.612392
2913,0.026245
2914,0.975322
2915,0.132717
2916,0.110348
2917,0.083072
2918,0.530559
2919,0.082869
2920,0.027464
2921,0.142680
2922,0.083113
2923,0.010421
2924,0.690447
2925,0.886057
2926,0.655933
2927,0.086327
2928,0.803219
2929,0.948401
2930,0.102952
2931,0.993140
2932,0.975068
2933,0.088820
2934,0.010443
2935,0.200368
2936,0.007105
2937,0.032706
2938,0.669129
2939,0.946767
2940,0.463438
2941,0.006368
2942,0.870866
2943,0.012435
2944,0.442414
2945,0.051925
2946,0.105934
2947,0.018019
2948,0.049191
2949,0.017608
2950,0.020164
2951,0.010603
2952,0.452849
2953,0.962037
2954,0.095777
2955,0.036630
2956,0.982301
2957,0.333264
2958,0.063854
2959,0.140034
2960,0.023874
2961,0.005265
2962,0.676822
2963,0.176235
2964,0.755293
2965,0.885012
2966,0.027063
2967,0.300379
2968,0.011423
2969,0.279394
2970,0.024289
2971,0.098429
2972,0.009320
2973,0.309582
2974,0.888086
2975,0.257831
2976,0.086900
2977,0.954011
2978,0.006723
2979,0.044470
2980,0.006503
2981,0.029094
2982,0.739086
2983,0.791310
2984,0.056331
2985,0.166532
2986,0.023399
2987,0.044096
2988,0.040643
2989,0.052913
2990,0.025631
2991,0.872672
2992,0.928062
2993,0.269233
2994,0.246842
2995,0.052913
2996,0.046502
2997,0.239045
2998,0.117477
2999,0.692285
3000,0.119152
3001,0.003904
3002,0.967411
3003,0.002981
3004,0.410214
3005,0.821968
3006,0.104486
3007,0.160727
3008,0.290545
3009,0.139222
3010,0.009132
3011,0.019135
3012,0.960158
3013,0.165717
3014,0.003639
3015,0.003945
3016,0.008381
3017,0.840552
3018,0.018522
3019,0.525190
3020,0.047144
3021,0.433095
3022,0.992919
3023,0.004486
3024,0.058636
3025,0.168986
3026,0.930583
3027,0.130811
3028,0.192276
3029,0.151604
3030,0.012289
3031,0.011279
3032,0.046151
3033,0.716037
3034,0.170332
3035,0.540021
3036,0.388856
3037,0.200849
3038,0.388022
3039,0.016670
3040,0.041855
3041,0.077320
3042,0.915169
3043,0.020696
3044,0.101723
3045,0.718163
3046,0.047467
3047,0.017824
3048,0.976039
3049,0.745727
3050,0.992953
3051,0.949162
3052,0.007672
3053,0.931873
3054,0.095018
3055,0.038317
3056,0.681794
3057,0.009228
3058,0.991120
3059,0.002822
3060,0.928578
3061,0.995662
3062,0.129607
3063,0.459011
3064,0.044117
3065,0.006042
3066,0.633634
3067,0.114001
3068,0.324052
3069,0.059408
3070,0.007170
3071,0.005015
3072,0.014843
3073,0.307641
3074,0.386001
3075,0.121826
3076,0.002763
3077,0.976226
3078,0.981493
3079,0.076967
3080,0.012752
3081,0.093770
3082,0.867602
3083,0.020123
3084,0.680608
3085,0.525551
3086,0.032503
3087,0.011421
3088,0.054545
3089,0.070561
3090,0.027081
3091,0.073710
3092,0.008763
3093,0.839618
3094,0.010543
3095,0.138053
3096,0.053946
3097,0.023184
3098,0.996609
3099,0.011178
3100,0.015622
3101,0.007386
3102,0.012169
3103,0.014670
3104,0.189718
3105,0.367014
3106,0.064614
3107,0.972510
3108,0.017658
3109,0.009368
3110,0.005964
3111,0.041861
3112,0.002627
3113,0.033421
3114,0.009658
3115,0.792458
3116,0.061820
3117,0.004629
3118,0.247507
3119,0.588615
3120,0.002410
3121,0.008418
3122,0.017921
3123,0.977722
3124,0.019490
3125,0.300686
3126,0.015162
3127,0.958199
3128,0.008363
3129,0.051425
3130,0.715858
3131,0.845810
3132,0.014887
3133,0.065620
3134,0.010531
3135,0.009652
3136,0.122043
3137,0.030899
3138,0.016942
3139,0.975797
3140,0.119214
3141,0.010133
3142,0.933682
3143,0.629541
3144,0.976860
3145,0.038342
3146,0.063138
3147,0.077788
3148,0.269262
3149,0.964872
3150,0.002115
3151,0.298427
3152,0.006984
3153,0.013326
3154,0.037699
3155,0.020430
3156,0.029666
3157,0.216512
3158,0.004363
3159,0.033753
3160,0.739054
3161,0.016059
3162,0.982196
3163,0.024267
3164,0.217091
3165,0.034851
3166,0.113308
3167,0.039283
3168,0.022343
3169,0.967241
3170,0.030058
3171,0.224942
3172,0.085150
3173,0.019154
3174,0.986822
3175,0.800264
3176,0.003090
3177,0.338774
3178,0.169569
3179,0.003176
3180,0.082044
3181,0.031534
3182,0.136806
3183,0.545754
3184,0.006505
3185,0.387858
3186,0.097939
3187,0.976986
3188,0.016884
3189,0.055004
3190,0.994932
3191,0.568563
3192,0.017708
3193,0.039758
3194,0.032449
3195,0.866541
3196,0.851403
3197,0.006561
3198,0.004445
3199,0.477528
3200,0.978959
3201,0.033236
3202,0.005421
3203,0.100319
3204,0.341490
3205,0.889991
3206,0.699124
3207,0.021894
3208,0.069239
3209,0.963754
3210,0.006046
3211,0.964591
3212,0.078896
3213,0.806443
3214,0.039786
3215,0.049758
3216,0.957555
3217,0.959696
3218,0.914407
3219,0.914450
3220,0.703847
3221,0.113964
3222,0.147505
3223,0.886902
3224,0.012565
3225,0.006103
3226,0.149708
3227,0.991477
3228,0.964551
3229,0.752798
3230,0.031855
3231,0.028766
3232,0.322090
3233,0.217688
3234,0.213496
3235,0.023276
3236,0.335162
3237,0.853610
3238,0.006771
3239,0.364390
3240,0.035504
3241,0.015825
3242,0.583534
3243,0.122251
3244,0.081830
3245,0.847288
3246,0.202298
3247,0.238185
3248,0.055347
3249,0.025893
3250,0.475995
3251,0.015240
3252,0.023657
3253,0.006551
3254,0.364628
3255,0.008945
3256,0.014063
3257,0.004681
3258,0.835973
3259,0.039369
3260,0.371710
3261,0.219313
3262,0.015241
3263,0.403734
3264,0.010186
3265,0.126319
3266,0.073603
3267,0.819555
3268,0.979429
3269,0.046763
3270,0.076879
3271,0.887549
3272,0.396538
3273,0.066736
3274,0.011668
3275,0.220480
3276,0.268139
3277,0.225928
3278,0.965082
3279,0.632334
3280,0.113002
3281,0.007839
3282,0.232928
3283,0.009133
3284,0.958902
3285,0.009812
3286,0.521159
3287,0.579577
3288,0.734905
3289,0.006188
3290,0.239386
3291,0.027238
3292,0.086641
3293,0.485560
3294,0.812094
3295,0.887494
3296,0.025791
3297,0.729848
3298,0.726346
3299,0.969724
3300,0.004744
3301,0.041142
3302,0.727268
3303,0.014581
3304,0.248758
3305,0.996535
3306,0.996789
3307,0.703247
3308,0.360963
3309,0.042989
3310,0.985505
3311,0.605226
3312,0.317392
3313,0.117051
3314,0.322807
3315,0.218404
3316,0.914235
3317,0.982513
3318,0.685325
3319,0.975982
3320,0.004187
3321,0.022677
3322,0.004392
3323,0.031362
3324,0.834551
3325,0.085458
3326,0.008488
3327,0.108432
3328,0.028554
3329,0.908335
3330,0.979870
3331,0.145456
3332,0.896584
3333,0.588032
3334,0.265059
3335,0.947157
3336,0.954715
3337,0.735000
3338,0.390823
3339,0.027951
3340,0.954579
3341,0.953859
3342,0.545246
3343,0.024292
3344,0.650135
3345,0.314042
3346,0.954360
3347,0.957107
3348,0.692401
3349,0.013281
3350,0.097606
3351,0.530838
3352,0.719196
3353,0.012345
3354,0.006184
3355,0.267273
3356,0.007765
3357,0.218003
3358,0.004160
3359,0.032063
3360,0.003790
3361,0.004464
3362,0.085498
3363,0.058828
3364,0.054371
3365,0.017188
3366,0.895797
3367,0.091132
3368,0.090899
3369,0.015090
3370,0.616574
3371,0.186597
3372,0.023752
3373,0.010234
3374,0.521415
3375,0.049297
3376,0.019846
3377,0.659449
3378,0.945912
3379,0.059061
3380,0.096475
3381,0.008211
3382,0.075754
3383,0.218453
3384,0.947954
3385,0.943459
3386,0.030202
3387,0.010288
3388,0.270698
3389,0.200894
3390,0.331180
3391,0.995535
3392,0.003710
3393,0.199283
3394,0.159370
3395,0.191878
3396,0.992719
3397,0.992207
3398,0.008896
3399,0.033346
3400,0.085001
3401,0.044925
3402,0.024937
3403,0.940972
3404,0.108839
3405,0.034831
3406,0.378426
3407,0.919632
3408,0.029313
3409,0.011663
3410,0.996153
3411,0.152446
3412,0.970255
3413,0.922816
3414,0.198872
3415,0.310059
3416,0.007707
3417,0.075424
3418,0.009993
3419,0.042311
3420,0.790925
3421,0.009268
3422,0.030837
3423,0.083041
3424,0.024586
3425,0.020639
3426,0.051613
3427,0.015617
3428,0.033990
3429,0.866744
3430,0.004423
3431,0.326028
3432,0.302417
3433,0.020068
3434,0.968449
3435,0.079879
3436,0.077016
3437,0.239227
3438,0.162457
3439,0.304957
3440,0.918817
3441,0.457856
3442,0.004658
3443,0.356824
3444,0.487702
3445,0.191775
3446,0.535806
3447,0.055638
3448,0.034312
3449,0.020601
3450,0.071162
3451,0.017376
3452,0.189463
3453,0.788176
3454,0.994651
3455,0.859554
3456,0.544671
3457,0.061556
3458,0.239455
3459,0.004415
3460,0.034206
3461,0.975455
3462,0.233534
3463,0.033752
3464,0.012228
3465,0.017270
3466,0.012396
3467,0.013955
3468,0.547850
3469,0.887046
3470,0.011872
3471,0.465629
3472,0.029521
3473,0.007833
3474,0.008420
3475,0.511364
3476,0.063688
3477,0.018615
3478,0.006481
3479,0.970492
3480,0.961160
3481,0.058226
3482,0.065872
3483,0.842567
3484,0.009508
3485,0.806262
3486,0.945956
3487,0.048677
3488,0.028455
3489,0.446252
3490,0.044910
3491,0.037220
3492,0.055668
3493,0.090241
3494,0.196535
3495,0.189541
3496,0.654824
3497,0.799636
3498,0.002408
3499,0.448080
3500,0.955857
3501,0.764099
3502,0.011433
3503,0.073319
3504,0.034250
3505,0.006558
3506,0.013096
3507,0.164270
3508,0.764198
3509,0.007857
3510,0.004232
3511,0.935225
3512,0.010193
3513,0.029038
3514,0.047210
3515,0.031000
3516,0.009604
3517,0.956444
3518,0.435773
3519,0.978962
3520,0.054226
3521,0.017350
3522,0.203967
3523,0.141540
3524,0.252360
3525,0.172028
3526,0.252248
3527,0.042313
3528,0.028900
3529,0.745554
3530,0.012929
3531,0.025993
3532,0.980036
3533,0.018802
3534,0.147216
3535,0.012419
3536,0.045383
3537,0.040174
3538,0.008196
3539,0.961146
3540,0.004109
3541,0.075467
3542,0.010502
3543,0.699147
3544,0.104184
3545,0.098562
3546,0.029116
3547,0.004760
3548,0.021153
3549,0.048174
3550,0.032110
3551,0.990552
3552,0.992982
3553,0.474376
3554,0.460560
3555,0.964977
3556,0.204081
3557,0.425963
3558,0.007494
3559,0.191348
3560,0.007070
3561,0.123423
3562,0.062991
3563,0.910055
3564,0.263929
3565,0.942745
3566,0.947484
3567,0.064772
3568,0.004048
3569,0.794106
3570,0.157621
3571,0.821976
3572,0.859846
3573,0.004933
3574,0.033570
3575,0.405345
3576,0.995184
3577,0.015222
3578,0.986858
3579,0.932531
3580,0.308800
3581,0.006834
3582,0.559620
3583,0.084847
3584,0.980084
3585,0.399844
3586,0.846015
3587,0.005680
3588,0.092611
3589,0.972166
3590,0.061338
3591,0.396839
3592,0.927860
3593,0.887368
3594,0.973207
3595,0.046235
3596,0.093551
3597,0.896435
3598,0.007484
3599,0.009101
3600,0.978448
3601,0.005044
3602,0.005946
3603,0.028016
3604,0.041757
3605,0.233645
3606,0.976459
3607,0.002938
3608,0.355595
3609,0.002301
3610,0.143536
3611,0.548707
3612,0.133467
3613,0.925974
3614,0.818346
3615,0.032642
3616,0.019448
3617,0.040739
3618,0.980311
3619,0.702724
3620,0.088722
3621,0.624258
3622,0.006896
3623,0.969052
3624,0.015275
3625,0.492722
3626,0.721247
3627,0.575805
3628,0.215967
3629,0.044718
3630,0.950209
3631,0.073639
3632,0.051443
3633,0.019067
3634,0.069284
3635,0.009523
3636,0.070958
3637,0.036261
3638,0.931084
3639,0.017803
3640,0.092206
3641,0.098576
3642,0.004675
3643,0.007449
3644,0.993065
3645,0.795117
3646,0.921496
3647,0.048740
3648,0.671861
3649,0.942938
3650,0.008941
3651,0.024130
3652,0.011068
3653,0.023977
3654,0.633298
3655,0.366536
3656,0.010143
3657,0.005150
3658,0.027630
3659,0.846745
3660,0.277579
3661,0.643717
3662,0.014401
3663,0.139289
3664,0.008214
3665,0.431488
3666,0.941534
3667,0.049549
3668,0.884003
3669,0.630537
3670,0.116904
3671,0.008369
3672,0.012060
3673,0.796719
3674,0.207857
3675,0.944171
3676,0.038771
3677,0.135895
3678,0.958875
3679,0.928355
3680,0.009857
3681,0.065140
3682,0.009275
3683,0.100535
3684,0.470643
3685,0.278661
3686,0.994504
3687,0.162435
3688,0.218231
3689,0.836579
3690,0.023885
3691,0.814263
3692,0.424760
3693,0.992228
3694,0.005674
3695,0.890171
3696,0.026808
3697,0.788449
3698,0.008468
3699,0.048857
3700,0.299463
3701,0.069018
3702,0.982768
3703,0.244809
3704,0.969396
3705,0.983567
3706,0.212365
3707,0.287230
3708,0.429723
3709,0.010077
3710,0.026239
3711,0.991837
3712,0.110513
3713,0.075677
3714,0.211680
3715,0.007959
3716,0.140669
3717,0.576452
3718,0.922142
3719,0.079746
3720,0.859489
3721,0.201975
3722,0.928364
3723,0.984744
3724,0.012226
3725,0.111814
3726,0.036402
3727,0.242635
3728,0.225968
3729,0.380905
3730,0.889094
3731,0.016515
3732,0.135672
3733,0.062664
3734,0.028809
3735,0.170582
3736,0.005411
3737,0.006894
3738,0.992682
3739,0.979729
3740,0.623806
3741,0.835000
3742,0.953821
3743,0.064252
3744,0.699387
3745,0.243373
3746,0.512995
3747,0.065193
3748,0.600159
3749,0.008820
3750,0.062244
3751,0.032959
3752,0.023261
3753,0.327016
3754,0.935543
3755,0.007559
3756,0.035216
3757,0.045879
3758,0.008005
3759,0.880128
3760,0.625021
3761,0.939923
3762,0.759452
3763,0.303745
3764,0.035108
3765,0.179391
3766,0.022856
3767,0.253441
3768,0.076746
3769,0.947784
3770,0.055056
3771,0.970698
3772,0.384558
3773,0.024805
3774,0.012863
3775,0.090288
3776,0.112028
3777,0.151055
3778,0.006317
3779,0.032338
3780,0.138298
3781,0.247580
3782,0.580847
3783,0.089659
3784,0.131066
3785,0.917009
3786,0.054027
3787,0.482762
3788,0.022165
3789,0.632101
3790,0.956031
3791,0.985949
3792,0.943799
3793,0.115064
3794,0.480922
3795,0.601798
3796,0.890777
3797,0.080794
3798,0.178078
3799,0.028276
3800,0.004489
3801,0.037250
3802,0.977239
3803,0.148686
3804,0.703318
3805,0.016062
3806,0.104507
3807,0.994208
3808,0.286124
3809,0.077641
3810,0.072174
3811,0.220583
3812,0.031028
3813,0.032804
3814,0.934100
3815,0.039339
3816,0.578355
3817,0.067653
3818,0.965838
3819,0.913190
3820,0.508932
3821,0.041606
3822,0.900860
3823,0.040191
3824,0.047139
3825,0.995946
3826,0.329776
3827,0.049242
3828,0.877387
3829,0.058640
3830,0.054623
3831,0.995175
3832,0.014173
3833,0.120406
3834,0.625038
3835,0.094079
3836,0.544974
3837,0.995403
3838,0.676350
3839,0.992247
3840,0.143121
3841,0.089072
3842,0.176385
3843,0.089103
3844,0.037031
3845,0.992260
3846,0.009506
3847,0.965997
3848,0.004622
3849,0.006287
3850,0.376033
3851,0.968179
3852,0.067097
3853,0.575638
3854,0.894950
3855,0.003010
3856,0.037207
3857,0.007647
3858,0.066250
3859,0.022895
3860,0.023357
3861,0.060241
3862,0.008707
3863,0.969991
3864,0.996175
3865,0.215492
3866,0.995448
3867,0.017008
3868,0.590561
3869,0.018930
3870,0.639674
3871,0.038355
3872,0.688084
3873,0.330897
3874,0.110305
3875,0.994212
3876,0.188890
3877,0.980330
3878,0.046574
3879,0.004552
3880,0.993923
3881,0.982330
3882,0.308237
3883,0.401666
3884,0.009471
3885,0.050472
3886,0.891028
3887,0.211264
3888,0.103577
3889,0.175821
3890,0.049605
3891,0.912519
3892,0.009716
3893,0.734700
3894,0.101909
3895,0.492601
3896,0.136018
3897,0.960367
3898,0.506929
3899,0.317267
3900,0.039720
3901,0.004851
3902,0.948763
3903,0.592460
3904,0.022223
3905,0.063798
3906,0.977740
3907,0.047929
3908,0.087902
3909,0.995785
3910,0.004275
3911,0.008444
3912,0.258360
3913,0.034630
3914,0.875211
3915,0.040025
3916,0.808061
3917,0.032615
3918,0.053637
3919,0.013526
3920,0.086324
3921,0.004892
3922,0.512306
3923,0.023008
3924,0.021297
3925,0.985697
3926,0.267768
3927,0.015246
3928,0.040374
3929,0.928663
3930,0.978723
3931,0.002666
3932,0.307632
3933,0.006022
3934,0.927840
3935,0.005013
3936,0.099908
3937,0.247354
3938,0.962415
3939,0.072482
3940,0.184319
3941,0.974635
3942,0.018348
3943,0.145782
3944,0.909347
3945,0.703296
3946,0.078400
3947,0.007673
3948,0.188635
3949,0.959876
3950,0.048275
3951,0.026687
3952,0.925846
3953,0.024546
3954,0.993810
3955,0.010542
3956,0.081076
3957,0.307735
3958,0.046474
3959,0.909699
3960,0.080635
3961,0.021278
3962,0.008377
3963,0.832600
3964,0.329436
3965,0.138095
3966,0.513540
3967,0.013243
3968,0.005731
3969,0.117712
3970,0.195329
3971,0.964303
3972,0.497646
3973,0.356596
3974,0.014320
3975,0.846480
3976,0.988513
3977,0.150498
3978,0.047507
3979,0.665549
3980,0.733293
3981,0.940984
3982,0.961674
3983,0.007572
3984,0.528905
3985,0.037377
3986,0.572868
3987,0.003433
3988,0.894825
3989,0.008597
3990,0.466442
3991,0.734185
3992,0.006311
3993,0.152594
3994,0.741850
3995,0.957408
3996,0.661384
3997,0.006147
3998,0.170356
3999,0.115250
4000,0.014344
4001,0.043271
4002,0.008793
4003,0.171496
4004,0.561974
4005,0.290156
4006,0.170918
4007,0.004878
4008,0.991267
4009,0.080813
4010,0.996745
4011,0.891050
4012,0.057191
4013,0.041434
4014,0.995651
4015,0.947700
4016,0.081044
4017,0.080586
4018,0.100308
4019,0.014307
4020,0.021694
4021,0.047731
4022,0.027645
4023,0.007180
4024,0.007208
4025,0.775655
4026,0.777305
4027,0.008374
4028,0.036963
4029,0.045988
4030,0.006708
4031,0.850062
4032,0.098306
4033,0.022828
4034,0.069802
4035,0.043454
4036,0.025802
4037,0.011950
4038,0.973983
4039,0.008163
4040,0.223623
4041,0.989645
4042,0.045050
4043,0.100580
4044,0.026059
4045,0.003222
4046,0.010541
4047,0.104890
4048,0.136138
4049,0.052118
4050,0.078788
4051,0.080597
4052,0.187893
4053,0.861562
4054,0.026268
4055,0.013316
4056,0.102251
4057,0.233831
4058,0.465791
4059,0.021027
4060,0.124592
4061,0.954832
4062,0.121110
4063,0.366819
4064,0.305944
4065,0.128219
4066,0.010339
4067,0.577371
4068,0.015923
4069,0.015334
4070,0.068418
4071,0.983039
4072,0.004040
4073,0.045670
4074,0.046154
4075,0.013943
4076,0.425364
4077,0.104898
4078,0.451576
4079,0.261385
4080,0.003361
4081,0.761984
4082,0.928871
4083,0.249512
4084,0.028268
4085,0.105212
4086,0.323138
4087,0.005061
4088,0.093937
4089,0.013138
4090,0.189252
4091,0.005984
4092,0.165632
4093,0.336409
4094,0.011261
4095,0.023556
4096,0.017028
4097,0.201834
4098,0.012525
4099,0.959460
4100,0.566762
4101,0.069094
4102,0.150981
4103,0.175245
4104,0.975945
4105,0.484829
4106,0.209628
4107,0.604032
4108,0.982735
4109,0.961986
4110,0.067268
4111,0.003741
4112,0.976958
4113,0.262845
4114,0.091901
4115,0.009207
4116,0.022891
4117,0.995434
4118,0.076887
4119,0.167660
4120,0.971825
4121,0.222773
4122,0.793722
4123,0.009716
4124,0.478839
4125,0.008935
4126,0.086603
4127,0.087969
4128,0.131117
4129,0.399315
4130,0.026107
4131,0.345840
4132,0.897337
4133,0.962123
4134,0.023959
4135,0.294021
4136,0.016942
4137,0.883665
4138,0.003268
4139,0.061628
4140,0.995272
4141,0.881328
4142,0.079256
4143,0.078227
4144,0.975858
4145,0.074917
4146,0.177562
4147,0.197531
4148,0.040905
4149,0.022420
4150,0.214475
4151,0.038847
4152,0.016296
4153,0.104212
4154,0.355410
4155,0.834965
4156,0.060785
4157,0.004729
4158,0.913738
4159,0.316297
4160,0.236467
4161,0.244250
4162,0.006035
4163,0.005265
4164,0.960109
4165,0.211927
4166,0.009162
4167,0.984141
4168,0.158391
4169,0.089710
4170,0.997404
4171,0.041924
4172,0.868714
4173,0.040343
4174,0.008591
4175,0.294807
4176,0.032853
4177,0.004978
4178,0.649222
4179,0.085861
4180,0.960743
4181,0.196240
4182,0.007180
4183,0.788535
4184,0.974923
4185,0.857563
4186,0.950937
4187,0.071092
4188,0.008663
4189,0.069488
4190,0.003164
4191,0.109768
4192,0.919380
4193,0.090932
4194,0.910765
4195,0.112445
4196,0.995477
4197,0.816733
4198,0.096503
4199,0.904509
4200,0.011810
4201,0.542979
4202,0.091952
4203,0.086887
4204,0.056337
4205,0.051072
4206,0.536159
4207,0.100007
4208,0.367413
4209,0.283637
4210,0.271754
4211,0.126926
4212,0.195411
4213,0.406980
4214,0.039874
4215,0.014111
4216,0.017711
4217,0.989042
4218,0.995289
4219,0.009433
4220,0.115502
4221,0.979186
4222,0.167456
4223,0.400913
4224,0.075256
4225,0.028998
4226,0.995286
4227,0.275693
4228,0.019395
4229,0.702522
4230,0.778465
4231,0.042068
4232,0.010063
4233,0.148021
4234,0.004743
4235,0.324726
4236,0.040486
4237,0.107808
4238,0.053745
4239,0.060134
4240,0.503692
4241,0.982697
4242,0.005936
4243,0.021264
4244,0.970767
4245,0.040724
4246,0.026412
4247,0.007498
4248,0.026560
4249,0.455675
4250,0.647903
4251,0.150857
4252,0.005032
4253,0.866743
4254,0.059198
4255,0.034494
4256,0.218873
4257,0.004007
4258,0.860946
4259,0.006387
4260,0.976119
4261,0.956999
4262,0.630785
4263,0.921146
4264,0.009070
4265,0.353783
4266,0.941387
4267,0.006449
4268,0.964985
4269,0.236395
4270,0.142814
4271,0.014391
4272,0.138023
4273,0.007013
4274,0.023414
4275,0.939366
4276,0.550535
4277,0.019753
4278,0.010555
4279,0.207950
4280,0.970695
4281,0.358355
4282,0.234505
4283,0.010264
4284,0.016213
4285,0.352075
4286,0.108886
4287,0.550469
4288,0.761688
4289,0.017405
4290,0.798540
4291,0.045742
4292,0.041038
4293,0.700641
4294,0.908917
4295,0.395326
4296,0.139164
4297,0.994021
4298,0.162299
4299,0.014417
4300,0.107146
4301,0.995778
4302,0.037446
4303,0.071915
4304,0.371282
4305,0.011804
4306,0.043738
4307,0.069920
4308,0.938884
4309,0.895187
4310,0.065308
4311,0.015895
4312,0.969810
4313,0.938749
4314,0.014260
4315,0.010046
4316,0.901223
4317,0.901090
4318,0.762476
4319,0.008267
4320,0.773623
4321,0.007246
4322,0.316008
4323,0.172528
4324,0.447777
4325,0.427379
4326,0.003671
4327,0.674576
4328,0.973469
4329,0.012435
4330,0.139483
4331,0.055138
4332,0.041288
4333,0.037123
4334,0.155770
4335,0.109357
4336,0.035059
4337,0.101097
4338,0.058517
4339,0.558340
4340,0.077634
4341,0.046421
4342,0.126636
4343,0.973769
4344,0.847463
4345,0.056937
4346,0.009226
4347,0.026720
4348,0.109232
4349,0.004255
4350,0.021885
4351,0.023605
4352,0.979343
4353,0.327134
4354,0.056102
4355,0.048590
4356,0.939579
4357,0.043976
4358,0.169046
4359,0.008609
4360,0.963555
4361,0.369065
4362,0.784722
4363,0.041273
4364,0.904416
4365,0.249071
4366,0.136815
4367,0.943511
4368,0.003440
4369,0.037652
4370,0.182426
4371,0.109224
4372,0.995809
4373,0.034148
4374,0.076652
4375,0.595032
4376,0.038732
4377,0.113238
4378,0.967403
4379,0.997008
4380,0.211499
4381,0.053419
4382,0.083060
4383,0.311046
4384,0.920709
4385,0.067764
4386,0.121460
4387,0.002542
4388,0.294869
4389,0.024867
4390,0.748903
4391,0.052955
4392,0.901166
4393,0.053517
4394,0.568575
4395,0.027035
4396,0.771200
4397,0.003824
4398,0.994091
4399,0.135935
4400,0.939939
4401,0.108407
4402,0.105250
4403,0.011231
4404,0.054088
4405,0.125287
4406,0.003348
4407,0.034797
4408,0.253933
4409,0.092976
4410,0.007257
4411,0.002924
4412,0.018434
4413,0.060157
4414,0.718197
4415,0.052084
4416,0.312107
4417,0.054506
4418,0.022003
4419,0.241119
4420,0.018507
4421,0.038987
4422,0.002863
4423,0.108474
4424,0.006791
4425,0.085669
4426,0.037706
4427,0.006181
4428,0.020444
4429,0.077369
4430,0.042527
4431,0.090662
4432,0.003741
4433,0.039779
4434,0.034133
4435,0.104346
4436,0.009564
4437,0.170568
4438,0.058369
4439,0.397358
4440,0.851110
4441,0.007500
4442,0.506195
4443,0.074771
4444,0.125344
4445,0.120196
4446,0.028953
4447,0.610821
4448,0.021606
4449,0.718168
4450,0.058662
4451,0.903983
4452,0.943231
4453,0.277962
4454,0.853080
4455,0.036827
4456,0.100635
4457,0.989893
4458,0.025719
4459,0.155682
4460,0.620933
4461,0.089501
4462,0.021530
4463,0.006685
4464,0.054459
4465,0.019316
4466,0.101021
4467,0.994541
4468,0.913166
4469,0.022205
4470,0.095641
4471,0.008480
4472,0.237887
4473,0.131597
4474,0.310561
4475,0.983460
4476,0.131463
4477,0.039141
4478,0.865194
4479,0.201535
4480,0.316268
4481,0.099041
4482,0.008616
4483,0.957766
4484,0.019785
4485,0.026417
4486,0.991583
4487,0.085264
4488,0.061778
4489,0.014420
4490,0.068878
4491,0.003792
4492,0.010377
4493,0.543389
4494,0.384534
4495,0.219895
4496,0.089520
4497,0.276039
4498,0.006977
4499,0.052886
4500,0.291100
4501,0.027162
4502,0.320835
4503,0.974151
4504,0.265416
4505,0.125733
4506,0.633843
4507,0.083837
4508,0.007904
4509,0.016183
4510,0.226154
4511,0.198247
4512,0.019286
4513,0.002333
4514,0.066870
4515,0.510250
4516,0.916655
4517,0.087629
4518,0.975999
4519,0.072025
4520,0.158700
4521,0.588251
4522,0.477440
4523,0.962182
4524,0.747121
4525,0.965030
4526,0.140269
4527,0.039910
4528,0.003411
4529,0.976859
4530,0.533585
4531,0.021619
4532,0.011591
4533,0.212389
4534,0.825474
4535,0.009755
4536,0.479636
4537,0.034450
4538,0.069322
4539,0.530105
4540,0.399451
4541,0.018365
4542,0.023249
4543,0.973963
4544,0.970252
4545,0.045819
4546,0.270133
4547,0.077182
4548,0.764814
4549,0.054393
4550,0.070859
4551,0.938896
4552,0.813697
4553,0.234240
4554,0.035610
4555,0.124168
4556,0.070415
4557,0.695029
4558,0.962051
4559,0.715924
4560,0.002092
4561,0.025132
4562,0.968496
4563,0.014903
4564,0.038206
4565,0.144754
4566,0.115353
4567,0.331060
4568,0.006143
4569,0.019350
4570,0.008782
4571,0.014809
4572,0.097566
4573,0.018714
4574,0.350498
4575,0.006971
4576,0.137799
4577,0.176262
4578,0.047614
4579,0.023679
4580,0.192998
4581,0.177657
4582,0.905245
4583,0.023031
4584,0.964489
4585,0.913567
4586,0.251994
4587,0.342207
4588,0.029373
4589,0.012934
4590,0.050663
4591,0.006421
4592,0.023226
4593,0.026092
4594,0.950117
4595,0.037262
4596,0.111515
4597,0.969788
4598,0.217365
4599,0.587295
4600,0.011359
4601,0.006544
4602,0.062410
4603,0.237099
4604,0.010586
4605,0.150046
4606,0.085894
4607,0.107836
4608,0.973546
4609,0.012364
4610,0.954241
4611,0.088174
4612,0.103849
4613,0.073205
4614,0.945038
4615,0.983706
4616,0.029450
4617,0.265808
4618,0.978028
4619,0.623665
4620,0.964602
4621,0.047315
4622,0.664765
4623,0.040636
4624,0.317902
4625,0.004622
4626,0.089451
4627,0.063043
4628,0.963394
4629,0.096755
4630,0.046699
4631,0.980979
4632,0.039866
4633,0.813754
4634,0.072504
4635,0.057081
4636,0.049742
4637,0.959178
4638,0.077600
4639,0.063997
4640,0.083426
4641,0.096315
4642,0.977609
4643,0.996659
4644,0.994924
4645,0.009185
4646,0.456881
4647,0.037203
4648,0.069503
4649,0.362283
4650,0.008548
4651,0.756087
4652,0.036068
4653,0.348343
4654,0.104060
4655,0.021090
4656,0.745474
4657,0.970003
4658,0.022606
4659,0.735476
4660,0.098781
4661,0.133917
4662,0.032577
4663,0.054694
4664,0.174083
4665,0.005589
4666,0.504167
4667,0.007583
4668,0.055129
4669,0.008890
4670,0.203163
4671,0.996098
4672,0.111592
4673,0.006057
4674,0.010615
4675,0.928603
4676,0.027776
4677,0.029745
4678,0.013757
4679,0.978871
4680,0.072073
4681,0.011038
4682,0.022479
4683,0.576586
4684,0.015489
4685,0.368022
4686,0.433040
4687,0.019592
4688,0.052749
4689,0.077581
4690,0.044689
4691,0.276701
4692,0.048253
4693,0.989436
4694,0.019069
4695,0.519641
4696,0.103574
4697,0.589550
4698,0.993161
4699,0.076585
4700,0.629166
4701,0.113734
4702,0.006605
4703,0.350783
4704,0.010738
4705,0.050389
4706,0.067419
4707,0.008520
4708,0.073252
4709,0.020531
4710,0.305777
4711,0.967196
4712,0.342054
4713,0.017192
4714,0.010662
4715,0.082675
4716,0.002657
4717,0.047764
4718,0.734105
4719,0.462450
4720,0.021109
4721,0.064231
4722,0.962817
4723,0.829178
4724,0.038109
4725,0.007232
4726,0.057141
4727,0.128516
4728,0.151945
4729,0.032623
4730,0.003822
4731,0.006588
4732,0.062465
4733,0.945603
4734,0.042249
4735,0.016568
4736,0.970677
4737,0.246642
4738,0.794675
4739,0.380592
4740,0.992873
4741,0.059423
4742,0.930596
4743,0.048570
4744,0.048135
4745,0.391654
4746,0.051127
4747,0.038493
4748,0.008280
4749,0.264526
4750,0.566344
4751,0.991721
4752,0.036509
4753,0.379589
4754,0.107284
4755,0.265129
4756,0.015046
4757,0.044252
4758,0.072197
4759,0.093063
4760,0.928357
4761,0.657059
4762,0.047117
4763,0.012559
4764,0.004859
4765,0.123342
4766,0.208086
4767,0.651761
4768,0.914122
4769,0.383701
4770,0.007929
4771,0.011421
4772,0.030747
4773,0.007584
4774,0.662708
4775,0.003866
4776,0.013912
4777,0.040266
4778,0.016973
4779,0.980658
4780,0.989696
4781,0.246879
4782,0.988664
4783,0.071974
4784,0.225570
4785,0.129437
4786,0.031153
4787,0.846395
4788,0.119981
4789,0.004691
4790,0.006337
4791,0.012081
4792,0.898567
4793,0.987128
4794,0.113173
4795,0.004800
4796,0.993594
4797,0.008279
4798,0.847553
4799,0.771317
4800,0.600233
4801,0.547895
4802,0.005183
4803,0.020073
4804,0.023255
4805,0.008973
4806,0.473617
4807,0.955127
4808,0.079720
4809,0.046693
4810,0.023900
4811,0.096133
4812,0.145303
4813,0.790810
4814,0.960323
4815,0.194252
4816,0.373070
4817,0.019077
4818,0.146200
4819,0.124930
4820,0.995097
4821,0.734444
4822,0.017341
4823,0.376659
4824,0.274811
4825,0.745219
4826,0.012620
4827,0.084385
4828,0.012385
4829,0.031593
4830,0.037573
4831,0.339102
4832,0.192871
4833,0.292803
4834,0.024657
4835,0.043661
4836,0.049197
4837,0.043359
4838,0.016719
4839,0.006606
4840,0.973562
4841,0.181993
4842,0.978188
4843,0.054841
4844,0.132139
4845,0.075036
4846,0.012600
4847,0.966278
4848,0.614704
4849,0.005035
4850,0.329403
4851,0.060026
4852,0.493509
4853,0.746145
4854,0.540100
4855,0.314015
4856,0.793587
4857,0.129212
4858,0.137278
4859,0.017697
4860,0.108496
4861,0.850225
4862,0.047783
4863,0.018017
4864,0.566556
4865,0.157795
4866,0.004218
4867,0.213456
4868,0.200164
4869,0.003755
4870,0.083942
4871,0.286777
4872,0.409820
4873,0.095010
4874,0.991088
4875,0.290291
4876,0.029662
4877,0.018896
4878,0.874063
4879,0.712528
4880,0.839191
4881,0.926810
4882,0.064056
4883,0.087734
4884,0.076453
4885,0.816493
4886,0.943849
4887,0.012345
4888,0.053600
4889,0.181391
4890,0.038330
4891,0.607869
4892,0.980490
4893,0.871238
4894,0.195917
4895,0.080329
4896,0.629990
4897,0.877534
4898,0.140913
4899,0.920800
4900,0.011963
4901,0.831597
4902,0.292432
4903,0.051290
4904,0.070297
4905,0.259756
4906,0.011697
4907,0.631215
4908,0.050823
4909,0.071097
4910,0.914968
4911,0.194645
4912,0.034411
4913,0.872379
4914,0.032870
4915,0.973960
4916,0.466972
4917,0.548526
4918,0.974035
4919,0.610954
4920,0.043181
4921,0.957704
4922,0.980495
4923,0.007380
4924,0.935858
4925,0.082780
4926,0.018149
4927,0.867947
4928,0.547282
4929,0.033696
4930,0.974201
4931,0.846343
4932,0.614539
4933,0.992831
4934,0.104902
4935,0.074188
4936,0.070295
4937,0.659636
4938,0.010093
4939,0.962887
4940,0.023036
4941,0.007153
4942,0.275480
4943,0.009150
4944,0.031782
4945,0.135044
4946,0.112361
4947,0.083359
4948,0.201594
4949,0.895102
4950,0.441090
4951,0.133849
4952,0.171137
4953,0.160385
4954,0.761461
4955,0.514759
4956,0.257587
4957,0.252187
4958,0.976385
4959,0.642597
4960,0.002987
4961,0.808209
4962,0.125958
4963,0.345106
4964,0.896708
4965,0.017948
4966,0.009700
4967,0.266516
4968,0.007448
4969,0.196256
4970,0.981878
4971,0.161950
4972,0.060490
4973,0.009005
4974,0.034023
4975,0.626112
4976,0.135317
4977,0.460283
4978,0.008977
4979,0.873450
4980,0.502699
4981,0.004783
4982,0.066769
4983,0.907106
4984,0.310256
4985,0.611773
4986,0.980282
4987,0.973350
4988,0.020351
4989,0.002734
4990,0.006143
4991,0.692507
4992,0.008421
4993,0.051698
4994,0.110023
4995,0.010870
4996,0.960900
4997,0.014437
4998,0.302838
4999,0.517635
5000,0.012621
5001,0.012325
5002,0.066056
5003,0.397809
5004,0.360608
5005,0.036369
5006,0.034123
5007,0.740178
5008,0.954581
5009,0.044636
5010,0.003669
5011,0.514699
5012,0.043808
5013,0.111881
5014,0.125108
5015,0.723578
5016,0.896860
5017,0.590103
5018,0.971307
5019,0.965880
5020,0.022035
5021,0.296173
5022,0.012536
5023,0.003029
5024,0.235667
5025,0.078825
5026,0.045384
5027,0.100650
5028,0.996483
5029,0.868786
5030,0.008575
5031,0.027236
5032,0.240138
5033,0.934427
5034,0.904588
5035,0.029786
5036,0.029328
5037,0.002962
5038,0.018203
5039,0.217672
5040,0.912574
5041,0.371193
5042,0.963506
5043,0.072660
5044,0.010605
5045,0.321435
5046,0.085284
5047,0.003940
5048,0.472371
5049,0.082867
5050,0.087679
5051,0.867248
5052,0.012654
5053,0.108173
5054,0.071908
5055,0.020457
5056,0.919234
5057,0.015017
5058,0.948436
5059,0.082603
5060,0.116364
5061,0.033204
5062,0.012954
5063,0.009787
5064,0.026212
5065,0.480700
5066,0.494015
5067,0.053285
5068,0.952653
5069,0.642121
5070,0.964203
5071,0.069360
5072,0.038302
5073,0.012293
5074,0.021258
5075,0.412497
5076,0.348017
5077,0.055986
5078,0.080685
5079,0.969664
5080,0.031307
5081,0.004720
5082,0.052204
5083,0.061479
5084,0.003656
5085,0.960511
5086,0.995522
5087,0.006184
5088,0.042764
5089,0.013872
5090,0.489522
5091,0.054175
5092,0.991957
5093,0.395480
5094,0.108951
5095,0.090179
5096,0.015754
5097,0.038956
5098,0.197145
5099,0.002602
5100,0.056817
5101,0.282326
5102,0.553561
5103,0.007341
5104,0.009701
5105,0.063369
5106,0.995329
5107,0.970111
5108,0.590645
5109,0.924558
5110,0.019953
5111,0.985678
5112,0.887146
5113,0.243442
5114,0.948154
5115,0.906681
5116,0.803131
5117,0.810794
5118,0.912470
5119,0.027705
5120,0.992087
5121,0.034650
5122,0.011418
5123,0.855244
5124,0.016988
5125,0.956465
5126,0.113741
5127,0.436633
5128,0.050448
5129,0.470960
5130,0.026029
5131,0.020301
5132,0.164114
5133,0.176246
5134,0.684890
5135,0.412527
5136,0.005798
5137,0.716148
5138,0.032829
5139,0.238039
5140,0.079489
5141,0.219756
5142,0.076510
5143,0.004648
5144,0.008683
5145,0.004422
5146,0.040882
5147,0.009052
5148,0.026716
5149,0.008125
5150,0.295476
5151,0.852280
5152,0.132664
5153,0.034857
5154,0.993100
5155,0.081909
5156,0.005470
5157,0.021778
5158,0.007220
5159,0.031038
5160,0.191864
5161,0.039915
5162,0.005827
5163,0.057122
5164,0.017874
5165,0.110502
5166,0.539814
5167,0.084767
5168,0.086332
5169,0.061089
5170,0.103061
5171,0.780733
5172,0.586398
5173,0.158391
5174,0.022878
5175,0.996957
5176,0.366925
5177,0.952600
5178,0.880903
5179,0.920787
5180,0.021134
5181,0.189469
5182,0.343576
5183,0.004432
5184,0.158269
5185,0.051143
5186,0.002532
5187,0.077928
5188,0.976165
5189,0.019810
5190,0.058346
5191,0.197255
5192,0.185658
5193,0.273275
5194,0.524016
5195,0.307767
5196,0.042821
5197,0.013380
5198,0.027182
5199,0.011860
5200,0.002626
5201,0.092418
5202,0.115160
5203,0.013948
5204,0.141409
5205,0.007239
5206,0.086418
5207,0.671882
5208,0.013727
5209,0.787249
5210,0.922997
5211,0.912087
5212,0.248802
5213,0.255516
5214,0.031168
5215,0.604550
5216,0.894052
5217,0.020576
5218,0.527116
5219,0.003855
5220,0.992098
5221,0.030041
5222,0.070371
5223,0.355290
5224,0.620273
5225,0.007162
5226,0.977779
5227,0.819219
5228,0.874546
5229,0.990154
5230,0.073376
5231,0.386877
5232,0.952031
5233,0.009972
5234,0.061244
5235,0.018598
5236,0.007912
5237,0.935509
5238,0.108292
5239,0.022597
5240,0.023809
5241,0.097590
5242,0.025939
5243,0.058003
5244,0.983714
5245,0.634078
5246,0.096676
5247,0.046373
5248,0.049201
5249,0.341487
5250,0.167624
5251,0.310214
5252,0.561637
5253,0.011708
5254,0.023078
5255,0.271343
5256,0.004392
5257,0.358307
5258,0.922074
5259,0.786191
5260,0.131149
5261,0.021680
5262,0.853887
5263,0.006318
5264,0.253790
5265,0.071194
5266,0.968329
5267,0.004356
5268,0.152555
5269,0.026220
5270,0.187024
5271,0.154021
5272,0.942356
5273,0.011762
5274,0.501610
5275,0.852710
5276,0.165056
5277,0.853450
5278,0.134176
5279,0.008175
5280,0.011519
5281,0.005488
5282,0.978317
5283,0.069950
5284,0.016675
5285,0.007355
5286,0.022311
5287,0.060162
5288,0.054130
5289,0.017282
5290,0.004244
5291,0.987381
5292,0.749261
5293,0.125019
5294,0.766718
5295,0.043617
5296,0.260510
5297,0.005666
5298,0.221920
5299,0.003423
5300,0.012641
5301,0.177605
5302,0.303716
5303,0.118680
5304,0.074313
5305,0.053697
5306,0.107955
5307,0.869675
5308,0.089938
5309,0.118882
5310,0.026430
5311,0.869166
5312,0.380489
5313,0.052717
5314,0.743385
5315,0.128814
5316,0.100756
5317,0.084764
5318,0.005725
5319,0.724359
5320,0.047338
5321,0.120420
5322,0.100120
5323,0.038372
5324,0.891380
5325,0.200710
5326,0.003992
5327,0.019206
5328,0.072655
5329,0.912654
5330,0.015409
5331,0.125006
5332,0.005171
5333,0.046266
5334,0.954938
5335,0.471034
5336,0.010705
5337,0.059383
5338,0.342966
5339,0.042827
5340,0.015635
5341,0.006691
5342,0.976927
5343,0.068349
5344,0.011808
5345,0.012402
5346,0.288298
5347,0.947930
5348,0.017045
5349,0.032581
5350,0.846638
5351,0.996140
5352,0.749068
5353,0.021334
5354,0.377334
5355,0.826898
5356,0.013568
5357,0.147562
5358,0.994540
5359,0.008656
5360,0.051879
5361,0.709049
5362,0.090202
5363,0.012100
5364,0.007614
5365,0.976729
5366,0.006125
5367,0.003527
5368,0.878930
5369,0.714600
5370,0.042891
5371,0.015502
5372,0.011812
5373,0.218103
5374,0.006629
5375,0.049710
5376,0.064821
5377,0.016603
5378,0.042803
5379,0.337825
5380,0.509880
5381,0.044137
5382,0.284329
5383,0.081024
5384,0.074858
5385,0.040729
5386,0.012385
5387,0.689461
5388,0.009540
5389,0.991389
5390,0.571994
5391,0.010040
5392,0.004742
5393,0.993509
5394,0.028328
5395,0.825941
5396,0.033556
5397,0.211021
5398,0.127151
5399,0.301730
5400,0.045922
5401,0.404834
5402,0.007206
5403,0.101690
5404,0.056971
5405,0.057545
5406,0.911094
5407,0.823162
5408,0.020825
5409,0.014918
5410,0.179216
5411,0.251262
5412,0.943950
5413,0.076406
5414,0.004666
5415,0.993955
5416,0.030169
5417,0.058577
5418,0.106038
5419,0.367006
5420,0.029124
5421,0.071659
5422,0.037274
5423,0.043454
5424,0.888044
5425,0.952288
5426,0.036605
5427,0.040740
5428,0.009059
5429,0.004054
5430,0.651532
5431,0.024342
5432,0.714575
5433,0.153777
5434,0.966559
5435,0.651043
5436,0.978170
5437,0.046949
5438,0.322588
5439,0.239086
5440,0.918590
5441,0.008881
5442,0.071563
5443,0.675920
5444,0.015908
5445,0.958958
5446,0.201245
5447,0.191020
5448,0.029773
5449,0.006746
5450,0.929859
5451,0.003421
5452,0.990414
5453,0.186992
5454,0.054201
5455,0.955528
5456,0.008377
5457,0.093789
5458,0.004088
5459,0.944909
5460,0.968528
5461,0.011136
5462,0.030221
5463,0.029891
5464,0.010351
5465,0.143604
5466,0.792863
5467,0.990941
5468,0.065110
5469,0.063314
5470,0.994677
5471,0.323821
5472,0.195026
5473,0.004507
5474,0.382239
5475,0.007980
5476,0.050265
5477,0.887350
5478,0.269805
5479,0.951681
5480,0.052305
5481,0.034444
5482,0.006103
5483,0.354344
5484,0.716077
5485,0.148464
5486,0.048103
5487,0.479673
5488,0.112109
5489,0.185129
5490,0.021558
5491,0.599752
5492,0.042772
5493,0.018703
5494,0.760046
5495,0.885134
5496,0.015559
5497,0.195674
5498,0.092997
5499,0.005307
5500,0.002639
5501,0.233040
5502,0.036420
5503,0.068436
5504,0.974949
5505,0.980913
5506,0.018633
5507,0.358914
5508,0.038558
5509,0.962136
5510,0.005628
5511,0.992920
5512,0.007833
5513,0.043422
5514,0.335171
5515,0.004099
5516,0.037147
5517,0.088913
5518,0.175972
5519,0.047317
5520,0.021433
5521,0.993764
5522,0.799991
5523,0.187705
5524,0.975640
5525,0.093050
5526,0.145373
5527,0.804032
5528,0.007213
5529,0.044240
5530,0.091190
5531,0.069352
5532,0.092920
5533,0.110216
5534,0.091770
5535,0.011016
5536,0.059830
5537,0.037267
5538,0.016261
5539,0.052320
5540,0.787326
5541,0.005545
5542,0.213975
5543,0.007002
5544,0.008579
5545,0.952849
5546,0.356079
5547,0.038096
5548,0.045824
5549,0.982998
5550,0.017596
5551,0.102566
5552,0.048585
5553,0.053465
5554,0.403558
5555,0.130739
5556,0.088209
5557,0.730099
5558,0.977400
5559,0.131550
5560,0.984576
5561,0.548960
5562,0.004738
5563,0.100903
5564,0.007729
5565,0.989206
5566,0.395140
5567,0.018705
5568,0.096999
5569,0.063526
5570,0.978405
5571,0.019748
5572,0.003298
5573,0.064119
5574,0.839525
5575,0.346455
5576,0.039439
5577,0.040398
5578,0.142812
5579,0.014088
5580,0.994965
5581,0.240928
5582,0.008419
5583,0.020200
5584,0.593032
5585,0.024313
5586,0.296693
5587,0.772828
5588,0.177736
5589,0.100576
5590,0.062621
5591,0.025696
5592,0.574004
5593,0.006694
5594,0.017197
5595,0.060755
5596,0.663549
5597,0.857751
5598,0.053371
5599,0.842845
5600,0.974755
5601,0.088763
5602,0.081793
5603,0.465444
5604,0.005521
5605,0.793330
5606,0.096367
5607,0.003687
5608,0.394880
5609,0.795113
5610,0.050536
5611,0.067960
5612,0.038187
5613,0.138764
5614,0.165351
5615,0.003356
5616,0.049918
5617,0.898911
5618,0.995067
5619,0.100094
5620,0.046094
5621,0.207726
5622,0.007080
5623,0.004570
5624,0.176413
5625,0.669835
5626,0.200375
5627,0.994592
5628,0.067834
5629,0.148436
5630,0.983485
5631,0.043996
5632,0.019412
5633,0.008906
5634,0.639913
5635,0.091443
5636,0.004627
5637,0.106980
5638,0.753547
5639,0.003425
5640,0.016148
5641,0.172025
5642,0.029047
5643,0.832411
5644,0.084856
5645,0.029285
5646,0.823412
5647,0.078939
5648,0.019232
5649,0.039771
5650,0.010722
5651,0.149568
5652,0.018645
5653,0.011657
5654,0.011724
5655,0.960042
5656,0.200335
5657,0.234107
5658,0.020748
5659,0.120283
5660,0.024580
5661,0.847798
5662,0.034653
5663,0.264377
5664,0.020635
5665,0.921357
5666,0.062212
5667,0.956558
5668,0.995558
5669,0.309264
5670,0.907843
5671,0.145449
5672,0.037418
5673,0.222487
5674,0.834821
5675,0.129598
5676,0.994689
5677,0.052396
5678,0.072176
5679,0.946845
5680,0.007026
5681,0.051866
5682,0.546188
5683,0.166228
5684,0.046183
5685,0.103688
5686,0.070827
5687,0.108996
5688,0.017225
5689,0.050271
5690,0.029603
5691,0.010442
5692,0.017561
5693,0.235588
5694,0.058216
5695,0.420241
5696,0.138505
5697,0.193624
5698,0.028989
5699,0.284839
5700,0.037005
5701,0.970225
5702,0.089017
5703,0.211615
5704,0.875870
5705,0.626687
5706,0.073398
5707,0.020995
5708,0.113967
5709,0.921109
5710,0.964994
5711,0.071759
5712,0.002835
5713,0.023263
5714,0.224197
5715,0.027683
5716,0.003647
5717,0.935996
5718,0.935904
5719,0.005409
5720,0.427330
5721,0.005912
5722,0.995786
5723,0.467220
5724,0.020387
5725,0.057150
5726,0.374916
5727,0.966604
5728,0.837512
5729,0.012804
5730,0.349506
5731,0.976892
5732,0.016483
5733,0.213981
5734,0.994418
5735,0.019083
5736,0.003134
5737,0.964567
5738,0.869325
5739,0.008944
5740,0.178003
5741,0.087698
5742,0.090551
5743,0.806416
5744,0.298016
5745,0.005435
5746,0.034323
5747,0.090606
5748,0.112146
5749,0.258853
5750,0.976134
5751,0.005517
5752,0.123341
5753,0.017178
5754,0.005445
5755,0.044882
5756,0.009543
5757,0.161196
5758,0.909673
5759,0.180706
5760,0.014833
5761,0.009630
5762,0.567525
5763,0.916714
5764,0.002686
5765,0.700963
5766,0.986468
5767,0.035361
5768,0.897471
5769,0.006121
5770,0.077085
5771,0.994236
5772,0.158667
5773,0.713085
5774,0.989126
5775,0.072700
5776,0.883577
5777,0.007016
5778,0.015323
5779,0.007340
5780,0.017463
5781,0.330916
5782,0.028563
5783,0.526429
5784,0.964235
5785,0.757887
5786,0.002982
5787,0.082841
5788,0.992246
5789,0.020738
5790,0.977448
5791,0.995167
5792,0.051223
5793,0.125116
5794,0.147466
5795,0.073052
5796,0.080477
5797,0.961464
5798,0.995468
5799,0.037502
5800,0.300080
5801,0.190732
5802,0.955394
5803,0.174144
5804,0.053129
5805,0.078836
5806,0.978176
5807,0.063351
5808,0.997012
5809,0.019503
5810,0.129441
5811,0.957081
5812,0.979278
5813,0.873084
5814,0.954353
5815,0.939765
5816,0.960013
5817,0.920584
5818,0.025441
5819,0.996869
5820,0.234985
5821,0.063567
5822,0.995562
5823,0.009651
5824,0.869507
5825,0.056026
5826,0.033024
5827,0.023860
5828,0.935042
5829,0.213827
5830,0.061324
5831,0.083194
5832,0.450226
5833,0.355474
5834,0.040656
5835,0.873644
5836,0.093460
5837,0.688464
5838,0.008287
5839,0.004324
5840,0.006835
5841,0.917505
5842,0.066039
5843,0.205854
5844,0.169587
5845,0.534385
5846,0.937855
5847,0.092844
5848,0.102082
5849,0.030132
5850,0.980013
5851,0.952066
5852,0.823581
5853,0.077569
5854,0.859916
5855,0.007425
5856,0.132513
5857,0.071404
5858,0.662018
5859,0.036359
5860,0.961827
5861,0.036670
5862,0.621607
5863,0.127700
5864,0.149756
5865,0.273262
5866,0.073215
5867,0.179693
5868,0.064661
5869,0.060867
5870,0.005086
5871,0.104274
5872,0.010325
5873,0.066496
5874,0.982852
5875,0.995443
5876,0.076493
5877,0.960086
5878,0.113630
5879,0.039575
5880,0.177659
5881,0.144297
5882,0.016644
5883,0.202239
5884,0.796856
5885,0.007460
5886,0.507960
5887,0.918281
5888,0.534484
5889,0.893747
5890,0.005214
5891,0.059749
5892,0.449779
5893,0.089556
5894,0.063531
5895,0.062718
5896,0.015145
5897,0.030710
5898,0.665009
5899,0.102422
5900,0.074510
5901,0.590576
5902,0.607737
5903,0.932114
5904,0.980177
5905,0.517273
5906,0.033378
5907,0.967185
5908,0.027114
5909,0.046348
5910,0.097548
5911,0.145561
5912,0.992999
5913,0.005214
5914,0.056233
5915,0.202622
5916,0.005891
5917,0.006560
5918,0.956967
5919,0.186142
5920,0.984974
5921,0.050826
5922,0.065396
5923,0.080345
5924,0.382998
5925,0.094056
5926,0.976424
5927,0.203215
5928,0.052351
5929,0.006688
5930,0.084599
5931,0.933677
5932,0.035408
5933,0.937738
5934,0.561667
5935,0.204185
5936,0.003856
5937,0.063779
5938,0.419350
5939,0.007397
5940,0.953294
5941,0.040058
5942,0.180604
5943,0.103374
5944,0.289581
5945,0.978948
5946,0.072202
5947,0.050254
5948,0.082126
5949,0.766331
5950,0.020419
5951,0.306112
5952,0.148825
5953,0.379818
5954,0.435933
5955,0.019541
5956,0.920915
5957,0.842782
5958,0.812818
5959,0.297980
5960,0.035744
5961,0.008356
5962,0.347741
5963,0.005155
5964,0.913334
5965,0.247463
5966,0.044635
5967,0.005488
5968,0.050697
5969,0.634568
5970,0.945135
5971,0.051333
5972,0.948073
5973,0.119286
5974,0.866604
5975,0.633745
5976,0.010239
5977,0.352446
5978,0.318895
5979,0.878339
5980,0.158308
5981,0.334820
5982,0.024941
5983,0.017669
5984,0.913165
5985,0.032876
5986,0.166734
5987,0.019805
5988,0.786221
5989,0.858403
5990,0.023543
5991,0.993925
5992,0.045646
5993,0.136515
5994,0.010342
5995,0.057239
5996,0.031201
5997,0.941913
5998,0.847945
5999,0.871453
6000,0.017072
6001,0.752627
6002,0.753809
6003,0.340952
6004,0.044437
6005,0.004005
6006,0.744333
6007,0.960168
6008,0.532372
6009,0.861841
6010,0.008675
6011,0.931877
6012,0.069708
6013,0.152332
6014,0.038551
6015,0.063159
6016,0.048637
6017,0.035327
6018,0.994442
6019,0.037379
6020,0.972488
6021,0.278383
6022,0.967880
6023,0.783793
6024,0.026811
6025,0.028918
6026,0.037129
6027,0.429374
6028,0.099124
6029,0.756169
6030,0.013143
6031,0.036183
6032,0.054092
6033,0.017347
6034,0.547576
6035,0.160386
6036,0.962354
6037,0.700250
6038,0.919717
6039,0.006462
6040,0.059311
6041,0.958463
6042,0.979293
6043,0.857797
6044,0.935418
6045,0.891521
6046,0.012793
6047,0.093156
6048,0.145302
6049,0.571707
6050,0.018363
6051,0.152504
6052,0.114177
6053,0.003450
6054,0.019535
6055,0.081438
6056,0.093160
6057,0.017219
6058,0.164133
6059,0.751671
6060,0.021952
6061,0.386093
6062,0.088263
6063,0.960642
6064,0.008821
6065,0.023836
6066,0.162952
6067,0.005260
6068,0.619872
6069,0.002657
6070,0.064570
6071,0.043805
6072,0.994880
6073,0.021220
6074,0.200331
6075,0.066812
6076,0.079457
6077,0.052482
6078,0.288988
6079,0.030409
6080,0.776959
6081,0.007530
6082,0.776320
6083,0.026372
6084,0.978932
6085,0.204398
6086,0.071115
6087,0.037156
6088,0.082065
6089,0.112476
6090,0.043862
6091,0.031467
6092,0.959834
6093,0.239028
6094,0.038105
6095,0.521742
6096,0.899716
6097,0.067602
6098,0.003490
6099,0.923971
6100,0.946434
6101,0.818122
6102,0.077951
6103,0.264107
6104,0.067672
6105,0.017644
6106,0.017904
6107,0.560855
6108,0.962866
6109,0.010091
6110,0.350093
6111,0.952193
6112,0.012531
6113,0.009491
6114,0.100193
6115,0.954874
6116,0.702573
6117,0.003186
6118,0.033981
6119,0.625135
6120,0.377997
6121,0.012061
6122,0.076737
6123,0.916074
6124,0.096808
6125,0.661474
6126,0.003426
6127,0.914599
6128,0.016980
6129,0.939715
6130,0.015299
6131,0.051911
6132,0.950574
6133,0.131639
6134,0.472024
6135,0.027036
6136,0.825630
6137,0.088113
6138,0.014641
6139,0.173895
6140,0.043055
6141,0.994935
6142,0.979023
6143,0.847786
6144,0.040292
6145,0.955818
6146,0.683936
6147,0.045120
6148,0.778387
6149,0.333433
6150,0.007646
6151,0.038473
6152,0.035759
6153,0.080512
6154,0.838071
6155,0.036278
6156,0.389699
6157,0.030295
6158,0.163290
6159,0.028021
6160,0.742485
6161,0.377698
6162,0.960855
6163,0.866171
6164,0.027587
6165,0.291470
6166,0.933335
6167,0.994737
6168,0.732346
6169,0.400704
6170,0.749667
6171,0.154472
6172,0.867080
6173,0.216441
6174,0.412460
6175,0.493787
6176,0.014013
6177,0.034797
6178,0.909435
6179,0.081823
6180,0.775577
6181,0.958156
6182,0.118057
6183,0.028241
6184,0.206221
6185,0.655990
6186,0.425833
6187,0.006574
6188,0.047879
6189,0.140054
6190,0.124380
6191,0.995387
6192,0.292962
6193,0.021580
6194,0.973653
6195,0.017230
6196,0.976173
6197,0.977467
6198,0.865813
6199,0.054531
6200,0.961494
6201,0.010278
6202,0.023578
6203,0.021688
6204,0.102702
6205,0.027061
6206,0.076468
6207,0.021551
6208,0.974780
6209,0.176031
6210,0.575982
6211,0.948810
6212,0.014858
6213,0.013403
6214,0.490283
6215,0.048149
6216,0.010974
6217,0.041580
6218,0.122029
6219,0.127695
6220,0.030340
6221,0.794174
6222,0.007351
6223,0.012377
6224,0.011396
6225,0.004999
6226,0.005653
6227,0.022946
6228,0.027478
6229,0.958683
6230,0.002952
6231,0.056658
6232,0.062199
6233,0.043890
6234,0.997038
6235,0.333812
6236,0.196864
6237,0.334592
6238,0.039489
6239,0.688715
6240,0.016058
6241,0.412631
6242,0.007788
6243,0.022799
6244,0.003314
6245,0.004085
6246,0.961644
6247,0.057840
6248,0.009161
6249,0.224940
6250,0.351027
6251,0.085378
6252,0.847330
6253,0.828119
6254,0.925566
6255,0.962445
6256,0.984466
6257,0.495971
6258,0.990553
6259,0.006660
6260,0.005314
6261,0.102225
6262,0.096538
6263,0.235259
6264,0.441568
6265,0.049063
6266,0.958444
6267,0.071954
6268,0.058433
6269,0.011134
6270,0.071993
6271,0.012754
6272,0.176990
6273,0.035204
6274,0.118012
6275,0.012208
6276,0.984298
6277,0.047402
6278,0.087348
6279,0.976283
6280,0.139737
6281,0.005043
6282,0.110293
6283,0.223933
6284,0.688740
6285,0.306505
6286,0.014395
6287,0.041414
6288,0.980485
6289,0.802786
6290,0.042879
6291,0.064232
6292,0.019764
6293,0.162742
6294,0.819833
6295,0.088991
6296,0.783751
6297,0.035623
6298,0.090951
6299,0.946983
6300,0.893818
6301,0.020393
6302,0.037584
6303,0.015845
6304,0.697850
6305,0.845911
6306,0.756379
6307,0.241973
6308,0.533395
6309,0.021711
6310,0.790431
6311,0.674760
6312,0.912577
6313,0.994596
6314,0.050741
6315,0.473700
6316,0.502811
6317,0.044818
6318,0.209881
6319,0.060480
6320,0.096959
6321,0.005119
6322,0.995215
6323,0.004312
6324,0.243319
6325,0.004758
6326,0.011180
6327,0.099362
6328,0.006501
6329,0.014973
6330,0.670583
6331,0.013139
6332,0.996689
6333,0.921016
6334,0.006638
6335,0.983719
6336,0.209788
6337,0.564884
6338,0.123744
6339,0.167192
6340,0.006088
6341,0.025818
6342,0.811892
6343,0.041652
6344,0.054976
6345,0.013770
6346,0.109877
6347,0.179402
6348,0.070478
6349,0.916279
6350,0.853808
6351,0.495865
6352,0.629797
6353,0.049598
6354,0.015305
6355,0.096142
6356,0.114685
6357,0.237161
6358,0.005043
6359,0.224723
6360,0.154161
6361,0.135588
6362,0.027488
6363,0.972249
6364,0.009257
6365,0.081292
6366,0.009101
6367,0.032478
6368,0.277173
6369,0.946775
6370,0.178675
6371,0.042276
6372,0.007713
6373,0.502412
6374,0.035565
6375,0.420716
6376,0.464913
6377,0.171629
6378,0.015526
6379,0.017420
6380,0.009737
6381,0.404351
6382,0.063322
6383,0.042469
6384,0.023719
6385,0.996935
6386,0.076399
6387,0.012684
6388,0.792447
6389,0.870833
6390,0.766295
6391,0.886651
6392,0.057710
6393,0.017701
6394,0.006692
6395,0.729366
6396,0.184092
6397,0.975096
6398,0.927259
6399,0.966960
6400,0.962417
6401,0.977045
6402,0.932928
6403,0.003783
6404,0.005286
6405,0.427063
6406,0.953856
6407,0.912845
6408,0.441394
6409,0.660699
6410,0.021835
6411,0.172067
6412,0.191670
6413,0.968739
6414,0.003447
6415,0.985561
6416,0.152201
6417,0.522238
6418,0.038128
6419,0.087674
6420,0.242971
6421,0.037111
6422,0.036249
6423,0.068781
6424,0.911431
6425,0.638380
6426,0.234566
6427,0.095458
6428,0.104844
6429,0.959879
6430,0.979467
6431,0.055853
6432,0.046971
6433,0.002915
6434,0.065339
6435,0.061690
6436,0.078293
6437,0.973195
6438,0.072896
6439,0.063494
6440,0.030940
6441,0.020446
6442,0.023398
6443,0.015205
6444,0.925805
6445,0.954800
6446,0.185241
6447,0.029191
6448,0.010139
6449,0.587152
6450,0.032251
6451,0.647014
6452,0.124012
6453,0.021288
6454,0.285607
6455,0.079691
6456,0.774063
6457,0.021014
6458,0.599462
6459,0.012630
6460,0.017624
6461,0.083916
6462,0.036981
6463,0.004639
6464,0.963611
6465,0.432460
6466,0.087974
6467,0.305226
6468,0.050326
6469,0.968483
6470,0.938116
6471,0.327753
6472,0.027994
6473,0.030328
6474,0.246305
6475,0.046248
6476,0.144091
6477,0.008529
6478,0.086626
6479,0.667733
6480,0.007817
6481,0.019667
6482,0.586259
6483,0.072673
6484,0.098580
6485,0.075935
6486,0.284689
6487,0.021972
6488,0.040666
6489,0.009525
6490,0.263487
6491,0.175838
6492,0.964517
6493,0.020992
6494,0.143503
6495,0.184405
6496,0.081572
6497,0.968323
6498,0.746887
6499,0.204593
6500,0.995322
6501,0.994144
6502,0.006071
6503,0.938370
6504,0.006187
6505,0.974456
6506,0.995631
6507,0.212255
6508,0.091338
6509,0.083978
6510,0.186916
6511,0.958446
6512,0.038532
6513,0.929524
6514,0.011274
6515,0.091487
6516,0.005139
6517,0.022336
6518,0.055353
6519,0.130898
6520,0.917982
6521,0.089861
6522,0.002681
6523,0.370607
6524,0.100754
6525,0.229571
6526,0.091050
6527,0.006978
6528,0.005702
6529,0.026470
6530,0.005825
6531,0.969197
6532,0.331368
6533,0.505838
6534,0.813700
6535,0.106168
6536,0.781189
6537,0.031526
6538,0.009378
6539,0.113558
6540,0.029270
6541,0.937925
6542,0.022167
6543,0.014234
6544,0.016362
6545,0.058596
6546,0.057401
6547,0.940040
6548,0.130747
6549,0.992430
6550,0.048412
6551,0.123430
6552,0.731201
6553,0.087174
6554,0.059193
6555,0.568787
6556,0.986782
6557,0.532228
6558,0.960071
6559,0.700820
6560,0.859882
6561,0.205208
6562,0.533773
6563,0.938148
6564,0.011167
6565,0.336458
6566,0.967627
6567,0.282733
6568,0.339403
6569,0.510242
6570,0.075150
6571,0.028537
6572,0.025159
6573,0.974722
6574,0.065431
6575,0.653671
6576,0.055862
6577,0.057200
6578,0.168732
6579,0.153075
6580,0.003130
6581,0.005547
6582,0.130587
6583,0.226480
6584,0.697752
6585,0.120688
6586,0.510446
6587,0.857941
6588,0.007349
6589,0.052432
6590,0.026405
6591,0.028492
6592,0.053453
6593,0.103754
6594,0.178038
6595,0.684921
6596,0.047335
6597,0.013955
6598,0.289170
6599,0.892272
6600,0.248567
6601,0.488022
6602,0.029868
6603,0.491431
6604,0.008717
6605,0.037565
6606,0.706790
6607,0.008631
6608,0.863936
6609,0.008257
6610,0.035520
6611,0.036456
6612,0.964417
6613,0.023860
6614,0.249844
6615,0.069310
6616,0.017175
6617,0.021236
6618,0.987243
6619,0.037862
6620,0.181720
6621,0.994951
6622,0.941434
6623,0.005680
6624,0.025832
6625,0.072298
6626,0.067276
6627,0.026305
6628,0.006688
6629,0.025344
6630,0.076734
6631,0.020597
6632,0.036631
6633,0.149820
6634,0.032074
6635,0.304930
6636,0.013628
6637,0.085278
6638,0.053345
6639,0.931516
6640,0.010932
6641,0.062409
6642,0.950346
6643,0.113109
6644,0.221245
6645,0.223341
6646,0.890137
6647,0.266478
6648,0.924084
6649,0.902713
6650,0.123059
6651,0.959546
6652,0.376595
6653,0.216822
6654,0.060771
6655,0.065056
6656,0.006183
6657,0.758750
6658,0.055228
6659,0.971009
6660,0.029431
6661,0.145730
6662,0.969056
6663,0.018511
6664,0.052614
6665,0.956770
6666,0.044320
6667,0.450780
6668,0.015874
6669,0.117532
6670,0.111929
6671,0.961959
6672,0.056143
6673,0.007167
6674,0.059126
6675,0.571365
6676,0.365050
6677,0.026805
6678,0.135747
6679,0.041922
6680,0.208612
6681,0.436127
6682,0.012256
6683,0.118975
6684,0.126725
6685,0.944937
6686,0.684126
6687,0.004583
6688,0.005513
6689,0.940620
6690,0.973723
6691,0.997485
6692,0.021695
6693,0.288308
6694,0.032320
6695,0.982121
6696,0.061964
6697,0.035715
6698,0.970402
6699,0.844280
6700,0.376116
6701,0.012795
6702,0.927864
6703,0.913572
6704,0.091313
6705,0.976981
6706,0.018756
6707,0.035897
6708,0.030055
6709,0.162327
6710,0.063052
6711,0.051156
6712,0.008234
6713,0.395312
6714,0.953765
6715,0.028981
6716,0.007165
6717,0.850895
6718,0.968727
6719,0.079643
6720,0.003347
6721,0.002441
6722,0.681231
6723,0.086713
6724,0.007635
6725,0.995623
6726,0.874157
6727,0.982619
6728,0.050203
6729,0.941266
6730,0.375593
6731,0.200212
6732,0.065656
6733,0.933938
6734,0.013251
6735,0.994798
6736,0.451035
6737,0.997049
6738,0.966420
6739,0.003097
6740,0.008034
6741,0.005584
6742,0.161628
6743,0.090138
6744,0.063629
6745,0.004788
6746,0.537367
6747,0.646349
6748,0.914033
6749,0.125762
6750,0.963929
6751,0.255095
6752,0.025234
6753,0.354024
6754,0.006992
6755,0.170853
6756,0.964565
6757,0.056861
6758,0.703566
6759,0.032431
6760,0.121873
6761,0.036012
6762,0.939893
6763,0.013156
6764,0.038349
6765,0.157026
6766,0.874918
6767,0.980098
6768,0.943988
6769,0.032737
6770,0.025447
6771,0.027784
6772,0.972988
6773,0.025472
6774,0.008433
6775,0.050063
6776,0.163602
6777,0.048653
6778,0.053888
6779,0.128008
6780,0.958164
6781,0.005305
6782,0.261465
6783,0.117025
6784,0.002882
6785,0.718789
6786,0.692853
6787,0.874042
6788,0.868478
6789,0.089295
6790,0.017856
6791,0.637263
6792,0.971361
6793,0.153010
6794,0.325386
6795,0.953171
6796,0.600324
6797,0.082337
6798,0.373308
6799,0.021384
6800,0.728774
6801,0.522312
6802,0.312068
6803,0.089025
6804,0.893283
6805,0.005196
6806,0.684024
6807,0.006514
6808,0.029821
6809,0.094439
6810,0.874917
6811,0.038411
6812,0.016529
6813,0.924843
6814,0.033268
6815,0.151086
6816,0.042092
6817,0.017543
6818,0.980029
6819,0.006550
6820,0.056040
6821,0.956640
6822,0.010078
6823,0.156572
6824,0.027136
6825,0.036880
6826,0.067840
6827,0.005067
6828,0.933981
6829,0.003211
6830,0.984023
6831,0.054727
6832,0.013184
6833,0.079433
6834,0.026055
6835,0.570165
6836,0.469155
6837,0.994973
6838,0.245796
6839,0.088470
6840,0.860263
6841,0.045562
6842,0.910154
6843,0.004030
6844,0.092373
6845,0.979483
6846,0.216975
6847,0.006836
6848,0.841019
6849,0.017296
6850,0.017592
6851,0.667454
6852,0.190130
6853,0.806745
6854,0.032299
6855,0.027995
6856,0.090182
6857,0.814652
6858,0.974292
6859,0.947848
6860,0.922857
6861,0.023279
6862,0.092840
6863,0.043765
6864,0.035064
6865,0.004653
6866,0.159433
6867,0.405179
6868,0.805977
6869,0.160780
6870,0.833806
6871,0.944393
6872,0.018179
6873,0.080346
6874,0.077040
6875,0.290350
6876,0.951267
6877,0.819337
6878,0.007288
6879,0.029029
6880,0.069515
6881,0.212548
6882,0.932520
6883,0.371734
6884,0.124856
6885,0.062414
6886,0.983995
6887,0.850161
6888,0.657217
6889,0.145621
6890,0.928258
6891,0.046507
6892,0.008252
6893,0.049161
6894,0.175672
6895,0.124007
6896,0.995839
6897,0.063988
6898,0.961950
6899,0.014010
6900,0.462758
6901,0.005377
6902,0.046229
6903,0.054298
6904,0.013247
6905,0.983763
6906,0.856850
6907,0.137107
6908,0.041859
6909,0.003739
6910,0.764409
6911,0.016407
6912,0.969092
6913,0.964197
6914,0.006390
6915,0.031072
6916,0.963846
6917,0.302554
6918,0.847179
6919,0.025239
6920,0.039762
6921,0.507555
6922,0.003570
6923,0.042758
6924,0.052263
6925,0.014303
6926,0.635503
6927,0.007596
6928,0.004352
6929,0.011218
6930,0.363977
6931,0.116959
6932,0.077815
6933,0.808008
6934,0.076609
6935,0.162147
6936,0.005239
6937,0.005855
6938,0.179886
6939,0.105257
6940,0.936981
6941,0.004069
6942,0.837426
6943,0.047558
6944,0.917013
6945,0.609260
6946,0.004708
6947,0.860087
6948,0.019923
6949,0.138978
6950,0.907820
6951,0.748991
6952,0.072957
6953,0.004625
6954,0.015372
6955,0.962121
6956,0.023155
6957,0.995767
6958,0.961786
6959,0.076328
6960,0.071345
6961,0.167928
6962,0.626041
6963,0.037395
6964,0.691938
6965,0.007141
6966,0.070002
6967,0.013459
6968,0.972597
6969,0.993800
6970,0.003397
6971,0.003448
6972,0.059499
6973,0.012874
6974,0.263483
6975,0.112384
6976,0.018872
6977,0.037065
6978,0.010007
6979,0.025137
6980,0.590907
6981,0.090064
6982,0.996845
6983,0.197661
6984,0.023373
6985,0.233104
6986,0.860201
6987,0.139545
6988,0.059630
6989,0.007095
6990,0.012394
6991,0.004211
6992,0.040805
6993,0.920008
6994,0.831603
6995,0.041612
6996,0.384184
6997,0.924207
6998,0.007765
6999,0.053461
7000,0.532488
7001,0.134072
7002,0.095680
7003,0.142621
7004,0.005014
7005,0.068700
7006,0.007016
7007,0.974986
7008,0.064002
7009,0.043609
7010,0.125234
7011,0.913369
7012,0.005789
7013,0.420767
7014,0.697849
7015,0.003201
7016,0.926294
7017,0.051760
7018,0.315963
7019,0.012900
7020,0.027144
7021,0.008734
7022,0.333598
7023,0.251767
7024,0.874926
7025,0.049282
7026,0.022128
7027,0.009433
7028,0.022719
7029,0.016466
7030,0.129157
7031,0.947711
7032,0.008962
7033,0.870544
7034,0.163907
7035,0.271793
7036,0.781840
7037,0.947274
7038,0.025031
7039,0.003478
7040,0.078365
7041,0.946812
7042,0.006304
7043,0.612921
7044,0.029699
7045,0.285054
7046,0.480021
7047,0.889126
7048,0.938958
7049,0.169482
7050,0.134722
7051,0.033839
7052,0.035776
7053,0.103697
7054,0.020735
7055,0.113666
7056,0.177986
7057,0.315923
7058,0.588298
7059,0.059685
7060,0.021993
7061,0.812903
7062,0.936812
7063,0.067556
7064,0.025831
7065,0.102324
7066,0.233571
7067,0.025879
7068,0.020587
7069,0.955211
7070,0.981116
7071,0.082666
7072,0.008241
7073,0.074849
7074,0.059417
7075,0.995885
7076,0.452785
7077,0.968183
7078,0.950798
7079,0.443146
7080,0.043095
7081,0.249035
7082,0.036691
7083,0.716805
7084,0.112168
7085,0.667481
7086,0.426611
7087,0.030472
7088,0.016713
7089,0.941251
7090,0.260754
7091,0.210850
7092,0.025979
7093,0.681367
7094,0.826925
7095,0.539644
7096,0.162179
7097,0.017388
7098,0.973552
7099,0.006680
7100,0.995503
7101,0.826935
7102,0.467228
7103,0.995592
7104,0.006463
7105,0.027879
7106,0.011595
7107,0.082819
7108,0.155150
7109,0.004697
7110,0.003970
7111,0.569199
7112,0.204181
7113,0.269530
7114,0.974072
7115,0.054719
7116,0.053214
7117,0.406552
7118,0.034623
7119,0.320423
7120,0.167326
7121,0.015397
7122,0.024069
7123,0.062729
7124,0.800778
7125,0.055560
7126,0.432291
7127,0.158690
7128,0.182733
7129,0.941262
7130,0.042390
7131,0.972812
7132,0.478939
7133,0.014326
7134,0.944532
7135,0.257120
7136,0.068729
7137,0.163573
7138,0.578720
7139,0.039091
7140,0.040687
7141,0.008610
7142,0.056969
7143,0.004932
7144,0.978353
7145,0.133095
7146,0.020169
7147,0.002995
7148,0.996137
7149,0.067273
7150,0.018618
7151,0.005935
7152,0.056248
7153,0.446748
7154,0.058101
7155,0.234858
7156,0.008706
7157,0.060692
7158,0.012704
7159,0.051219
7160,0.125942
7161,0.969275
7162,0.003470
7163,0.917359
7164,0.995022
7165,0.017602
7166,0.106266
7167,0.586248
7168,0.985648
7169,0.111590
7170,0.978651
7171,0.393526
7172,0.984478
7173,0.926488
7174,0.014624
7175,0.092099
7176,0.550312
7177,0.888465
7178,0.369528
7179,0.006994
7180,0.051188
7181,0.273951
7182,0.058702
7183,0.925279
7184,0.018027
7185,0.424760
7186,0.870069
7187,0.036575
7188,0.759802
7189,0.677199
7190,0.032862
7191,0.133717
7192,0.038595
7193,0.593264
7194,0.066083
7195,0.977487
7196,0.019703
7197,0.007664
7198,0.023790
7199,0.241698
7200,0.044860
7201,0.037673
7202,0.095726
7203,0.024495
7204,0.108812
7205,0.095358
7206,0.892316
7207,0.973003
7208,0.606187
7209,0.744082
7210,0.856059
7211,0.008564
7212,0.192338
7213,0.983273
7214,0.038843
7215,0.076086
7216,0.008653
7217,0.287086
7218,0.072407
7219,0.004172
7220,0.559011
7221,0.475079
7222,0.002699
7223,0.966259
7224,0.944560
7225,0.120428
7226,0.022028
7227,0.010129
7228,0.261310
7229,0.134965
7230,0.936047
7231,0.056775
7232,0.242237
7233,0.080777
7234,0.980634
7235,0.095978
7236,0.023549
7237,0.295542
7238,0.602934
7239,0.312302
7240,0.005934
7241,0.250114
7242,0.208420
7243,0.029406
7244,0.939040
7245,0.075123
7246,0.054669
7247,0.098078
7248,0.954846
7249,0.142799
7250,0.007064
7251,0.466203
7252,0.321875
7253,0.240593
7254,0.074842
7255,0.112435
7256,0.711626
7257,0.552064
7258,0.143467
7259,0.062527
7260,0.759876
7261,0.960374
7262,0.035369
7263,0.930782
7264,0.030474
7265,0.171478
7266,0.070630
7267,0.014121
7268,0.005752
7269,0.101623
7270,0.032528
7271,0.017164
7272,0.289290
7273,0.105075
7274,0.008025
7275,0.946203
7276,0.004762
7277,0.046335
7278,0.230041
7279,0.054652
7280,0.054033
7281,0.771037
7282,0.960470
7283,0.094467
7284,0.285623
7285,0.128313
7286,0.177167
7287,0.006565
7288,0.913400
7289,0.923745
7290,0.012923
7291,0.128550
7292,0.091700
7293,0.522638
7294,0.208364
7295,0.054191
7296,0.012439
7297,0.482139
7298,0.880809
7299,0.851760
7300,0.411073
7301,0.852303
7302,0.955449
7303,0.365360
7304,0.052026
7305,0.143800
7306,0.154845
7307,0.083260
7308,0.022868
7309,0.004076
7310,0.103480
7311,0.957272
7312,0.023346
7313,0.602365
7314,0.055547
7315,0.007797
7316,0.051577
7317,0.155276
7318,0.125817
7319,0.651302
7320,0.046645
7321,0.950343
7322,0.003793
7323,0.050614
7324,0.916702
7325,0.074043
7326,0.039270
7327,0.313381
7328,0.963682
7329,0.003409
7330,0.966962
7331,0.068219
7332,0.042963
7333,0.103819
7334,0.143088
7335,0.031295
7336,0.177208
7337,0.043551
7338,0.067794
7339,0.054952
7340,0.088501
7341,0.600297
7342,0.017025
7343,0.993934
7344,0.030776
7345,0.017836
7346,0.953960
7347,0.134100
7348,0.005905
7349,0.951756
7350,0.466751
7351,0.995690
7352,0.328103
7353,0.055383
7354,0.077191
7355,0.043234
7356,0.809981
7357,0.003978
7358,0.050331
7359,0.160577
7360,0.171455
7361,0.013762
7362,0.010468
7363,0.805729
7364,0.029251
7365,0.038897
7366,0.016664
7367,0.343814
7368,0.045691
7369,0.010420
7370,0.159767
7371,0.043472
7372,0.024543
7373,0.026491
7374,0.549625
7375,0.966583
7376,0.294621
7377,0.004737
7378,0.943316
7379,0.822288
7380,0.566352
7381,0.011255
7382,0.032309
7383,0.011151
7384,0.020046
7385,0.983148
7386,0.050845
7387,0.977857
7388,0.003148
7389,0.914558
7390,0.597619
7391,0.077613
7392,0.087192
7393,0.023144
7394,0.008883
7395,0.730897
7396,0.994679
7397,0.007332
7398,0.166477
7399,0.033195
7400,0.011515
7401,0.022346
7402,0.007364
7403,0.191933
7404,0.010699
7405,0.148941
7406,0.868575
7407,0.019759
7408,0.138755
7409,0.021209
7410,0.177397
7411,0.165783
7412,0.993821
7413,0.111818
7414,0.016242
7415,0.995673
7416,0.595867
7417,0.948440
7418,0.008511
7419,0.902379
7420,0.896233
7421,0.870434
7422,0.068146
7423,0.412517
7424,0.082556
7425,0.127844
7426,0.022172
7427,0.965073
7428,0.212380
7429,0.781762
7430,0.962478
7431,0.036628
7432,0.032187
7433,0.429068
7434,0.355727
7435,0.659947
7436,0.940907
7437,0.052579
7438,0.953940
7439,0.034306
7440,0.002911
7441,0.893218
7442,0.027130
7443,0.117895
7444,0.047124
7445,0.943350
7446,0.310845
7447,0.982277
7448,0.561002
7449,0.727455
7450,0.343110
7451,0.244442
7452,0.016337
7453,0.991422
7454,0.015283
7455,0.158637
7456,0.144185
7457,0.032992
7458,0.062084
7459,0.192680
7460,0.045169
7461,0.058068
7462,0.722742
7463,0.290077
7464,0.051473
7465,0.005748
7466,0.004790
7467,0.759341
7468,0.259173
7469,0.028278
7470,0.246307
7471,0.772971
7472,0.290964
7473,0.013063
7474,0.030329
7475,0.057162
7476,0.006597
7477,0.038758
7478,0.004457
7479,0.013825
7480,0.703802
7481,0.113267
7482,0.005829
7483,0.996374
7484,0.014640
7485,0.009264
7486,0.081806
7487,0.130710
7488,0.045989
7489,0.078816
7490,0.003070
7491,0.247700
7492,0.044437
7493,0.065054
7494,0.012636
7495,0.016694
7496,0.086117
7497,0.044629
7498,0.094930
7499,0.005897
7500,0.043693
7501,0.378395
7502,0.210930
7503,0.849507
7504,0.007569
7505,0.049540
7506,0.032902
7507,0.012703
7508,0.748633
7509,0.285519
7510,0.943626
7511,0.076480
7512,0.106715
7513,0.004964
7514,0.045908
7515,0.368389
7516,0.070185
7517,0.018764
7518,0.028286
7519,0.955968
7520,0.111322
7521,0.007663
7522,0.009574
7523,0.957215
7524,0.118303
7525,0.975847
7526,0.009131
7527,0.996865
7528,0.124859
7529,0.249803
7530,0.062213
7531,0.009436
7532,0.967547
7533,0.086866
7534,0.016907
7535,0.872368
7536,0.874255
7537,0.279398
7538,0.006230
7539,0.010405
7540,0.397965
7541,0.044834
7542,0.942758
7543,0.123979
7544,0.044719
7545,0.968689
7546,0.997093
7547,0.097976
7548,0.085152
7549,0.245758
7550,0.025703
7551,0.967379
7552,0.334064
7553,0.254621
7554,0.427833
7555,0.890125
7556,0.220284
7557,0.010377
7558,0.281609
7559,0.140156
7560,0.562029
7561,0.158893
7562,0.064609
7563,0.044146
7564,0.431044
7565,0.056134
7566,0.412563
7567,0.852224
7568,0.090237
7569,0.971995
7570,0.185428
7571,0.017461
7572,0.047874
7573,0.012873
7574,0.009016
7575,0.200584
7576,0.014361
7577,0.272968
7578,0.017559
7579,0.735005
7580,0.975784
7581,0.188197
7582,0.530765
7583,0.867269
7584,0.008755
7585,0.444600
7586,0.099034
7587,0.761173
7588,0.004218
7589,0.989637
7590,0.397275
7591,0.093562
7592,0.012970
7593,0.020962
7594,0.018311
7595,0.993444
7596,0.011625
7597,0.665549
7598,0.513078
7599,0.028668
7600,0.017660
7601,0.009567
7602,0.022682
7603,0.903618
7604,0.044651
7605,0.195989
7606,0.816526
7607,0.243615
7608,0.033359
7609,0.005376
7610,0.297471
7611,0.010016
7612,0.075966
7613,0.071109
7614,0.095297
7615,0.708189
7616,0.395590
7617,0.038407
7618,0.370495
7619,0.158893
7620,0.018879
7621,0.104068
7622,0.959685
7623,0.986804
7624,0.040565
7625,0.101246
7626,0.151911
7627,0.973726
7628,0.894805
7629,0.168941
7630,0.966394
7631,0.053063
7632,0.276742
7633,0.360152
7634,0.002825
7635,0.516953
7636,0.218171
7637,0.521698
7638,0.928053
7639,0.006572
7640,0.033723
7641,0.107088
7642,0.103231
7643,0.071709
7644,0.010866
7645,0.200247
7646,0.038756
7647,0.056527
7648,0.003096
7649,0.027591
7650,0.975018
7651,0.980135
7652,0.743530
7653,0.015736
7654,0.051996
7655,0.977290
7656,0.525799
7657,0.713211
7658,0.072660
7659,0.342171
7660,0.093334
7661,0.022081
7662,0.033589
7663,0.191067
7664,0.598544
7665,0.003834
7666,0.019493
7667,0.033337
7668,0.022234
7669,0.134345
7670,0.213835
7671,0.676506
7672,0.815806
7673,0.960650
7674,0.078476
7675,0.326594
7676,0.155022
7677,0.103395
7678,0.793452
7679,0.023525
7680,0.007953
7681,0.002550
7682,0.009172
7683,0.957786
7684,0.026328
7685,0.941008
7686,0.993497
7687,0.008083
7688,0.070409
7689,0.897604
7690,0.019046
7691,0.028108
7692,0.186319
7693,0.157527
7694,0.455274
7695,0.006925
7696,0.157712
7697,0.514334
7698,0.005155
7699,0.107354
7700,0.018571
7701,0.113214
7702,0.423555
7703,0.946780
7704,0.851016
7705,0.005652
7706,0.104073
7707,0.275270
7708,0.046870
7709,0.047038
7710,0.011912
7711,0.053387
7712,0.010847
7713,0.532640
7714,0.011408
7715,0.420852
7716,0.004427
7717,0.067403
7718,0.322072
7719,0.827172
7720,0.259462
7721,0.025526
7722,0.072119
7723,0.258945
7724,0.050627
7725,0.042833
7726,0.606436
7727,0.940064
7728,0.021052
7729,0.767702
7730,0.783527
7731,0.136573
7732,0.974837
7733,0.024081
7734,0.048145
7735,0.106141
7736,0.021312
7737,0.250953
7738,0.185225
7739,0.146603
7740,0.991972
7741,0.995683
7742,0.015475
7743,0.378479
7744,0.941982
7745,0.938161
7746,0.040697
7747,0.879483
7748,0.298470
7749,0.484224
7750,0.036409
7751,0.080083
7752,0.974107
7753,0.206110
7754,0.017202
7755,0.582102
7756,0.478543
7757,0.089424
7758,0.843122
7759,0.051650
7760,0.061985
7761,0.689263
7762,0.090619
7763,0.240989
7764,0.041433
7765,0.087135
7766,0.007703
7767,0.054301
7768,0.995238
7769,0.800904
7770,0.448504
7771,0.218604
7772,0.018371
7773,0.167928
7774,0.918665
7775,0.841650
7776,0.013188
7777,0.295013
7778,0.990794
7779,0.853709
7780,0.050464
7781,0.091063
7782,0.771884
7783,0.122961
7784,0.098885
7785,0.996859
7786,0.814501
7787,0.947053
7788,0.970395
7789,0.360559
7790,0.948605
7791,0.992005
7792,0.930879
7793,0.132454
7794,0.980017
7795,0.678466
7796,0.048601
7797,0.026122
7798,0.050673
7799,0.997390
7800,0.462973
7801,0.338280
7802,0.018925
7803,0.007159
7804,0.014888
7805,0.113463
7806,0.880932
7807,0.940982
7808,0.684273
7809,0.015650
7810,0.979205
7811,0.940826
7812,0.044666
7813,0.953996
7814,0.991529
7815,0.297162
7816,0.363629
7817,0.003539
7818,0.002812
7819,0.146454
7820,0.040919
7821,0.008621
7822,0.065010
7823,0.969137
7824,0.006106
7825,0.925413
7826,0.718185
7827,0.125172
7828,0.978434
7829,0.884025
7830,0.528006
7831,0.908128
7832,0.055718
7833,0.997142
7834,0.011902
7835,0.068285
7836,0.962682
7837,0.034860
7838,0.016346
7839,0.019374
7840,0.953630
7841,0.038268
7842,0.230783
7843,0.027774
7844,0.882461
7845,0.013233
7846,0.653371
7847,0.004077
7848,0.368196
7849,0.820180
7850,0.149483
7851,0.005474
7852,0.718065
7853,0.010398
7854,0.248862
7855,0.968734
7856,0.038563
7857,0.044292
7858,0.030593
7859,0.982450
7860,0.338961
7861,0.543189
7862,0.268235
7863,0.081375
7864,0.100874
7865,0.014408
7866,0.910482
7867,0.014256
7868,0.598852
7869,0.774662
7870,0.378155
7871,0.049794
7872,0.284247
7873,0.960704
7874,0.958123
7875,0.029056
7876,0.141888
7877,0.841355
7878,0.995740
7879,0.845643
7880,0.988582
7881,0.287552
7882,0.993096
7883,0.476216
7884,0.012434
7885,0.055606
7886,0.006179
7887,0.034230
7888,0.940886
7889,0.034037
7890,0.966107
7891,0.027126
7892,0.276823
7893,0.567556
7894,0.005588
7895,0.165935
7896,0.036015
7897,0.080359
7898,0.053099
7899,0.184280
7900,0.337738
7901,0.069153
7902,0.015222
7903,0.856289
7904,0.006211
7905,0.109346
7906,0.279715
7907,0.580302
7908,0.481303
7909,0.154482
7910,0.022459
7911,0.984400
7912,0.033520
7913,0.027490
7914,0.013581
7915,0.886272
7916,0.037852
7917,0.848847
7918,0.129592
7919,0.215178
7920,0.927747
7921,0.095137
7922,0.038744
7923,0.008311
7924,0.026486
7925,0.218276
7926,0.209040
7927,0.106522
7928,0.211128
7929,0.159157
7930,0.828929
7931,0.004815
7932,0.018973
7933,0.062235
7934,0.005614
7935,0.467580
7936,0.090180
7937,0.167129
7938,0.156758
7939,0.092441
7940,0.259120
7941,0.020928
7942,0.015257
7943,0.306453
7944,0.077786
7945,0.012329
7946,0.260809
7947,0.130452
7948,0.120742
7949,0.921676
7950,0.084209
7951,0.885242
7952,0.915220
7953,0.598792
7954,0.082905
7955,0.107908
7956,0.110677
7957,0.022909
7958,0.222887
7959,0.103117
7960,0.036764
7961,0.067891
7962,0.010738
7963,0.512690
7964,0.362991
7965,0.040215
7966,0.926817
7967,0.022806
7968,0.660499
7969,0.008564
7970,0.993022
7971,0.003328
7972,0.008194
7973,0.018789
7974,0.006129
7975,0.335504
7976,0.584563
7977,0.016093
7978,0.861045
7979,0.033895
7980,0.825357
7981,0.100460
7982,0.059610
7983,0.210826
7984,0.009763
7985,0.012808
7986,0.035370
7987,0.060643
7988,0.098055
7989,0.006402
7990,0.316089
7991,0.968905
7992,0.358599
7993,0.161843
7994,0.938767
7995,0.032387
7996,0.741289
7997,0.950013
7998,0.093797
7999,0.968988
8000,0.008079
8001,0.022303
8002,0.633361
8003,0.051443
8004,0.053876
8005,0.164636
8006,0.207519
8007,0.149279
8008,0.384199
8009,0.004317
8010,0.129741
8011,0.296867
8012,0.238475
8013,0.407835
8014,0.982217
8015,0.062627
8016,0.060903
8017,0.186496
8018,0.765993
8019,0.024204
8020,0.003871
8021,0.025874
8022,0.073276
8023,0.085408
8024,0.824600
8025,0.012690
8026,0.806967
8027,0.005238
8028,0.284536
8029,0.107297
8030,0.273433
8031,0.829140
8032,0.030214
8033,0.006760
8034,0.129915
8035,0.265948
8036,0.003841
8037,0.016709
8038,0.076742
8039,0.008765
8040,0.009062
8041,0.146827
8042,0.849883
8043,0.849856
8044,0.016655
8045,0.079088
8046,0.030266
8047,0.226794
8048,0.995349
8049,0.053461
8050,0.345121
8051,0.905979
8052,0.006393
8053,0.978235
8054,0.007659
8055,0.077456
8056,0.960733
8057,0.975194
8058,0.054187
8059,0.045219
8060,0.002529
8061,0.040044
8062,0.507348
8063,0.022839
8064,0.051756
8065,0.531525
8066,0.294208
8067,0.774517
8068,0.039467
8069,0.117214
8070,0.388976
8071,0.891208
8072,0.175698
8073,0.974135
8074,0.836651
8075,0.006126
8076,0.980214
8077,0.981804
8078,0.076864
8079,0.976604
8080,0.080572
8081,0.064838
8082,0.004146
8083,0.903270
8084,0.003084
8085,0.542238
8086,0.008527
8087,0.004125
8088,0.070933
8089,0.916707
8090,0.031831
8091,0.993396
8092,0.951381
8093,0.037304
8094,0.786147
8095,0.028445
8096,0.990692
8097,0.029485
8098,0.006454
8099,0.446482
8100,0.190683
8101,0.231672
8102,0.004797
8103,0.006421
8104,0.954452
8105,0.258444
8106,0.007212
8107,0.266763
8108,0.836296
8109,0.919577
8110,0.155431
8111,0.005269
8112,0.926520
8113,0.048516
8114,0.039923
8115,0.162742
8116,0.976566
8117,0.861417
8118,0.189035
8119,0.057780
8120,0.029196
8121,0.004100
8122,0.979992
8123,0.040681
8124,0.118279
8125,0.017118
8126,0.567713
8127,0.974453
8128,0.103020
8129,0.028954
8130,0.654343
8131,0.106972
8132,0.009875
8133,0.083241
8134,0.913100
8135,0.712268
8136,0.115324
8137,0.077631
8138,0.007444
8139,0.034786
8140,0.010277
8141,0.032574
8142,0.469810
8143,0.171930
8144,0.130746
8145,0.296603
8146,0.026201
8147,0.098127
8148,0.068686
8149,0.369088
8150,0.032326
8151,0.980854
8152,0.661589
8153,0.016963
8154,0.055593
8155,0.272636
8156,0.065227
8157,0.048237
8158,0.126539
8159,0.005492
8160,0.520884
8161,0.239353
8162,0.014763
8163,0.015802
8164,0.281323
8165,0.010530
8166,0.127749
8167,0.984246
8168,0.060891
8169,0.895242
8170,0.194009
8171,0.030673
8172,0.259890
8173,0.739884
8174,0.023999
8175,0.731693
8176,0.128209
8177,0.045792
8178,0.566931
8179,0.062025
8180,0.004653
8181,0.242410
8182,0.944672
8183,0.455710
8184,0.026574
8185,0.058885
8186,0.338832
8187,0.655718
8188,0.965127
8189,0.256718
8190,0.116682
8191,0.064958
8192,0.947303
8193,0.028687
8194,0.025550
8195,0.044940
8196,0.953095
8197,0.256559
8198,0.425049
8199,0.064740
8200,0.431461
8201,0.156086
8202,0.010922
8203,0.191825
8204,0.797334
8205,0.100212
8206,0.037508
8207,0.173458
8208,0.979766
8209,0.704114
8210,0.472307
8211,0.050064
8212,0.007749
8213,0.006222
8214,0.864815
8215,0.097808
8216,0.030988
8217,0.526175
8218,0.257012
8219,0.011237
8220,0.125379
8221,0.984299
8222,0.022628
8223,0.154718
8224,0.146250
8225,0.423172
8226,0.282981
8227,0.010659
8228,0.032074
8229,0.002964
8230,0.235315
8231,0.008401
8232,0.996175
8233,0.027865
8234,0.373792
8235,0.823553
8236,0.993611
8237,0.007444
8238,0.017368
8239,0.022356
8240,0.916967
8241,0.989596
8242,0.030514
8243,0.067256
8244,0.096744
8245,0.250677
8246,0.092958
8247,0.978842
8248,0.287303
8249,0.523410
8250,0.381914
8251,0.076853
8252,0.401471
8253,0.272919
8254,0.345431
8255,0.986076
8256,0.164197
8257,0.003591
8258,0.734174
8259,0.170078
8260,0.006206
8261,0.008622
8262,0.130639
8263,0.093169
8264,0.005399
8265,0.044680
8266,0.216829
8267,0.964114
8268,0.115329
8269,0.499303
8270,0.046213
8271,0.387723
8272,0.080410
8273,0.088327
8274,0.061793
8275,0.963506
8276,0.105042
8277,0.315320
8278,0.108529
8279,0.075483
8280,0.184393
8281,0.005207
8282,0.035276
8283,0.994553
8284,0.325914
8285,0.937845
8286,0.038143
8287,0.016592
8288,0.746057
8289,0.414050
8290,0.019168
8291,0.020290
8292,0.004932
8293,0.167822
8294,0.534110
8295,0.425739
8296,0.026664
8297,0.902362
8298,0.402117
8299,0.981045
8300,0.036398
8301,0.013442
8302,0.046560
8303,0.036039
8304,0.082587
8305,0.016101
8306,0.556782
8307,0.979094
8308,0.003998
8309,0.276595
8310,0.136162
8311,0.968134
8312,0.820150
8313,0.395335
8314,0.044716
8315,0.978659
8316,0.935770
8317,0.044152
8318,0.015462
8319,0.023739
8320,0.010839
8321,0.008369
8322,0.151505
8323,0.080848
8324,0.020187
8325,0.005730
8326,0.677820
8327,0.029177
8328,0.028847
8329,0.163337
8330,0.978580
8331,0.270109
8332,0.262913
8333,0.003900
8334,0.646061
8335,0.943471
8336,0.668211
8337,0.088055
8338,0.007444
8339,0.030828
8340,0.078628
8341,0.263890
8342,0.954404
8343,0.048847
8344,0.991377
8345,0.014716
8346,0.900463
8347,0.174180
8348,0.090656
8349,0.284877
8350,0.208111
8351,0.024474
8352,0.951251
8353,0.669963
8354,0.003290
8355,0.924761
8356,0.071987
8357,0.303281
8358,0.222414
8359,0.914667
8360,0.976658
8361,0.261807
8362,0.927608
8363,0.096768
8364,0.995131
8365,0.765631
8366,0.016529
8367,0.339003
8368,0.848485
8369,0.007087
8370,0.060501
8371,0.814965
8372,0.074840
8373,0.548367
8374,0.249792
8375,0.209298
8376,0.145319
8377,0.009108
8378,0.244195
8379,0.018498
8380,0.655145
8381,0.578335
8382,0.995357
8383,0.020836
8384,0.005922
8385,0.071918
8386,0.883960
8387,0.988617
8388,0.239816
8389,0.095932
8390,0.002573
8391,0.074325
8392,0.006682
8393,0.788030
8394,0.402016
8395,0.170594
8396,0.090565
8397,0.997212
8398,0.965622
8399,0.080133
8400,0.060853
8401,0.619912
8402,0.937162
8403,0.500929
8404,0.024946
8405,0.905821
8406,0.206901
8407,0.968867
8408,0.005752
8409,0.021554
8410,0.057827
8411,0.087733
8412,0.087193
8413,0.101638
8414,0.020372
8415,0.275339
8416,0.003843
8417,0.051840
8418,0.014710
8419,0.828324
8420,0.007091
8421,0.994577
8422,0.045372
8423,0.294907
8424,0.005771
8425,0.426220
8426,0.994768
8427,0.397899
8428,0.959438
8429,0.106397
8430,0.015704
8431,0.389663
8432,0.023325
8433,0.892059
8434,0.157465
8435,0.093687
8436,0.839137
8437,0.888893
8438,0.018426
8439,0.099017
8440,0.028283
8441,0.402334
8442,0.010525
8443,0.267806
8444,0.036138
8445,0.010326
8446,0.045736
8447,0.130326
8448,0.066070
8449,0.686620
8450,0.032431
8451,0.075792
8452,0.003590
8453,0.996728
8454,0.664136
8455,0.142940
8456,0.577100
8457,0.120015
8458,0.993964
8459,0.329069
8460,0.240526
8461,0.061873
8462,0.036297
8463,0.013135
8464,0.083836
8465,0.031751
8466,0.848216
8467,0.006129
8468,0.617656
8469,0.066534
8470,0.078185
8471,0.975421
8472,0.989266
8473,0.088705
8474,0.011363
8475,0.926969
8476,0.173777
8477,0.337965
8478,0.634015
8479,0.005328
8480,0.006485
8481,0.005291
8482,0.016250
8483,0.006923
8484,0.404611
8485,0.140548
8486,0.112711
8487,0.044795
8488,0.003976
8489,0.837050
8490,0.117056
8491,0.872624
8492,0.631572
8493,0.014764
8494,0.032848
8495,0.922790
8496,0.207242
8497,0.049538
8498,0.077468
8499,0.430873
8500,0.012824
8501,0.144475
8502,0.066677
8503,0.899276
8504,0.032351
8505,0.016657
8506,0.031532
8507,0.053887
8508,0.036278
8509,0.012933
8510,0.043925
8511,0.018014
8512,0.024106
8513,0.006828
8514,0.027913
8515,0.272647
8516,0.051495
8517,0.063384
8518,0.221653
8519,0.022786
8520,0.006122
8521,0.102439
8522,0.866936
8523,0.141226
8524,0.975592
8525,0.014052
8526,0.674972
8527,0.015372
8528,0.059413
8529,0.693408
8530,0.846992
8531,0.842386
8532,0.526434
8533,0.016006
8534,0.018410
8535,0.990136
8536,0.103918
8537,0.071067
8538,0.377105
8539,0.055938
8540,0.210118
8541,0.259398
8542,0.061202
8543,0.975094
8544,0.962833
8545,0.097884
8546,0.051765
8547,0.162592
8548,0.869950
8549,0.024682
8550,0.036919
8551,0.040246
8552,0.056203
8553,0.099032
8554,0.263842
8555,0.049535
8556,0.190691
8557,0.872921
8558,0.972830
8559,0.760949
8560,0.984597
8561,0.670014
8562,0.079720
8563,0.064820
8564,0.017901
8565,0.041444
8566,0.908137
8567,0.593310
8568,0.942589
8569,0.226010
8570,0.794969
8571,0.010083
8572,0.995294
8573,0.394238
8574,0.033488
8575,0.068305
8576,0.004003
8577,0.857712
8578,0.980065
8579,0.063617
8580,0.604048
8581,0.668303
8582,0.012448
8583,0.661291
8584,0.758068
8585,0.008670
8586,0.059863
8587,0.041380
8588,0.132786
8589,0.011867
8590,0.625710
8591,0.977895
8592,0.078525
8593,0.101642
8594,0.006402
8595,0.943947
8596,0.295360
8597,0.008773
8598,0.854428
8599,0.934041
8600,0.077549
8601,0.102234
8602,0.077615
8603,0.099185
8604,0.825209
8605,0.034229
8606,0.066388
8607,0.237260
8608,0.975939
8609,0.035729
8610,0.054061
8611,0.555711
8612,0.268263
8613,0.965822
8614,0.903381
8615,0.376056
8616,0.089481
8617,0.078969
8618,0.682236
8619,0.038076
8620,0.104087
8621,0.906388
8622,0.059597
8623,0.868175
8624,0.013556
8625,0.101370
8626,0.013020
8627,0.034155
8628,0.487935
8629,0.005628
8630,0.889950
8631,0.049464
8632,0.071421
8633,0.926385
8634,0.206368
8635,0.710299
8636,0.905550
8637,0.988236
8638,0.015961
8639,0.536501
8640,0.012137
8641,0.534664
8642,0.004078
8643,0.789521
8644,0.004933
8645,0.006275
8646,0.238832
8647,0.383910
8648,0.060082
8649,0.295197
8650,0.006533
8651,0.013555
8652,0.860834
8653,0.004985
8654,0.014028
8655,0.005793
8656,0.013415
8657,0.411360
8658,0.445134
8659,0.050139
8660,0.004610
8661,0.167753
8662,0.007661
8663,0.127484
8664,0.003262
8665,0.007396
8666,0.972104
8667,0.031701
8668,0.057803
8669,0.099596
8670,0.004112
8671,0.235906
8672,0.957396
8673,0.027669
8674,0.025214
8675,0.954817
8676,0.907444
8677,0.006091
8678,0.048965
8679,0.103273
8680,0.482473
8681,0.096099
8682,0.931343
8683,0.519146
8684,0.457719
8685,0.006230
8686,0.063331
8687,0.012694
8688,0.953871
8689,0.063508
8690,0.051487
8691,0.960951
8692,0.145152
8693,0.041552
8694,0.997624
8695,0.984115
8696,0.016442
8697,0.955858
8698,0.118652
8699,0.060669
8700,0.054483
8701,0.942704
8702,0.014205
8703,0.069239
8704,0.003793
8705,0.646319
8706,0.995100
8707,0.015763
8708,0.015667
8709,0.029994
8710,0.140406
8711,0.019383
8712,0.042056
8713,0.129469
8714,0.768711
8715,0.023000
8716,0.010805
8717,0.471612
8718,0.929342
8719,0.042490
8720,0.033876
8721,0.038616
8722,0.980690
8723,0.006716
8724,0.006164
8725,0.031163
8726,0.032408
8727,0.017222
8728,0.273672
8729,0.997307
8730,0.635259
8731,0.653308
8732,0.809473
8733,0.638787
8734,0.004792
8735,0.070850
8736,0.744968
8737,0.891677
8738,0.153187
8739,0.195779
8740,0.962151
8741,0.968504
8742,0.992422
8743,0.028027
8744,0.003126
8745,0.197287
8746,0.154920
8747,0.057494
8748,0.019700
8749,0.066575
8750,0.055947
8751,0.133576
8752,0.623174
8753,0.752670
8754,0.154961
8755,0.950010
8756,0.255097
8757,0.204346
8758,0.035005
8759,0.372570
8760,0.003852
8761,0.794071
8762,0.018362
8763,0.963452
8764,0.213729
8765,0.255980
8766,0.008968
8767,0.068608
8768,0.020001
8769,0.061332
8770,0.041127
8771,0.008171
8772,0.016747
8773,0.029957
8774,0.668779
8775,0.012628
8776,0.030135
8777,0.274544
8778,0.099089
8779,0.013558
8780,0.006662
8781,0.942790
8782,0.059993
8783,0.036535
8784,0.004792
8785,0.012370
8786,0.128253
8787,0.005439
8788,0.975050
8789,0.043957
8790,0.969949
8791,0.077344
8792,0.028175
8793,0.074772
8794,0.904870
8795,0.707669
8796,0.008331
8797,0.648014
8798,0.910540
8799,0.068392
8800,0.023222
8801,0.043591
8802,0.015279
8803,0.622243
8804,0.019991
8805,0.113926
8806,0.220306
8807,0.025036
8808,0.433987
8809,0.318041
8810,0.025064
8811,0.356443
8812,0.931601
8813,0.007480
8814,0.605763
8815,0.914016
8816,0.923543
8817,0.976019
8818,0.894493
8819,0.272084
8820,0.375138
8821,0.096342
8822,0.714000
8823,0.937835
8824,0.010207
8825,0.064910
8826,0.316639
8827,0.699401
8828,0.207454
8829,0.064144
8830,0.015236
8831,0.052904
8832,0.255632
8833,0.028165
8834,0.837386
8835,0.008072
8836,0.097583
8837,0.147192
8838,0.365026
8839,0.112349
8840,0.088176
8841,0.976179
8842,0.930857
8843,0.050532
8844,0.662638
8845,0.119419
8846,0.008523
8847,0.035653
8848,0.988194
8849,0.041192
8850,0.921450
8851,0.063273
8852,0.927768
8853,0.216459
8854,0.002819
8855,0.027772
8856,0.021406
8857,0.023857
8858,0.099832
8859,0.555059
8860,0.059861
8861,0.054355
8862,0.044948
8863,0.377943
8864,0.015326
8865,0.648222
8866,0.964703
8867,0.056645
8868,0.935185
8869,0.211410
8870,0.111668
8871,0.332730
8872,0.025547
8873,0.011821
8874,0.332563
8875,0.071595
8876,0.005470
8877,0.997403
8878,0.003110
8879,0.052494
8880,0.020295
8881,0.359022
8882,0.214241
8883,0.231602
8884,0.951244
8885,0.258256
8886,0.098618
8887,0.025841
8888,0.031599
8889,0.021608
8890,0.083155
8891,0.232868
8892,0.131574
8893,0.312599
8894,0.165125
8895,0.957205
8896,0.395846
8897,0.267182
8898,0.535915
8899,0.117489
8900,0.195917
8901,0.459547
8902,0.996264
8903,0.362710
8904,0.573864
8905,0.435285
8906,0.951134
8907,0.056470
8908,0.058680
8909,0.721375
8910,0.615852
8911,0.031531
8912,0.309686
8913,0.045564
8914,0.045790
8915,0.057218
8916,0.006435
8917,0.073802
8918,0.036294
8919,0.135224
8920,0.091873
8921,0.046379
8922,0.953229
8923,0.028992
8924,0.704335
8925,0.353471
8926,0.016528
8927,0.637387
8928,0.943944
8929,0.266438
8930,0.608899
8931,0.068283
8932,0.941021
8933,0.041196
8934,0.123911
8935,0.853042
8936,0.888931
8937,0.012916
8938,0.934493
8939,0.158185
8940,0.279880
8941,0.008136
8942,0.233185
8943,0.245915
8944,0.793003
8945,0.862525
8946,0.135855
8947,0.949451
8948,0.117308
8949,0.287667
8950,0.475323
8951,0.994147
8952,0.020175
8953,0.024060
8954,0.039797
8955,0.928984
8956,0.680516
8957,0.944746
8958,0.878464
8959,0.272346
8960,0.021234
8961,0.654519
8962,0.014195
8963,0.942426
8964,0.249025
8965,0.022191
8966,0.323170
8967,0.020286
8968,0.013527
8969,0.008697
8970,0.007015
8971,0.014856
8972,0.007631
8973,0.380051
8974,0.024327
8975,0.858263
8976,0.164511
8977,0.062041
8978,0.544332
8979,0.003726
8980,0.007682
8981,0.792381
8982,0.069759
8983,0.585699
8984,0.009843
8985,0.023731
8986,0.013264
8987,0.014707
8988,0.011042
8989,0.268870
8990,0.011666
8991,0.088432
8992,0.008813
8993,0.104968
8994,0.963057
8995,0.574136
8996,0.044781
8997,0.966454
8998,0.018754
8999,0.090436
9000,0.096330
9001,0.262951
9002,0.007340
9003,0.985718
9004,0.179966
9005,0.866278
9006,0.930401
9007,0.109568
9008,0.063118
9009,0.065941
9010,0.773048
9011,0.857966
9012,0.015968
9013,0.015425
9014,0.108232
9015,0.010431
9016,0.268886
9017,0.093134
9018,0.859526
9019,0.191024
9020,0.012854
9021,0.472521
9022,0.026079
9023,0.238006
9024,0.039978
9025,0.488013
9026,0.143723
9027,0.993762
9028,0.178146
9029,0.009142
9030,0.569906
9031,0.182934
9032,0.165922
9033,0.976151
9034,0.043978
9035,0.010668
9036,0.039621
9037,0.027565
9038,0.158024
9039,0.154463
9040,0.023151
9041,0.340053
9042,0.101200
9043,0.290829
9044,0.006720
9045,0.044568
9046,0.016948
9047,0.072545
9048,0.208008
9049,0.961880
9050,0.074215
9051,0.961367
9052,0.030100
9053,0.012385
9054,0.054162
9055,0.398949
9056,0.312033
9057,0.060187
9058,0.996452
9059,0.065244
9060,0.014285
9061,0.266007
9062,0.899519
9063,0.015600
9064,0.015374
9065,0.570199
9066,0.155640
9067,0.272985
9068,0.024039
9069,0.015893
9070,0.050292
9071,0.096387
9072,0.887661
9073,0.761505
9074,0.918270
9075,0.006347
9076,0.883921
9077,0.009326
9078,0.100520
9079,0.674550
9080,0.601642
9081,0.769731
9082,0.535473
9083,0.412907
9084,0.061120
9085,0.966376
9086,0.883480
9087,0.973080
9088,0.731724
9089,0.139398
9090,0.355875
9091,0.389702
9092,0.400932
9093,0.010752
9094,0.021396
9095,0.620077
9096,0.926173
9097,0.004177
9098,0.048493
9099,0.188007
9100,0.006458
9101,0.817753
9102,0.038038
9103,0.723655
9104,0.213022
9105,0.062396
9106,0.226621
9107,0.010697
9108,0.449416
9109,0.275579
9110,0.002391
9111,0.853425
9112,0.013201
9113,0.690442
9114,0.020868
9115,0.788727
9116,0.119871
9117,0.916657
9118,0.182763
9119,0.562172
9120,0.043313
9121,0.540971
9122,0.082878
9123,0.160719
9124,0.008066
9125,0.549060
9126,0.153618
9127,0.034169
9128,0.005381
9129,0.016757
9130,0.430031
9131,0.971760
9132,0.103263
9133,0.012238
9134,0.101555
9135,0.393824
9136,0.011118
9137,0.058339
9138,0.021247
9139,0.022175
9140,0.942935
9141,0.094518
9142,0.050350
9143,0.825619
9144,0.239982
9145,0.024128
9146,0.005746
9147,0.088306
9148,0.235250
9149,0.051540
9150,0.161822
9151,0.009420
9152,0.645902
9153,0.229529
9154,0.682235
9155,0.992536
9156,0.649755
9157,0.894673
9158,0.229714
9159,0.006949
9160,0.090189
9161,0.007220
9162,0.055626
9163,0.005127
9164,0.023274
9165,0.016251
9166,0.960809
9167,0.018633
9168,0.214365
9169,0.954620
9170,0.708761
9171,0.973585
9172,0.928394
9173,0.458750
9174,0.081488
9175,0.052951
9176,0.003536
9177,0.320483
9178,0.538874
9179,0.020724
9180,0.010203
9181,0.448041
9182,0.005614
9183,0.011070
9184,0.184331
9185,0.027973
9186,0.084293
9187,0.021882
9188,0.030491
9189,0.717454
9190,0.007732
9191,0.063637
9192,0.962771
9193,0.004732
9194,0.014576
9195,0.011911
9196,0.855572
9197,0.069450
9198,0.006101
9199,0.057028
9200,0.089187
9201,0.996873
9202,0.059202
9203,0.043475
9204,0.165003
9205,0.003765
9206,0.289451
9207,0.428513
9208,0.006581
9209,0.013683
9210,0.924670
9211,0.858103
9212,0.236518
9213,0.073805
9214,0.032183
9215,0.067984
9216,0.169517
9217,0.043379
9218,0.275520
9219,0.053909
9220,0.021475
9221,0.524321
9222,0.069373
9223,0.988179
9224,0.079491
9225,0.979983
9226,0.991406
9227,0.047397
9228,0.012286
9229,0.016718
9230,0.118877
9231,0.045970
9232,0.927416
9233,0.006283
9234,0.118437
9235,0.076573
9236,0.006857
9237,0.083328
9238,0.141357
9239,0.211345
9240,0.531977
9241,0.167699
9242,0.002871
9243,0.992861
9244,0.007713
9245,0.030700
9246,0.207183
9247,0.037318
9248,0.990416
9249,0.993514
9250,0.043119
9251,0.507267
9252,0.007125
9253,0.009165
9254,0.101023
9255,0.997172
9256,0.133991
9257,0.251059
9258,0.900083
9259,0.032072
9260,0.060575
9261,0.931482
9262,0.791328
9263,0.015412
9264,0.018319
9265,0.015326
9266,0.817580
9267,0.384642
9268,0.062639
9269,0.756647
9270,0.006329
9271,0.003463
9272,0.054667
9273,0.069722
9274,0.038899
9275,0.013646
9276,0.015524
9277,0.166301
9278,0.984017
9279,0.100561
9280,0.637491
9281,0.961666
9282,0.260999
9283,0.862552
9284,0.148338
9285,0.225796
9286,0.105288
9287,0.392345
9288,0.133643
9289,0.090779
9290,0.051108
9291,0.077879
9292,0.488449
9293,0.286534
9294,0.117310
9295,0.508627
9296,0.128967
9297,0.947777
9298,0.063440
9299,0.009149
9300,0.074751
9301,0.219200
9302,0.045681
9303,0.048154
9304,0.059318
9305,0.009304
9306,0.113699
9307,0.712908
9308,0.961031
9309,0.966371
9310,0.048012
9311,0.902910
9312,0.834709
9313,0.811961
9314,0.018966
9315,0.368853
9316,0.922885
9317,0.454431
9318,0.008105
9319,0.044680
9320,0.019278
9321,0.797991
9322,0.653029
9323,0.446456
9324,0.016564
9325,0.010489
9326,0.132155
9327,0.043215
9328,0.472553
9329,0.113180
9330,0.860087
9331,0.193215
9332,0.057118
9333,0.038535
9334,0.290543
9335,0.012988
9336,0.073928
9337,0.755949
9338,0.140156
9339,0.350543
9340,0.126691
9341,0.029185
9342,0.034013
9343,0.023721
9344,0.080308
9345,0.005469
9346,0.085982
9347,0.024739
9348,0.038542
9349,0.045190
9350,0.071891
9351,0.017795
9352,0.061158
9353,0.025631
9354,0.038979
9355,0.397049
9356,0.201202
9357,0.009190
9358,0.251258
9359,0.969365
9360,0.055263
9361,0.003385
9362,0.027033
9363,0.026474
9364,0.414747
9365,0.004372
9366,0.113965
9367,0.938134
9368,0.127520
9369,0.070800
9370,0.949281
9371,0.470744
9372,0.012911
9373,0.004610
9374,0.058632
9375,0.245616
9376,0.861833
9377,0.079249
9378,0.997257
9379,0.071031
9380,0.036878
9381,0.980451
9382,0.081497
9383,0.971425
9384,0.924154
9385,0.952611
9386,0.004850
9387,0.372863
9388,0.212996
9389,0.606285
9390,0.015670
9391,0.161409
9392,0.047615
9393,0.031459
9394,0.430685
9395,0.837050
9396,0.018542
9397,0.995000
9398,0.006936
9399,0.003985
9400,0.555933
9401,0.040154
9402,0.090213
9403,0.011866
9404,0.973554
9405,0.534487
9406,0.004128
9407,0.012036
9408,0.455513
9409,0.237393
9410,0.943038
9411,0.218823
9412,0.028042
9413,0.057977
9414,0.009230
9415,0.235492
9416,0.017094
9417,0.024128
9418,0.045104
9419,0.305433
9420,0.970716
9421,0.088555
9422,0.993884
9423,0.055468
9424,0.724988
9425,0.979224
9426,0.260625
9427,0.092528
9428,0.054935
9429,0.653182
9430,0.003089
9431,0.911493
9432,0.015711
9433,0.926111
9434,0.013463
9435,0.997132
9436,0.979036
9437,0.007021
9438,0.314826
9439,0.007589
9440,0.368908
9441,0.832580
9442,0.078642
9443,0.071992
9444,0.060000
9445,0.903886
9446,0.007324
9447,0.980019
9448,0.037110
9449,0.054456
9450,0.058951
9451,0.006193
9452,0.976555
9453,0.472434
9454,0.018942
9455,0.029061
9456,0.005997
9457,0.528759
9458,0.014704
9459,0.298683
9460,0.016075
9461,0.903944
9462,0.270923
9463,0.052596
9464,0.134406
9465,0.002764
9466,0.587301
9467,0.906333
9468,0.099030
9469,0.002811
9470,0.967154
9471,0.009861
9472,0.952275
9473,0.113782
9474,0.958149
9475,0.024223
9476,0.024621
9477,0.062921
9478,0.908901
9479,0.059042
9480,0.907930
9481,0.906656
9482,0.180927
9483,0.930935
9484,0.075107
9485,0.211635
9486,0.949357
9487,0.727884
9488,0.975888
9489,0.236692
9490,0.017490
9491,0.045680
9492,0.985918
9493,0.070689
9494,0.161725
9495,0.003670
9496,0.021854
9497,0.066751
9498,0.314233
9499,0.948775
9500,0.220966
9501,0.098412
9502,0.971916
9503,0.981601
9504,0.355195
9505,0.725598
9506,0.990891
9507,0.050208
9508,0.048067
9509,0.049202
9510,0.013351
9511,0.191116
9512,0.144929
9513,0.791594
9514,0.166786
9515,0.070296
9516,0.181027
9517,0.037095
9518,0.021156
9519,0.018501
9520,0.004473
9521,0.028404
9522,0.467406
9523,0.033488
9524,0.047697
9525,0.003006
9526,0.604295
9527,0.025575
9528,0.084090
9529,0.240416
9530,0.039022
9531,0.037779
9532,0.018804
9533,0.448766
9534,0.787880
9535,0.806607
9536,0.015298
9537,0.988936
9538,0.034331
9539,0.409692
9540,0.984750
9541,0.196131
9542,0.284819
9543,0.005669
9544,0.029273
9545,0.083257
9546,0.964567
9547,0.810429
9548,0.024757
9549,0.246302
9550,0.740419
9551,0.668302
9552,0.956558
9553,0.653289
9554,0.972797
9555,0.473350
9556,0.025134
9557,0.966720
9558,0.060257
9559,0.068392
9560,0.002774
9561,0.081408
9562,0.991188
9563,0.185162
9564,0.961868
9565,0.006974
9566,0.076784
9567,0.989730
9568,0.036588
9569,0.089324
9570,0.345703
9571,0.088905
9572,0.109817
9573,0.813030
9574,0.930633
9575,0.071843
9576,0.973984
9577,0.232416
9578,0.006856
9579,0.006279
9580,0.923116
9581,0.881298
9582,0.012728
9583,0.855062
9584,0.914880
9585,0.033403
9586,0.005564
9587,0.022087
9588,0.951793
9589,0.024727
9590,0.119704
9591,0.247792
9592,0.584092
9593,0.025045
9594,0.952549
9595,0.974349
9596,0.061631
9597,0.927119
9598,0.973494
9599,0.069246
9600,0.716033
9601,0.586974
9602,0.005793
9603,0.063352
9604,0.067980
9605,0.081396
9606,0.003768
9607,0.186168
9608,0.690866
9609,0.506224
9610,0.006181
9611,0.004802
9612,0.011566
9613,0.043534
9614,0.435315
9615,0.175503
9616,0.841160
9617,0.030507
9618,0.601294
9619,0.204470
9620,0.005894
9621,0.253531
9622,0.010442
9623,0.602409
9624,0.180612
9625,0.007049
9626,0.041822
9627,0.065089
9628,0.974857
9629,0.506012
9630,0.938989
9631,0.996548
9632,0.991731
9633,0.043290
9634,0.068863
9635,0.996687
9636,0.979386
9637,0.007798
9638,0.064295
9639,0.084957
9640,0.156278
9641,0.009117
9642,0.108437
9643,0.126580
9644,0.974450
9645,0.188013
9646,0.363851
9647,0.561842
9648,0.002793
9649,0.728497
9650,0.015608
9651,0.981897
9652,0.766319
9653,0.258148
9654,0.196838
9655,0.021029
9656,0.426906
9657,0.964566
9658,0.997463
9659,0.027302
9660,0.040623
9661,0.047752
9662,0.962318
9663,0.015281
9664,0.008266
9665,0.124341
9666,0.052717
9667,0.090429
9668,0.230471
9669,0.071021
9670,0.798953
9671,0.202098
9672,0.070544
9673,0.078822
9674,0.514680
9675,0.123479
9676,0.103528
9677,0.003707
9678,0.939127
9679,0.031846
9680,0.447118
9681,0.325753
9682,0.188987
9683,0.935994
9684,0.035134
9685,0.890054
9686,0.102796
9687,0.107067
9688,0.031693
9689,0.018029
9690,0.250490
9691,0.811021
9692,0.057762
9693,0.035692
9694,0.752157
9695,0.008747
9696,0.959184
9697,0.231466
9698,0.056708
9699,0.009245
9700,0.068570
9701,0.148522
9702,0.994808
9703,0.115629
9704,0.052354
9705,0.135988
9706,0.707948
9707,0.100454
9708,0.025060
9709,0.104448
9710,0.446344
9711,0.070505
9712,0.435003
9713,0.558024
9714,0.023027
9715,0.049668
9716,0.325072
9717,0.025948
9718,0.032838
9719,0.099443
9720,0.993280
9721,0.975914
9722,0.079138
9723,0.019022
9724,0.078246
9725,0.881438
9726,0.129929
9727,0.131148
9728,0.369422
9729,0.024804
9730,0.969028
9731,0.021339
9732,0.004117
9733,0.014194
9734,0.029443
9735,0.685167
9736,0.226237
9737,0.045580
9738,0.035028
9739,0.958879
9740,0.064986
9741,0.046798
9742,0.042545
9743,0.763131
9744,0.036706
9745,0.849937
9746,0.006669
9747,0.427208
9748,0.725312
9749,0.970222
9750,0.009267
9751,0.970047
9752,0.018742
9753,0.963532
9754,0.299444
9755,0.994517
9756,0.136261
9757,0.962227
9758,0.202933
9759,0.023122
9760,0.011643
9761,0.213325
9762,0.002876
9763,0.080969
9764,0.851725
9765,0.228302
9766,0.099540
9767,0.987820
9768,0.373232
9769,0.018348
9770,0.539210
9771,0.100471
9772,0.079308
9773,0.746096
9774,0.010926
9775,0.118115
9776,0.006208
9777,0.135770
9778,0.115524
9779,0.157724
9780,0.992406
9781,0.090062
9782,0.755193
9783,0.163745
9784,0.446051
9785,0.962287
9786,0.663984
9787,0.048257
9788,0.005406
9789,0.379399
9790,0.214055
9791,0.045281
9792,0.143142
9793,0.144111
9794,0.746063
9795,0.080459
9796,0.057955
9797,0.904867
9798,0.470334
9799,0.053032
9800,0.039335
9801,0.021149
9802,0.157905
9803,0.007118
9804,0.773772
9805,0.009600
9806,0.715238
9807,0.052037
9808,0.037610
9809,0.052948
9810,0.006781
9811,0.031692
9812,0.063355
9813,0.006091
9814,0.053363
9815,0.215230
9816,0.229694
9817,0.052216
9818,0.429827
9819,0.937740
9820,0.047459
9821,0.066663
9822,0.008074
9823,0.928874
9824,0.408893
9825,0.970456
9826,0.007201
9827,0.988206
9828,0.407409
9829,0.590701
9830,0.987959
9831,0.024729
9832,0.067543
9833,0.171831
9834,0.027495
9835,0.652555
9836,0.975216
9837,0.992888
9838,0.002841
9839,0.039838
9840,0.993726
9841,0.057798
9842,0.355169
9843,0.802031
9844,0.052740
9845,0.005794
9846,0.811611
9847,0.348245
9848,0.033102
9849,0.006252
9850,0.188695
9851,0.037945
9852,0.019673
9853,0.027432
9854,0.090491
9855,0.279291
9856,0.054881
9857,0.967356
9858,0.042759
9859,0.881129
9860,0.059555
9861,0.100624
9862,0.109011
9863,0.005162
9864,0.853450
9865,0.992971
9866,0.064473
9867,0.004194
9868,0.429818
9869,0.143750
9870,0.877785
9871,0.935458
9872,0.091593
9873,0.014143
9874,0.830159
9875,0.173407
9876,0.067578
9877,0.129467
9878,0.031426
9879,0.872122
9880,0.014348
9881,0.916048
9882,0.936121
9883,0.038245
9884,0.023707
9885,0.042927
9886,0.184243
9887,0.022913
9888,0.941447
9889,0.995887
9890,0.271071
9891,0.016369
9892,0.070208
9893,0.238308
9894,0.068148
9895,0.096008
9896,0.875496
9897,0.138017
9898,0.053033
9899,0.110797
9900,0.148827
9901,0.041710
9902,0.064785
9903,0.056144
9904,0.797914
9905,0.019608
9906,0.108965
9907,0.368985
9908,0.006790
9909,0.961011
9910,0.965936
9911,0.089475
9912,0.045090
9913,0.015132
9914,0.166802
9915,0.994376
9916,0.112469
9917,0.108940
9918,0.018919
9919,0.638721
9920,0.007287
9921,0.464617
9922,0.002624
9923,0.408078
9924,0.201890
9925,0.297480
9926,0.165910
9927,0.160130
9928,0.006887
9929,0.935400
9930,0.963038
9931,0.505270
9932,0.222896
9933,0.139145
9934,0.031002
9935,0.834603
9936,0.978800
9937,0.246636
9938,0.347061
9939,0.067739
9940,0.115766
9941,0.046639
9942,0.080880
9943,0.016954
9944,0.048209
9945,0.960577
9946,0.051080
9947,0.109193
9948,0.034024
9949,0.006864
9950,0.053085
9951,0.172474
9952,0.008594
9953,0.995103
9954,0.781702
9955,0.145203
9956,0.824354
9957,0.013582
9958,0.987392
9959,0.197042
9960,0.715912
9961,0.014641
9962,0.055415
9963,0.023978
9964,0.217741
9965,0.061455
9966,0.011305
9967,0.004878
9968,0.079786
9969,0.004892
9970,0.097245
9971,0.987216
9972,0.035285
9973,0.017401
9974,0.037280
9975,0.963558
9976,0.284952
9977,0.194170
9978,0.161354
9979,0.003152
9980,0.136024
9981,0.077852
9982,0.005366
9983,0.158779
9984,0.021701
9985,0.007026
9986,0.038760
9987,0.097392
9988,0.078621
9989,0.025380
9990,0.115528
9991,0.956181
9992,0.045160
9993,0.060249
9994,0.745325
9995,0.003271
9996,0.177816
9997,0.482921
9998,0.981542
9999,0.083300
10000,0.495086
10001,0.906488
10002,0.409118
10003,0.318861
10004,0.012908
10005,0.962177
10006,0.952851
10007,0.022662
10008,0.974146
10009,0.946371
10010,0.108275
10011,0.044340
10012,0.925769
10013,0.031800
10014,0.225428
10015,0.096260
10016,0.032457
10017,0.006916
10018,0.004694
10019,0.061283
10020,0.025109
10021,0.050236
10022,0.979552
10023,0.983047
10024,0.592978
10025,0.015385
10026,0.021191
10027,0.070459
10028,0.808841
10029,0.012920
10030,0.005162
10031,0.063965
10032,0.715869
10033,0.890999
10034,0.009121
10035,0.016513
10036,0.075749
10037,0.938798
10038,0.011194
10039,0.311515
10040,0.150979
10041,0.021668
10042,0.945342
10043,0.020162
10044,0.180354
10045,0.017654
10046,0.007051
10047,0.880739
10048,0.130307
10049,0.798843
10050,0.017429
10051,0.556105
10052,0.934437
10053,0.126429
10054,0.564460
10055,0.235158
10056,0.005142
10057,0.967429
10058,0.973808
10059,0.053415
10060,0.888418
10061,0.153183
10062,0.003640
10063,0.052728
10064,0.974899
10065,0.184931
10066,0.047066
10067,0.016879
10068,0.019373
10069,0.085585
10070,0.026180
10071,0.681515
10072,0.866366
10073,0.667081
10074,0.289325
10075,0.916965
10076,0.935606
10077,0.079131
10078,0.008484
10079,0.066412
10080,0.092758
10081,0.120091
10082,0.348470
10083,0.014087
10084,0.130169
10085,0.338376
10086,0.102272
10087,0.811534
10088,0.050508
10089,0.824930
10090,0.002931
10091,0.039581
10092,0.005264
10093,0.034684
10094,0.440867
10095,0.063838
10096,0.033200
10097,0.974457
10098,0.151769
10099,0.234152
10100,0.013104
10101,0.008831
10102,0.040569
10103,0.024741
10104,0.946640
10105,0.004315
10106,0.190557
10107,0.006586
10108,0.335622
10109,0.080236
10110,0.126193
10111,0.018862
10112,0.036273
10113,0.082983
10114,0.030213
10115,0.007622
10116,0.580841
10117,0.056211
10118,0.095986
10119,0.470865
10120,0.347823
10121,0.217310
10122,0.154193
10123,0.115111
10124,0.007025
10125,0.090339
10126,0.958027
10127,0.032061
10128,0.052764
10129,0.049532
10130,0.096643
10131,0.677361
10132,0.356828
10133,0.097821
10134,0.977781
10135,0.038155
10136,0.019792
10137,0.006628
10138,0.534068
10139,0.889975
10140,0.177354
10141,0.111509
10142,0.008516
10143,0.084304
10144,0.003153
10145,0.018724
10146,0.092581
10147,0.380218
10148,0.654481
10149,0.818520
10150,0.120612
10151,0.026104
10152,0.009532
10153,0.928808
10154,0.061494
10155,0.040982
10156,0.531743
10157,0.200281
10158,0.897552
10159,0.162079
10160,0.983262
10161,0.023619
10162,0.921701
10163,0.995048
10164,0.004875
10165,0.022340
10166,0.005001
10167,0.839750
10168,0.245161
10169,0.893463
10170,0.010387
10171,0.171116
10172,0.296283
10173,0.113924
10174,0.005376
10175,0.372106
10176,0.003983
10177,0.995356
10178,0.009651
10179,0.033092
10180,0.140510
10181,0.006258
10182,0.044584
10183,0.940612
10184,0.994346
10185,0.922096
10186,0.261623
10187,0.011870
10188,0.046897
10189,0.013062
10190,0.003091
10191,0.972817
10192,0.956486
10193,0.115871
10194,0.046253
10195,0.037766
10196,0.552596
10197,0.035755
10198,0.047031
10199,0.064441
10200,0.009736
10201,0.010682
10202,0.051529
10203,0.020794
10204,0.915025
10205,0.010065
10206,0.994011
10207,0.021552
10208,0.976250
10209,0.901966
10210,0.972522
10211,0.504247
10212,0.854156
10213,0.550458
10214,0.179650
10215,0.015761
10216,0.466768
10217,0.908400
10218,0.012295
10219,0.044813
10220,0.105441
10221,0.004394
10222,0.005192
10223,0.936683
10224,0.819356
10225,0.090062
10226,0.023315
10227,0.997092
10228,0.008912
10229,0.515127
10230,0.997310
10231,0.024957
10232,0.138763
10233,0.243751
10234,0.064737
10235,0.012081
10236,0.025511
10237,0.467297
10238,0.088610
10239,0.939186
10240,0.034450
10241,0.022997
10242,0.190735
10243,0.068050
10244,0.005619
10245,0.931856
10246,0.024320
10247,0.463418
10248,0.668531
10249,0.693680
10250,0.009682
10251,0.066439
10252,0.024302
10253,0.862229
10254,0.169867
10255,0.131482
10256,0.966660
10257,0.821517
10258,0.023760
10259,0.034605
10260,0.965158
10261,0.013916
10262,0.003374
10263,0.728823
10264,0.679887
10265,0.021735
10266,0.521887
10267,0.894980
10268,0.013400
10269,0.044817
10270,0.581765
10271,0.010310
10272,0.063639
10273,0.823982
10274,0.584773
10275,0.172321
10276,0.140604
10277,0.147189
10278,0.108679
10279,0.975263
10280,0.021847
10281,0.632744
10282,0.028820
10283,0.490170
10284,0.281143
10285,0.040501
10286,0.124422
10287,0.214932
10288,0.909268
10289,0.820071
10290,0.044710
10291,0.068121
10292,0.018269
10293,0.102311
10294,0.367260
10295,0.093778
10296,0.965310
10297,0.172703
10298,0.078726
10299,0.131595
10300,0.921722
10301,0.005185
10302,0.782922
10303,0.091823
10304,0.215276
10305,0.051105
10306,0.887028
10307,0.165719
10308,0.105218
10309,0.063461
10310,0.101022
10311,0.073733
10312,0.972614
10313,0.043763
10314,0.002211
10315,0.751319
10316,0.210794
10317,0.053604
10318,0.360026
10319,0.007844
10320,0.079085
10321,0.049490
10322,0.105126
10323,0.099446
10324,0.003403
10325,0.292253
10326,0.461920
10327,0.008794
10328,0.740689
10329,0.328797
10330,0.038303
10331,0.071413
10332,0.048419
10333,0.200336
10334,0.978527
10335,0.930466
10336,0.233052
10337,0.602888
10338,0.548582
10339,0.398493
10340,0.596538
10341,0.058972
10342,0.750221
10343,0.862323
10344,0.818592
10345,0.014598
10346,0.975645
10347,0.926579
10348,0.016996
10349,0.789441
10350,0.101542
10351,0.963081
10352,0.030567
10353,0.932632
10354,0.534198
10355,0.191732
10356,0.103636
10357,0.097225
10358,0.956631
10359,0.031207
10360,0.927503
10361,0.950935
10362,0.010959
10363,0.016617
10364,0.396862
10365,0.009411
10366,0.076984
10367,0.015738
10368,0.978487
10369,0.014244
10370,0.004543
10371,0.168437
10372,0.033804
10373,0.467735
10374,0.964213
10375,0.003625
10376,0.034013
10377,0.131604
10378,0.452445
10379,0.033555
10380,0.186340
10381,0.049162
10382,0.959231
10383,0.996944
10384,0.017970
10385,0.074924
10386,0.084091
10387,0.009834
10388,0.090849
10389,0.028167
10390,0.408680
10391,0.004521
10392,0.313588
10393,0.024249
10394,0.746101
10395,0.144895
10396,0.436915
10397,0.165776
10398,0.922177
10399,0.149170
10400,0.715721
10401,0.678993
10402,0.543944
10403,0.036235
10404,0.031522
10405,0.769364
10406,0.581791
10407,0.008674
10408,0.952931
10409,0.197369
10410,0.344425
10411,0.085612
10412,0.048817
10413,0.020884
10414,0.977512
10415,0.166586
10416,0.620459
10417,0.051442
10418,0.972336
10419,0.080105
10420,0.493045
10421,0.942847
10422,0.674927
10423,0.133606
10424,0.824792
10425,0.237230
10426,0.019064
10427,0.067340
10428,0.024672
10429,0.045469
10430,0.176824
10431,0.631380
10432,0.954971
10433,0.101885
10434,0.009341
10435,0.028675
10436,0.016143
10437,0.008099
10438,0.012172
10439,0.003996
10440,0.002991
10441,0.878507
10442,0.946310
10443,0.526862
10444,0.230232
10445,0.047273
10446,0.010241
10447,0.883288
10448,0.012783
10449,0.976343
10450,0.993250
10451,0.266149
10452,0.978420
10453,0.770169
10454,0.328663
10455,0.009975
10456,0.010220
10457,0.007993
10458,0.953187
10459,0.049494
10460,0.066856
10461,0.368379
10462,0.144219
10463,0.059144
10464,0.948800
10465,0.019403
10466,0.135298
10467,0.046795
10468,0.578336
10469,0.843012
10470,0.859485
10471,0.019399
10472,0.829365
10473,0.118820
10474,0.175797
10475,0.016460
10476,0.083724
10477,0.987688
10478,0.891563
10479,0.101656
10480,0.971669
10481,0.956287
10482,0.168416
10483,0.060669
10484,0.966762
10485,0.099504
10486,0.093341
10487,0.107725
10488,0.501669
10489,0.375687
10490,0.653490
10491,0.037467
10492,0.003802
10493,0.975042
10494,0.193870
10495,0.966280
10496,0.064879
10497,0.031893
10498,0.241126
10499,0.038950
10500,0.975360
10501,0.431906
10502,0.555764
10503,0.909404
10504,0.235621
10505,0.102704
10506,0.355516
10507,0.189818
10508,0.021476
10509,0.028292
10510,0.969393
10511,0.208972
10512,0.025611
10513,0.083414
10514,0.826241
10515,0.013261
10516,0.838045
10517,0.046453
10518,0.371819
10519,0.742234
10520,0.989890
10521,0.277768
10522,0.005737
10523,0.019770
10524,0.911099
10525,0.566767
10526,0.234301
10527,0.367768
10528,0.795145
10529,0.957280
10530,0.073113
10531,0.078242
10532,0.012773
10533,0.064779
10534,0.074600
10535,0.568342
10536,0.994228
10537,0.090733
10538,0.031922
10539,0.071741
10540,0.325875
10541,0.899783
10542,0.084932
10543,0.929483
10544,0.716383
10545,0.938512
10546,0.995543
10547,0.797690
10548,0.028164
10549,0.972709
10550,0.173219
10551,0.012943
10552,0.030397
10553,0.035849
10554,0.950564
10555,0.029181
10556,0.187796
10557,0.084472
10558,0.906471
10559,0.884201
10560,0.063786
10561,0.003610
10562,0.206617
10563,0.878981
10564,0.651780
10565,0.008505
10566,0.450983
10567,0.038227
10568,0.082693
10569,0.091431
10570,0.425238
10571,0.129318
10572,0.111654
10573,0.307911
10574,0.952629
10575,0.016822
10576,0.022321
10577,0.955377
10578,0.841639
10579,0.056014
10580,0.005924
10581,0.042546
10582,0.924679
10583,0.973977
10584,0.038545
10585,0.964631
10586,0.151329
10587,0.905477
10588,0.019642
10589,0.168221
10590,0.382315
10591,0.007849
10592,0.817836
10593,0.062414
10594,0.040864
10595,0.004578
10596,0.178806
10597,0.932556
10598,0.105190
10599,0.118825
10600,0.036829
10601,0.834006
10602,0.069163
10603,0.945540
10604,0.003213
10605,0.713133
10606,0.983432
10607,0.012737
10608,0.015123
10609,0.125734
10610,0.037348
10611,0.942109
10612,0.013012
10613,0.047526
10614,0.037274
10615,0.036328
10616,0.167295
10617,0.641687
10618,0.946890
10619,0.008978
10620,0.951931
10621,0.058955
10622,0.482426
10623,0.148463
10624,0.117159
10625,0.128281
10626,0.120945
10627,0.079653
10628,0.367953
10629,0.006810
10630,0.974658
10631,0.003804
10632,0.049377
10633,0.027155
10634,0.565984
10635,0.907244
10636,0.893645
10637,0.995180
10638,0.108108
10639,0.746441
10640,0.200085
10641,0.226759
10642,0.454124
10643,0.004476
10644,0.025890
10645,0.995239
10646,0.006641
10647,0.006450
10648,0.005118
10649,0.922360
10650,0.219926
10651,0.128262
10652,0.994581
10653,0.260946
10654,0.856464
10655,0.205571
10656,0.971608
10657,0.268654
10658,0.262007
10659,0.026238
10660,0.006208
10661,0.964424
10662,0.045780
10663,0.179479
10664,0.079944
10665,0.008076
10666,0.507141
10667,0.441613
10668,0.603265
10669,0.007819
10670,0.035743
10671,0.003221
10672,0.003452
10673,0.085031
10674,0.340019
10675,0.722261
10676,0.028756
10677,0.968332
10678,0.073742
10679,0.034192
10680,0.003895
10681,0.377933
10682,0.042640
10683,0.509222
10684,0.030766
10685,0.943454
10686,0.989022
10687,0.024969
10688,0.013304
10689,0.869881
10690,0.008514
10691,0.519987
10692,0.919414
10693,0.848076
10694,0.009501
10695,0.429697
10696,0.121061
10697,0.027557
10698,0.815906
10699,0.996604
10700,0.902494
10701,0.137366
10702,0.009806
10703,0.949723
10704,0.442601
10705,0.978015
10706,0.722604
10707,0.952337
10708,0.006705
10709,0.106331
10710,0.008695
10711,0.003672
10712,0.184198
10713,0.046437
10714,0.004437
10715,0.233204
10716,0.718452
10717,0.111998
10718,0.003012
10719,0.489455
10720,0.755125
10721,0.974612
10722,0.940308
10723,0.934521
10724,0.006656
10725,0.100070
10726,0.929122
10727,0.995561
10728,0.035821
10729,0.096453
10730,0.006902
10731,0.994228
10732,0.079036
10733,0.065513
10734,0.120200
10735,0.969230
10736,0.008985
10737,0.472145
10738,0.004336
10739,0.859873
10740,0.291676
10741,0.272791
10742,0.946959
10743,0.008367
10744,0.836540
10745,0.220641
10746,0.792443
10747,0.012503
10748,0.986312
10749,0.996083
10750,0.785010
10751,0.019596
10752,0.066849
10753,0.151542
10754,0.719560
10755,0.016438
10756,0.138579
10757,0.956742
10758,0.500465
10759,0.094027
10760,0.180947
10761,0.008785
10762,0.061078
10763,0.411717
10764,0.953495
10765,0.890418
10766,0.051430
10767,0.132751
10768,0.007911
10769,0.292559
10770,0.989043
10771,0.057726
10772,0.014809
10773,0.003669
10774,0.018297
10775,0.400526
10776,0.634805
10777,0.039475
10778,0.056214
10779,0.921178
10780,0.003951
10781,0.047894
10782,0.003494
10783,0.807147
10784,0.122907
10785,0.458463
10786,0.970821
10787,0.076445
10788,0.009376
10789,0.996949
10790,0.395164
10791,0.066598
10792,0.010941
10793,0.581296
10794,0.243519
10795,0.332115
10796,0.053528
10797,0.044837
10798,0.854908
10799,0.192511
10800,0.089277
10801,0.022206
10802,0.006696
10803,0.042029
10804,0.980541
10805,0.834752
10806,0.056989
10807,0.111411
10808,0.052316
10809,0.145138
10810,0.926533
10811,0.048550
10812,0.029226
10813,0.046272
10814,0.088389
10815,0.401141
10816,0.104468
10817,0.959331
10818,0.052224
10819,0.081404
10820,0.004873
10821,0.076430
10822,0.034307
10823,0.045030
10824,0.007949
10825,0.065419
10826,0.117889
10827,0.005579
10828,0.914567
10829,0.091972
10830,0.038407
10831,0.208581
10832,0.273945
10833,0.035119
10834,0.099897
10835,0.282950
10836,0.016022
10837,0.528596
10838,0.447054
10839,0.227759
10840,0.023262
10841,0.117652
10842,0.857117
10843,0.971192
10844,0.291838
10845,0.048821
10846,0.107478
10847,0.026176
10848,0.270822
10849,0.052011
10850,0.150412
10851,0.314386
10852,0.911195
10853,0.035472
10854,0.002928
10855,0.059322
10856,0.062976
10857,0.046101
10858,0.207386
10859,0.964262
10860,0.199724
10861,0.056871
10862,0.048129
10863,0.099705
10864,0.932666
10865,0.280644
10866,0.085872
10867,0.049863
10868,0.024544
10869,0.957211
10870,0.363382
10871,0.026467
10872,0.070792
10873,0.071424
10874,0.994707
10875,0.227146
10876,0.080809
10877,0.049345
10878,0.004123
10879,0.948581
10880,0.046686
10881,0.920492
10882,0.921748
10883,0.799541
10884,0.956903
10885,0.008194
10886,0.870505
10887,0.045259
10888,0.964559
10889,0.097681
10890,0.876127
10891,0.011495
10892,0.010379
10893,0.986303
10894,0.966097
10895,0.948176
10896,0.094850
10897,0.081756
10898,0.014467
10899,0.007807
10900,0.047867
10901,0.488426
10902,0.086352
10903,0.156006
10904,0.008348
10905,0.508794
10906,0.134639
10907,0.049930
10908,0.817092
10909,0.009807
10910,0.935260
10911,0.968595
10912,0.009409
10913,0.904162
10914,0.997074
10915,0.838383
10916,0.929434
10917,0.143427
10918,0.305277
10919,0.140928
10920,0.970420
10921,0.981473
10922,0.930169
10923,0.799116
10924,0.481706
10925,0.043191
10926,0.455698
10927,0.010369
10928,0.450903
10929,0.922056
10930,0.496698
10931,0.148915
10932,0.013283
10933,0.303265
10934,0.165798
10935,0.984926
10936,0.382290
10937,0.134693
10938,0.972753
10939,0.232980
10940,0.907301
10941,0.995397
10942,0.493965
10943,0.019184
10944,0.036255
10945,0.212492
10946,0.033628
10947,0.046722
10948,0.005965
10949,0.026857
10950,0.009669
10951,0.926533
10952,0.050781
10953,0.016776
10954,0.074752
10955,0.241147
10956,0.462501
10957,0.003848
10958,0.018975
10959,0.003881
10960,0.947785
10961,0.248358
10962,0.712697
10963,0.253666
10964,0.003982
10965,0.734267
10966,0.951403
10967,0.939684
10968,0.218051
10969,0.197918
10970,0.055138
10971,0.101936
10972,0.445314
10973,0.635505
10974,0.232436
10975,0.525929
10976,0.212815
10977,0.963374
10978,0.127341
10979,0.004793
10980,0.902621
10981,0.607792
10982,0.974096
10983,0.066466
10984,0.032111
10985,0.978310
10986,0.045172
10987,0.048984
10988,0.096238
10989,0.053405
10990,0.093568
10991,0.068564
10992,0.039947
10993,0.074419
10994,0.006725
10995,0.154255
10996,0.457300
10997,0.055567
10998,0.035656
10999,0.078289
11000,0.032866
11001,0.024203
11002,0.307312
11003,0.561543
11004,0.973653
11005,0.006929
11006,0.006344
11007,0.131347
11008,0.125437
11009,0.043335
11010,0.091696
11011,0.003803
11012,0.180726
11013,0.520070
11014,0.047025
11015,0.086525
11016,0.007539
11017,0.910690
11018,0.010469
11019,0.086161
11020,0.912612
11021,0.011308
11022,0.223378
11023,0.003388
11024,0.796453
11025,0.129840
11026,0.725763
11027,0.087609
11028,0.897880
11029,0.008285
11030,0.008455
11031,0.019227
11032,0.871033
11033,0.050582
11034,0.023064
11035,0.983471
11036,0.075407
11037,0.986137
11038,0.250631
11039,0.983317
11040,0.008610
11041,0.050772
11042,0.962368
11043,0.045667
11044,0.174712
11045,0.878046
11046,0.027408
11047,0.525032
11048,0.027158
11049,0.012990
11050,0.779990
11051,0.197398
11052,0.230649
11053,0.680827
11054,0.977906
11055,0.836128
11056,0.062955
11057,0.039976
11058,0.069968
11059,0.031757
11060,0.373221
11061,0.639057
11062,0.958020
11063,0.002924
11064,0.893737
11065,0.958559
11066,0.053149
11067,0.062887
11068,0.908861
11069,0.932766
11070,0.044826
11071,0.026389
11072,0.934199
11073,0.011799
11074,0.991267
11075,0.086551
11076,0.113660
11077,0.027421
11078,0.596474
11079,0.017032
11080,0.004605
11081,0.013624
11082,0.799594
11083,0.107434
11084,0.049178
11085,0.098797
11086,0.179657
11087,0.006748
11088,0.010688
11089,0.979738
11090,0.976036
11091,0.021430
11092,0.925764
11093,0.745534
11094,0.091421
11095,0.952010
11096,0.509358
11097,0.041842
11098,0.102854
11099,0.941873
11100,0.061641
11101,0.187178
11102,0.027397
11103,0.919858
11104,0.015397
11105,0.112990
11106,0.956923
11107,0.977506
11108,0.376441
11109,0.971011
11110,0.055204
11111,0.941929
11112,0.054475
11113,0.002956
11114,0.098319
11115,0.326592
11116,0.228306
11117,0.956794
11118,0.090577
11119,0.934977
11120,0.005063
11121,0.108091
11122,0.016670
11123,0.994722
11124,0.740620
11125,0.980312
11126,0.052483
11127,0.043417
11128,0.939035
11129,0.008139
11130,0.070603
11131,0.889639
11132,0.067418
11133,0.496906
11134,0.114446
11135,0.925803
11136,0.235049
11137,0.011020
11138,0.953802
11139,0.039579
11140,0.950208
11141,0.029960
11142,0.125391
11143,0.967176
11144,0.025847
11145,0.135861
11146,0.958994
11147,0.011325
11148,0.971069
11149,0.062823
11150,0.653111
11151,0.023384
11152,0.020690
11153,0.773594
11154,0.057894
11155,0.178755
11156,0.040462
11157,0.527407
11158,0.989452
11159,0.023100
11160,0.897830
11161,0.975923
11162,0.243130
11163,0.883169
11164,0.031720
11165,0.240943
11166,0.082467
11167,0.046794
11168,0.993214
11169,0.728518
11170,0.016613
11171,0.863399
11172,0.037385
11173,0.005441
11174,0.126620
11175,0.227601
11176,0.040955
11177,0.981497
11178,0.006225
11179,0.009679
11180,0.869234
11181,0.281719
11182,0.962317
11183,0.513092
11184,0.003582
11185,0.909526
11186,0.062789
11187,0.988872
11188,0.060192
11189,0.091212
11190,0.064212
11191,0.996497
11192,0.181533
11193,0.069766
11194,0.085589
11195,0.119765
11196,0.019431
11197,0.093448
11198,0.728703
11199,0.893841
11200,0.307608
11201,0.014158
11202,0.003143
11203,0.135372
11204,0.005643
11205,0.034904
11206,0.008432
11207,0.222270
11208,0.018271
11209,0.957945
11210,0.036293
11211,0.053193
11212,0.087084
11213,0.006036
11214,0.837668
11215,0.049274
11216,0.352642
11217,0.209658
11218,0.075604
11219,0.989404
11220,0.097270
11221,0.334161
11222,0.221284
11223,0.003560
11224,0.070581
11225,0.996070
11226,0.012262
11227,0.121870
11228,0.621886
11229,0.085217
11230,0.004380
11231,0.978161
