index,target
0,0.005548
1,0.772164
2,0.047250
3,0.052053
4,0.998059
5,0.003754
6,0.951712
7,0.117011
8,0.017708
9,0.858727
10,0.008375
11,0.002138
12,0.064155
13,0.398242
14,0.692226
15,0.508196
16,0.170821
17,0.979658
18,0.737123
19,0.960398
20,0.138622
21,0.753421
22,0.992784
23,0.137599
24,0.966156
25,0.013709
26,0.002811
27,0.022319
28,0.039979
29,0.002422
30,0.032410
31,0.005473
32,0.006452
33,0.315725
34,0.153002
35,0.234404
36,0.858265
37,0.005187
38,0.046023
39,0.112132
40,0.300009
41,0.945191
42,0.006919
43,0.414294
44,0.861399
45,0.031142
46,0.811628
47,0.064572
48,0.662423
49,0.101456
50,0.053111
51,0.005688
52,0.261109
53,0.008422
54,0.120486
55,0.013407
56,0.035284
57,0.943456
58,0.040731
59,0.735690
60,0.386512
61,0.009084
62,0.898175
63,0.783503
64,0.096655
65,0.006687
66,0.018574
67,0.888786
68,0.986561
69,0.207826
70,0.067209
71,0.455967
72,0.113688
73,0.081263
74,0.084234
75,0.008622
76,0.002776
77,0.005428
78,0.018663
79,0.900509
80,0.199045
81,0.268458
82,0.283464
83,0.173620
84,0.126858
85,0.623997
86,0.715677
87,0.035666
88,0.275165
89,0.003538
90,0.807893
91,0.043581
92,0.085995
93,0.045600
94,0.036718
95,0.600191
96,0.529748
97,0.060722
98,0.970224
99,0.318716
100,0.003820
101,0.060680
102,0.131243
103,0.090630
104,0.554674
105,0.079759
106,0.871968
107,0.811217
108,0.238174
109,0.149785
110,0.913918
111,0.034452
112,0.208276
113,0.023794
114,0.009916
115,0.183118
116,0.969928
117,0.329543
118,0.406785
119,0.978751
120,0.953353
121,0.001998
122,0.442966
123,0.127028
124,0.123597
125,0.139253
126,0.019627
127,0.138628
128,0.087846
129,0.134269
130,0.005940
131,0.109689
132,0.966271
133,0.086708
134,0.946799
135,0.916412
136,0.971610
137,0.921858
138,0.854468
139,0.085233
140,0.015772
141,0.427810
142,0.012271
143,0.045218
144,0.005280
145,0.978721
146,0.689127
147,0.911405
148,0.966790
149,0.023539
150,0.603058
151,0.094987
152,0.083115
153,0.016517
154,0.054735
155,0.041971
156,0.456022
157,0.688349
158,0.082959
159,0.048014
160,0.007669
161,0.373686
162,0.031615
163,0.682890
164,0.023105
165,0.082447
166,0.101515
167,0.019815
168,0.971403
169,0.007456
170,0.025687
171,0.051764
172,0.124590
173,0.872142
174,0.006961
175,0.004356
176,0.965474
177,0.968462
178,0.003693
179,0.919360
180,0.233127
181,0.028742
182,0.831945
183,0.122359
184,0.923728
185,0.122933
186,0.632798
187,0.014432
188,0.383428
189,0.019498
190,0.005161
191,0.931207
192,0.066148
193,0.077902
194,0.112444
195,0.967693
196,0.060348
197,0.979441
198,0.183542
199,0.212137
200,0.125817
201,0.032837
202,0.945293
203,0.002893
204,0.033584
205,0.003397
206,0.111241
207,0.893469
208,0.042464
209,0.999089
210,0.109639
211,0.004687
212,0.615539
213,0.004945
214,0.023647
215,0.231593
216,0.049975
217,0.407074
218,0.793445
219,0.323012
220,0.074117
221,0.043207
222,0.007649
223,0.022060
224,0.380483
225,0.985030
226,0.928277
227,0.031723
228,0.889412
229,0.005218
230,0.026923
231,0.978163
232,0.202634
233,0.038865
234,0.217541
235,0.053196
236,0.357437
237,0.646961
238,0.024617
239,0.958588
240,0.051536
241,0.040512
242,0.154773
243,0.144700
244,0.885526
245,0.185916
246,0.080738
247,0.006950
248,0.639922
249,0.995464
250,0.147591
251,0.078578
252,0.094943
253,0.122799
254,0.012290
255,0.212344
256,0.326418
257,0.794591
258,0.006397
259,0.012133
260,0.265313
261,0.014949
262,0.993670
263,0.850874
264,0.005502
265,0.076521
266,0.692931
267,0.065861
268,0.002830
269,0.003522
270,0.332436
271,0.628311
272,0.051118
273,0.013806
274,0.995738
275,0.999003
276,0.088502
277,0.019637
278,0.013531
279,0.022918
280,0.963396
281,0.962095
282,0.968363
283,0.007230
284,0.130063
285,0.047004
286,0.011726
287,0.011730
288,0.986368
289,0.229467
290,0.096177
291,0.949308
292,0.836465
293,0.971579
294,0.004138
295,0.120760
296,0.097850
297,0.062647
298,0.005510
299,0.988497
300,0.095983
301,0.922331
302,0.673508
303,0.094909
304,0.748398
305,0.798964
306,0.094564
307,0.073008
308,0.508081
309,0.467402
310,0.961731
311,0.063577
312,0.336240
313,0.006792
314,0.514013
315,0.035044
316,0.974188
317,0.036481
318,0.003222
319,0.508253
320,0.211583
321,0.053676
322,0.001107
323,0.023380
324,0.146106
325,0.804543
326,0.080716
327,0.861879
328,0.009732
329,0.010617
330,0.800250
331,0.039057
332,0.209086
333,0.056999
334,0.658486
335,0.040944
336,0.091506
337,0.981629
338,0.006673
339,0.009419
340,0.003713
341,0.980418
342,0.797684
343,0.106795
344,0.023745
345,0.950451
346,0.301146
347,0.114843
348,0.003706
349,0.385755
350,0.995746
351,0.025879
352,0.025200
353,0.087452
354,0.029389
355,0.034543
356,0.947113
357,0.056157
358,0.964945
359,0.316601
360,0.132073
361,0.557873
362,0.006906
363,0.168758
364,0.008651
365,0.446867
366,0.027318
367,0.521253
368,0.424538
369,0.903057
370,0.669666
371,0.871970
372,0.020997
373,0.160940
374,0.033568
375,0.811337
376,0.197316
377,0.028149
378,0.006489
379,0.016249
380,0.053484
381,0.124446
382,0.913414
383,0.055541
384,0.179950
385,0.218878
386,0.027989
387,0.600030
388,0.113557
389,0.042020
390,0.801576
391,0.050968
392,0.015048
393,0.816724
394,0.976094
395,0.726551
396,0.951279
397,0.405039
398,0.129222
399,0.002671
400,0.078563
401,0.004834
402,0.010488
403,0.162505
404,0.012818
405,0.041152
406,0.978603
407,0.488411
408,0.041233
409,0.177670
410,0.065767
411,0.827746
412,0.134636
413,0.355134
414,0.046990
415,0.024183
416,0.947092
417,0.262179
418,0.070522
419,0.975087
420,0.118803
421,0.003152
422,0.026075
423,0.809040
424,0.917326
425,0.012240
426,0.183929
427,0.018284
428,0.965624
429,0.997123
430,0.992791
431,0.101591
432,0.437043
433,0.017408
434,0.773436
435,0.018979
436,0.965977
437,0.033978
438,0.064152
439,0.992086
440,0.746634
441,0.136185
442,0.078726
443,0.017160
444,0.297488
445,0.024173
446,0.988209
447,0.153445
448,0.012409
449,0.441534
450,0.020621
451,0.797989
452,0.923087
453,0.283428
454,0.137206
455,0.915078
456,0.908964
457,0.025288
458,0.315010
459,0.443792
460,0.148457
461,0.817416
462,0.318186
463,0.895560
464,0.016001
465,0.969457
466,0.996318
467,0.004216
468,0.847521
469,0.975589
470,0.122557
471,0.397765
472,0.974836
473,0.017296
474,0.034541
475,0.007127
476,0.014879
477,0.130698
478,0.093808
479,0.762568
480,0.010015
481,0.978143
482,0.133196
483,0.978056
484,0.947708
485,0.033133
486,0.047397
487,0.077484
488,0.010261
489,0.019558
490,0.043347
491,0.021222
492,0.002982
493,0.036343
494,0.414697
495,0.152561
496,0.015635
497,0.840260
498,0.412188
499,0.074269
500,0.979229
501,0.078042
502,0.072541
503,0.281919
504,0.748342
505,0.271425
506,0.022934
507,0.983411
508,0.718788
509,0.061697
510,0.021639
511,0.316650
512,0.006995
513,0.967590
514,0.930861
515,0.917139
516,0.986273
517,0.443994
518,0.150382
519,0.060873
520,0.447007
521,0.162385
522,0.932913
523,0.745741
524,0.186941
525,0.941255
526,0.395826
527,0.006461
528,0.337247
529,0.971628
530,0.007895
531,0.003193
532,0.023236
533,0.025501
534,0.007028
535,0.072408
536,0.100888
537,0.810427
538,0.044146
539,0.914945
540,0.559677
541,0.060915
542,0.002274
543,0.463756
544,0.919317
545,0.034600
546,0.402766
547,0.012485
548,0.079646
549,0.046330
550,0.981682
551,0.769420
552,0.388660
553,0.013235
554,0.107160
555,0.983880
556,0.023245
557,0.120009
558,0.618241
559,0.008942
560,0.023245
561,0.381921
562,0.998063
563,0.339064
564,0.004913
565,0.776178
566,0.067588
567,0.006716
568,0.543413
569,0.294935
570,0.415279
571,0.130809
572,0.684050
573,0.022314
574,0.427349
575,0.095192
576,0.946715
577,0.005790
578,0.019950
579,0.112201
580,0.029919
581,0.159808
582,0.003783
583,0.007100
584,0.003164
585,0.427687
586,0.669206
587,0.376028
588,0.005800
589,0.107557
590,0.073604
591,0.004829
592,0.187979
593,0.034810
594,0.094538
595,0.165381
596,0.091454
597,0.030598
598,0.157206
599,0.935668
600,0.020026
601,0.018840
602,0.018109
603,0.021557
604,0.913361
605,0.057183
606,0.088966
607,0.005872
608,0.004102
609,0.004751
610,0.085695
611,0.185324
612,0.034728
613,0.010787
614,0.069442
615,0.366038
616,0.003661
617,0.028758
618,0.002267
619,0.052849
620,0.012110
621,0.007690
622,0.355598
623,0.017173
624,0.153719
625,0.365897
626,0.852847
627,0.978025
628,0.004660
629,0.938395
630,0.005548
631,0.032222
632,0.603566
633,0.977494
634,0.044037
635,0.428149
636,0.014375
637,0.006701
638,0.005849
639,0.944503
640,0.111235
641,0.845347
642,0.032128
643,0.031739
644,0.912070
645,0.005029
646,0.010978
647,0.041285
648,0.206476
649,0.298640
650,0.073440
651,0.962837
652,0.950430
653,0.026808
654,0.083178
655,0.001903
656,0.348628
657,0.950696
658,0.657368
659,0.065761
660,0.013818
661,0.391668
662,0.055360
663,0.172757
664,0.400188
665,0.019765
666,0.039695
667,0.952742
668,0.136918
669,0.569896
670,0.041465
671,0.341096
672,0.008423
673,0.074314
674,0.996481
675,0.042650
676,0.026870
677,0.564913
678,0.079142
679,0.739558
680,0.175437
681,0.085149
682,0.911161
683,0.146850
684,0.271240
685,0.173614
686,0.057474
687,0.044079
688,0.952484
689,0.058870
690,0.962698
691,0.051626
692,0.002395
693,0.823913
694,0.016581
695,0.880445
696,0.011330
697,0.149912
698,0.991201
699,0.043921
700,0.004776
701,0.207314
702,0.002582
703,0.003074
704,0.016553
705,0.015464
706,0.051636
707,0.402370
708,0.101422
709,0.011632
710,0.046848
711,0.117970
712,0.995123
713,0.092090
714,0.986554
715,0.065290
716,0.043590
717,0.185867
718,0.182235
719,0.014283
720,0.023488
721,0.132959
722,0.299247
723,0.668006
724,0.940671
725,0.599347
726,0.036805
727,0.972808
728,0.139784
729,0.207202
730,0.113025
731,0.009070
732,0.974909
733,0.952913
734,0.137469
735,0.140358
736,0.997702
737,0.018700
738,0.177651
739,0.301811
740,0.990068
741,0.790252
742,0.252176
743,0.206042
744,0.060246
745,0.019756
746,0.954068
747,0.837072
748,0.128845
749,0.614019
750,0.011827
751,0.110511
752,0.104406
753,0.257336
754,0.009864
755,0.010507
756,0.332430
757,0.076735
758,0.002822
759,0.009747
760,0.842105
761,0.044841
762,0.708375
763,0.017647
764,0.007399
765,0.973970
766,0.163923
767,0.858938
768,0.439968
769,0.787317
770,0.176232
771,0.018707
772,0.981934
773,0.008058
774,0.481234
775,0.996433
776,0.308642
777,0.027859
778,0.470299
779,0.227016
780,0.006061
781,0.018729
782,0.442778
783,0.093574
784,0.489248
785,0.967135
786,0.760933
787,0.003807
788,0.930097
789,0.013888
790,0.642984
791,0.052843
792,0.079482
793,0.065704
794,0.194378
795,0.212509
796,0.069700
797,0.004167
798,0.550644
799,0.165874
800,0.459027
801,0.815895
802,0.003270
803,0.007855
804,0.044373
805,0.082223
806,0.023520
807,0.017577
808,0.116472
809,0.246755
810,0.053401
811,0.071957
812,0.940552
813,0.290902
814,0.946466
815,0.017961
816,0.148278
817,0.921766
818,0.456597
819,0.011029
820,0.975087
821,0.996257
822,0.175727
823,0.029204
824,0.373817
825,0.003372
826,0.220145
827,0.047156
828,0.028982
829,0.960123
830,0.883257
831,0.016145
832,0.978016
833,0.358325
834,0.843239
835,0.001892
836,0.192400
837,0.266407
838,0.170376
839,0.991241
840,0.136261
841,0.014075
842,0.289673
843,0.003150
844,0.367918
845,0.995522
846,0.996688
847,0.013411
848,0.008946
849,0.655302
850,0.499874
851,0.878924
852,0.223556
853,0.029263
854,0.979908
855,0.009657
856,0.797591
857,0.975193
858,0.040910
859,0.986318
860,0.006482
861,0.513591
862,0.232511
863,0.876248
864,0.003321
865,0.352000
866,0.923298
867,0.024061
868,0.199271
869,0.762824
870,0.031404
871,0.997252
872,0.086552
873,0.014269
874,0.963429
875,0.699844
876,0.005939
877,0.122851
878,0.117551
879,0.901770
880,0.071312
881,0.057836
882,0.810021
883,0.141072
884,0.021904
885,0.976194
886,0.014278
887,0.937588
888,0.048799
889,0.005404
890,0.096331
891,0.385653
892,0.175265
893,0.091789
894,0.686364
895,0.360194
896,0.935807
897,0.105132
898,0.006921
899,0.720206
900,0.150616
901,0.017633
902,0.372032
903,0.841591
904,0.036383
905,0.969961
906,0.078444
907,0.006988
908,0.982392
909,0.065506
910,0.059589
911,0.103710
912,0.037131
913,0.078456
914,0.037560
915,0.063290
916,0.177104
917,0.588699
918,0.052271
919,0.416820
920,0.004153
921,0.037502
922,0.105423
923,0.999077
924,0.964562
925,0.893641
926,0.053295
927,0.097169
928,0.002905
929,0.478890
930,0.145552
931,0.026110
932,0.944660
933,0.010037
934,0.018331
935,0.021921
936,0.990174
937,0.049668
938,0.012588
939,0.546060
940,0.009970
941,0.985073
942,0.931326
943,0.996119
944,0.512369
945,0.216468
946,0.028313
947,0.848016
948,0.063711
949,0.022357
950,0.996628
951,0.271583
952,0.309791
953,0.044302
954,0.085325
955,0.410509
956,0.885303
957,0.304866
958,0.014336
959,0.566037
960,0.003351
961,0.976142
962,0.049751
963,0.575619
964,0.485677
965,0.040363
966,0.464483
967,0.010295
968,0.007423
969,0.002013
970,0.171983
971,0.126354
972,0.996154
973,0.086873
974,0.522463
975,0.009880
976,0.012020
977,0.820160
978,0.064262
979,0.994766
980,0.937352
981,0.963660
982,0.439756
983,0.024651
984,0.950178
985,0.011341
986,0.967405
987,0.324398
988,0.311739
989,0.833612
990,0.942702
991,0.065263
992,0.012005
993,0.061308
994,0.014651
995,0.995622
996,0.030890
997,0.044224
998,0.196958
999,0.903194
1000,0.924371
1001,0.988182
1002,0.010465
1003,0.017984
1004,0.668341
1005,0.830932
1006,0.993569
1007,0.254108
1008,0.043224
1009,0.441288
1010,0.023224
1011,0.174911
1012,0.055522
1013,0.183949
1014,0.246126
1015,0.016058
1016,0.012694
1017,0.688817
1018,0.653180
1019,0.002636
1020,0.037965
1021,0.964401
1022,0.662815
1023,0.649451
1024,0.022728
1025,0.008056
1026,0.009789
1027,0.121120
1028,0.032205
1029,0.157630
1030,0.002131
1031,0.143414
1032,0.373363
1033,0.008941
1034,0.775109
1035,0.019058
1036,0.133849
1037,0.984014
1038,0.018581
1039,0.903041
1040,0.429780
1041,0.031924
1042,0.035546
1043,0.740169
1044,0.001790
1045,0.125395
1046,0.012158
1047,0.115795
1048,0.680421
1049,0.739733
1050,0.005233
1051,0.063487
1052,0.036270
1053,0.977448
1054,0.585586
1055,0.107368
1056,0.339605
1057,0.203001
1058,0.003984
1059,0.949151
1060,0.236010
1061,0.045531
1062,0.009507
1063,0.092423
1064,0.915949
1065,0.075515
1066,0.021563
1067,0.256276
1068,0.152736
1069,0.979799
1070,0.285531
1071,0.577792
1072,0.018240
1073,0.933302
1074,0.007402
1075,0.010486
1076,0.003629
1077,0.023974
1078,0.022244
1079,0.959382
1080,0.009580
1081,0.047572
1082,0.875663
1083,0.080753
1084,0.878887
1085,0.615923
1086,0.706362
1087,0.615590
1088,0.003513
1089,0.865995
1090,0.046361
1091,0.959882
1092,0.031136
1093,0.075115
1094,0.998958
1095,0.762911
1096,0.021312
1097,0.708348
1098,0.027583
1099,0.439064
1100,0.214571
1101,0.013928
1102,0.167919
1103,0.139427
1104,0.054714
1105,0.168876
1106,0.141478
1107,0.068752
1108,0.010578
1109,0.397858
1110,0.803408
1111,0.010304
1112,0.060464
1113,0.410746
1114,0.501500
1115,0.185231
1116,0.056202
1117,0.849237
1118,0.116288
1119,0.005201
1120,0.041743
1121,0.067398
1122,0.027322
1123,0.561789
1124,0.015993
1125,0.145251
1126,0.951304
1127,0.259994
1128,0.011585
1129,0.058225
1130,0.008686
1131,0.023440
1132,0.008567
1133,0.003311
1134,0.994153
1135,0.006304
1136,0.019595
1137,0.003277
1138,0.944918
1139,0.100360
1140,0.529565
1141,0.972832
1142,0.006632
1143,0.092566
1144,0.901901
1145,0.974597
1146,0.998306
1147,0.086016
1148,0.005574
1149,0.326120
1150,0.935754
1151,0.002520
1152,0.113213
1153,0.994859
1154,0.238102
1155,0.013972
1156,0.242110
1157,0.351488
1158,0.506890
1159,0.919327
1160,0.015979
1161,0.022239
1162,0.140541
1163,0.011062
1164,0.139468
1165,0.038415
1166,0.347713
1167,0.927621
1168,0.935899
1169,0.684531
1170,0.006244
1171,0.016165
1172,0.896301
1173,0.017599
1174,0.023573
1175,0.098072
1176,0.047605
1177,0.006827
1178,0.017550
1179,0.010532
1180,0.954835
1181,0.165502
1182,0.035486
1183,0.059505
1184,0.823803
1185,0.035754
1186,0.827404
1187,0.013533
1188,0.005393
1189,0.100364
1190,0.027214
1191,0.072197
1192,0.963929
1193,0.091794
1194,0.037451
1195,0.018995
1196,0.397684
1197,0.891293
1198,0.114336
1199,0.956856
1200,0.333098
1201,0.236169
1202,0.121300
1203,0.056616
1204,0.579052
1205,0.022828
1206,0.716136
1207,0.010198
1208,0.256294
1209,0.035198
1210,0.965731
1211,0.686821
1212,0.008068
1213,0.007848
1214,0.023689
1215,0.018023
1216,0.017476
1217,0.644034
1218,0.017171
1219,0.032268
1220,0.891336
1221,0.092688
1222,0.274259
1223,0.062343
1224,0.319439
1225,0.783589
1226,0.143880
1227,0.952374
1228,0.070696
1229,0.787383
1230,0.012597
1231,0.937717
1232,0.939067
1233,0.013852
1234,0.041980
1235,0.797566
1236,0.426868
1237,0.140974
1238,0.091740
1239,0.342083
1240,0.671342
1241,0.032926
1242,0.011327
1243,0.332416
1244,0.402609
1245,0.029673
1246,0.002236
1247,0.028416
1248,0.099714
1249,0.995692
1250,0.232198
1251,0.019129
1252,0.944598
1253,0.967100
1254,0.995369
1255,0.741629
1256,0.104392
1257,0.937601
1258,0.005811
1259,0.995840
1260,0.374277
1261,0.067980
1262,0.001745
1263,0.004074
1264,0.060833
1265,0.969989
1266,0.014809
1267,0.969351
1268,0.173525
1269,0.030423
1270,0.457561
1271,0.026429
1272,0.104736
1273,0.121790
1274,0.904629
1275,0.331974
1276,0.049528
1277,0.357979
1278,0.229349
1279,0.018648
1280,0.944201
1281,0.013087
1282,0.913499
1283,0.016083
1284,0.154337
1285,0.401701
1286,0.085731
1287,0.434666
1288,0.293206
1289,0.002080
1290,0.299351
1291,0.114671
1292,0.132534
1293,0.060388
1294,0.270978
1295,0.495964
1296,0.665422
1297,0.041602
1298,0.042451
1299,0.004619
1300,0.116937
1301,0.012560
1302,0.119029
1303,0.978246
1304,0.053256
1305,0.994801
1306,0.125172
1307,0.004855
1308,0.007522
1309,0.975327
1310,0.081045
1311,0.036188
1312,0.492523
1313,0.006422
1314,0.944063
1315,0.015408
1316,0.063350
1317,0.629627
1318,0.247860
1319,0.278142
1320,0.399051
1321,0.781717
1322,0.016588
1323,0.048160
1324,0.023703
1325,0.026464
1326,0.948223
1327,0.894780
1328,0.018590
1329,0.290036
1330,0.945000
1331,0.181721
1332,0.012831
1333,0.013506
1334,0.753109
1335,0.395656
1336,0.010036
1337,0.011749
1338,0.013430
1339,0.053466
1340,0.446883
1341,0.761628
1342,0.942300
1343,0.128186
1344,0.288476
1345,0.042899
1346,0.994845
1347,0.828013
1348,0.071078
1349,0.009311
1350,0.131226
1351,0.102708
1352,0.108292
1353,0.028317
1354,0.084084
1355,0.964028
1356,0.027245
1357,0.330690
1358,0.094199
1359,0.044570
1360,0.941097
1361,0.148094
1362,0.891085
1363,0.891671
1364,0.015549
1365,0.966408
1366,0.080086
1367,0.936394
1368,0.795108
1369,0.304649
1370,0.356434
1371,0.110229
1372,0.024162
1373,0.214326
1374,0.016610
1375,0.876723
1376,0.052100
1377,0.998551
1378,0.028026
1379,0.012954
1380,0.863176
1381,0.884559
1382,0.003408
1383,0.977451
1384,0.013887
1385,0.408239
1386,0.785673
1387,0.953893
1388,0.825730
1389,0.994230
1390,0.004531
1391,0.988194
1392,0.335916
1393,0.685471
1394,0.003927
1395,0.530089
1396,0.053033
1397,0.024026
1398,0.022742
1399,0.986434
1400,0.063589
1401,0.030432
1402,0.004886
1403,0.311504
1404,0.009493
1405,0.088910
1406,0.045992
1407,0.184826
1408,0.013928
1409,0.001648
1410,0.007559
1411,0.052726
1412,0.750148
1413,0.958604
1414,0.023540
1415,0.136546
1416,0.981384
1417,0.060238
1418,0.169568
1419,0.471296
1420,0.221891
1421,0.961322
1422,0.026717
1423,0.006795
1424,0.009841
1425,0.030615
1426,0.008783
1427,0.009152
1428,0.018969
1429,0.018692
1430,0.091434
1431,0.601621
1432,0.073716
1433,0.598399
1434,0.782737
1435,0.019698
1436,0.004022
1437,0.942331
1438,0.009718
1439,0.970480
1440,0.009578
1441,0.027344
1442,0.574382
1443,0.006783
1444,0.115522
1445,0.747138
1446,0.861761
1447,0.097929
1448,0.110762
1449,0.854436
1450,0.148268
1451,0.003674
1452,0.178112
1453,0.960651
1454,0.978248
1455,0.096758
1456,0.026889
1457,0.024097
1458,0.968707
1459,0.942681
1460,0.013591
1461,0.039656
1462,0.046516
1463,0.941759
1464,0.162248
1465,0.014100
1466,0.834697
1467,0.167183
1468,0.953394
1469,0.980635
1470,0.977469
1471,0.224297
1472,0.185459
1473,0.931672
1474,0.239107
1475,0.133527
1476,0.969987
1477,0.758701
1478,0.218262
1479,0.027594
1480,0.235117
1481,0.024034
1482,0.996600
1483,0.021835
1484,0.009185
1485,0.052174
1486,0.161583
1487,0.184521
1488,0.093622
1489,0.041639
1490,0.904200
1491,0.005227
1492,0.971921
1493,0.993622
1494,0.992193
1495,0.127285
1496,0.749456
1497,0.032696
1498,0.846549
1499,0.882006
1500,0.047599
1501,0.033843
1502,0.080720
1503,0.043003
1504,0.085729
1505,0.251200
1506,0.118938
1507,0.902619
1508,0.052057
1509,0.005861
1510,0.133025
1511,0.508070
1512,0.025334
1513,0.381722
1514,0.801160
1515,0.009891
1516,0.121204
1517,0.005305
1518,0.166026
1519,0.071248
1520,0.016456
1521,0.020101
1522,0.184868
1523,0.048413
1524,0.863449
1525,0.015490
1526,0.003540
1527,0.620127
1528,0.037637
1529,0.811111
1530,0.032570
1531,0.275241
1532,0.953435
1533,0.081672
1534,0.074391
1535,0.010498
1536,0.050540
1537,0.611879
1538,0.229680
1539,0.371501
1540,0.918135
1541,0.784222
1542,0.059709
1543,0.003643
1544,0.051774
1545,0.109560
1546,0.727327
1547,0.615182
1548,0.062194
1549,0.892629
1550,0.681229
1551,0.085758
1552,0.002719
1553,0.926077
1554,0.009969
1555,0.005027
1556,0.009220
1557,0.082241
1558,0.013204
1559,0.179853
1560,0.018011
1561,0.049819
1562,0.271629
1563,0.217830
1564,0.049637
1565,0.019856
1566,0.016411
1567,0.127963
1568,0.610924
1569,0.366879
1570,0.048551
1571,0.289172
1572,0.164070
1573,0.372524
1574,0.450451
1575,0.029480
1576,0.828777
1577,0.137808
1578,0.004017
1579,0.474964
1580,0.973061
1581,0.950623
1582,0.062723
1583,0.014923
1584,0.050543
1585,0.960114
1586,0.054102
1587,0.008900
1588,0.901779
1589,0.924425
1590,0.037605
1591,0.015239
1592,0.023282
1593,0.119842
1594,0.006392
1595,0.317876
1596,0.102896
1597,0.937914
1598,0.272372
1599,0.164902
1600,0.083393
1601,0.198086
1602,0.386431
1603,0.863093
1604,0.801125
1605,0.972494
1606,0.015727
1607,0.018963
1608,0.030610
1609,0.736759
1610,0.919590
1611,0.810260
1612,0.148477
1613,0.052003
1614,0.075751
1615,0.928418
1616,0.168748
1617,0.004359
1618,0.015070
1619,0.045264
1620,0.026934
1621,0.903038
1622,0.055578
1623,0.038407
1624,0.958696
1625,0.006242
1626,0.010808
1627,0.142946
1628,0.979508
1629,0.022874
1630,0.065088
1631,0.016465
1632,0.086709
1633,0.843821
1634,0.505838
1635,0.020692
1636,0.172302
1637,0.160548
1638,0.996318
1639,0.150180
1640,0.110938
1641,0.070108
1642,0.028760
1643,0.036934
1644,0.054425
1645,0.009023
1646,0.111046
1647,0.184484
1648,0.007701
1649,0.007222
1650,0.096245
1651,0.145821
1652,0.110411
1653,0.052174
1654,0.192176
1655,0.098982
1656,0.523224
1657,0.252469
1658,0.194454
1659,0.123445
1660,0.005827
1661,0.642813
1662,0.142160
1663,0.171455
1664,0.006042
1665,0.616521
1666,0.435586
1667,0.934248
1668,0.049514
1669,0.011353
1670,0.010285
1671,0.055766
1672,0.115664
1673,0.003358
1674,0.981699
1675,0.014809
1676,0.006887
1677,0.572940
1678,0.092967
1679,0.041945
1680,0.189085
1681,0.053852
1682,0.004034
1683,0.021880
1684,0.005755
1685,0.107243
1686,0.067038
1687,0.083412
1688,0.046730
1689,0.992717
1690,0.114211
1691,0.924469
1692,0.976236
1693,0.977602
1694,0.586800
1695,0.932264
1696,0.942785
1697,0.040771
1698,0.191168
1699,0.442915
1700,0.246324
1701,0.009065
1702,0.018579
1703,0.998192
1704,0.010174
1705,0.504169
1706,0.037003
1707,0.161047
1708,0.036303
1709,0.955408
1710,0.002107
1711,0.065426
1712,0.046996
1713,0.096299
1714,0.178398
1715,0.003999
1716,0.014099
1717,0.495106
1718,0.102529
1719,0.157308
1720,0.022418
1721,0.107812
1722,0.080503
1723,0.837457
1724,0.003922
1725,0.066283
1726,0.019278
1727,0.273230
1728,0.231214
1729,0.007487
1730,0.984364
1731,0.626339
1732,0.007576
1733,0.976899
1734,0.950730
1735,0.072514
1736,0.095545
1737,0.998256
1738,0.237320
1739,0.818856
1740,0.020473
1741,0.961438
1742,0.024396
1743,0.015995
1744,0.014907
1745,0.155141
1746,0.143788
1747,0.007316
1748,0.029095
1749,0.991570
1750,0.044037
1751,0.003340
1752,0.756887
1753,0.118871
1754,0.331357
1755,0.877863
1756,0.610236
1757,0.008501
1758,0.101880
1759,0.047311
1760,0.548720
1761,0.014478
1762,0.942345
1763,0.258561
1764,0.080439
1765,0.086317
1766,0.015342
1767,0.894320
1768,0.978003
1769,0.004564
1770,0.049272
1771,0.726238
1772,0.855782
1773,0.997991
1774,0.619672
1775,0.933446
1776,0.804961
1777,0.003942
1778,0.075970
1779,0.495923
1780,0.007720
1781,0.973592
1782,0.007562
1783,0.820845
1784,0.308552
1785,0.004917
1786,0.604264
1787,0.615400
1788,0.012372
1789,0.014610
1790,0.062112
1791,0.005670
1792,0.190730
1793,0.126320
1794,0.004313
1795,0.034405
1796,0.159158
1797,0.417177
1798,0.088250
1799,0.062079
1800,0.062074
1801,0.027508
1802,0.132144
1803,0.522595
1804,0.011458
1805,0.108714
1806,0.656675
1807,0.008811
1808,0.086640
1809,0.202269
1810,0.017674
1811,0.066281
1812,0.050387
1813,0.066128
1814,0.243653
1815,0.063580
1816,0.090506
1817,0.379796
1818,0.063917
1819,0.045478
1820,0.988958
1821,0.005644
1822,0.197848
1823,0.110416
1824,0.030060
1825,0.970502
1826,0.027930
1827,0.971786
1828,0.003636
1829,0.166305
1830,0.275274
1831,0.059797
1832,0.038431
1833,0.976752
1834,0.108728
1835,0.009764
1836,0.033351
1837,0.044691
1838,0.051096
1839,0.021282
1840,0.074521
1841,0.945124
1842,0.091342
1843,0.292793
1844,0.009952
1845,0.965375
1846,0.072494
1847,0.006766
1848,0.878276
1849,0.298687
1850,0.151670
1851,0.042028
1852,0.084580
1853,0.147275
1854,0.099204
1855,0.017091
1856,0.924529
1857,0.023941
1858,0.044839
1859,0.163675
1860,0.099789
1861,0.010602
1862,0.134110
1863,0.004570
1864,0.826238
1865,0.006347
1866,0.049627
1867,0.052176
1868,0.627534
1869,0.973880
1870,0.018509
1871,0.331304
1872,0.120688
1873,0.007276
1874,0.449612
1875,0.158553
1876,0.048420
1877,0.006236
1878,0.005196
1879,0.084141
1880,0.060773
1881,0.075800
1882,0.004784
1883,0.995994
1884,0.951993
1885,0.009622
1886,0.465837
1887,0.430732
1888,0.080122
1889,0.003288
1890,0.011813
1891,0.544652
1892,0.718736
1893,0.926775
1894,0.105591
1895,0.007590
1896,0.786723
1897,0.003310
1898,0.836051
1899,0.050991
1900,0.046689
1901,0.125025
1902,0.038476
1903,0.030698
1904,0.023392
1905,0.039968
1906,0.997643
1907,0.105648
1908,0.004147
1909,0.291102
1910,0.949666
1911,0.053206
1912,0.045918
1913,0.712834
1914,0.110509
1915,0.956417
1916,0.199683
1917,0.980030
1918,0.515183
1919,0.301116
1920,0.186159
1921,0.916432
1922,0.330291
1923,0.005648
1924,0.996823
1925,0.124142
1926,0.916305
1927,0.969946
1928,0.519898
1929,0.530377
1930,0.931382
1931,0.010227
1932,0.017671
1933,0.414403
1934,0.289292
1935,0.997891
1936,0.138841
1937,0.033573
1938,0.067250
1939,0.070567
1940,0.614372
1941,0.009425
1942,0.920987
1943,0.299692
1944,0.007234
1945,0.002529
1946,0.325673
1947,0.088311
1948,0.509752
1949,0.021389
1950,0.449284
1951,0.775235
1952,0.921343
1953,0.146692
1954,0.027843
1955,0.021059
1956,0.044748
1957,0.864298
1958,0.227904
1959,0.165939
1960,0.051182
1961,0.134810
1962,0.250523
1963,0.217719
1964,0.198621
1965,0.124072
1966,0.977510
1967,0.007387
1968,0.029599
1969,0.286021
1970,0.143116
1971,0.951577
1972,0.746648
1973,0.017370
1974,0.943656
1975,0.732163
1976,0.009833
1977,0.997694
1978,0.093171
1979,0.997406
1980,0.961247
1981,0.638286
1982,0.111736
1983,0.050559
1984,0.469942
1985,0.076025
1986,0.102408
1987,0.702249
1988,0.003866
1989,0.051844
1990,0.239693
1991,0.982398
1992,0.145313
1993,0.006488
1994,0.910945
1995,0.364839
1996,0.430205
1997,0.377337
1998,0.658940
1999,0.762025
2000,0.099132
2001,0.031152
2002,0.059340
2003,0.962181
2004,0.039186
2005,0.043225
2006,0.895765
2007,0.094728
2008,0.256000
2009,0.021225
2010,0.949153
2011,0.885075
2012,0.629804
2013,0.924678
2014,0.991232
2015,0.016256
2016,0.884039
2017,0.810437
2018,0.005760
2019,0.069677
2020,0.005692
2021,0.847080
2022,0.077228
2023,0.245432
2024,0.980319
2025,0.881920
2026,0.706485
2027,0.006729
2028,0.140081
2029,0.002842
2030,0.981349
2031,0.267982
2032,0.981167
2033,0.181260
2034,0.953002
2035,0.977155
2036,0.027889
2037,0.012868
2038,0.023429
2039,0.973262
2040,0.007965
2041,0.673721
2042,0.187574
2043,0.964634
2044,0.767522
2045,0.003826
2046,0.008868
2047,0.217893
2048,0.126732
2049,0.941942
2050,0.925157
2051,0.649104
2052,0.010989
2053,0.394154
2054,0.632570
2055,0.004395
2056,0.018192
2057,0.757566
2058,0.007749
2059,0.004428
2060,0.021106
2061,0.358656
2062,0.116238
2063,0.058526
2064,0.609977
2065,0.868944
2066,0.175983
2067,0.968921
2068,0.682049
2069,0.405251
2070,0.165102
2071,0.442830
2072,0.201151
2073,0.012897
2074,0.071016
2075,0.512786
2076,0.002072
2077,0.099667
2078,0.007287
2079,0.056353
2080,0.021185
2081,0.629588
2082,0.121490
2083,0.045915
2084,0.642688
2085,0.109760
2086,0.012498
2087,0.018736
2088,0.945889
2089,0.045036
2090,0.688105
2091,0.157320
2092,0.034843
2093,0.037200
2094,0.518129
2095,0.997125
2096,0.272349
2097,0.006129
2098,0.767681
2099,0.463464
2100,0.977944
2101,0.019808
2102,0.661778
2103,0.085451
2104,0.023909
2105,0.005084
2106,0.039318
2107,0.871223
2108,0.022301
2109,0.013881
2110,0.011151
2111,0.561510
2112,0.050205
2113,0.565195
2114,0.278210
2115,0.124123
2116,0.753283
2117,0.842163
2118,0.013817
2119,0.960773
2120,0.100413
2121,0.027547
2122,0.135957
2123,0.919946
2124,0.040599
2125,0.858426
2126,0.026125
2127,0.080461
2128,0.051180
2129,0.097375
2130,0.037901
2131,0.089736
2132,0.955266
2133,0.028986
2134,0.043784
2135,0.198612
2136,0.005735
2137,0.992980
2138,0.004459
2139,0.046424
2140,0.008396
2141,0.247867
2142,0.168396
2143,0.797713
2144,0.636253
2145,0.996694
2146,0.153420
2147,0.992946
2148,0.013976
2149,0.965019
2150,0.532546
2151,0.945671
2152,0.745777
2153,0.171484
2154,0.045804
2155,0.204675
2156,0.975433
2157,0.011159
2158,0.644138
2159,0.898642
2160,0.844722
2161,0.007471
2162,0.016609
2163,0.023932
2164,0.073527
2165,0.160970
2166,0.176422
2167,0.310032
2168,0.070049
2169,0.053912
2170,0.948685
2171,0.012862
2172,0.608304
2173,0.977177
2174,0.197482
2175,0.012296
2176,0.061643
2177,0.025324
2178,0.021195
2179,0.046740
2180,0.841547
2181,0.012213
2182,0.003814
2183,0.189086
2184,0.071303
2185,0.099648
2186,0.437556
2187,0.035499
2188,0.070168
2189,0.441337
2190,0.001884
2191,0.967518
2192,0.964767
2193,0.026983
2194,0.058255
2195,0.066773
2196,0.071218
2197,0.937176
2198,0.956417
2199,0.079913
2200,0.013067
2201,0.117742
2202,0.004885
2203,0.898360
2204,0.918373
2205,0.535741
2206,0.160713
2207,0.265847
2208,0.945392
2209,0.177551
2210,0.097177
2211,0.067979
2212,0.259077
2213,0.011485
2214,0.007410
2215,0.008905
2216,0.427557
2217,0.176697
2218,0.031167
2219,0.007997
2220,0.009224
2221,0.074454
2222,0.003995
2223,0.971938
2224,0.224630
2225,0.012089
2226,0.256788
2227,0.697653
2228,0.135228
2229,0.003588
2230,0.793528
2231,0.061194
2232,0.450798
2233,0.002613
2234,0.991239
2235,0.114269
2236,0.160471
2237,0.043264
2238,0.144637
2239,0.871817
2240,0.359295
2241,0.010339
2242,0.005178
2243,0.193557
2244,0.003524
2245,0.015443
2246,0.046826
2247,0.013288
2248,0.042986
2249,0.479377
2250,0.139536
2251,0.509862
2252,0.546936
2253,0.979022
2254,0.009333
2255,0.034651
2256,0.136611
2257,0.006222
2258,0.009741
2259,0.011120
2260,0.536133
2261,0.379094
2262,0.843641
2263,0.461626
2264,0.065459
2265,0.004601
2266,0.534630
2267,0.887047
2268,0.148575
2269,0.268189
2270,0.103474
2271,0.082315
2272,0.120532
2273,0.998131
2274,0.934027
2275,0.003018
2276,0.022316
2277,0.957801
2278,0.745123
2279,0.034290
2280,0.051757
2281,0.379018
2282,0.092972
2283,0.136096
2284,0.735238
2285,0.084774
2286,0.974450
2287,0.055046
2288,0.006652
2289,0.003977
2290,0.002246
2291,0.926289
2292,0.207937
2293,0.026133
2294,0.043812
2295,0.963664
2296,0.929742
2297,0.229600
2298,0.016745
2299,0.044413
2300,0.034997
2301,0.051257
2302,0.080142
2303,0.217605
2304,0.834182
2305,0.020339
2306,0.083421
2307,0.107088
2308,0.210108
2309,0.004061
2310,0.013467
2311,0.008208
2312,0.005983
2313,0.008098
2314,0.972745
2315,0.052608
2316,0.205633
2317,0.794908
2318,0.140577
2319,0.003597
2320,0.104820
2321,0.998990
2322,0.415089
2323,0.127519
2324,0.876329
2325,0.110695
2326,0.514148
2327,0.003517
2328,0.977009
2329,0.074464
2330,0.110408
2331,0.006674
2332,0.178997
2333,0.977348
2334,0.003577
2335,0.147506
2336,0.043690
2337,0.978902
2338,0.033670
2339,0.970893
2340,0.066863
2341,0.014583
2342,0.321293
2343,0.976980
2344,0.102709
2345,0.007398
2346,0.038741
2347,0.328511
2348,0.001855
2349,0.557894
2350,0.039577
2351,0.874362
2352,0.496808
2353,0.975199
2354,0.019221
2355,0.103087
2356,0.229592
2357,0.963415
2358,0.010339
2359,0.014625
2360,0.270517
2361,0.237024
2362,0.007455
2363,0.060900
2364,0.040238
2365,0.484485
2366,0.468681
2367,0.112410
2368,0.059014
2369,0.012042
2370,0.147853
2371,0.983166
2372,0.328397
2373,0.027355
2374,0.005262
2375,0.912138
2376,0.034093
2377,0.275249
2378,0.932914
2379,0.032806
2380,0.013643
2381,0.010834
2382,0.760587
2383,0.432904
2384,0.995864
2385,0.201604
2386,0.049368
2387,0.154449
2388,0.979011
2389,0.006161
2390,0.112862
2391,0.296366
2392,0.030971
2393,0.039997
2394,0.975376
2395,0.065720
2396,0.040158
2397,0.489772
2398,0.054324
2399,0.291128
2400,0.012640
2401,0.031374
2402,0.140460
2403,0.159326
2404,0.962512
2405,0.090504
2406,0.057635
2407,0.588109
2408,0.367997
2409,0.145678
2410,0.059065
2411,0.041617
2412,0.002472
2413,0.971192
2414,0.012020
2415,0.978597
2416,0.476419
2417,0.842984
2418,0.050755
2419,0.016880
2420,0.952052
2421,0.268381
2422,0.011674
2423,0.014606
2424,0.038963
2425,0.657389
2426,0.842137
2427,0.995432
2428,0.003869
2429,0.909972
2430,0.523459
2431,0.565582
2432,0.967278
2433,0.060128
2434,0.196200
2435,0.189770
2436,0.248191
2437,0.959147
2438,0.196709
2439,0.250365
2440,0.201291
2441,0.993782
2442,0.188429
2443,0.086115
2444,0.864426
2445,0.343192
2446,0.306559
2447,0.044213
2448,0.007944
2449,0.918526
2450,0.514779
2451,0.015650
2452,0.514384
2453,0.554509
2454,0.028847
2455,0.308994
2456,0.011760
2457,0.973568
2458,0.367393
2459,0.828584
2460,0.076756
2461,0.021800
2462,0.010329
2463,0.898014
2464,0.007582
2465,0.066794
2466,0.032998
2467,0.020642
2468,0.920657
2469,0.573459
2470,0.998479
2471,0.009913
2472,0.153741
2473,0.025653
2474,0.006945
2475,0.004773
2476,0.768134
2477,0.047694
2478,0.012572
2479,0.170174
2480,0.973970
2481,0.024593
2482,0.179041
2483,0.604036
2484,0.011534
2485,0.745965
2486,0.098628
2487,0.968014
2488,0.845365
2489,0.019152
2490,0.195497
2491,0.002838
2492,0.486845
2493,0.140568
2494,0.011548
2495,0.696104
2496,0.063787
2497,0.066453
2498,0.120788
2499,0.998215
2500,0.021689
2501,0.037412
2502,0.059656
2503,0.234267
2504,0.997183
2505,0.064699
2506,0.041206
2507,0.476549
2508,0.096544
2509,0.055785
2510,0.067033
2511,0.076736
2512,0.073639
2513,0.127460
2514,0.068002
2515,0.081890
2516,0.050402
2517,0.796825
2518,0.171432
2519,0.114000
2520,0.072966
2521,0.151117
2522,0.206293
2523,0.037281
2524,0.027495
2525,0.038387
2526,0.081931
2527,0.872058
2528,0.219433
2529,0.138698
2530,0.742013
2531,0.010385
2532,0.859610
2533,0.151555
2534,0.037392
2535,0.975709
2536,0.038840
2537,0.003975
2538,0.057544
2539,0.520434
2540,0.039354
2541,0.266617
2542,0.137679
2543,0.138487
2544,0.980828
2545,0.004028
2546,0.098611
2547,0.010365
2548,0.420531
2549,0.002272
2550,0.889531
2551,0.447497
2552,0.047421
2553,0.011425
2554,0.006114
2555,0.825460
2556,0.951903
2557,0.228868
2558,0.019079
2559,0.181175
2560,0.209105
2561,0.011002
2562,0.591776
2563,0.103286
2564,0.841519
2565,0.873441
2566,0.070345
2567,0.969610
2568,0.225283
2569,0.009117
2570,0.020881
2571,0.510642
2572,0.045109
2573,0.034827
2574,0.018876
2575,0.942856
2576,0.999005
2577,0.181898
2578,0.033991
2579,0.248110
2580,0.084609
2581,0.909024
2582,0.028140
2583,0.028552
2584,0.155749
2585,0.105939
2586,0.004495
2587,0.119286
2588,0.660581
2589,0.006493
2590,0.002804
2591,0.019497
2592,0.230878
2593,0.083856
2594,0.152659
2595,0.060397
2596,0.048017
2597,0.959112
2598,0.938610
2599,0.064980
2600,0.248693
2601,0.028520
2602,0.065874
2603,0.957380
2604,0.927727
2605,0.018561
2606,0.139322
2607,0.315550
2608,0.995185
2609,0.049240
2610,0.946747
2611,0.791749
2612,0.007953
2613,0.513503
2614,0.006215
2615,0.005404
2616,0.009534
2617,0.013301
2618,0.008180
2619,0.972567
2620,0.012222
2621,0.986271
2622,0.163521
2623,0.035668
2624,0.118319
2625,0.045992
2626,0.882082
2627,0.004337
2628,0.315548
2629,0.962403
2630,0.476549
2631,0.788022
2632,0.968839
2633,0.183357
2634,0.948585
2635,0.681245
2636,0.996382
2637,0.127777
2638,0.009977
2639,0.027474
2640,0.016575
2641,0.015684
2642,0.408186
2643,0.992820
2644,0.950952
2645,0.003220
2646,0.001587
2647,0.268167
2648,0.007588
2649,0.907150
2650,0.090737
2651,0.013870
2652,0.576086
2653,0.695343
2654,0.012848
2655,0.042051
2656,0.067405
2657,0.823700
2658,0.662988
2659,0.444048
2660,0.969073
2661,0.007452
2662,0.005446
2663,0.010184
2664,0.032930
2665,0.953045
2666,0.970438
2667,0.113564
2668,0.299180
2669,0.496752
2670,0.696260
2671,0.190909
2672,0.021787
2673,0.024256
2674,0.037751
2675,0.030153
2676,0.959325
2677,0.998956
2678,0.239545
2679,0.047006
2680,0.971181
2681,0.014780
2682,0.004730
2683,0.554474
2684,0.002027
2685,0.289328
2686,0.939448
2687,0.009307
2688,0.808392
2689,0.062605
2690,0.011559
2691,0.074869
2692,0.004430
2693,0.148063
2694,0.113886
2695,0.072375
2696,0.103342
2697,0.990427
2698,0.437777
2699,0.047046
2700,0.259102
2701,0.949385
2702,0.924965
2703,0.980681
2704,0.903892
2705,0.119208
2706,0.019738
2707,0.996633
2708,0.002922
2709,0.911204
2710,0.589020
2711,0.010428
2712,0.060706
2713,0.029926
2714,0.884529
2715,0.084753
2716,0.002185
2717,0.947724
2718,0.113079
2719,0.098078
2720,0.293042
2721,0.056641
2722,0.944175
2723,0.013718
2724,0.103413
2725,0.004951
2726,0.803186
2727,0.963296
2728,0.008482
2729,0.509333
2730,0.251195
2731,0.022385
2732,0.274825
2733,0.006268
2734,0.006989
2735,0.009032
2736,0.361034
2737,0.010312
2738,0.734122
2739,0.084863
2740,0.852175
2741,0.997270
2742,0.997705
2743,0.127263
2744,0.206375
2745,0.863067
2746,0.945759
2747,0.459039
2748,0.068352
2749,0.071549
2750,0.005024
2751,0.059406
2752,0.246636
2753,0.060158
2754,0.061884
2755,0.675040
2756,0.156245
2757,0.011695
2758,0.195171
2759,0.061068
2760,0.334564
2761,0.696091
2762,0.949913
2763,0.464989
2764,0.015754
2765,0.077084
2766,0.078013
2767,0.522482
2768,0.004254
2769,0.996265
2770,0.005800
2771,0.126331
2772,0.123160
2773,0.956155
2774,0.115701
2775,0.138593
2776,0.450015
2777,0.069696
2778,0.118516
2779,0.022196
2780,0.376304
2781,0.954940
2782,0.003705
2783,0.004876
2784,0.078623
2785,0.018642
2786,0.002577
2787,0.003131
2788,0.032525
2789,0.038371
2790,0.014374
2791,0.030920
2792,0.837140
2793,0.926728
2794,0.588945
2795,0.238357
2796,0.010026
2797,0.009783
2798,0.674484
2799,0.824533
2800,0.055334
2801,0.861245
2802,0.026655
2803,0.954573
2804,0.021360
2805,0.063775
2806,0.007230
2807,0.039521
2808,0.044469
2809,0.101577
2810,0.009700
2811,0.002960
2812,0.965087
2813,0.019855
2814,0.003148
2815,0.803543
2816,0.061885
2817,0.051721
2818,0.680685
2819,0.958734
2820,0.990926
2821,0.059282
2822,0.060242
2823,0.371062
2824,0.419525
2825,0.048045
2826,0.964587
2827,0.026547
2828,0.012368
2829,0.807786
2830,0.009449
2831,0.017019
2832,0.100566
2833,0.864375
2834,0.942005
2835,0.007068
2836,0.029285
2837,0.070989
2838,0.032212
2839,0.098737
2840,0.020975
2841,0.961705
2842,0.990985
2843,0.915398
2844,0.031463
2845,0.023044
2846,0.167464
2847,0.007704
2848,0.020563
2849,0.116677
2850,0.051076
2851,0.830631
2852,0.017485
2853,0.864428
2854,0.006642
2855,0.712335
2856,0.003498
2857,0.072964
2858,0.010791
2859,0.132942
2860,0.010798
2861,0.136885
2862,0.385330
2863,0.023935
2864,0.600709
2865,0.951336
2866,0.003289
2867,0.078904
2868,0.006213
2869,0.072499
2870,0.021314
2871,0.032595
2872,0.297127
2873,0.067646
2874,0.048024
2875,0.028693
2876,0.008856
2877,0.069320
2878,0.286548
2879,0.076353
2880,0.972904
2881,0.485994
2882,0.202418
2883,0.012401
2884,0.794053
2885,0.922976
2886,0.993463
2887,0.851229
2888,0.037142
2889,0.059408
2890,0.512741
2891,0.968523
2892,0.008124
2893,0.518823
2894,0.202805
2895,0.936653
2896,0.017263
2897,0.007016
2898,0.536635
2899,0.019548
2900,0.066471
2901,0.047487
2902,0.183404
2903,0.002446
2904,0.015804
2905,0.538974
2906,0.122495
2907,0.006225
2908,0.127556
2909,0.012167
2910,0.374509
2911,0.069579
2912,0.525436
2913,0.031815
2914,0.972167
2915,0.102934
2916,0.038237
2917,0.081818
2918,0.549061
2919,0.065950
2920,0.044392
2921,0.198501
2922,0.104638
2923,0.014177
2924,0.584326
2925,0.881747
2926,0.648348
2927,0.134786
2928,0.739957
2929,0.970976
2930,0.055976
2931,0.992570
2932,0.973245
2933,0.106929
2934,0.010810
2935,0.122931
2936,0.007849
2937,0.025494
2938,0.689890
2939,0.950922
2940,0.501556
2941,0.005993
2942,0.881659
2943,0.030329
2944,0.513588
2945,0.070200
2946,0.109321
2947,0.013574
2948,0.034410
2949,0.023932
2950,0.021846
2951,0.008084
2952,0.403632
2953,0.975835
2954,0.169840
2955,0.040764
2956,0.991545
2957,0.557185
2958,0.039309
2959,0.105345
2960,0.015251
2961,0.004986
2962,0.673452
2963,0.204495
2964,0.722639
2965,0.924350
2966,0.027045
2967,0.492118
2968,0.011571
2969,0.295131
2970,0.018588
2971,0.109998
2972,0.006627
2973,0.518261
2974,0.881604
2975,0.370346
2976,0.045394
2977,0.968273
2978,0.004311
2979,0.028250
2980,0.005046
2981,0.022948
2982,0.661953
2983,0.891539
2984,0.051264
2985,0.138377
2986,0.016517
2987,0.036913
2988,0.033429
2989,0.054260
2990,0.029624
2991,0.888027
2992,0.914929
2993,0.279492
2994,0.107585
2995,0.060405
2996,0.082745
2997,0.296584
2998,0.104405
2999,0.596869
3000,0.102787
3001,0.006156
3002,0.949702
3003,0.002021
3004,0.261885
3005,0.880159
3006,0.061294
3007,0.261556
3008,0.370984
3009,0.196971
3010,0.008612
3011,0.014182
3012,0.939508
3013,0.224514
3014,0.002266
3015,0.004137
3016,0.012857
3017,0.703755
3018,0.019489
3019,0.502780
3020,0.063155
3021,0.370621
3022,0.997342
3023,0.003671
3024,0.030266
3025,0.181476
3026,0.914373
3027,0.128975
3028,0.186578
3029,0.076564
3030,0.006854
3031,0.010804
3032,0.049871
3033,0.790770
3034,0.235263
3035,0.698190
3036,0.383224
3037,0.139226
3038,0.297780
3039,0.009710
3040,0.029317
3041,0.069018
3042,0.786060
3043,0.013488
3044,0.153056
3045,0.746431
3046,0.044673
3047,0.013691
3048,0.973409
3049,0.722559
3050,0.992506
3051,0.959953
3052,0.010638
3053,0.930699
3054,0.125525
3055,0.041476
3056,0.731333
3057,0.010464
3058,0.992489
3059,0.001892
3060,0.923480
3061,0.996201
3062,0.124337
3063,0.486398
3064,0.082897
3065,0.005417
3066,0.608750
3067,0.176986
3068,0.636904
3069,0.099984
3070,0.007428
3071,0.005707
3072,0.033943
3073,0.417389
3074,0.414689
3075,0.153856
3076,0.002369
3077,0.970172
3078,0.976234
3079,0.089407
3080,0.005911
3081,0.110472
3082,0.862221
3083,0.015645
3084,0.763536
3085,0.559801
3086,0.022767
3087,0.009512
3088,0.048069
3089,0.097456
3090,0.028721
3091,0.049559
3092,0.002503
3093,0.866232
3094,0.007800
3095,0.161472
3096,0.070722
3097,0.017583
3098,0.997708
3099,0.010981
3100,0.015548
3101,0.007051
3102,0.005432
3103,0.017809
3104,0.182832
3105,0.360966
3106,0.129274
3107,0.996100
3108,0.012284
3109,0.009960
3110,0.003264
3111,0.025147
3112,0.001896
3113,0.013229
3114,0.013513
3115,0.775707
3116,0.097463
3117,0.003227
3118,0.315931
3119,0.517832
3120,0.001882
3121,0.005542
3122,0.015178
3123,0.976853
3124,0.014886
3125,0.451231
3126,0.009484
3127,0.969746
3128,0.011253
3129,0.064868
3130,0.791804
3131,0.796603
3132,0.007673
3133,0.031213
3134,0.013873
3135,0.006323
3136,0.063532
3137,0.030145
3138,0.027190
3139,0.973088
3140,0.173246
3141,0.005800
3142,0.921109
3143,0.450060
3144,0.973221
3145,0.012962
3146,0.050366
3147,0.043288
3148,0.225256
3149,0.965882
3150,0.001302
3151,0.380700
3152,0.004467
3153,0.012653
3154,0.040127
3155,0.010454
3156,0.024804
3157,0.172362
3158,0.005837
3159,0.030221
3160,0.798639
3161,0.028746
3162,0.991959
3163,0.016963
3164,0.241730
3165,0.038563
3166,0.053739
3167,0.044138
3168,0.017734
3169,0.963949
3170,0.023795
3171,0.110735
3172,0.071401
3173,0.021919
3174,0.990468
3175,0.837373
3176,0.002937
3177,0.345617
3178,0.344927
3179,0.003776
3180,0.042265
3181,0.042626
3182,0.178629
3183,0.569132
3184,0.002784
3185,0.336728
3186,0.077473
3187,0.971943
3188,0.018645
3189,0.033227
3190,0.996256
3191,0.636937
3192,0.014225
3193,0.045401
3194,0.057628
3195,0.950211
3196,0.883240
3197,0.005898
3198,0.004148
3199,0.561874
3200,0.955048
3201,0.026453
3202,0.008338
3203,0.117022
3204,0.409356
3205,0.877727
3206,0.628943
3207,0.017791
3208,0.086056
3209,0.960354
3210,0.004293
3211,0.981786
3212,0.056302
3213,0.766085
3214,0.020756
3215,0.036669
3216,0.922892
3217,0.953437
3218,0.920251
3219,0.897367
3220,0.625606
3221,0.099562
3222,0.190542
3223,0.878810
3224,0.014206
3225,0.004249
3226,0.153409
3227,0.994815
3228,0.968578
3229,0.563824
3230,0.034660
3231,0.027102
3232,0.435213
3233,0.223394
3234,0.224980
3235,0.023372
3236,0.171434
3237,0.816784
3238,0.003792
3239,0.384205
3240,0.030337
3241,0.010393
3242,0.582732
3243,0.176571
3244,0.177785
3245,0.892096
3246,0.185262
3247,0.134864
3248,0.088353
3249,0.015864
3250,0.358744
3251,0.006638
3252,0.033511
3253,0.005977
3254,0.415995
3255,0.006754
3256,0.014764
3257,0.005928
3258,0.849276
3259,0.052641
3260,0.468919
3261,0.163444
3262,0.015435
3263,0.433442
3264,0.004922
3265,0.205504
3266,0.128336
3267,0.800389
3268,0.980257
3269,0.050399
3270,0.101012
3271,0.882274
3272,0.542052
3273,0.120857
3274,0.005242
3275,0.246174
3276,0.182005
3277,0.251564
3278,0.969770
3279,0.693793
3280,0.091804
3281,0.016398
3282,0.208729
3283,0.006589
3284,0.957708
3285,0.004897
3286,0.428511
3287,0.375175
3288,0.766643
3289,0.004082
3290,0.148179
3291,0.022224
3292,0.162561
3293,0.587766
3294,0.778775
3295,0.908805
3296,0.027717
3297,0.617738
3298,0.775193
3299,0.982811
3300,0.004526
3301,0.033760
3302,0.633110
3303,0.008405
3304,0.261283
3305,0.998053
3306,0.999043
3307,0.482330
3308,0.351470
3309,0.045462
3310,0.995188
3311,0.647815
3312,0.310453
3313,0.122496
3314,0.339517
3315,0.194198
3316,0.911526
3317,0.968693
3318,0.707303
3319,0.970626
3320,0.002714
3321,0.012344
3322,0.005545
3323,0.028730
3324,0.758212
3325,0.078057
3326,0.005966
3327,0.069709
3328,0.022912
3329,0.840568
3330,0.975052
3331,0.116490
3332,0.840417
3333,0.673652
3334,0.186013
3335,0.920209
3336,0.962905
3337,0.692020
3338,0.520647
3339,0.017260
3340,0.905017
3341,0.948102
3342,0.455900
3343,0.046054
3344,0.555591
3345,0.258253
3346,0.953344
3347,0.978522
3348,0.656493
3349,0.015326
3350,0.094196
3351,0.366117
3352,0.751884
3353,0.007752
3354,0.007033
3355,0.246119
3356,0.005827
3357,0.180953
3358,0.003283
3359,0.017038
3360,0.004114
3361,0.002799
3362,0.073918
3363,0.071293
3364,0.047146
3365,0.023440
3366,0.898683
3367,0.085465
3368,0.066711
3369,0.015048
3370,0.570618
3371,0.201966
3372,0.019033
3373,0.009359
3374,0.765773
3375,0.046013
3376,0.030032
3377,0.549441
3378,0.946618
3379,0.041877
3380,0.101336
3381,0.008990
3382,0.110856
3383,0.188410
3384,0.930898
3385,0.954872
3386,0.042718
3387,0.008325
3388,0.278895
3389,0.120456
3390,0.241185
3391,0.996625
3392,0.003206
3393,0.071518
3394,0.171078
3395,0.177635
3396,0.998345
3397,0.989658
3398,0.004941
3399,0.041722
3400,0.184567
3401,0.032969
3402,0.046949
3403,0.946813
3404,0.165758
3405,0.037481
3406,0.225016
3407,0.866729
3408,0.028148
3409,0.012580
3410,0.998815
3411,0.271668
3412,0.966177
3413,0.910707
3414,0.217903
3415,0.351267
3416,0.010677
3417,0.091681
3418,0.005243
3419,0.048935
3420,0.887027
3421,0.012743
3422,0.021615
3423,0.072751
3424,0.043997
3425,0.032322
3426,0.025423
3427,0.024163
3428,0.054595
3429,0.952545
3430,0.005529
3431,0.357456
3432,0.264368
3433,0.031773
3434,0.970486
3435,0.137970
3436,0.156940
3437,0.152911
3438,0.146232
3439,0.263287
3440,0.932258
3441,0.361034
3442,0.003240
3443,0.339379
3444,0.330312
3445,0.148729
3446,0.531104
3447,0.072738
3448,0.047731
3449,0.023151
3450,0.093848
3451,0.036795
3452,0.167544
3453,0.808756
3454,0.994799
3455,0.925843
3456,0.487151
3457,0.079499
3458,0.224713
3459,0.003137
3460,0.024492
3461,0.979746
3462,0.289974
3463,0.038448
3464,0.011955
3465,0.017395
3466,0.010738
3467,0.006486
3468,0.660728
3469,0.919729
3470,0.003217
3471,0.516163
3472,0.019300
3473,0.006893
3474,0.005515
3475,0.432158
3476,0.062168
3477,0.024449
3478,0.007819
3479,0.960046
3480,0.944438
3481,0.088097
3482,0.046358
3483,0.878954
3484,0.007946
3485,0.832145
3486,0.945382
3487,0.022101
3488,0.028508
3489,0.322663
3490,0.050840
3491,0.043251
3492,0.035297
3493,0.148996
3494,0.222576
3495,0.233569
3496,0.607519
3497,0.818718
3498,0.001587
3499,0.491857
3500,0.958715
3501,0.787520
3502,0.005797
3503,0.056836
3504,0.057504
3505,0.006344
3506,0.010585
3507,0.190384
3508,0.741625
3509,0.009686
3510,0.003802
3511,0.948988
3512,0.010644
3513,0.006725
3514,0.033651
3515,0.028699
3516,0.005388
3517,0.970301
3518,0.546408
3519,0.975853
3520,0.040080
3521,0.018949
3522,0.241959
3523,0.086201
3524,0.240306
3525,0.278763
3526,0.304067
3527,0.056885
3528,0.017070
3529,0.737746
3530,0.014621
3531,0.034326
3532,0.981970
3533,0.028717
3534,0.189012
3535,0.018069
3536,0.047444
3537,0.044507
3538,0.009188
3539,0.942226
3540,0.002532
3541,0.087672
3542,0.015571
3543,0.640020
3544,0.098988
3545,0.077953
3546,0.030403
3547,0.003844
3548,0.023733
3549,0.022419
3550,0.036556
3551,0.997315
3552,0.994532
3553,0.453314
3554,0.397707
3555,0.978404
3556,0.246071
3557,0.514475
3558,0.007293
3559,0.200684
3560,0.004602
3561,0.169367
3562,0.065399
3563,0.882283
3564,0.201509
3565,0.940589
3566,0.941122
3567,0.080457
3568,0.002821
3569,0.695520
3570,0.196552
3571,0.862293
3572,0.940583
3573,0.002785
3574,0.032027
3575,0.303446
3576,0.996360
3577,0.014340
3578,0.992010
3579,0.929286
3580,0.231457
3581,0.005144
3582,0.551184
3583,0.092120
3584,0.982093
3585,0.432813
3586,0.913692
3587,0.005024
3588,0.191174
3589,0.974321
3590,0.076447
3591,0.415112
3592,0.928654
3593,0.893914
3594,0.972637
3595,0.049819
3596,0.050160
3597,0.889748
3598,0.003285
3599,0.009660
3600,0.994981
3601,0.004390
3602,0.003251
3603,0.019573
3604,0.039981
3605,0.198969
3606,0.968376
3607,0.001888
3608,0.252825
3609,0.001443
3610,0.159658
3611,0.636084
3612,0.057031
3613,0.959338
3614,0.693556
3615,0.036926
3616,0.010574
3617,0.062449
3618,0.979226
3619,0.751833
3620,0.134400
3621,0.378556
3622,0.006656
3623,0.964242
3624,0.011671
3625,0.589994
3626,0.708313
3627,0.583561
3628,0.374705
3629,0.060462
3630,0.963452
3631,0.132532
3632,0.035020
3633,0.024681
3634,0.082605
3635,0.006829
3636,0.107322
3637,0.046144
3638,0.930485
3639,0.008905
3640,0.070450
3641,0.096375
3642,0.005311
3643,0.007516
3644,0.990969
3645,0.671644
3646,0.900558
3647,0.023040
3648,0.637082
3649,0.941472
3650,0.009935
3651,0.025443
3652,0.005158
3653,0.054051
3654,0.626253
3655,0.384646
3656,0.012286
3657,0.005007
3658,0.035707
3659,0.933262
3660,0.249650
3661,0.587581
3662,0.019527
3663,0.134566
3664,0.010193
3665,0.270469
3666,0.947679
3667,0.061076
3668,0.931010
3669,0.485683
3670,0.121241
3671,0.011089
3672,0.008360
3673,0.692535
3674,0.132288
3675,0.942687
3676,0.040261
3677,0.174329
3678,0.936324
3679,0.896617
3680,0.006483
3681,0.085900
3682,0.007983
3683,0.113125
3684,0.449296
3685,0.226003
3686,0.995619
3687,0.161565
3688,0.174557
3689,0.748874
3690,0.019194
3691,0.736792
3692,0.528362
3693,0.991528
3694,0.006929
3695,0.900598
3696,0.034792
3697,0.754955
3698,0.004307
3699,0.044336
3700,0.387939
3701,0.095487
3702,0.984700
3703,0.180230
3704,0.984738
3705,0.982346
3706,0.142400
3707,0.173589
3708,0.421842
3709,0.011989
3710,0.025122
3711,0.996920
3712,0.068764
3713,0.106623
3714,0.145397
3715,0.010965
3716,0.171743
3717,0.488705
3718,0.968708
3719,0.098462
3720,0.882218
3721,0.228063
3722,0.965077
3723,0.982466
3724,0.009038
3725,0.094985
3726,0.028200
3727,0.256054
3728,0.248972
3729,0.466625
3730,0.877651
3731,0.010826
3732,0.120624
3733,0.044775
3734,0.016765
3735,0.131634
3736,0.002838
3737,0.007516
3738,0.991086
3739,0.991372
3740,0.421449
3741,0.835963
3742,0.962965
3743,0.077947
3744,0.632147
3745,0.248833
3746,0.413133
3747,0.043037
3748,0.671427
3749,0.010402
3750,0.083676
3751,0.037812
3752,0.022039
3753,0.152231
3754,0.949143
3755,0.004408
3756,0.069690
3757,0.039986
3758,0.013356
3759,0.910336
3760,0.672773
3761,0.936942
3762,0.751457
3763,0.236304
3764,0.006607
3765,0.357967
3766,0.008134
3767,0.253941
3768,0.085371
3769,0.969649
3770,0.060103
3771,0.961029
3772,0.454045
3773,0.018342
3774,0.007155
3775,0.108828
3776,0.049504
3777,0.117824
3778,0.003893
3779,0.027693
3780,0.139980
3781,0.150261
3782,0.694546
3783,0.111920
3784,0.091523
3785,0.896550
3786,0.024742
3787,0.582997
3788,0.021101
3789,0.737189
3790,0.954216
3791,0.976491
3792,0.928427
3793,0.100536
3794,0.237436
3795,0.611553
3796,0.856434
3797,0.102406
3798,0.171004
3799,0.048594
3800,0.003402
3801,0.030713
3802,0.971775
3803,0.194461
3804,0.761270
3805,0.010114
3806,0.148077
3807,0.993343
3808,0.340115
3809,0.062523
3810,0.043099
3811,0.418786
3812,0.045798
3813,0.035659
3814,0.908991
3815,0.049507
3816,0.612906
3817,0.091204
3818,0.964293
3819,0.871236
3820,0.526181
3821,0.035567
3822,0.916382
3823,0.081954
3824,0.032459
3825,0.996536
3826,0.377722
3827,0.038844
3828,0.761747
3829,0.061168
3830,0.046276
3831,0.996064
3832,0.015593
3833,0.150566
3834,0.650832
3835,0.218559
3836,0.527284
3837,0.994129
3838,0.664371
3839,0.997712
3840,0.144071
3841,0.110449
3842,0.123110
3843,0.030849
3844,0.065125
3845,0.993550
3846,0.006434
3847,0.968118
3848,0.003508
3849,0.004408
3850,0.223288
3851,0.964641
3852,0.036087
3853,0.570711
3854,0.869958
3855,0.004439
3856,0.022191
3857,0.005997
3858,0.050234
3859,0.049332
3860,0.027050
3861,0.050866
3862,0.007476
3863,0.966462
3864,0.997697
3865,0.508214
3866,0.996790
3867,0.017611
3868,0.412438
3869,0.030530
3870,0.679870
3871,0.065875
3872,0.741196
3873,0.214917
3874,0.100884
3875,0.992149
3876,0.201090
3877,0.975320
3878,0.039977
3879,0.008797
3880,0.994340
3881,0.984556
3882,0.449961
3883,0.328821
3884,0.006816
3885,0.047188
3886,0.906039
3887,0.208651
3888,0.100372
3889,0.126251
3890,0.079824
3891,0.940438
3892,0.012108
3893,0.788413
3894,0.088134
3895,0.431003
3896,0.113926
3897,0.938376
3898,0.454104
3899,0.278134
3900,0.021043
3901,0.003034
3902,0.945783
3903,0.576268
3904,0.019006
3905,0.063747
3906,0.974108
3907,0.068294
3908,0.098304
3909,0.995844
3910,0.001754
3911,0.011199
3912,0.203651
3913,0.034590
3914,0.802152
3915,0.023811
3916,0.657860
3917,0.042457
3918,0.049680
3919,0.014053
3920,0.114481
3921,0.006186
3922,0.415734
3923,0.024190
3924,0.031813
3925,0.982592
3926,0.405520
3927,0.015740
3928,0.039676
3929,0.896277
3930,0.982618
3931,0.002412
3932,0.270991
3933,0.004176
3934,0.945807
3935,0.005089
3936,0.078057
3937,0.240159
3938,0.953246
3939,0.086531
3940,0.153260
3941,0.970234
3942,0.015506
3943,0.199490
3944,0.909158
3945,0.671633
3946,0.163537
3947,0.007432
3948,0.160422
3949,0.954491
3950,0.069088
3951,0.032584
3952,0.968839
3953,0.025985
3954,0.995231
3955,0.006011
3956,0.121348
3957,0.386794
3958,0.044221
3959,0.904579
3960,0.089883
3961,0.013245
3962,0.004802
3963,0.856226
3964,0.285436
3965,0.140557
3966,0.484810
3967,0.015235
3968,0.004781
3969,0.089242
3970,0.203379
3971,0.953908
3972,0.487262
3973,0.294043
3974,0.005277
3975,0.806092
3976,0.995044
3977,0.115777
3978,0.031154
3979,0.621660
3980,0.823653
3981,0.976044
3982,0.947078
3983,0.005938
3984,0.656330
3985,0.024838
3986,0.441810
3987,0.002888
3988,0.895336
3989,0.011401
3990,0.267354
3991,0.764960
3992,0.006424
3993,0.144725
3994,0.679054
3995,0.951920
3996,0.753531
3997,0.005350
3998,0.221456
3999,0.056629
4000,0.005519
4001,0.041776
4002,0.003398
4003,0.148213
4004,0.725183
4005,0.216210
4006,0.136497
4007,0.003585
4008,0.994172
4009,0.089897
4010,0.997654
4011,0.893552
4012,0.041198
4013,0.024087
4014,0.996369
4015,0.912595
4016,0.116293
4017,0.097041
4018,0.124153
4019,0.028942
4020,0.014200
4021,0.046972
4022,0.012908
4023,0.012335
4024,0.004666
4025,0.697326
4026,0.766377
4027,0.003626
4028,0.030034
4029,0.028261
4030,0.007510
4031,0.906646
4032,0.178001
4033,0.020594
4034,0.034468
4035,0.045153
4036,0.019122
4037,0.012240
4038,0.974476
4039,0.008142
4040,0.351018
4041,0.987208
4042,0.052414
4043,0.103615
4044,0.032810
4045,0.002297
4046,0.007395
4047,0.104981
4048,0.093469
4049,0.034565
4050,0.116180
4051,0.085044
4052,0.195511
4053,0.889331
4054,0.017790
4055,0.011335
4056,0.086929
4057,0.294496
4058,0.483820
4059,0.013856
4060,0.116602
4061,0.967428
4062,0.195342
4063,0.572153
4064,0.255821
4065,0.136762
4066,0.014567
4067,0.595594
4068,0.019499
4069,0.011429
4070,0.075452
4071,0.980209
4072,0.004500
4073,0.031663
4074,0.038086
4075,0.010132
4076,0.461605
4077,0.078906
4078,0.338384
4079,0.061240
4080,0.001642
4081,0.766139
4082,0.911924
4083,0.121362
4084,0.017302
4085,0.237211
4086,0.306376
4087,0.005602
4088,0.150583
4089,0.008632
4090,0.282283
4091,0.004735
4092,0.258723
4093,0.382589
4094,0.007678
4095,0.035044
4096,0.016632
4097,0.152050
4098,0.004006
4099,0.937385
4100,0.626815
4101,0.042340
4102,0.176594
4103,0.123116
4104,0.973982
4105,0.566815
4106,0.183719
4107,0.458084
4108,0.981975
4109,0.970735
4110,0.173862
4111,0.002135
4112,0.974692
4113,0.366110
4114,0.129869
4115,0.007730
4116,0.024274
4117,0.998145
4118,0.058346
4119,0.127072
4120,0.958659
4121,0.129673
4122,0.738804
4123,0.005095
4124,0.433635
4125,0.010040
4126,0.096527
4127,0.034672
4128,0.142609
4129,0.368680
4130,0.030459
4131,0.408688
4132,0.868024
4133,0.948682
4134,0.016822
4135,0.317056
4136,0.023756
4137,0.893358
4138,0.002785
4139,0.291225
4140,0.997233
4141,0.878083
4142,0.086477
4143,0.098080
4144,0.974090
4145,0.137016
4146,0.153663
4147,0.171446
4148,0.020865
4149,0.028827
4150,0.153473
4151,0.028296
4152,0.026444
4153,0.100979
4154,0.543794
4155,0.817204
4156,0.055984
4157,0.004791
4158,0.881671
4159,0.248483
4160,0.408928
4161,0.296474
4162,0.013104
4163,0.005886
4164,0.951952
4165,0.263852
4166,0.010995
4167,0.975238
4168,0.202263
4169,0.175213
4170,0.999082
4171,0.024068
4172,0.795737
4173,0.068544
4174,0.003880
4175,0.485508
4176,0.032535
4177,0.004603
4178,0.710973
4179,0.148731
4180,0.944163
4181,0.285610
4182,0.002809
4183,0.786162
4184,0.982941
4185,0.875441
4186,0.956535
4187,0.073305
4188,0.004292
4189,0.079364
4190,0.003317
4191,0.107347
4192,0.951396
4193,0.116258
4194,0.895580
4195,0.174430
4196,0.997252
4197,0.746717
4198,0.076012
4199,0.913828
4200,0.006289
4201,0.606754
4202,0.069109
4203,0.151294
4204,0.077078
4205,0.059812
4206,0.476657
4207,0.069223
4208,0.292419
4209,0.283364
4210,0.257816
4211,0.073675
4212,0.229255
4213,0.476595
4214,0.053083
4215,0.005754
4216,0.009853
4217,0.987717
4218,0.996876
4219,0.007963
4220,0.123066
4221,0.978985
4222,0.141292
4223,0.423621
4224,0.116877
4225,0.023125
4226,0.996462
4227,0.430796
4228,0.010304
4229,0.924930
4230,0.822912
4231,0.063518
4232,0.009169
4233,0.146129
4234,0.003564
4235,0.348452
4236,0.025587
4237,0.079033
4238,0.030668
4239,0.045981
4240,0.502245
4241,0.996014
4242,0.005295
4243,0.019818
4244,0.947053
4245,0.052889
4246,0.026263
4247,0.004569
4248,0.012242
4249,0.542968
4250,0.731584
4251,0.133357
4252,0.006012
4253,0.756275
4254,0.053039
4255,0.036236
4256,0.220169
4257,0.003754
4258,0.763384
4259,0.006436
4260,0.981191
4261,0.953826
4262,0.646006
4263,0.933320
4264,0.005975
4265,0.370633
4266,0.939356
4267,0.006096
4268,0.965192
4269,0.192704
4270,0.127184
4271,0.006632
4272,0.147380
4273,0.008038
4274,0.026378
4275,0.939739
4276,0.388150
4277,0.016975
4278,0.016538
4279,0.201635
4280,0.964715
4281,0.690004
4282,0.273989
4283,0.007002
4284,0.011996
4285,0.330868
4286,0.093539
4287,0.610404
4288,0.782525
4289,0.010339
4290,0.841069
4291,0.048720
4292,0.017196
4293,0.681873
4294,0.898254
4295,0.531656
4296,0.184637
4297,0.997377
4298,0.225782
4299,0.011450
4300,0.095164
4301,0.997375
4302,0.066982
4303,0.085700
4304,0.362372
4305,0.013698
4306,0.030839
4307,0.041238
4308,0.938970
4309,0.932969
4310,0.059666
4311,0.010607
4312,0.973948
4313,0.940747
4314,0.012561
4315,0.008502
4316,0.946130
4317,0.913312
4318,0.779193
4319,0.005169
4320,0.814527
4321,0.003589
4322,0.271146
4323,0.160951
4324,0.366015
4325,0.486205
4326,0.002779
4327,0.703701
4328,0.977849
4329,0.006652
4330,0.151242
4331,0.074661
4332,0.041949
4333,0.030526
4334,0.085937
4335,0.116085
4336,0.028133
4337,0.077735
4338,0.093184
4339,0.368375
4340,0.126964
4341,0.087494
4342,0.134029
4343,0.975030
4344,0.801411
4345,0.033853
4346,0.003627
4347,0.018870
4348,0.149189
4349,0.004281
4350,0.019969
4351,0.010805
4352,0.980018
4353,0.253645
4354,0.076732
4355,0.061523
4356,0.942559
4357,0.040685
4358,0.127466
4359,0.007851
4360,0.969528
4361,0.324255
4362,0.809727
4363,0.017896
4364,0.847020
4365,0.333764
4366,0.178246
4367,0.936968
4368,0.004531
4369,0.041045
4370,0.284730
4371,0.070688
4372,0.997360
4373,0.052120
4374,0.118981
4375,0.476354
4376,0.046518
4377,0.085865
4378,0.973694
4379,0.998370
4380,0.323641
4381,0.041913
4382,0.099720
4383,0.270989
4384,0.851551
4385,0.056776
4386,0.113747
4387,0.001381
4388,0.218087
4389,0.020387
4390,0.727373
4391,0.052195
4392,0.876029
4393,0.081218
4394,0.455348
4395,0.029515
4396,0.720794
4397,0.002775
4398,0.995188
4399,0.159089
4400,0.930856
4401,0.028268
4402,0.129794
4403,0.011362
4404,0.072964
4405,0.081682
4406,0.003499
4407,0.045173
4408,0.222173
4409,0.073766
4410,0.006229
4411,0.003946
4412,0.019515
4413,0.062400
4414,0.718131
4415,0.053926
4416,0.369065
4417,0.056599
4418,0.031567
4419,0.203201
4420,0.014387
4421,0.087287
4422,0.002914
4423,0.168138
4424,0.006842
4425,0.048075
4426,0.015646
4427,0.004574
4428,0.024571
4429,0.092359
4430,0.037314
4431,0.068593
4432,0.002614
4433,0.021530
4434,0.021477
4435,0.097057
4436,0.006302
4437,0.074342
4438,0.027866
4439,0.290895
4440,0.853984
4441,0.005981
4442,0.629059
4443,0.078907
4444,0.156310
4445,0.090975
4446,0.017417
4447,0.626680
4448,0.040473
4449,0.673504
4450,0.065444
4451,0.902523
4452,0.942457
4453,0.240323
4454,0.876810
4455,0.032094
4456,0.048987
4457,0.996267
4458,0.032551
4459,0.209547
4460,0.645547
4461,0.073379
4462,0.017567
4463,0.008163
4464,0.032054
4465,0.023313
4466,0.103417
4467,0.994420
4468,0.948229
4469,0.027916
4470,0.058885
4471,0.003420
4472,0.298926
4473,0.167113
4474,0.221141
4475,0.985606
4476,0.087117
4477,0.037168
4478,0.882388
4479,0.305230
4480,0.285146
4481,0.087367
4482,0.004087
4483,0.955498
4484,0.026255
4485,0.036212
4486,0.997150
4487,0.086235
4488,0.079482
4489,0.013097
4490,0.071565
4491,0.004063
4492,0.004897
4493,0.288599
4494,0.330609
4495,0.131489
4496,0.037805
4497,0.180342
4498,0.004388
4499,0.054038
4500,0.272957
4501,0.021943
4502,0.359190
4503,0.971378
4504,0.334985
4505,0.132635
4506,0.540625
4507,0.099763
4508,0.009510
4509,0.008726
4510,0.285028
4511,0.270107
4512,0.031768
4513,0.001830
4514,0.052428
4515,0.529312
4516,0.885077
4517,0.111494
4518,0.972447
4519,0.084999
4520,0.204460
4521,0.668512
4522,0.582332
4523,0.963498
4524,0.664305
4525,0.961990
4526,0.166275
4527,0.021775
4528,0.002952
4529,0.978416
4530,0.667182
4531,0.027722
4532,0.015750
4533,0.117103
4534,0.859130
4535,0.005892
4536,0.501992
4537,0.035483
4538,0.069956
4539,0.539993
4540,0.305402
4541,0.014199
4542,0.017685
4543,0.976966
4544,0.967341
4545,0.059001
4546,0.235170
4547,0.090469
4548,0.751511
4549,0.064051
4550,0.220529
4551,0.860231
4552,0.869219
4553,0.268020
4554,0.046996
4555,0.180715
4556,0.058996
4557,0.595431
4558,0.958883
4559,0.706752
4560,0.001459
4561,0.036304
4562,0.976118
4563,0.011289
4564,0.032873
4565,0.211476
4566,0.099381
4567,0.181202
4568,0.005821
4569,0.020712
4570,0.011880
4571,0.009132
4572,0.095833
4573,0.020845
4574,0.298964
4575,0.002309
4576,0.153435
4577,0.256053
4578,0.036346
4579,0.027604
4580,0.282173
4581,0.185949
4582,0.941631
4583,0.017278
4584,0.987522
4585,0.919644
4586,0.238469
4587,0.241585
4588,0.018148
4589,0.014302
4590,0.065069
4591,0.003996
4592,0.033116
4593,0.017224
4594,0.948397
4595,0.043704
4596,0.135048
4597,0.974745
4598,0.199235
4599,0.660305
4600,0.013587
4601,0.007711
4602,0.087479
4603,0.146380
4604,0.009853
4605,0.152059
4606,0.053047
4607,0.113977
4608,0.974575
4609,0.013240
4610,0.960305
4611,0.067242
4612,0.069705
4613,0.089256
4614,0.968718
4615,0.987165
4616,0.028878
4617,0.252286
4618,0.975858
4619,0.717204
4620,0.974169
4621,0.048488
4622,0.606492
4623,0.015503
4624,0.382452
4625,0.003198
4626,0.120751
4627,0.059531
4628,0.946999
4629,0.059232
4630,0.066839
4631,0.995206
4632,0.021616
4633,0.838740
4634,0.077118
4635,0.082411
4636,0.028559
4637,0.962614
4638,0.093579
4639,0.032176
4640,0.059055
4641,0.086123
4642,0.956926
4643,0.997422
4644,0.996082
4645,0.006744
4646,0.428868
4647,0.066787
4648,0.035237
4649,0.161827
4650,0.006287
4651,0.763515
4652,0.032329
4653,0.412477
4654,0.071763
4655,0.018423
4656,0.624544
4657,0.968693
4658,0.024576
4659,0.788821
4660,0.162714
4661,0.085672
4662,0.027681
4663,0.036317
4664,0.159111
4665,0.004568
4666,0.430867
4667,0.011484
4668,0.067710
4669,0.007067
4670,0.103700
4671,0.998089
4672,0.053519
4673,0.005790
4674,0.020945
4675,0.953948
4676,0.029887
4677,0.049077
4678,0.013931
4679,0.990846
4680,0.038222
4681,0.005235
4682,0.018262
4683,0.581316
4684,0.010608
4685,0.409396
4686,0.348669
4687,0.012115
4688,0.057645
4689,0.093644
4690,0.037438
4691,0.424871
4692,0.022384
4693,0.987742
4694,0.011808
4695,0.507004
4696,0.130574
4697,0.679534
4698,0.991644
4699,0.092084
4700,0.576119
4701,0.064118
4702,0.004210
4703,0.208205
4704,0.010850
4705,0.030191
4706,0.092902
4707,0.008882
4708,0.053457
4709,0.022421
4710,0.185604
4711,0.953785
4712,0.289317
4713,0.008611
4714,0.011154
4715,0.138648
4716,0.003050
4717,0.059259
4718,0.955488
4719,0.345972
4720,0.022935
4721,0.064124
4722,0.977669
4723,0.808353
4724,0.029467
4725,0.003601
4726,0.092053
4727,0.192025
4728,0.158077
4729,0.045304
4730,0.002777
4731,0.006936
4732,0.099086
4733,0.959226
4734,0.055395
4735,0.039911
4736,0.987538
4737,0.388501
4738,0.855317
4739,0.618161
4740,0.996336
4741,0.030671
4742,0.941803
4743,0.087624
4744,0.019654
4745,0.428964
4746,0.044103
4747,0.043967
4748,0.008722
4749,0.284853
4750,0.348963
4751,0.995594
4752,0.043308
4753,0.260250
4754,0.107249
4755,0.248597
4756,0.010389
4757,0.055250
4758,0.090040
4759,0.104856
4760,0.911020
4761,0.578656
4762,0.055667
4763,0.005752
4764,0.003246
4765,0.059606
4766,0.198266
4767,0.721310
4768,0.906151
4769,0.665624
4770,0.005929
4771,0.007845
4772,0.016216
4773,0.005304
4774,0.686608
4775,0.002065
4776,0.005375
4777,0.046298
4778,0.009070
4779,0.980961
4780,0.987710
4781,0.322450
4782,0.991228
4783,0.074003
4784,0.302230
4785,0.210393
4786,0.028248
4787,0.819505
4788,0.080317
4789,0.004945
4790,0.004214
4791,0.007685
4792,0.946996
4793,0.975445
4794,0.044100
4795,0.002601
4796,0.995199
4797,0.004211
4798,0.870834
4799,0.674798
4800,0.394199
4801,0.578423
4802,0.004082
4803,0.026393
4804,0.023143
4805,0.004848
4806,0.402152
4807,0.902518
4808,0.037166
4809,0.027007
4810,0.050691
4811,0.144143
4812,0.117390
4813,0.793577
4814,0.949566
4815,0.350354
4816,0.221683
4817,0.022555
4818,0.045819
4819,0.252129
4820,0.998641
4821,0.841314
4822,0.007541
4823,0.385865
4824,0.333779
4825,0.606830
4826,0.012759
4827,0.066780
4828,0.015018
4829,0.033367
4830,0.018219
4831,0.313281
4832,0.139641
4833,0.167435
4834,0.015872
4835,0.043051
4836,0.027548
4837,0.024113
4838,0.034931
4839,0.004767
4840,0.953070
4841,0.276927
4842,0.971439
4843,0.051094
4844,0.139566
4845,0.169801
4846,0.008419
4847,0.958650
4848,0.563957
4849,0.002915
4850,0.197387
4851,0.031188
4852,0.474564
4853,0.682567
4854,0.533182
4855,0.271495
4856,0.670416
4857,0.067538
4858,0.254075
4859,0.055939
4860,0.093896
4861,0.823928
4862,0.053457
4863,0.014503
4864,0.518045
4865,0.200397
4866,0.004370
4867,0.209322
4868,0.298733
4869,0.003805
4870,0.156323
4871,0.171203
4872,0.508947
4873,0.080100
4874,0.990657
4875,0.225608
4876,0.031943
4877,0.012025
4878,0.822212
4879,0.851340
4880,0.739347
4881,0.904752
4882,0.055824
4883,0.092499
4884,0.044246
4885,0.829108
4886,0.936141
4887,0.008023
4888,0.051365
4889,0.071719
4890,0.019224
4891,0.517441
4892,0.975401
4893,0.895618
4894,0.138918
4895,0.060417
4896,0.576536
4897,0.889079
4898,0.109201
4899,0.911524
4900,0.017432
4901,0.810210
4902,0.289309
4903,0.067410
4904,0.068190
4905,0.446805
4906,0.009037
4907,0.534547
4908,0.039612
4909,0.039399
4910,0.939131
4911,0.177363
4912,0.025868
4913,0.810253
4914,0.039101
4915,0.964535
4916,0.589888
4917,0.615827
4918,0.969915
4919,0.496054
4920,0.038106
4921,0.957298
4922,0.975632
4923,0.004608
4924,0.928409
4925,0.041044
4926,0.009810
4927,0.817804
4928,0.446554
4929,0.039535
4930,0.971285
4931,0.835852
4932,0.774444
4933,0.994897
4934,0.061916
4935,0.107381
4936,0.106284
4937,0.425392
4938,0.005867
4939,0.980011
4940,0.014813
4941,0.006315
4942,0.248704
4943,0.005840
4944,0.051314
4945,0.176609
4946,0.135712
4947,0.106088
4948,0.149732
4949,0.905099
4950,0.491268
4951,0.064366
4952,0.165616
4953,0.215280
4954,0.809056
4955,0.372879
4956,0.293822
4957,0.222739
4958,0.975927
4959,0.734358
4960,0.002576
4961,0.837329
4962,0.091372
4963,0.377552
4964,0.868609
4965,0.012640
4966,0.008629
4967,0.297725
4968,0.009270
4969,0.181449
4970,0.979032
4971,0.207348
4972,0.032281
4973,0.004920
4974,0.023638
4975,0.650814
4976,0.127396
4977,0.501252
4978,0.011299
4979,0.881973
4980,0.673389
4981,0.006796
4982,0.068792
4983,0.869286
4984,0.380976
4985,0.589027
4986,0.980648
4987,0.970120
4988,0.012636
4989,0.002239
4990,0.005710
4991,0.705220
4992,0.006920
4993,0.044012
4994,0.138786
4995,0.007020
4996,0.973858
4997,0.010429
4998,0.309783
4999,0.401617
5000,0.008474
5001,0.021217
5002,0.073194
5003,0.489208
5004,0.296390
5005,0.046830
5006,0.026840
5007,0.818577
5008,0.942823
5009,0.054666
5010,0.004076
5011,0.533569
5012,0.055719
5013,0.061575
5014,0.216743
5015,0.710004
5016,0.880079
5017,0.643192
5018,0.981771
5019,0.979379
5020,0.007992
5021,0.155068
5022,0.008466
5023,0.003167
5024,0.236999
5025,0.036891
5026,0.022662
5027,0.178519
5028,0.997489
5029,0.836723
5030,0.007324
5031,0.056961
5032,0.230136
5033,0.943896
5034,0.899491
5035,0.027660
5036,0.047734
5037,0.002380
5038,0.006480
5039,0.316480
5040,0.891698
5041,0.236905
5042,0.962781
5043,0.053243
5044,0.007834
5045,0.240874
5046,0.044296
5047,0.002639
5048,0.411636
5049,0.082100
5050,0.066954
5051,0.767664
5052,0.006427
5053,0.149865
5054,0.059415
5055,0.018883
5056,0.917898
5057,0.018812
5058,0.923398
5059,0.052396
5060,0.181436
5061,0.053676
5062,0.010379
5063,0.008504
5064,0.021645
5065,0.357289
5066,0.241943
5067,0.026906
5068,0.953119
5069,0.687242
5070,0.966703
5071,0.112776
5072,0.026443
5073,0.011365
5074,0.015399
5075,0.353154
5076,0.345179
5077,0.088832
5078,0.031765
5079,0.957240
5080,0.049623
5081,0.003892
5082,0.033521
5083,0.067698
5084,0.004738
5085,0.961151
5086,0.997716
5087,0.005066
5088,0.023959
5089,0.019734
5090,0.546964
5091,0.076279
5092,0.991784
5093,0.425794
5094,0.079900
5095,0.061883
5096,0.007256
5097,0.023443
5098,0.171883
5099,0.002607
5100,0.037207
5101,0.269340
5102,0.438430
5103,0.004789
5104,0.009382
5105,0.080420
5106,0.993443
5107,0.973913
5108,0.454107
5109,0.913640
5110,0.018537
5111,0.994988
5112,0.919950
5113,0.305881
5114,0.955371
5115,0.896439
5116,0.973979
5117,0.813428
5118,0.928491
5119,0.022661
5120,0.998656
5121,0.022934
5122,0.007854
5123,0.845758
5124,0.011393
5125,0.938675
5126,0.105164
5127,0.417502
5128,0.036970
5129,0.356954
5130,0.031913
5131,0.006979
5132,0.252111
5133,0.238923
5134,0.832913
5135,0.419251
5136,0.004356
5137,0.767310
5138,0.025344
5139,0.432834
5140,0.106890
5141,0.262230
5142,0.094757
5143,0.004411
5144,0.006706
5145,0.004912
5146,0.046250
5147,0.011410
5148,0.018584
5149,0.006850
5150,0.289339
5151,0.825796
5152,0.093907
5153,0.032482
5154,0.993376
5155,0.073309
5156,0.002303
5157,0.019665
5158,0.003959
5159,0.046083
5160,0.165832
5161,0.036904
5162,0.003145
5163,0.072373
5164,0.012464
5165,0.104801
5166,0.526381
5167,0.039806
5168,0.091638
5169,0.034801
5170,0.155887
5171,0.806876
5172,0.566735
5173,0.285871
5174,0.019797
5175,0.998415
5176,0.382394
5177,0.945276
5178,0.894335
5179,0.923992
5180,0.024148
5181,0.168369
5182,0.377561
5183,0.003632
5184,0.109979
5185,0.063326
5186,0.001410
5187,0.077833
5188,0.976540
5189,0.027723
5190,0.067334
5191,0.235549
5192,0.189046
5193,0.147030
5194,0.670987
5195,0.315372
5196,0.049859
5197,0.031380
5198,0.046337
5199,0.011220
5200,0.003083
5201,0.086174
5202,0.159860
5203,0.009875
5204,0.132604
5205,0.011379
5206,0.078134
5207,0.705142
5208,0.007896
5209,0.793999
5210,0.828554
5211,0.906644
5212,0.259173
5213,0.279228
5214,0.025310
5215,0.719121
5216,0.749035
5217,0.020848
5218,0.574385
5219,0.003235
5220,0.997940
5221,0.049444
5222,0.066178
5223,0.294072
5224,0.495880
5225,0.005738
5226,0.990002
5227,0.819805
5228,0.901212
5229,0.988310
5230,0.062090
5231,0.295518
5232,0.977799
5233,0.024326
5234,0.080905
5235,0.015153
5236,0.005623
5237,0.942363
5238,0.119658
5239,0.014708
5240,0.036169
5241,0.110204
5242,0.039157
5243,0.091598
5244,0.973887
5245,0.450072
5246,0.126001
5247,0.067914
5248,0.056549
5249,0.288761
5250,0.146035
5251,0.197116
5252,0.524261
5253,0.019896
5254,0.034624
5255,0.294176
5256,0.008882
5257,0.417430
5258,0.943855
5259,0.684161
5260,0.056478
5261,0.027982
5262,0.618912
5263,0.003517
5264,0.363690
5265,0.083527
5266,0.968883
5267,0.002639
5268,0.101070
5269,0.065798
5270,0.132159
5271,0.117000
5272,0.948880
5273,0.008869
5274,0.569906
5275,0.920555
5276,0.188916
5277,0.740273
5278,0.233280
5279,0.007510
5280,0.004238
5281,0.005639
5282,0.974508
5283,0.074162
5284,0.020319
5285,0.006274
5286,0.016715
5287,0.072559
5288,0.070725
5289,0.008513
5290,0.005936
5291,0.989566
5292,0.590378
5293,0.119637
5294,0.698900
5295,0.042593
5296,0.087540
5297,0.002475
5298,0.456809
5299,0.002749
5300,0.031044
5301,0.213076
5302,0.323755
5303,0.179304
5304,0.138850
5305,0.082272
5306,0.119781
5307,0.878556
5308,0.095609
5309,0.105681
5310,0.023842
5311,0.812583
5312,0.307793
5313,0.048050
5314,0.692628
5315,0.221683
5316,0.092583
5317,0.108872
5318,0.005336
5319,0.759265
5320,0.025939
5321,0.067552
5322,0.160612
5323,0.065489
5324,0.840197
5325,0.264670
5326,0.001961
5327,0.012786
5328,0.048391
5329,0.894679
5330,0.016286
5331,0.074547
5332,0.006138
5333,0.047084
5334,0.948881
5335,0.600188
5336,0.009622
5337,0.055716
5338,0.284016
5339,0.050745
5340,0.005751
5341,0.005342
5342,0.964443
5343,0.052235
5344,0.023656
5345,0.020122
5346,0.294392
5347,0.957597
5348,0.011528
5349,0.037155
5350,0.736727
5351,0.998281
5352,0.739456
5353,0.013187
5354,0.362994
5355,0.815069
5356,0.014065
5357,0.136771
5358,0.994722
5359,0.003378
5360,0.057112
5361,0.786315
5362,0.106003
5363,0.019678
5364,0.011089
5365,0.971218
5366,0.003415
5367,0.004586
5368,0.880935
5369,0.749458
5370,0.050233
5371,0.014096
5372,0.010844
5373,0.366762
5374,0.005544
5375,0.031773
5376,0.049266
5377,0.012633
5378,0.021206
5379,0.128088
5380,0.619302
5381,0.067001
5382,0.212625
5383,0.091263
5384,0.117873
5385,0.051035
5386,0.020717
5387,0.607166
5388,0.011609
5389,0.996955
5390,0.564628
5391,0.007078
5392,0.005561
5393,0.997534
5394,0.008978
5395,0.848250
5396,0.031126
5397,0.049023
5398,0.152466
5399,0.249588
5400,0.042712
5401,0.458402
5402,0.004472
5403,0.051544
5404,0.019913
5405,0.060666
5406,0.919426
5407,0.857221
5408,0.063822
5409,0.016679
5410,0.284796
5411,0.261340
5412,0.919266
5413,0.092764
5414,0.004874
5415,0.996370
5416,0.026248
5417,0.075220
5418,0.123290
5419,0.303046
5420,0.019003
5421,0.090287
5422,0.037895
5423,0.049671
5424,0.734596
5425,0.927686
5426,0.015371
5427,0.031956
5428,0.006746
5429,0.002396
5430,0.723513
5431,0.031928
5432,0.696047
5433,0.164487
5434,0.955931
5435,0.573052
5436,0.979056
5437,0.043190
5438,0.311862
5439,0.228891
5440,0.889015
5441,0.003628
5442,0.051848
5443,0.655215
5444,0.014284
5445,0.967830
5446,0.232226
5447,0.122051
5448,0.024037
5449,0.002426
5450,0.945464
5451,0.004546
5452,0.990008
5453,0.207670
5454,0.064408
5455,0.947140
5456,0.009922
5457,0.134848
5458,0.003737
5459,0.920928
5460,0.964803
5461,0.018698
5462,0.010858
5463,0.034054
5464,0.006107
5465,0.098196
5466,0.724792
5467,0.993291
5468,0.084796
5469,0.076601
5470,0.995151
5471,0.309798
5472,0.141406
5473,0.003950
5474,0.255107
5475,0.006068
5476,0.034025
5477,0.855923
5478,0.246782
5479,0.952709
5480,0.085973
5481,0.038344
5482,0.002997
5483,0.362666
5484,0.664783
5485,0.130411
5486,0.046797
5487,0.475563
5488,0.098177
5489,0.218714
5490,0.032866
5491,0.619663
5492,0.029087
5493,0.017179
5494,0.811395
5495,0.936247
5496,0.022885
5497,0.128633
5498,0.135554
5499,0.003630
5500,0.003006
5501,0.243889
5502,0.045917
5503,0.084874
5504,0.976642
5505,0.979719
5506,0.017915
5507,0.292013
5508,0.039291
5509,0.962788
5510,0.012382
5511,0.996636
5512,0.005663
5513,0.057468
5514,0.220746
5515,0.004427
5516,0.049517
5517,0.125166
5518,0.161095
5519,0.052715
5520,0.026166
5521,0.996994
5522,0.901166
5523,0.163110
5524,0.974210
5525,0.079489
5526,0.125442
5527,0.829568
5528,0.003818
5529,0.031444
5530,0.169657
5531,0.077431
5532,0.107794
5533,0.200960
5534,0.078855
5535,0.010186
5536,0.046371
5537,0.020449
5538,0.006361
5539,0.068689
5540,0.774333
5541,0.009870
5542,0.398066
5543,0.004310
5544,0.007771
5545,0.954969
5546,0.246885
5547,0.032541
5548,0.074646
5549,0.980500
5550,0.031869
5551,0.133894
5552,0.045327
5553,0.058716
5554,0.517334
5555,0.177412
5556,0.135049
5557,0.571598
5558,0.973300
5559,0.111518
5560,0.991987
5561,0.549777
5562,0.004010
5563,0.067219
5564,0.003663
5565,0.989172
5566,0.586913
5567,0.018923
5568,0.117076
5569,0.056576
5570,0.974560
5571,0.025161
5572,0.003842
5573,0.079557
5574,0.846910
5575,0.349237
5576,0.038370
5577,0.036779
5578,0.181231
5579,0.023158
5580,0.998369
5581,0.317568
5582,0.008430
5583,0.026463
5584,0.662836
5585,0.012456
5586,0.448841
5587,0.745724
5588,0.110471
5589,0.064083
5590,0.044730
5591,0.013689
5592,0.575825
5593,0.004412
5594,0.021199
5595,0.049039
5596,0.551186
5597,0.862076
5598,0.032123
5599,0.859450
5600,0.973293
5601,0.067570
5602,0.119828
5603,0.433939
5604,0.004324
5605,0.842216
5606,0.097959
5607,0.005892
5608,0.365664
5609,0.684573
5610,0.070574
5611,0.036011
5612,0.042642
5613,0.118253
5614,0.196138
5615,0.002191
5616,0.052403
5617,0.837363
5618,0.995127
5619,0.154518
5620,0.019979
5621,0.188215
5622,0.002276
5623,0.004187
5624,0.197959
5625,0.691568
5626,0.126342
5627,0.995840
5628,0.051228
5629,0.132411
5630,0.993476
5631,0.049463
5632,0.018390
5633,0.010618
5634,0.579158
5635,0.065915
5636,0.006841
5637,0.090292
5638,0.639058
5639,0.004981
5640,0.028127
5641,0.154054
5642,0.019714
5643,0.842865
5644,0.101854
5645,0.016275
5646,0.810930
5647,0.044174
5648,0.020577
5649,0.080290
5650,0.023477
5651,0.144440
5652,0.011068
5653,0.028971
5654,0.008526
5655,0.941336
5656,0.186057
5657,0.177795
5658,0.032008
5659,0.122937
5660,0.011330
5661,0.860991
5662,0.023524
5663,0.178978
5664,0.014584
5665,0.932609
5666,0.096259
5667,0.943534
5668,0.996682
5669,0.314577
5670,0.919669
5671,0.107146
5672,0.050057
5673,0.245449
5674,0.795553
5675,0.200148
5676,0.993579
5677,0.029783
5678,0.039489
5679,0.946701
5680,0.002724
5681,0.054392
5682,0.556145
5683,0.176776
5684,0.028818
5685,0.117450
5686,0.104872
5687,0.110532
5688,0.019449
5689,0.032028
5690,0.031112
5691,0.007182
5692,0.022912
5693,0.204220
5694,0.056717
5695,0.415497
5696,0.142036
5697,0.201120
5698,0.017609
5699,0.352750
5700,0.051463
5701,0.970026
5702,0.149019
5703,0.240200
5704,0.846230
5705,0.710776
5706,0.065173
5707,0.016799
5708,0.138504
5709,0.921972
5710,0.969447
5711,0.088708
5712,0.004024
5713,0.035053
5714,0.205265
5715,0.026409
5716,0.004305
5717,0.934823
5718,0.941355
5719,0.003677
5720,0.441280
5721,0.006509
5722,0.996379
5723,0.375504
5724,0.018338
5725,0.066465
5726,0.230732
5727,0.951295
5728,0.894607
5729,0.008761
5730,0.346050
5731,0.969795
5732,0.010291
5733,0.180865
5734,0.992038
5735,0.022949
5736,0.003074
5737,0.963315
5738,0.789485
5739,0.013779
5740,0.169622
5741,0.069028
5742,0.070490
5743,0.709758
5744,0.402229
5745,0.004179
5746,0.051785
5747,0.124406
5748,0.097045
5749,0.268718
5750,0.966213
5751,0.008062
5752,0.117799
5753,0.013332
5754,0.005016
5755,0.050600
5756,0.015906
5757,0.180525
5758,0.936473
5759,0.201352
5760,0.028947
5761,0.008211
5762,0.754255
5763,0.909306
5764,0.001990
5765,0.793087
5766,0.984208
5767,0.024918
5768,0.900111
5769,0.003073
5770,0.099798
5771,0.994831
5772,0.158644
5773,0.639753
5774,0.992553
5775,0.073115
5776,0.887634
5777,0.006191
5778,0.015355
5779,0.004239
5780,0.011318
5781,0.444945
5782,0.015468
5783,0.659187
5784,0.963585
5785,0.751743
5786,0.003580
5787,0.064017
5788,0.997172
5789,0.079502
5790,0.976121
5791,0.997150
5792,0.032457
5793,0.220897
5794,0.225551
5795,0.069463
5796,0.094638
5797,0.940548
5798,0.998381
5799,0.038650
5800,0.449552
5801,0.137366
5802,0.950043
5803,0.161411
5804,0.060334
5805,0.099584
5806,0.991630
5807,0.078824
5808,0.998324
5809,0.026969
5810,0.145940
5811,0.942250
5812,0.976453
5813,0.872250
5814,0.915173
5815,0.908352
5816,0.962840
5817,0.904522
5818,0.044662
5819,0.998194
5820,0.131398
5821,0.048208
5822,0.996912
5823,0.003308
5824,0.859689
5825,0.043192
5826,0.031569
5827,0.011944
5828,0.914961
5829,0.305758
5830,0.064368
5831,0.079802
5832,0.371633
5833,0.332279
5834,0.047246
5835,0.895896
5836,0.132281
5837,0.721536
5838,0.009723
5839,0.002551
5840,0.004236
5841,0.954476
5842,0.051548
5843,0.168857
5844,0.282768
5845,0.627911
5846,0.947927
5847,0.122516
5848,0.108356
5849,0.029017
5850,0.974667
5851,0.962229
5852,0.874211
5853,0.180787
5854,0.746816
5855,0.013738
5856,0.243677
5857,0.046682
5858,0.616595
5859,0.068515
5860,0.952556
5861,0.048346
5862,0.627573
5863,0.141548
5864,0.181942
5865,0.292685
5866,0.099714
5867,0.146088
5868,0.061233
5869,0.073755
5870,0.004830
5871,0.143638
5872,0.005553
5873,0.058272
5874,0.981746
5875,0.996664
5876,0.047993
5877,0.925663
5878,0.150364
5879,0.057346
5880,0.112243
5881,0.192744
5882,0.009321
5883,0.195734
5884,0.696098
5885,0.020843
5886,0.380077
5887,0.871967
5888,0.517042
5889,0.892181
5890,0.002260
5891,0.047497
5892,0.449143
5893,0.053865
5894,0.081874
5895,0.051116
5896,0.012115
5897,0.019754
5898,0.685256
5899,0.103317
5900,0.137775
5901,0.809816
5902,0.491763
5903,0.934880
5904,0.973621
5905,0.497831
5906,0.045402
5907,0.960257
5908,0.033335
5909,0.071123
5910,0.065559
5911,0.161219
5912,0.997068
5913,0.004146
5914,0.091580
5915,0.119808
5916,0.003256
5917,0.005107
5918,0.958346
5919,0.161643
5920,0.978809
5921,0.062428
5922,0.080516
5923,0.073588
5924,0.268469
5925,0.111217
5926,0.985981
5927,0.151571
5928,0.029662
5929,0.006898
5930,0.071501
5931,0.915498
5932,0.045178
5933,0.890527
5934,0.635203
5935,0.236991
5936,0.003548
5937,0.078942
5938,0.406979
5939,0.005880
5940,0.957047
5941,0.057694
5942,0.265346
5943,0.070666
5944,0.255556
5945,0.979067
5946,0.154040
5947,0.095816
5948,0.125712
5949,0.739159
5950,0.013129
5951,0.278557
5952,0.158655
5953,0.398069
5954,0.446115
5955,0.020572
5956,0.874943
5957,0.851594
5958,0.845388
5959,0.326028
5960,0.033371
5961,0.004881
5962,0.271533
5963,0.004456
5964,0.892486
5965,0.308286
5966,0.053216
5967,0.002876
5968,0.044337
5969,0.503514
5970,0.939873
5971,0.035971
5972,0.933231
5973,0.148807
5974,0.860824
5975,0.618682
5976,0.011210
5977,0.246256
5978,0.432038
5979,0.890368
5980,0.127407
5981,0.412954
5982,0.017891
5983,0.016087
5984,0.934727
5985,0.014552
5986,0.092634
5987,0.013250
5988,0.724734
5989,0.918165
5990,0.017063
5991,0.997959
5992,0.027672
5993,0.141233
5994,0.008961
5995,0.079363
5996,0.021899
5997,0.934050
5998,0.723802
5999,0.855514
6000,0.014389
6001,0.758062
6002,0.823369
6003,0.358003
6004,0.114050
6005,0.001374
6006,0.735922
6007,0.963544
6008,0.367453
6009,0.844282
6010,0.007571
6011,0.942497
6012,0.127188
6013,0.135462
6014,0.076434
6015,0.103190
6016,0.036216
6017,0.019043
6018,0.994967
6019,0.025219
6020,0.974940
6021,0.333017
6022,0.967234
6023,0.768869
6024,0.028968
6025,0.024385
6026,0.039638
6027,0.564192
6028,0.079304
6029,0.588959
6030,0.013201
6031,0.020755
6032,0.030565
6033,0.010060
6034,0.587477
6035,0.136259
6036,0.949575
6037,0.615651
6038,0.856478
6039,0.005033
6040,0.058482
6041,0.954099
6042,0.989293
6043,0.770284
6044,0.945729
6045,0.900394
6046,0.014472
6047,0.047617
6048,0.152194
6049,0.558352
6050,0.022567
6051,0.269518
6052,0.118471
6053,0.002746
6054,0.011037
6055,0.178570
6056,0.111192
6057,0.008662
6058,0.143569
6059,0.781374
6060,0.016464
6061,0.475819
6062,0.085177
6063,0.939578
6064,0.007867
6065,0.031144
6066,0.074215
6067,0.002272
6068,0.486975
6069,0.002322
6070,0.052368
6071,0.127241
6072,0.995693
6073,0.017738
6074,0.182723
6075,0.029606
6076,0.089849
6077,0.084641
6078,0.396960
6079,0.025722
6080,0.681477
6081,0.009458
6082,0.808957
6083,0.044100
6084,0.976280
6085,0.175090
6086,0.031959
6087,0.071488
6088,0.029125
6089,0.087742
6090,0.038222
6091,0.045923
6092,0.940786
6093,0.465923
6094,0.031070
6095,0.442434
6096,0.935636
6097,0.109683
6098,0.003591
6099,0.911340
6100,0.973131
6101,0.772586
6102,0.099368
6103,0.290110
6104,0.050436
6105,0.011803
6106,0.017398
6107,0.734560
6108,0.955970
6109,0.005961
6110,0.228649
6111,0.935004
6112,0.022803
6113,0.008732
6114,0.101645
6115,0.956052
6116,0.752331
6117,0.002467
6118,0.026314
6119,0.387194
6120,0.266074
6121,0.017383
6122,0.099126
6123,0.936404
6124,0.114065
6125,0.732811
6126,0.003680
6127,0.915850
6128,0.028963
6129,0.904521
6130,0.004192
6131,0.055018
6132,0.949754
6133,0.064064
6134,0.561610
6135,0.018770
6136,0.866761
6137,0.063823
6138,0.022075
6139,0.115899
6140,0.027014
6141,0.995462
6142,0.995457
6143,0.843499
6144,0.059618
6145,0.950757
6146,0.666812
6147,0.030952
6148,0.822606
6149,0.323153
6150,0.006825
6151,0.018095
6152,0.074815
6153,0.059194
6154,0.937176
6155,0.023660
6156,0.436147
6157,0.017841
6158,0.059407
6159,0.030618
6160,0.695788
6161,0.300057
6162,0.967311
6163,0.749625
6164,0.024178
6165,0.370499
6166,0.960609
6167,0.997959
6168,0.735940
6169,0.479072
6170,0.755826
6171,0.209104
6172,0.850374
6173,0.138222
6174,0.384151
6175,0.536784
6176,0.012839
6177,0.056443
6178,0.921811
6179,0.143475
6180,0.845179
6181,0.967518
6182,0.102380
6183,0.025257
6184,0.214669
6185,0.717248
6186,0.432599
6187,0.009979
6188,0.065832
6189,0.127259
6190,0.163917
6191,0.995375
6192,0.311519
6193,0.022764
6194,0.951801
6195,0.034255
6196,0.972796
6197,0.976228
6198,0.875748
6199,0.021099
6200,0.956566
6201,0.008169
6202,0.018163
6203,0.024011
6204,0.147188
6205,0.019897
6206,0.098102
6207,0.027669
6208,0.979355
6209,0.190953
6210,0.716302
6211,0.970795
6212,0.010599
6213,0.012876
6214,0.510923
6215,0.031213
6216,0.012965
6217,0.042679
6218,0.099294
6219,0.128558
6220,0.022069
6221,0.813848
6222,0.006825
6223,0.008585
6224,0.011089
6225,0.004350
6226,0.005993
6227,0.007845
6228,0.032021
6229,0.961419
6230,0.002505
6231,0.035043
6232,0.082318
6233,0.032666
6234,0.998754
6235,0.251565
6236,0.142825
6237,0.206997
6238,0.021770
6239,0.814500
6240,0.008876
6241,0.443201
6242,0.007381
6243,0.049039
6244,0.002620
6245,0.002676
6246,0.956765
6247,0.059307
6248,0.011659
6249,0.264899
6250,0.312014
6251,0.107134
6252,0.889812
6253,0.750177
6254,0.886190
6255,0.966298
6256,0.979248
6257,0.419684
6258,0.994791
6259,0.004088
6260,0.005335
6261,0.101428
6262,0.230816
6263,0.145598
6264,0.395717
6265,0.032014
6266,0.930290
6267,0.090105
6268,0.060362
6269,0.011397
6270,0.056603
6271,0.013758
6272,0.070546
6273,0.038797
6274,0.086925
6275,0.020792
6276,0.988169
6277,0.063703
6278,0.075500
6279,0.971079
6280,0.146456
6281,0.005126
6282,0.150898
6283,0.228234
6284,0.646662
6285,0.354088
6286,0.008133
6287,0.043291
6288,0.972852
6289,0.786647
6290,0.048917
6291,0.089692
6292,0.016316
6293,0.194634
6294,0.900894
6295,0.212158
6296,0.857375
6297,0.032817
6298,0.053871
6299,0.968555
6300,0.907571
6301,0.014247
6302,0.035099
6303,0.018593
6304,0.556920
6305,0.875552
6306,0.697829
6307,0.171121
6308,0.585422
6309,0.011427
6310,0.783709
6311,0.630085
6312,0.904969
6313,0.995118
6314,0.053395
6315,0.530878
6316,0.310344
6317,0.082059
6318,0.181370
6319,0.038615
6320,0.075557
6321,0.003368
6322,0.996505
6323,0.004492
6324,0.349974
6325,0.004349
6326,0.017947
6327,0.158957
6328,0.005679
6329,0.006290
6330,0.561207
6331,0.015354
6332,0.998158
6333,0.917249
6334,0.006124
6335,0.982761
6336,0.212976
6337,0.733020
6338,0.083650
6339,0.072723
6340,0.006666
6341,0.021706
6342,0.859212
6343,0.050069
6344,0.050353
6345,0.011506
6346,0.105745
6347,0.169523
6348,0.070285
6349,0.917719
6350,0.786390
6351,0.440353
6352,0.534023
6353,0.054173
6354,0.011261
6355,0.076169
6356,0.191104
6357,0.228545
6358,0.005585
6359,0.260667
6360,0.097574
6361,0.165388
6362,0.025182
6363,0.959446
6364,0.009859
6365,0.256273
6366,0.007765
6367,0.041195
6368,0.351056
6369,0.937047
6370,0.220441
6371,0.033896
6372,0.005231
6373,0.636642
6374,0.031541
6375,0.500350
6376,0.308799
6377,0.139302
6378,0.018158
6379,0.015209
6380,0.008817
6381,0.418154
6382,0.063016
6383,0.051197
6384,0.013521
6385,0.998977
6386,0.091932
6387,0.011838
6388,0.795724
6389,0.893182
6390,0.712023
6391,0.894829
6392,0.069408
6393,0.027917
6394,0.005806
6395,0.853092
6396,0.320824
6397,0.973040
6398,0.938416
6399,0.977171
6400,0.979858
6401,0.977330
6402,0.936451
6403,0.006681
6404,0.005088
6405,0.517946
6406,0.962027
6407,0.911601
6408,0.332249
6409,0.787562
6410,0.025129
6411,0.110271
6412,0.159326
6413,0.965376
6414,0.002739
6415,0.997153
6416,0.141083
6417,0.421466
6418,0.035051
6419,0.137265
6420,0.368233
6421,0.015003
6422,0.024109
6423,0.069672
6424,0.882283
6425,0.671784
6426,0.227403
6427,0.115948
6428,0.086706
6429,0.964786
6430,0.976394
6431,0.044397
6432,0.027764
6433,0.002318
6434,0.061898
6435,0.039748
6436,0.086742
6437,0.974940
6438,0.072539
6439,0.072156
6440,0.027739
6441,0.021281
6442,0.018648
6443,0.013478
6444,0.942595
6445,0.949183
6446,0.297176
6447,0.052015
6448,0.005214
6449,0.686499
6450,0.039259
6451,0.650482
6452,0.112875
6453,0.013690
6454,0.128563
6455,0.088668
6456,0.876050
6457,0.015269
6458,0.605804
6459,0.010367
6460,0.015830
6461,0.101729
6462,0.045491
6463,0.004811
6464,0.966008
6465,0.323814
6466,0.194027
6467,0.447252
6468,0.042389
6469,0.968246
6470,0.931993
6471,0.405362
6472,0.025883
6473,0.026034
6474,0.224464
6475,0.052463
6476,0.134030
6477,0.010553
6478,0.102180
6479,0.773719
6480,0.006997
6481,0.017779
6482,0.611827
6483,0.084252
6484,0.066141
6485,0.064635
6486,0.333861
6487,0.009519
6488,0.041943
6489,0.008484
6490,0.145249
6491,0.190900
6492,0.970359
6493,0.032706
6494,0.165637
6495,0.137451
6496,0.108548
6497,0.964623
6498,0.799328
6499,0.332865
6500,0.996007
6501,0.995929
6502,0.007229
6503,0.943819
6504,0.006675
6505,0.988601
6506,0.996561
6507,0.148243
6508,0.077836
6509,0.140659
6510,0.182217
6511,0.961112
6512,0.049924
6513,0.921435
6514,0.012903
6515,0.082625
6516,0.005245
6517,0.016816
6518,0.066694
6519,0.115480
6520,0.878541
6521,0.077433
6522,0.003116
6523,0.290902
6524,0.079214
6525,0.386439
6526,0.113340
6527,0.006426
6528,0.004367
6529,0.028337
6530,0.007144
6531,0.988544
6532,0.472277
6533,0.348417
6534,0.836767
6535,0.144398
6536,0.807113
6537,0.026227
6538,0.006144
6539,0.068383
6540,0.023427
6541,0.958669
6542,0.018717
6543,0.012068
6544,0.010323
6545,0.041370
6546,0.060546
6547,0.929694
6548,0.148338
6549,0.995641
6550,0.053995
6551,0.234768
6552,0.691908
6553,0.057070
6554,0.060898
6555,0.512551
6556,0.984453
6557,0.340796
6558,0.948057
6559,0.496245
6560,0.854396
6561,0.126512
6562,0.526038
6563,0.927081
6564,0.009839
6565,0.330619
6566,0.971006
6567,0.455713
6568,0.163687
6569,0.451789
6570,0.045673
6571,0.024224
6572,0.013293
6573,0.972049
6574,0.083461
6575,0.639636
6576,0.015003
6577,0.123431
6578,0.147751
6579,0.137802
6580,0.003058
6581,0.003657
6582,0.142554
6583,0.222953
6584,0.679166
6585,0.191206
6586,0.520316
6587,0.863745
6588,0.007901
6589,0.057108
6590,0.030043
6591,0.030579
6592,0.046888
6593,0.209587
6594,0.108344
6595,0.694594
6596,0.039498
6597,0.017941
6598,0.265322
6599,0.905152
6600,0.320969
6601,0.346184
6602,0.030942
6603,0.432382
6604,0.003916
6605,0.039417
6606,0.676659
6607,0.010666
6608,0.827125
6609,0.004895
6610,0.023384
6611,0.049166
6612,0.960472
6613,0.027086
6614,0.277084
6615,0.111426
6616,0.012723
6617,0.017616
6618,0.996568
6619,0.035820
6620,0.180836
6621,0.992893
6622,0.938889
6623,0.003514
6624,0.016462
6625,0.074124
6626,0.062371
6627,0.015637
6628,0.005330
6629,0.036422
6630,0.047410
6631,0.028331
6632,0.022886
6633,0.101406
6634,0.033060
6635,0.272794
6636,0.018377
6637,0.098790
6638,0.044188
6639,0.931521
6640,0.010134
6641,0.041875
6642,0.957950
6643,0.091116
6644,0.118084
6645,0.329219
6646,0.890075
6647,0.312704
6648,0.888580
6649,0.933447
6650,0.099123
6651,0.970613
6652,0.385332
6653,0.193070
6654,0.091905
6655,0.048549
6656,0.003805
6657,0.679809
6658,0.046818
6659,0.960463
6660,0.035657
6661,0.107612
6662,0.960622
6663,0.010256
6664,0.093174
6665,0.945033
6666,0.028145
6667,0.555443
6668,0.015240
6669,0.068095
6670,0.087486
6671,0.957631
6672,0.045409
6673,0.006715
6674,0.052623
6675,0.542243
6676,0.556811
6677,0.024824
6678,0.045136
6679,0.016824
6680,0.277916
6681,0.442668
6682,0.015773
6683,0.244683
6684,0.137738
6685,0.943235
6686,0.523934
6687,0.002545
6688,0.003649
6689,0.903241
6690,0.972214
6691,0.998951
6692,0.047159
6693,0.273424
6694,0.031744
6695,0.994160
6696,0.050000
6697,0.022057
6698,0.968257
6699,0.708787
6700,0.256007
6701,0.019058
6702,0.894560
6703,0.893877
6704,0.099117
6705,0.959194
6706,0.013566
6707,0.023133
6708,0.012880
6709,0.261249
6710,0.075612
6711,0.060557
6712,0.009103
6713,0.273979
6714,0.945651
6715,0.015410
6716,0.003514
6717,0.839165
6718,0.948928
6719,0.062334
6720,0.005652
6721,0.003036
6722,0.610548
6723,0.084725
6724,0.008868
6725,0.996173
6726,0.929332
6727,0.989133
6728,0.058202
6729,0.933095
6730,0.264060
6731,0.096772
6732,0.075050
6733,0.900871
6734,0.009092
6735,0.998312
6736,0.265991
6737,0.998903
6738,0.971659
6739,0.003293
6740,0.009850
6741,0.004591
6742,0.173509
6743,0.066045
6744,0.035271
6745,0.003009
6746,0.554859
6747,0.639217
6748,0.910487
6749,0.111324
6750,0.958849
6751,0.240097
6752,0.026630
6753,0.335843
6754,0.007611
6755,0.247043
6756,0.969314
6757,0.045442
6758,0.641142
6759,0.021933
6760,0.248422
6761,0.033513
6762,0.920131
6763,0.010384
6764,0.034994
6765,0.081933
6766,0.885303
6767,0.979203
6768,0.921081
6769,0.029609
6770,0.013166
6771,0.022367
6772,0.968467
6773,0.035350
6774,0.009633
6775,0.038670
6776,0.129965
6777,0.078591
6778,0.116580
6779,0.114031
6780,0.985779
6781,0.006446
6782,0.245462
6783,0.167591
6784,0.003419
6785,0.786920
6786,0.620805
6787,0.919756
6788,0.869435
6789,0.135738
6790,0.011785
6791,0.659944
6792,0.952330
6793,0.068300
6794,0.265597
6795,0.958663
6796,0.692375
6797,0.101692
6798,0.271940
6799,0.030956
6800,0.795979
6801,0.588800
6802,0.451458
6803,0.108586
6804,0.747193
6805,0.003893
6806,0.715110
6807,0.006271
6808,0.012659
6809,0.051721
6810,0.858354
6811,0.034680
6812,0.019890
6813,0.913444
6814,0.037157
6815,0.068494
6816,0.034900
6817,0.024855
6818,0.972471
6819,0.013347
6820,0.025786
6821,0.943985
6822,0.011559
6823,0.206454
6824,0.035075
6825,0.027504
6826,0.063765
6827,0.004514
6828,0.903534
6829,0.002957
6830,0.984221
6831,0.076722
6832,0.019337
6833,0.069481
6834,0.019279
6835,0.420576
6836,0.392571
6837,0.994660
6838,0.230092
6839,0.150300
6840,0.814072
6841,0.038676
6842,0.864504
6843,0.003420
6844,0.076973
6845,0.977278
6846,0.150165
6847,0.004005
6848,0.793729
6849,0.006795
6850,0.007544
6851,0.678850
6852,0.307225
6853,0.849946
6854,0.029059
6855,0.018000
6856,0.097764
6857,0.801244
6858,0.967586
6859,0.966979
6860,0.940453
6861,0.025958
6862,0.094107
6863,0.050457
6864,0.035447
6865,0.013052
6866,0.213254
6867,0.397355
6868,0.848908
6869,0.120679
6870,0.843630
6871,0.935755
6872,0.019641
6873,0.069482
6874,0.100560
6875,0.263018
6876,0.955371
6877,0.856514
6878,0.006881
6879,0.043804
6880,0.078597
6881,0.109600
6882,0.927017
6883,0.256026
6884,0.127477
6885,0.066095
6886,0.982128
6887,0.857083
6888,0.715449
6889,0.086741
6890,0.924882
6891,0.039270
6892,0.009724
6893,0.029450
6894,0.140743
6895,0.110713
6896,0.995934
6897,0.101268
6898,0.969638
6899,0.011869
6900,0.524190
6901,0.006763
6902,0.057329
6903,0.060075
6904,0.017925
6905,0.973880
6906,0.852963
6907,0.098758
6908,0.076018
6909,0.002869
6910,0.800777
6911,0.017008
6912,0.970464
6913,0.954588
6914,0.005131
6915,0.020636
6916,0.969546
6917,0.286021
6918,0.842548
6919,0.026940
6920,0.028618
6921,0.512883
6922,0.005089
6923,0.018700
6924,0.038063
6925,0.008949
6926,0.666209
6927,0.012303
6928,0.004010
6929,0.004335
6930,0.342800
6931,0.122295
6932,0.068501
6933,0.814773
6934,0.113953
6935,0.121849
6936,0.003644
6937,0.004619
6938,0.184608
6939,0.121834
6940,0.924295
6941,0.005743
6942,0.815777
6943,0.062929
6944,0.929391
6945,0.614828
6946,0.005204
6947,0.861382
6948,0.023304
6949,0.086736
6950,0.893584
6951,0.787165
6952,0.077186
6953,0.004627
6954,0.009890
6955,0.969029
6956,0.033337
6957,0.995658
6958,0.886143
6959,0.094357
6960,0.115006
6961,0.248727
6962,0.599928
6963,0.034772
6964,0.723972
6965,0.002859
6966,0.047784
6967,0.011424
6968,0.963405
6969,0.995128
6970,0.003027
6971,0.002301
6972,0.038875
6973,0.015442
6974,0.407064
6975,0.133644
6976,0.017651
6977,0.060919
6978,0.011866
6979,0.030430
6980,0.526752
6981,0.200833
6982,0.998355
6983,0.152442
6984,0.021601
6985,0.187215
6986,0.877415
6987,0.238295
6988,0.032812
6989,0.006346
6990,0.012514
6991,0.004009
6992,0.038479
6993,0.907024
6994,0.813569
6995,0.061884
6996,0.362659
6997,0.877795
6998,0.006482
6999,0.088180
7000,0.587107
7001,0.192252
7002,0.098632
7003,0.065469
7004,0.003766
7005,0.064090
7006,0.004878
7007,0.980356
7008,0.028929
7009,0.034221
7010,0.155259
7011,0.904851
7012,0.003492
7013,0.247160
7014,0.588586
7015,0.002213
7016,0.930537
7017,0.039103
7018,0.371408
7019,0.003585
7020,0.035835
7021,0.003472
7022,0.348656
7023,0.219909
7024,0.910098
7025,0.064299
7026,0.012748
7027,0.002511
7028,0.013649
7029,0.008085
7030,0.169687
7031,0.952087
7032,0.006379
7033,0.867981
7034,0.105881
7035,0.477296
7036,0.789071
7037,0.942607
7038,0.018375
7039,0.003464
7040,0.098284
7041,0.958786
7042,0.005800
7043,0.596748
7044,0.046201
7045,0.220311
7046,0.593051
7047,0.940487
7048,0.919767
7049,0.176724
7050,0.123482
7051,0.045503
7052,0.024724
7053,0.146604
7054,0.017038
7055,0.108684
7056,0.212680
7057,0.323817
7058,0.654136
7059,0.072434
7060,0.019364
7061,0.712819
7062,0.943739
7063,0.085114
7064,0.030887
7065,0.093780
7066,0.136472
7067,0.030064
7068,0.010479
7069,0.957391
7070,0.983788
7071,0.051182
7072,0.011443
7073,0.041503
7074,0.109552
7075,0.997322
7076,0.556387
7077,0.932560
7078,0.944255
7079,0.496985
7080,0.029379
7081,0.089724
7082,0.029958
7083,0.599537
7084,0.113919
7085,0.477264
7086,0.216129
7087,0.039696
7088,0.019159
7089,0.932671
7090,0.382624
7091,0.186281
7092,0.021521
7093,0.684104
7094,0.727996
7095,0.672876
7096,0.180921
7097,0.011936
7098,0.965653
7099,0.005688
7100,0.996156
7101,0.857977
7102,0.457261
7103,0.997039
7104,0.006779
7105,0.033353
7106,0.018291
7107,0.067761
7108,0.163914
7109,0.005646
7110,0.003041
7111,0.619685
7112,0.216633
7113,0.236165
7114,0.976435
7115,0.097295
7116,0.072177
7117,0.427336
7118,0.021138
7119,0.349958
7120,0.143379
7121,0.017443
7122,0.020665
7123,0.076987
7124,0.776841
7125,0.065207
7126,0.326965
7127,0.076920
7128,0.159916
7129,0.921933
7130,0.067344
7131,0.977300
7132,0.719550
7133,0.014741
7134,0.958869
7135,0.258428
7136,0.043661
7137,0.131646
7138,0.603484
7139,0.027139
7140,0.040687
7141,0.005850
7142,0.068138
7143,0.002742
7144,0.989881
7145,0.153509
7146,0.029956
7147,0.002169
7148,0.997723
7149,0.052155
7150,0.016622
7151,0.003650
7152,0.072261
7153,0.453064
7154,0.062284
7155,0.265022
7156,0.004045
7157,0.102620
7158,0.021186
7159,0.045824
7160,0.165471
7161,0.968986
7162,0.003579
7163,0.939301
7164,0.995138
7165,0.022068
7166,0.063182
7167,0.567018
7168,0.980390
7169,0.128918
7170,0.981642
7171,0.289324
7172,0.991597
7173,0.888467
7174,0.021938
7175,0.081080
7176,0.546629
7177,0.893088
7178,0.473238
7179,0.004220
7180,0.046391
7181,0.203338
7182,0.068237
7183,0.954417
7184,0.008203
7185,0.348293
7186,0.846457
7187,0.034734
7188,0.787496
7189,0.671304
7190,0.023687
7191,0.112707
7192,0.027745
7193,0.584701
7194,0.035547
7195,0.975451
7196,0.037445
7197,0.005930
7198,0.047367
7199,0.152556
7200,0.073079
7201,0.027374
7202,0.092861
7203,0.032314
7204,0.104199
7205,0.056442
7206,0.872263
7207,0.973455
7208,0.689600
7209,0.609784
7210,0.825189
7211,0.005196
7212,0.213009
7213,0.976690
7214,0.032024
7215,0.051212
7216,0.005986
7217,0.240242
7218,0.056742
7219,0.003512
7220,0.506198
7221,0.493518
7222,0.002178
7223,0.979341
7224,0.925776
7225,0.108980
7226,0.015906
7227,0.010073
7228,0.385085
7229,0.229649
7230,0.920214
7231,0.025917
7232,0.227063
7233,0.057685
7234,0.970493
7235,0.108081
7236,0.022454
7237,0.376794
7238,0.533794
7239,0.498897
7240,0.003761
7241,0.209078
7242,0.155212
7243,0.021182
7244,0.901407
7245,0.054271
7246,0.058664
7247,0.131008
7248,0.969882
7249,0.073336
7250,0.005323
7251,0.492701
7252,0.294974
7253,0.273589
7254,0.043152
7255,0.058904
7256,0.525344
7257,0.670636
7258,0.125296
7259,0.062222
7260,0.602541
7261,0.962017
7262,0.036651
7263,0.910991
7264,0.025641
7265,0.290432
7266,0.040246
7267,0.013118
7268,0.004642
7269,0.037919
7270,0.031339
7271,0.013477
7272,0.413025
7273,0.174309
7274,0.003751
7275,0.892689
7276,0.004399
7277,0.029478
7278,0.381518
7279,0.048437
7280,0.051150
7281,0.831498
7282,0.958582
7283,0.112723
7284,0.354375
7285,0.118167
7286,0.175625
7287,0.005662
7288,0.850093
7289,0.912604
7290,0.011273
7291,0.107985
7292,0.067074
7293,0.610689
7294,0.475632
7295,0.090179
7296,0.007813
7297,0.356109
7298,0.892451
7299,0.822697
7300,0.330260
7301,0.841873
7302,0.952351
7303,0.339373
7304,0.057826
7305,0.103043
7306,0.156649
7307,0.122962
7308,0.046529
7309,0.002085
7310,0.093455
7311,0.961928
7312,0.043120
7313,0.603719
7314,0.047486
7315,0.011446
7316,0.052951
7317,0.133999
7318,0.116826
7319,0.486184
7320,0.052249
7321,0.908362
7322,0.002664
7323,0.033247
7324,0.927319
7325,0.052727
7326,0.035132
7327,0.472213
7328,0.977728
7329,0.003439
7330,0.968821
7331,0.103838
7332,0.025810
7333,0.101973
7334,0.091825
7335,0.029820
7336,0.176717
7337,0.054791
7338,0.050912
7339,0.042133
7340,0.068918
7341,0.473249
7342,0.019154
7343,0.997813
7344,0.043881
7345,0.011402
7346,0.954982
7347,0.220148
7348,0.003492
7349,0.939356
7350,0.350140
7351,0.996641
7352,0.331788
7353,0.052587
7354,0.081525
7355,0.033532
7356,0.713982
7357,0.006965
7358,0.102989
7359,0.127007
7360,0.221933
7361,0.023217
7362,0.006817
7363,0.847221
7364,0.021272
7365,0.018275
7366,0.011571
7367,0.618034
7368,0.057984
7369,0.011096
7370,0.141752
7371,0.037809
7372,0.034887
7373,0.026291
7374,0.421122
7375,0.970195
7376,0.328819
7377,0.002924
7378,0.956624
7379,0.857295
7380,0.429730
7381,0.013567
7382,0.013986
7383,0.005851
7384,0.022269
7385,0.985829
7386,0.035480
7387,0.975918
7388,0.001706
7389,0.918549
7390,0.538967
7391,0.068391
7392,0.051494
7393,0.023956
7394,0.016903
7395,0.780590
7396,0.995168
7397,0.003525
7398,0.194436
7399,0.022866
7400,0.009542
7401,0.035323
7402,0.007274
7403,0.251448
7404,0.012679
7405,0.139018
7406,0.906705
7407,0.055629
7408,0.126856
7409,0.027557
7410,0.175616
7411,0.128876
7412,0.994302
7413,0.071366
7414,0.022687
7415,0.995974
7416,0.636451
7417,0.968080
7418,0.008650
7419,0.934884
7420,0.919314
7421,0.906722
7422,0.037074
7423,0.551659
7424,0.065199
7425,0.159035
7426,0.022983
7427,0.967720
7428,0.203263
7429,0.726584
7430,0.974236
7431,0.030263
7432,0.034609
7433,0.369247
7434,0.539390
7435,0.619568
7436,0.936604
7437,0.070205
7438,0.952095
7439,0.017796
7440,0.006699
7441,0.875300
7442,0.035644
7443,0.134752
7444,0.030740
7445,0.932140
7446,0.196106
7447,0.982299
7448,0.479020
7449,0.747891
7450,0.243680
7451,0.194778
7452,0.016499
7453,0.996620
7454,0.010669
7455,0.187479
7456,0.114978
7457,0.046676
7458,0.102151
7459,0.264972
7460,0.057464
7461,0.047676
7462,0.673615
7463,0.352927
7464,0.066454
7465,0.004220
7466,0.004056
7467,0.718886
7468,0.267151
7469,0.037679
7470,0.176144
7471,0.744025
7472,0.345522
7473,0.012488
7474,0.017890
7475,0.053529
7476,0.005036
7477,0.025355
7478,0.006611
7479,0.006961
7480,0.802363
7481,0.053347
7482,0.007479
7483,0.996508
7484,0.016608
7485,0.005971
7486,0.090428
7487,0.143863
7488,0.033330
7489,0.066791
7490,0.001587
7491,0.272596
7492,0.028102
7493,0.045976
7494,0.010110
7495,0.019717
7496,0.072988
7497,0.066950
7498,0.048727
7499,0.006419
7500,0.028149
7501,0.479860
7502,0.066152
7503,0.814158
7504,0.005260
7505,0.052000
7506,0.037068
7507,0.017199
7508,0.766656
7509,0.228842
7510,0.922398
7511,0.102555
7512,0.068068
7513,0.002632
7514,0.032866
7515,0.367158
7516,0.091626
7517,0.013224
7518,0.012636
7519,0.963612
7520,0.133098
7521,0.004408
7522,0.004320
7523,0.957901
7524,0.103301
7525,0.968955
7526,0.006210
7527,0.998355
7528,0.097212
7529,0.361605
7530,0.045576
7531,0.009373
7532,0.967290
7533,0.097452
7534,0.014648
7535,0.861855
7536,0.914315
7537,0.227942
7538,0.006547
7539,0.012655
7540,0.540905
7541,0.028120
7542,0.937071
7543,0.150127
7544,0.063466
7545,0.963593
7546,0.998944
7547,0.077823
7548,0.101466
7549,0.505006
7550,0.031385
7551,0.960667
7552,0.390746
7553,0.310888
7554,0.495742
7555,0.922986
7556,0.217727
7557,0.004895
7558,0.370549
7559,0.164570
7560,0.655866
7561,0.163735
7562,0.064504
7563,0.042486
7564,0.408889
7565,0.067006
7566,0.268152
7567,0.842715
7568,0.092377
7569,0.968845
7570,0.156708
7571,0.007798
7572,0.054145
7573,0.018783
7574,0.008831
7575,0.284851
7576,0.020324
7577,0.348694
7578,0.015578
7579,0.774213
7580,0.968952
7581,0.291051
7582,0.455466
7583,0.849446
7584,0.011591
7585,0.437390
7586,0.077311
7587,0.802606
7588,0.005026
7589,0.992925
7590,0.321980
7591,0.074548
7592,0.006197
7593,0.020394
7594,0.009056
7595,0.995975
7596,0.007671
7597,0.762679
7598,0.620738
7599,0.018854
7600,0.019751
7601,0.009095
7602,0.027231
7603,0.889272
7604,0.011888
7605,0.204142
7606,0.873393
7607,0.097018
7608,0.043480
7609,0.004882
7610,0.241871
7611,0.009379
7612,0.088057
7613,0.102703
7614,0.083383
7615,0.712098
7616,0.326040
7617,0.018406
7618,0.376477
7619,0.125743
7620,0.017419
7621,0.150251
7622,0.966266
7623,0.973887
7624,0.056486
7625,0.093826
7626,0.231627
7627,0.979248
7628,0.882103
7629,0.114937
7630,0.969981
7631,0.062803
7632,0.325165
7633,0.477643
7634,0.002368
7635,0.363089
7636,0.231999
7637,0.544230
7638,0.873397
7639,0.011420
7640,0.034553
7641,0.052399
7642,0.104146
7643,0.108883
7644,0.006732
7645,0.151465
7646,0.026738
7647,0.059922
7648,0.002208
7649,0.024725
7650,0.979719
7651,0.984194
7652,0.704072
7653,0.030381
7654,0.046221
7655,0.983317
7656,0.541305
7657,0.719154
7658,0.049476
7659,0.374483
7660,0.180813
7661,0.018530
7662,0.130138
7663,0.219991
7664,0.626140
7665,0.004587
7666,0.020288
7667,0.028356
7668,0.022869
7669,0.136346
7670,0.058498
7671,0.724283
7672,0.789458
7673,0.952095
7674,0.130886
7675,0.258014
7676,0.153649
7677,0.093937
7678,0.823868
7679,0.028152
7680,0.006159
7681,0.001978
7682,0.006467
7683,0.993465
7684,0.036989
7685,0.939184
7686,0.993883
7687,0.007937
7688,0.080441
7689,0.843748
7690,0.042556
7691,0.038275
7692,0.245132
7693,0.216988
7694,0.678311
7695,0.009357
7696,0.141077
7697,0.756147
7698,0.006605
7699,0.097047
7700,0.018881
7701,0.135739
7702,0.503527
7703,0.960417
7704,0.946214
7705,0.003591
7706,0.148967
7707,0.199259
7708,0.049096
7709,0.025982
7710,0.011080
7711,0.033100
7712,0.010724
7713,0.362773
7714,0.008028
7715,0.214908
7716,0.005418
7717,0.069697
7718,0.265933
7719,0.848156
7720,0.156798
7721,0.025101
7722,0.183665
7723,0.197006
7724,0.079952
7725,0.014455
7726,0.537662
7727,0.932417
7728,0.015025
7729,0.605159
7730,0.725560
7731,0.068795
7732,0.977539
7733,0.032681
7734,0.056538
7735,0.078173
7736,0.024178
7737,0.379795
7738,0.238226
7739,0.104871
7740,0.989596
7741,0.995582
7742,0.014843
7743,0.320770
7744,0.954263
7745,0.946988
7746,0.056694
7747,0.845193
7748,0.197969
7749,0.506583
7750,0.080965
7751,0.040119
7752,0.965494
7753,0.244517
7754,0.023818
7755,0.453099
7756,0.422573
7757,0.108800
7758,0.881978
7759,0.068744
7760,0.065080
7761,0.606215
7762,0.152162
7763,0.120662
7764,0.015899
7765,0.047329
7766,0.006338
7767,0.054436
7768,0.997018
7769,0.796604
7770,0.376174
7771,0.248115
7772,0.020231
7773,0.172957
7774,0.892806
7775,0.774464
7776,0.019836
7777,0.328857
7778,0.994278
7779,0.835733
7780,0.037816
7781,0.077733
7782,0.798863
7783,0.086325
7784,0.072358
7785,0.998996
7786,0.837660
7787,0.944867
7788,0.978267
7789,0.420305
7790,0.951047
7791,0.993053
7792,0.936976
7793,0.157410
7794,0.977701
7795,0.677299
7796,0.045577
7797,0.037097
7798,0.045986
7799,0.998935
7800,0.480619
7801,0.569961
7802,0.017752
7803,0.005973
7804,0.027013
7805,0.096315
7806,0.865390
7807,0.946145
7808,0.586232
7809,0.015606
7810,0.974203
7811,0.935843
7812,0.026772
7813,0.974853
7814,0.997039
7815,0.350886
7816,0.428483
7817,0.002321
7818,0.002206
7819,0.143383
7820,0.030749
7821,0.004497
7822,0.033987
7823,0.933472
7824,0.008537
7825,0.926750
7826,0.732585
7827,0.162409
7828,0.970826
7829,0.915655
7830,0.531885
7831,0.834201
7832,0.115172
7833,0.998782
7834,0.008182
7835,0.075676
7836,0.977936
7837,0.039066
7838,0.019816
7839,0.010059
7840,0.953654
7841,0.053394
7842,0.163797
7843,0.015242
7844,0.867509
7845,0.015993
7846,0.694727
7847,0.003448
7848,0.359134
7849,0.820472
7850,0.223573
7851,0.007627
7852,0.776681
7853,0.019727
7854,0.220943
7855,0.951944
7856,0.088095
7857,0.025135
7858,0.039374
7859,0.983984
7860,0.322218
7861,0.519409
7862,0.269492
7863,0.077172
7864,0.150421
7865,0.014173
7866,0.919708
7867,0.020968
7868,0.649786
7869,0.812544
7870,0.408989
7871,0.126033
7872,0.222850
7873,0.940863
7874,0.949397
7875,0.037142
7876,0.202876
7877,0.878284
7878,0.996034
7879,0.909671
7880,0.995098
7881,0.419520
7882,0.997920
7883,0.495230
7884,0.010481
7885,0.047626
7886,0.002823
7887,0.023802
7888,0.821379
7889,0.070531
7890,0.976849
7891,0.011285
7892,0.176743
7893,0.581031
7894,0.005289
7895,0.128566
7896,0.040671
7897,0.048747
7898,0.047298
7899,0.147544
7900,0.220114
7901,0.071140
7902,0.008876
7903,0.771687
7904,0.007850
7905,0.041625
7906,0.251089
7907,0.598340
7908,0.613362
7909,0.227348
7910,0.018465
7911,0.983774
7912,0.037690
7913,0.020556
7914,0.012212
7915,0.853623
7916,0.059967
7917,0.740986
7918,0.048608
7919,0.225237
7920,0.946655
7921,0.121935
7922,0.025956
7923,0.020026
7924,0.019037
7925,0.175963
7926,0.089817
7927,0.048012
7928,0.321022
7929,0.141552
7930,0.923059
7931,0.002603
7932,0.010900
7933,0.039201
7934,0.010350
7935,0.629534
7936,0.038181
7937,0.166543
7938,0.149082
7939,0.117013
7940,0.310155
7941,0.016545
7942,0.009048
7943,0.325413
7944,0.075320
7945,0.008234
7946,0.313930
7947,0.097208
7948,0.132316
7949,0.927469
7950,0.054758
7951,0.907561
7952,0.874185
7953,0.493502
7954,0.040185
7955,0.079453
7956,0.129523
7957,0.021490
7958,0.266075
7959,0.070822
7960,0.034041
7961,0.079599
7962,0.007118
7963,0.690685
7964,0.555745
7965,0.063178
7966,0.907962
7967,0.028569
7968,0.517470
7969,0.009209
7970,0.994796
7971,0.002400
7972,0.007801
7973,0.024446
7974,0.004775
7975,0.404875
7976,0.495560
7977,0.015970
7978,0.851859
7979,0.053692
7980,0.786151
7981,0.135738
7982,0.033670
7983,0.213948
7984,0.005779
7985,0.022216
7986,0.048257
7987,0.137533
7988,0.092819
7989,0.007174
7990,0.379247
7991,0.964765
7992,0.288712
7993,0.229520
7994,0.942311
7995,0.023946
7996,0.747505
7997,0.940761
7998,0.069267
7999,0.957052
8000,0.002529
8001,0.029587
8002,0.791500
8003,0.063213
8004,0.059030
8005,0.142469
8006,0.132941
8007,0.217577
8008,0.447793
8009,0.005503
8010,0.057470
8011,0.269838
8012,0.278979
8013,0.427505
8014,0.978653
8015,0.050910
8016,0.099771
8017,0.168621
8018,0.589346
8019,0.019084
8020,0.003109
8021,0.019710
8022,0.095758
8023,0.074611
8024,0.812587
8025,0.009465
8026,0.822607
8027,0.006970
8028,0.291798
8029,0.119638
8030,0.354907
8031,0.849412
8032,0.024245
8033,0.003970
8034,0.070592
8035,0.411124
8036,0.002114
8037,0.020219
8038,0.072226
8039,0.004020
8040,0.010916
8041,0.151543
8042,0.958985
8043,0.888047
8044,0.011698
8045,0.089064
8046,0.013395
8047,0.312504
8048,0.995514
8049,0.048541
8050,0.239814
8051,0.876301
8052,0.005284
8053,0.974500
8054,0.012669
8055,0.030981
8056,0.947538
8057,0.974160
8058,0.044554
8059,0.037882
8060,0.001515
8061,0.030943
8062,0.431834
8063,0.033062
8064,0.034465
8065,0.276130
8066,0.222801
8067,0.848344
8068,0.060782
8069,0.057557
8070,0.337114
8071,0.871100
8072,0.157088
8073,0.971951
8074,0.847171
8075,0.003431
8076,0.979902
8077,0.980135
8078,0.069784
8079,0.983941
8080,0.112792
8081,0.064257
8082,0.004334
8083,0.862778
8084,0.002594
8085,0.492762
8086,0.007629
8087,0.004639
8088,0.041334
8089,0.922835
8090,0.015203
8091,0.997346
8092,0.955234
8093,0.045774
8094,0.682823
8095,0.027738
8096,0.990187
8097,0.014015
8098,0.010669
8099,0.719352
8100,0.187237
8101,0.152865
8102,0.004074
8103,0.003883
8104,0.937099
8105,0.239331
8106,0.024697
8107,0.190205
8108,0.827523
8109,0.954365
8110,0.159857
8111,0.003694
8112,0.939318
8113,0.055664
8114,0.039271
8115,0.084984
8116,0.985614
8117,0.879359
8118,0.158907
8119,0.054603
8120,0.018937
8121,0.003071
8122,0.984654
8123,0.061648
8124,0.113687
8125,0.014259
8126,0.474501
8127,0.911636
8128,0.089909
8129,0.013802
8130,0.635658
8131,0.061574
8132,0.004655
8133,0.339641
8134,0.916284
8135,0.793960
8136,0.082818
8137,0.053267
8138,0.005803
8139,0.042352
8140,0.003891
8141,0.039087
8142,0.637489
8143,0.261921
8144,0.180892
8145,0.263875
8146,0.013650
8147,0.024993
8148,0.068040
8149,0.454015
8150,0.025767
8151,0.977955
8152,0.597798
8153,0.015843
8154,0.045323
8155,0.224407
8156,0.139369
8157,0.040685
8158,0.085582
8159,0.003131
8160,0.688257
8161,0.243079
8162,0.022027
8163,0.007528
8164,0.266807
8165,0.005364
8166,0.101612
8167,0.981407
8168,0.058957
8169,0.886751
8170,0.140359
8171,0.031418
8172,0.271398
8173,0.746684
8174,0.015272
8175,0.763797
8176,0.138372
8177,0.061942
8178,0.423140
8179,0.081692
8180,0.003827
8181,0.190645
8182,0.868925
8183,0.388763
8184,0.024986
8185,0.014902
8186,0.303076
8187,0.821658
8188,0.969465
8189,0.301040
8190,0.104745
8191,0.174028
8192,0.937542
8193,0.026795
8194,0.031073
8195,0.033729
8196,0.956593
8197,0.222783
8198,0.438285
8199,0.081819
8200,0.463092
8201,0.128437
8202,0.011750
8203,0.286276
8204,0.659815
8205,0.080043
8206,0.055251
8207,0.170606
8208,0.981925
8209,0.507168
8210,0.346047
8211,0.042709
8212,0.004351
8213,0.005942
8214,0.798643
8215,0.057350
8216,0.045021
8217,0.424529
8218,0.138396
8219,0.004440
8220,0.107012
8221,0.992636
8222,0.025175
8223,0.154398
8224,0.132864
8225,0.531957
8226,0.401888
8227,0.015418
8228,0.045261
8229,0.003266
8230,0.259692
8231,0.006438
8232,0.998057
8233,0.026170
8234,0.388409
8235,0.873407
8236,0.997873
8237,0.007407
8238,0.015076
8239,0.027850
8240,0.940644
8241,0.990331
8242,0.024129
8243,0.094775
8244,0.093864
8245,0.423522
8246,0.094713
8247,0.978910
8248,0.215171
8249,0.587516
8250,0.640839
8251,0.073833
8252,0.469421
8253,0.183381
8254,0.420938
8255,0.994526
8256,0.145144
8257,0.003117
8258,0.778947
8259,0.249598
8260,0.005493
8261,0.010072
8262,0.095712
8263,0.105320
8264,0.002815
8265,0.043218
8266,0.203816
8267,0.960908
8268,0.269988
8269,0.649821
8270,0.035136
8271,0.355401
8272,0.055266
8273,0.064185
8274,0.037267
8275,0.951675
8276,0.126844
8277,0.217774
8278,0.117347
8279,0.054602
8280,0.217828
8281,0.005403
8282,0.045617
8283,0.996532
8284,0.342823
8285,0.948261
8286,0.057240
8287,0.017177
8288,0.705023
8289,0.341784
8290,0.015194
8291,0.038254
8292,0.002004
8293,0.134433
8294,0.532813
8295,0.573988
8296,0.029202
8297,0.842881
8298,0.376312
8299,0.976650
8300,0.021831
8301,0.018214
8302,0.062982
8303,0.036481
8304,0.054311
8305,0.006935
8306,0.325139
8307,0.971040
8308,0.003668
8309,0.339726
8310,0.144935
8311,0.968646
8312,0.842012
8313,0.384102
8314,0.036262
8315,0.974678
8316,0.976694
8317,0.032840
8318,0.006427
8319,0.022608
8320,0.003694
8321,0.005084
8322,0.083609
8323,0.068455
8324,0.014318
8325,0.005211
8326,0.670165
8327,0.025431
8328,0.023495
8329,0.188382
8330,0.979458
8331,0.457433
8332,0.200210
8333,0.002783
8334,0.686525
8335,0.924654
8336,0.574374
8337,0.099716
8338,0.003855
8339,0.031717
8340,0.062153
8341,0.214403
8342,0.941665
8343,0.095353
8344,0.997829
8345,0.019801
8346,0.884189
8347,0.149990
8348,0.136145
8349,0.320331
8350,0.131498
8351,0.015342
8352,0.957742
8353,0.513205
8354,0.002547
8355,0.921720
8356,0.090778
8357,0.422006
8358,0.114776
8359,0.869360
8360,0.986571
8361,0.178323
8362,0.915765
8363,0.078643
8364,0.997190
8365,0.666767
8366,0.011719
8367,0.356203
8368,0.846747
8369,0.005619
8370,0.054467
8371,0.805538
8372,0.052091
8373,0.258086
8374,0.296861
8375,0.236639
8376,0.073751
8377,0.004639
8378,0.341282
8379,0.015585
8380,0.472143
8381,0.514156
8382,0.995992
8383,0.023472
8384,0.008039
8385,0.046303
8386,0.872239
8387,0.994143
8388,0.249764
8389,0.137300
8390,0.002709
8391,0.128420
8392,0.007518
8393,0.791339
8394,0.498124
8395,0.200236
8396,0.121577
8397,0.998972
8398,0.965212
8399,0.093976
8400,0.073694
8401,0.587070
8402,0.863396
8403,0.410343
8404,0.022004
8405,0.884901
8406,0.202805
8407,0.964630
8408,0.004152
8409,0.018254
8410,0.079081
8411,0.071198
8412,0.089691
8413,0.093542
8414,0.011563
8415,0.464453
8416,0.004056
8417,0.054140
8418,0.037289
8419,0.863144
8420,0.005544
8421,0.996474
8422,0.062636
8423,0.323272
8424,0.003798
8425,0.477071
8426,0.994637
8427,0.415646
8428,0.951899
8429,0.128632
8430,0.008806
8431,0.232177
8432,0.011235
8433,0.905364
8434,0.232548
8435,0.153951
8436,0.860108
8437,0.811870
8438,0.007870
8439,0.089512
8440,0.022766
8441,0.457577
8442,0.007602
8443,0.252410
8444,0.068739
8445,0.005306
8446,0.027684
8447,0.067851
8448,0.062098
8449,0.625317
8450,0.020199
8451,0.052476
8452,0.002522
8453,0.997699
8454,0.764889
8455,0.168364
8456,0.604028
8457,0.140835
8458,0.995657
8459,0.417705
8460,0.164250
8461,0.066366
8462,0.029536
8463,0.009586
8464,0.057737
8465,0.030114
8466,0.833516
8467,0.009612
8468,0.659733
8469,0.041035
8470,0.130551
8471,0.967172
8472,0.987305
8473,0.128948
8474,0.006600
8475,0.928789
8476,0.099606
8477,0.269021
8478,0.693683
8479,0.002411
8480,0.008414
8481,0.005768
8482,0.012482
8483,0.007921
8484,0.282701
8485,0.162118
8486,0.169021
8487,0.030276
8488,0.004851
8489,0.840691
8490,0.088085
8491,0.859487
8492,0.344725
8493,0.010418
8494,0.047775
8495,0.905769
8496,0.180462
8497,0.079267
8498,0.057734
8499,0.449700
8500,0.008426
8501,0.194140
8502,0.081942
8503,0.911211
8504,0.042807
8505,0.018324
8506,0.113130
8507,0.053637
8508,0.027299
8509,0.009794
8510,0.051887
8511,0.010451
8512,0.028028
8513,0.007908
8514,0.015602
8515,0.146048
8516,0.069054
8517,0.054874
8518,0.217148
8519,0.019097
8520,0.004731
8521,0.191345
8522,0.886963
8523,0.157730
8524,0.971767
8525,0.008870
8526,0.626451
8527,0.015388
8528,0.058966
8529,0.627160
8530,0.829175
8531,0.891890
8532,0.470821
8533,0.021504
8534,0.008766
8535,0.993259
8536,0.112437
8537,0.102075
8538,0.406286
8539,0.057303
8540,0.258528
8541,0.282896
8542,0.089187
8543,0.976455
8544,0.968570
8545,0.068358
8546,0.019395
8547,0.095572
8548,0.855932
8549,0.023722
8550,0.033583
8551,0.042366
8552,0.054854
8553,0.144251
8554,0.276731
8555,0.031228
8556,0.133359
8557,0.826853
8558,0.971354
8559,0.745754
8560,0.990257
8561,0.562385
8562,0.106998
8563,0.136292
8564,0.013611
8565,0.023077
8566,0.858772
8567,0.650623
8568,0.954226
8569,0.141427
8570,0.779225
8571,0.017962
8572,0.994400
8573,0.471509
8574,0.026688
8575,0.108095
8576,0.002325
8577,0.837952
8578,0.979978
8579,0.084869
8580,0.530989
8581,0.813512
8582,0.018920
8583,0.564691
8584,0.543515
8585,0.003385
8586,0.072437
8587,0.029361
8588,0.062836
8589,0.005728
8590,0.621547
8591,0.973130
8592,0.098079
8593,0.124830
8594,0.005518
8595,0.957380
8596,0.366279
8597,0.009009
8598,0.804685
8599,0.942952
8600,0.078656
8601,0.079950
8602,0.069827
8603,0.034675
8604,0.856868
8605,0.036595
8606,0.119397
8607,0.249602
8608,0.975717
8609,0.037327
8610,0.073854
8611,0.504495
8612,0.329691
8613,0.958844
8614,0.903530
8615,0.335167
8616,0.129038
8617,0.070669
8618,0.676951
8619,0.030126
8620,0.116369
8621,0.895962
8622,0.090384
8623,0.919472
8624,0.014056
8625,0.166578
8626,0.008173
8627,0.024346
8628,0.321414
8629,0.004305
8630,0.848797
8631,0.058242
8632,0.101425
8633,0.928735
8634,0.276367
8635,0.767025
8636,0.956957
8637,0.986325
8638,0.006456
8639,0.444136
8640,0.010918
8641,0.573234
8642,0.002613
8643,0.774815
8644,0.003826
8645,0.005819
8646,0.373476
8647,0.420647
8648,0.069818
8649,0.254682
8650,0.007477
8651,0.004036
8652,0.725356
8653,0.005467
8654,0.019378
8655,0.004739
8656,0.004225
8657,0.256513
8658,0.711217
8659,0.074142
8660,0.002940
8661,0.158035
8662,0.006741
8663,0.161094
8664,0.003652
8665,0.006398
8666,0.987311
8667,0.059857
8668,0.035136
8669,0.057616
8670,0.003813
8671,0.276273
8672,0.965710
8673,0.027168
8674,0.023897
8675,0.951734
8676,0.901790
8677,0.003336
8678,0.068380
8679,0.111841
8680,0.330611
8681,0.121846
8682,0.964545
8683,0.878693
8684,0.625754
8685,0.010161
8686,0.057090
8687,0.005329
8688,0.962097
8689,0.069789
8690,0.051617
8691,0.958574
8692,0.066661
8693,0.030802
8694,0.999029
8695,0.967225
8696,0.010095
8697,0.949717
8698,0.147345
8699,0.063120
8700,0.052807
8701,0.891302
8702,0.015059
8703,0.045402
8704,0.003858
8705,0.634039
8706,0.995437
8707,0.022810
8708,0.006908
8709,0.019761
8710,0.115618
8711,0.021419
8712,0.034444
8713,0.140908
8714,0.704255
8715,0.022790
8716,0.008101
8717,0.666958
8718,0.898159
8719,0.043582
8720,0.024571
8721,0.029676
8722,0.971632
8723,0.007956
8724,0.025960
8725,0.030504
8726,0.022464
8727,0.025972
8728,0.245260
8729,0.998990
8730,0.783410
8731,0.581521
8732,0.773635
8733,0.666155
8734,0.003849
8735,0.054038
8736,0.636554
8737,0.872846
8738,0.095016
8739,0.256195
8740,0.966262
8741,0.962840
8742,0.990859
8743,0.029514
8744,0.004363
8745,0.128663
8746,0.111491
8747,0.066931
8748,0.018276
8749,0.056063
8750,0.050009
8751,0.213657
8752,0.542975
8753,0.710890
8754,0.223102
8755,0.934303
8756,0.311018
8757,0.211808
8758,0.026872
8759,0.238278
8760,0.001767
8761,0.843351
8762,0.014978
8763,0.946278
8764,0.242593
8765,0.305360
8766,0.007838
8767,0.058143
8768,0.021126
8769,0.086376
8770,0.052501
8771,0.003175
8772,0.015512
8773,0.010706
8774,0.709303
8775,0.021564
8776,0.025209
8777,0.374525
8778,0.100957
8779,0.009443
8780,0.009986
8781,0.936810
8782,0.078694
8783,0.052764
8784,0.003713
8785,0.011302
8786,0.097424
8787,0.004551
8788,0.978454
8789,0.038172
8790,0.989074
8791,0.068679
8792,0.013947
8793,0.096145
8794,0.888260
8795,0.645248
8796,0.004747
8797,0.620014
8798,0.919495
8799,0.042990
8800,0.025768
8801,0.061210
8802,0.012148
8803,0.630249
8804,0.031924
8805,0.109772
8806,0.202594
8807,0.017455
8808,0.414198
8809,0.383364
8810,0.046024
8811,0.262841
8812,0.914215
8813,0.007062
8814,0.675335
8815,0.934279
8816,0.914551
8817,0.970426
8818,0.869443
8819,0.164339
8820,0.326440
8821,0.123976
8822,0.610839
8823,0.933285
8824,0.009548
8825,0.061256
8826,0.326595
8827,0.720264
8828,0.136885
8829,0.046295
8830,0.015044
8831,0.048807
8832,0.251521
8833,0.023298
8834,0.844126
8835,0.004943
8836,0.043944
8837,0.183234
8838,0.353409
8839,0.075468
8840,0.111513
8841,0.976809
8842,0.896196
8843,0.025828
8844,0.783967
8845,0.063648
8846,0.004559
8847,0.025489
8848,0.989988
8849,0.025319
8850,0.892714
8851,0.075819
8852,0.977946
8853,0.167509
8854,0.004163
8855,0.014297
8856,0.024889
8857,0.022647
8858,0.135924
8859,0.501706
8860,0.090121
8861,0.079299
8862,0.064888
8863,0.209179
8864,0.013351
8865,0.670225
8866,0.979714
8867,0.064406
8868,0.989920
8869,0.160778
8870,0.112429
8871,0.223676
8872,0.015155
8873,0.020192
8874,0.381291
8875,0.145067
8876,0.005958
8877,0.998996
8878,0.002910
8879,0.106412
8880,0.011383
8881,0.332856
8882,0.171384
8883,0.248138
8884,0.938121
8885,0.227488
8886,0.097602
8887,0.010404
8888,0.060991
8889,0.012179
8890,0.070178
8891,0.307975
8892,0.283318
8893,0.298491
8894,0.088563
8895,0.958394
8896,0.479710
8897,0.288192
8898,0.507647
8899,0.095792
8900,0.172005
8901,0.433333
8902,0.995944
8903,0.638951
8904,0.570493
8905,0.573935
8906,0.957695
8907,0.140344
8908,0.060686
8909,0.725101
8910,0.637422
8911,0.026575
8912,0.134299
8913,0.053403
8914,0.067990
8915,0.045254
8916,0.005459
8917,0.023167
8918,0.023372
8919,0.158792
8920,0.149050
8921,0.056824
8922,0.936073
8923,0.035372
8924,0.738866
8925,0.339160
8926,0.029895
8927,0.752239
8928,0.973106
8929,0.354331
8930,0.651969
8931,0.106865
8932,0.931582
8933,0.074818
8934,0.097054
8935,0.845373
8936,0.877588
8937,0.013745
8938,0.957571
8939,0.116808
8940,0.405268
8941,0.005505
8942,0.293956
8943,0.348281
8944,0.774253
8945,0.799346
8946,0.171641
8947,0.944940
8948,0.135980
8949,0.302622
8950,0.643696
8951,0.994147
8952,0.020672
8953,0.016161
8954,0.050385
8955,0.936841
8956,0.781731
8957,0.923314
8958,0.898319
8959,0.192675
8960,0.020849
8961,0.662304
8962,0.021249
8963,0.947404
8964,0.180912
8965,0.038392
8966,0.364609
8967,0.028385
8968,0.010714
8969,0.005346
8970,0.007236
8971,0.012892
8972,0.004586
8973,0.381694
8974,0.013169
8975,0.780297
8976,0.144347
8977,0.025747
8978,0.365445
8979,0.002625
8980,0.010570
8981,0.842032
8982,0.078844
8983,0.640730
8984,0.007914
8985,0.030716
8986,0.005959
8987,0.012310
8988,0.014481
8989,0.279768
8990,0.023463
8991,0.119397
8992,0.010383
8993,0.093560
8994,0.948438
8995,0.746229
8996,0.030394
8997,0.972289
8998,0.018704
8999,0.027814
9000,0.141574
9001,0.263959
9002,0.005645
9003,0.992203
9004,0.344724
9005,0.846379
9006,0.863248
9007,0.087608
9008,0.110018
9009,0.034984
9010,0.847600
9011,0.846589
9012,0.011827
9013,0.016878
9014,0.231512
9015,0.005902
9016,0.149553
9017,0.094238
9018,0.896806
9019,0.172662
9020,0.009755
9021,0.479172
9022,0.037716
9023,0.223994
9024,0.031992
9025,0.450047
9026,0.206089
9027,0.995173
9028,0.242419
9029,0.007597
9030,0.450472
9031,0.123683
9032,0.043417
9033,0.969533
9034,0.072255
9035,0.010191
9036,0.034731
9037,0.012211
9038,0.248176
9039,0.092265
9040,0.047665
9041,0.326741
9042,0.055662
9043,0.235831
9044,0.005730
9045,0.015088
9046,0.008064
9047,0.073735
9048,0.259858
9049,0.974593
9050,0.098186
9051,0.948896
9052,0.036023
9053,0.019446
9054,0.104720
9055,0.483639
9056,0.241271
9057,0.068652
9058,0.998013
9059,0.059809
9060,0.011325
9061,0.488835
9062,0.879503
9063,0.019134
9064,0.012055
9065,0.476739
9066,0.091679
9067,0.503441
9068,0.027088
9069,0.011747
9070,0.047319
9071,0.063464
9072,0.839796
9073,0.790141
9074,0.918257
9075,0.006053
9076,0.840178
9077,0.005938
9078,0.180151
9079,0.790709
9080,0.744666
9081,0.717984
9082,0.525744
9083,0.391093
9084,0.045411
9085,0.947464
9086,0.862070
9087,0.974980
9088,0.748313
9089,0.164537
9090,0.320963
9091,0.302944
9092,0.357423
9093,0.018868
9094,0.020285
9095,0.899577
9096,0.930480
9097,0.002424
9098,0.086625
9099,0.232636
9100,0.011464
9101,0.904478
9102,0.053997
9103,0.672141
9104,0.158367
9105,0.056877
9106,0.140735
9107,0.005996
9108,0.393868
9109,0.352525
9110,0.003036
9111,0.904119
9112,0.012281
9113,0.657783
9114,0.010486
9115,0.846074
9116,0.092127
9117,0.891218
9118,0.181080
9119,0.621201
9120,0.051123
9121,0.442499
9122,0.109762
9123,0.217388
9124,0.005193
9125,0.643104
9126,0.222294
9127,0.033027
9128,0.006475
9129,0.008475
9130,0.449550
9131,0.964118
9132,0.125903
9133,0.019881
9134,0.043276
9135,0.263186
9136,0.006746
9137,0.046416
9138,0.022683
9139,0.025453
9140,0.914088
9141,0.063046
9142,0.058946
9143,0.830462
9144,0.289899
9145,0.026442
9146,0.002628
9147,0.141016
9148,0.478802
9149,0.075160
9150,0.249405
9151,0.011629
9152,0.544014
9153,0.181170
9154,0.531311
9155,0.995505
9156,0.645067
9157,0.876330
9158,0.156730
9159,0.006131
9160,0.187434
9161,0.003746
9162,0.087591
9163,0.003197
9164,0.029747
9165,0.022229
9166,0.971795
9167,0.013700
9168,0.250597
9169,0.910013
9170,0.636711
9171,0.976933
9172,0.947153
9173,0.317501
9174,0.143185
9175,0.036321
9176,0.002183
9177,0.339984
9178,0.448403
9179,0.014703
9180,0.006321
9181,0.552786
9182,0.005181
9183,0.013302
9184,0.104635
9185,0.014273
9186,0.107156
9187,0.023043
9188,0.053186
9189,0.785937
9190,0.004076
9191,0.020058
9192,0.946278
9193,0.003234
9194,0.008821
9195,0.007530
9196,0.923943
9197,0.048086
9198,0.005030
9199,0.035015
9200,0.053483
9201,0.997947
9202,0.047602
9203,0.039895
9204,0.205073
9205,0.007024
9206,0.297665
9207,0.391312
9208,0.004588
9209,0.019811
9210,0.968493
9211,0.849578
9212,0.182940
9213,0.071628
9214,0.029664
9215,0.060982
9216,0.175150
9217,0.031782
9218,0.217476
9219,0.047932
9220,0.024862
9221,0.392969
9222,0.067965
9223,0.993484
9224,0.084902
9225,0.993181
9226,0.995657
9227,0.034981
9228,0.024910
9229,0.020361
9230,0.101162
9231,0.040425
9232,0.841011
9233,0.005774
9234,0.123365
9235,0.070524
9236,0.007498
9237,0.069738
9238,0.118738
9239,0.283035
9240,0.662881
9241,0.107682
9242,0.002146
9243,0.995756
9244,0.007578
9245,0.040473
9246,0.316021
9247,0.044778
9248,0.992695
9249,0.995665
9250,0.044458
9251,0.459667
9252,0.007117
9253,0.005471
9254,0.101129
9255,0.998996
9256,0.084631
9257,0.229194
9258,0.879897
9259,0.026748
9260,0.054548
9261,0.916590
9262,0.690099
9263,0.013786
9264,0.008839
9265,0.013868
9266,0.764650
9267,0.637521
9268,0.058809
9269,0.667743
9270,0.006070
9271,0.003101
9272,0.018951
9273,0.060401
9274,0.024940
9275,0.012870
9276,0.014983
9277,0.225878
9278,0.985839
9279,0.121175
9280,0.713322
9281,0.951899
9282,0.300913
9283,0.791119
9284,0.139337
9285,0.313150
9286,0.094770
9287,0.191564
9288,0.095840
9289,0.059791
9290,0.073479
9291,0.064165
9292,0.399665
9293,0.260140
9294,0.101820
9295,0.281650
9296,0.074953
9297,0.955874
9298,0.078166
9299,0.005927
9300,0.094070
9301,0.096490
9302,0.043338
9303,0.052627
9304,0.051364
9305,0.009424
9306,0.097433
9307,0.768677
9308,0.948381
9309,0.953874
9310,0.071621
9311,0.893972
9312,0.786605
9313,0.757685
9314,0.009005
9315,0.372210
9316,0.850530
9317,0.492022
9318,0.006746
9319,0.026249
9320,0.030848
9321,0.691301
9322,0.658085
9323,0.634135
9324,0.022247
9325,0.004750
9326,0.077924
9327,0.033148
9328,0.552348
9329,0.104960
9330,0.859925
9331,0.246940
9332,0.041162
9333,0.050308
9334,0.492550
9335,0.007765
9336,0.080654
9337,0.674273
9338,0.177262
9339,0.279669
9340,0.125949
9341,0.042093
9342,0.048415
9343,0.043745
9344,0.107818
9345,0.003807
9346,0.152781
9347,0.022638
9348,0.068296
9349,0.059151
9350,0.093136
9351,0.012998
9352,0.088589
9353,0.022622
9354,0.035763
9355,0.424400
9356,0.216749
9357,0.009861
9358,0.163939
9359,0.972316
9360,0.156044
9361,0.003251
9362,0.026078
9363,0.037554
9364,0.401756
9365,0.005584
9366,0.079857
9367,0.963681
9368,0.155099
9369,0.159425
9370,0.951900
9371,0.384471
9372,0.016441
9373,0.005743
9374,0.032492
9375,0.118504
9376,0.786928
9377,0.064414
9378,0.999054
9379,0.093025
9380,0.032335
9381,0.984849
9382,0.081812
9383,0.980554
9384,0.948719
9385,0.973489
9386,0.005936
9387,0.459301
9388,0.246810
9389,0.648274
9390,0.025033
9391,0.090929
9392,0.048983
9393,0.020628
9394,0.613281
9395,0.878001
9396,0.025336
9397,0.995299
9398,0.006915
9399,0.003683
9400,0.576594
9401,0.044497
9402,0.100924
9403,0.010802
9404,0.975284
9405,0.363538
9406,0.002930
9407,0.008352
9408,0.510053
9409,0.286760
9410,0.945028
9411,0.234071
9412,0.030279
9413,0.053416
9414,0.004866
9415,0.319950
9416,0.007384
9417,0.007870
9418,0.040139
9419,0.198401
9420,0.964188
9421,0.080880
9422,0.995190
9423,0.072408
9424,0.742604
9425,0.972780
9426,0.164276
9427,0.077845
9428,0.077724
9429,0.413767
9430,0.002648
9431,0.935169
9432,0.011423
9433,0.920316
9434,0.010386
9435,0.998334
9436,0.975664
9437,0.004161
9438,0.352010
9439,0.009516
9440,0.378175
9441,0.762260
9442,0.063883
9443,0.052132
9444,0.070425
9445,0.929430
9446,0.012191
9447,0.971124
9448,0.031324
9449,0.027488
9450,0.063565
9451,0.002556
9452,0.980324
9453,0.276894
9454,0.015841
9455,0.021204
9456,0.005417
9457,0.476841
9458,0.006688
9459,0.335010
9460,0.011227
9461,0.901932
9462,0.254609
9463,0.047727
9464,0.129708
9465,0.002225
9466,0.678514
9467,0.894451
9468,0.146895
9469,0.001309
9470,0.975669
9471,0.008352
9472,0.974022
9473,0.132918
9474,0.966168
9475,0.029004
9476,0.020941
9477,0.054423
9478,0.845578
9479,0.068224
9480,0.923253
9481,0.935791
9482,0.211255
9483,0.947153
9484,0.046492
9485,0.181621
9486,0.939186
9487,0.815040
9488,0.970645
9489,0.243250
9490,0.007983
9491,0.045592
9492,0.983231
9493,0.063334
9494,0.054759
9495,0.004302
9496,0.014912
9497,0.114811
9498,0.245089
9499,0.935914
9500,0.190560
9501,0.105512
9502,0.963329
9503,0.976600
9504,0.283952
9505,0.672263
9506,0.984416
9507,0.050306
9508,0.044813
9509,0.051027
9510,0.020561
9511,0.333078
9512,0.125230
9513,0.735654
9514,0.155201
9515,0.100457
9516,0.238755
9517,0.045492
9518,0.016790
9519,0.024426
9520,0.004860
9521,0.018552
9522,0.403924
9523,0.014178
9524,0.031142
9525,0.002816
9526,0.600571
9527,0.035826
9528,0.111467
9529,0.193359
9530,0.031716
9531,0.025447
9532,0.029058
9533,0.573224
9534,0.777821
9535,0.644134
9536,0.015625
9537,0.978765
9538,0.031544
9539,0.514776
9540,0.986243
9541,0.147006
9542,0.247728
9543,0.007404
9544,0.027017
9545,0.113098
9546,0.955409
9547,0.839993
9548,0.012092
9549,0.147130
9550,0.557772
9551,0.686758
9552,0.968980
9553,0.564274
9554,0.976845
9555,0.485461
9556,0.022493
9557,0.969457
9558,0.046783
9559,0.053480
9560,0.002650
9561,0.069701
9562,0.991566
9563,0.247612
9564,0.960304
9565,0.004847
9566,0.123465
9567,0.992901
9568,0.022378
9569,0.087575
9570,0.489855
9571,0.082704
9572,0.132376
9573,0.876833
9574,0.932233
9575,0.061831
9576,0.959195
9577,0.156924
9578,0.003714
9579,0.007801
9580,0.894029
9581,0.863869
9582,0.008790
9583,0.847473
9584,0.911962
9585,0.025547
9586,0.006866
9587,0.022344
9588,0.955920
9589,0.021279
9590,0.209155
9591,0.390760
9592,0.553227
9593,0.024939
9594,0.938025
9595,0.974120
9596,0.056831
9597,0.910964
9598,0.967199
9599,0.112380
9600,0.770630
9601,0.522918
9602,0.003231
9603,0.074637
9604,0.049249
9605,0.077416
9606,0.003955
9607,0.184323
9608,0.673756
9609,0.647677
9610,0.002579
9611,0.005049
9612,0.008098
9613,0.030036
9614,0.451734
9615,0.158594
9616,0.865962
9617,0.025448
9618,0.334575
9619,0.222414
9620,0.004766
9621,0.388875
9622,0.014433
9623,0.711922
9624,0.113281
9625,0.008013
9626,0.046430
9627,0.065448
9628,0.958169
9629,0.525890
9630,0.958915
9631,0.998424
9632,0.989670
9633,0.070334
9634,0.097536
9635,0.998228
9636,0.973686
9637,0.008521
9638,0.082778
9639,0.075564
9640,0.158605
9641,0.004219
9642,0.114767
9643,0.070393
9644,0.990363
9645,0.166121
9646,0.432985
9647,0.747241
9648,0.004362
9649,0.834662
9650,0.026421
9651,0.975993
9652,0.720918
9653,0.324432
9654,0.154391
9655,0.013863
9656,0.489237
9657,0.962691
9658,0.999042
9659,0.027770
9660,0.034726
9661,0.070892
9662,0.968122
9663,0.018682
9664,0.009636
9665,0.140788
9666,0.028451
9667,0.122544
9668,0.185388
9669,0.068702
9670,0.730181
9671,0.343854
9672,0.040903
9673,0.088307
9674,0.598776
9675,0.117575
9676,0.149916
9677,0.002579
9678,0.930512
9679,0.022315
9680,0.523672
9681,0.372797
9682,0.177606
9683,0.938337
9684,0.037256
9685,0.853178
9686,0.136966
9687,0.103153
9688,0.039174
9689,0.018344
9690,0.245516
9691,0.781662
9692,0.059581
9693,0.066277
9694,0.681681
9695,0.010435
9696,0.936050
9697,0.232924
9698,0.069728
9699,0.014964
9700,0.041768
9701,0.183832
9702,0.996173
9703,0.079804
9704,0.069552
9705,0.167004
9706,0.826847
9707,0.092683
9708,0.024325
9709,0.105589
9710,0.338988
9711,0.041188
9712,0.336954
9713,0.639041
9714,0.020963
9715,0.063839
9716,0.482659
9717,0.022338
9718,0.035876
9719,0.127871
9720,0.997990
9721,0.980234
9722,0.075217
9723,0.013968
9724,0.050488
9725,0.951409
9726,0.106684
9727,0.151237
9728,0.248962
9729,0.033373
9730,0.969105
9731,0.015209
9732,0.003907
9733,0.014518
9734,0.030862
9735,0.532599
9736,0.279398
9737,0.037867
9738,0.018620
9739,0.937483
9740,0.047436
9741,0.056997
9742,0.054937
9743,0.822065
9744,0.034893
9745,0.804736
9746,0.004497
9747,0.456837
9748,0.860038
9749,0.954724
9750,0.008613
9751,0.969534
9752,0.025195
9753,0.961905
9754,0.225553
9755,0.994371
9756,0.095288
9757,0.974970
9758,0.191795
9759,0.019275
9760,0.007089
9761,0.187286
9762,0.002844
9763,0.068008
9764,0.901465
9765,0.194407
9766,0.147425
9767,0.995875
9768,0.597952
9769,0.018791
9770,0.567911
9771,0.074673
9772,0.082617
9773,0.792760
9774,0.006546
9775,0.100484
9776,0.006540
9777,0.117768
9778,0.229571
9779,0.133470
9780,0.995859
9781,0.092531
9782,0.775156
9783,0.123619
9784,0.535187
9785,0.961956
9786,0.631021
9787,0.018472
9788,0.006209
9789,0.426991
9790,0.226619
9791,0.040850
9792,0.068598
9793,0.085258
9794,0.525024
9795,0.073487
9796,0.063663
9797,0.964776
9798,0.420393
9799,0.087101
9800,0.041728
9801,0.024202
9802,0.146863
9803,0.003191
9804,0.730103
9805,0.005135
9806,0.801166
9807,0.058587
9808,0.027546
9809,0.050438
9810,0.010848
9811,0.015834
9812,0.024658
9813,0.005485
9814,0.054409
9815,0.351716
9816,0.168435
9817,0.042815
9818,0.348466
9819,0.913551
9820,0.032072
9821,0.066397
9822,0.005082
9823,0.866493
9824,0.572376
9825,0.977447
9826,0.005702
9827,0.992511
9828,0.456994
9829,0.652497
9830,0.992098
9831,0.021044
9832,0.092518
9833,0.119349
9834,0.022944
9835,0.733364
9836,0.968305
9837,0.993985
9838,0.003125
9839,0.033491
9840,0.994124
9841,0.031196
9842,0.332607
9843,0.782942
9844,0.020218
9845,0.004727
9846,0.815295
9847,0.429513
9848,0.074078
9849,0.004185
9850,0.147837
9851,0.074855
9852,0.008055
9853,0.026354
9854,0.099520
9855,0.146573
9856,0.037070
9857,0.959760
9858,0.042241
9859,0.915152
9860,0.075165
9861,0.074188
9862,0.123240
9863,0.007309
9864,0.887004
9865,0.995327
9866,0.059592
9867,0.003183
9868,0.375716
9869,0.137141
9870,0.898698
9871,0.899098
9872,0.083964
9873,0.008401
9874,0.749802
9875,0.191737
9876,0.100646
9877,0.165754
9878,0.062047
9879,0.862860
9880,0.035508
9881,0.921018
9882,0.889572
9883,0.030734
9884,0.015718
9885,0.045325
9886,0.124948
9887,0.030489
9888,0.898187
9889,0.995034
9890,0.250012
9891,0.017158
9892,0.116566
9893,0.120083
9894,0.089780
9895,0.058278
9896,0.853710
9897,0.157251
9898,0.064224
9899,0.034704
9900,0.134619
9901,0.085642
9902,0.042229
9903,0.038895
9904,0.759781
9905,0.016255
9906,0.066653
9907,0.342631
9908,0.004258
9909,0.950588
9910,0.954215
9911,0.086365
9912,0.043191
9913,0.011389
9914,0.253262
9915,0.997839
9916,0.114760
9917,0.104182
9918,0.012142
9919,0.710432
9920,0.006986
9921,0.447982
9922,0.001510
9923,0.255844
9924,0.217422
9925,0.188385
9926,0.106927
9927,0.133476
9928,0.008930
9929,0.930473
9930,0.950386
9931,0.374479
9932,0.125421
9933,0.169089
9934,0.018309
9935,0.798519
9936,0.977414
9937,0.462523
9938,0.307785
9939,0.040289
9940,0.092983
9941,0.020642
9942,0.109872
9943,0.017115
9944,0.047650
9945,0.948160
9946,0.071415
9947,0.077857
9948,0.034042
9949,0.003915
9950,0.028958
9951,0.184534
9952,0.006623
9953,0.997562
9954,0.831199
9955,0.103523
9956,0.900411
9957,0.015431
9958,0.996239
9959,0.227481
9960,0.685189
9961,0.010267
9962,0.069767
9963,0.018707
9964,0.366945
9965,0.031717
9966,0.005237
9967,0.005533
9968,0.093926
9969,0.003475
9970,0.070833
9971,0.987492
9972,0.062937
9973,0.051373
9974,0.050670
9975,0.971583
9976,0.212572
9977,0.164314
9978,0.143376
9979,0.002700
9980,0.177343
9981,0.069972
9982,0.002167
9983,0.119957
9984,0.006914
9985,0.009374
9986,0.020877
9987,0.085523
9988,0.073235
9989,0.015250
9990,0.106308
9991,0.944694
9992,0.025418
9993,0.061827
9994,0.647584
9995,0.003539
9996,0.204370
9997,0.547445
9998,0.981240
9999,0.074166
10000,0.555100
10001,0.903134
10002,0.251559
10003,0.357370
10004,0.005287
10005,0.964502
10006,0.936994
10007,0.025397
10008,0.968042
10009,0.928078
10010,0.132122
10011,0.060087
10012,0.897928
10013,0.063711
10014,0.246069
10015,0.080821
10016,0.051762
10017,0.013040
10018,0.002743
10019,0.053817
10020,0.021800
10021,0.029795
10022,0.973741
10023,0.979215
10024,0.618638
10025,0.007606
10026,0.013326
10027,0.064077
10028,0.873234
10029,0.009745
10030,0.003891
10031,0.096931
10032,0.692245
10033,0.927575
10034,0.006778
10035,0.018437
10036,0.066202
10037,0.906460
10038,0.009558
10039,0.305577
10040,0.142494
10041,0.020241
10042,0.932358
10043,0.015552
10044,0.166092
10045,0.020038
10046,0.005934
10047,0.900494
10048,0.078997
10049,0.807253
10050,0.017552
10051,0.464892
10052,0.930866
10053,0.091779
10054,0.365243
10055,0.440283
10056,0.005186
10057,0.957281
10058,0.986038
10059,0.089201
10060,0.855032
10061,0.112974
10062,0.004366
10063,0.127868
10064,0.974196
10065,0.237141
10066,0.052938
10067,0.017184
10068,0.012942
10069,0.062627
10070,0.016907
10071,0.265687
10072,0.903010
10073,0.743117
10074,0.229235
10075,0.887095
10076,0.929852
10077,0.083360
10078,0.004874
10079,0.139236
10080,0.113914
10081,0.157198
10082,0.292592
10083,0.019678
10084,0.134593
10085,0.172605
10086,0.073158
10087,0.879396
10088,0.054611
10089,0.788277
10090,0.003821
10091,0.022146
10092,0.002415
10093,0.037280
10094,0.580273
10095,0.028541
10096,0.029129
10097,0.976118
10098,0.202303
10099,0.210769
10100,0.009116
10101,0.005624
10102,0.020531
10103,0.026800
10104,0.948193
10105,0.004433
10106,0.110312
10107,0.013639
10108,0.437090
10109,0.098601
10110,0.137493
10111,0.029690
10112,0.024459
10113,0.092086
10114,0.012081
10115,0.009917
10116,0.636126
10117,0.040399
10118,0.060897
10119,0.514717
10120,0.439748
10121,0.148483
10122,0.140211
10123,0.111421
10124,0.007262
10125,0.101642
10126,0.960780
10127,0.032229
10128,0.073387
10129,0.053616
10130,0.183050
10131,0.786142
10132,0.425288
10133,0.066521
10134,0.976248
10135,0.032858
10136,0.021898
10137,0.007322
10138,0.507560
10139,0.786141
10140,0.225126
10141,0.196072
10142,0.005114
10143,0.127042
10144,0.005146
10145,0.023914
10146,0.077626
10147,0.359564
10148,0.572925
10149,0.683645
10150,0.068042
10151,0.036954
10152,0.007508
10153,0.923959
10154,0.106985
10155,0.066796
10156,0.648474
10157,0.231764
10158,0.959632
10159,0.119691
10160,0.988385
10161,0.029106
10162,0.926883
10163,0.996349
10164,0.006001
10165,0.015354
10166,0.004632
10167,0.893182
10168,0.301674
10169,0.916180
10170,0.006422
10171,0.123158
10172,0.409876
10173,0.148151
10174,0.004130
10175,0.415473
10176,0.004718
10177,0.994538
10178,0.004334
10179,0.035861
10180,0.133916
10181,0.004726
10182,0.038263
10183,0.961828
10184,0.995426
10185,0.917809
10186,0.333178
10187,0.009295
10188,0.050251
10189,0.013071
10190,0.001791
10191,0.977502
10192,0.951157
10193,0.043143
10194,0.096893
10195,0.013965
10196,0.469971
10197,0.043715
10198,0.042601
10199,0.050996
10200,0.009761
10201,0.005952
10202,0.071166
10203,0.021633
10204,0.907615
10205,0.016337
10206,0.993972
10207,0.015232
10208,0.960638
10209,0.895158
10210,0.969827
10211,0.627223
10212,0.933115
10213,0.706077
10214,0.178138
10215,0.068746
10216,0.421068
10217,0.918339
10218,0.010004
10219,0.080817
10220,0.077742
10221,0.004392
10222,0.009334
10223,0.935603
10224,0.844024
10225,0.054075
10226,0.044366
10227,0.999138
10228,0.009704
10229,0.288226
10230,0.998772
10231,0.031666
10232,0.201288
10233,0.189815
10234,0.064783
10235,0.015843
10236,0.042432
10237,0.641055
10238,0.064638
10239,0.906075
10240,0.039227
10241,0.013227
10242,0.122386
10243,0.069667
10244,0.005580
10245,0.952387
10246,0.030960
10247,0.575546
10248,0.679814
10249,0.731165
10250,0.010134
10251,0.102953
10252,0.026998
10253,0.912117
10254,0.125632
10255,0.060986
10256,0.979659
10257,0.853413
10258,0.029277
10259,0.039361
10260,0.973745
10261,0.009700
10262,0.003049
10263,0.747002
10264,0.611826
10265,0.016330
10266,0.512821
10267,0.884426
10268,0.045075
10269,0.031094
10270,0.579975
10271,0.009119
10272,0.061751
10273,0.876625
10274,0.580259
10275,0.326423
10276,0.050159
10277,0.150543
10278,0.083591
10279,0.974309
10280,0.020882
10281,0.770804
10282,0.020906
10283,0.263176
10284,0.324779
10285,0.034824
10286,0.104393
10287,0.169146
10288,0.785807
10289,0.752472
10290,0.064142
10291,0.039688
10292,0.021574
10293,0.040196
10294,0.391290
10295,0.150923
10296,0.958707
10297,0.106545
10298,0.105694
10299,0.160308
10300,0.927486
10301,0.001884
10302,0.781639
10303,0.086011
10304,0.131328
10305,0.040835
10306,0.859068
10307,0.095929
10308,0.125992
10309,0.038932
10310,0.086778
10311,0.134531
10312,0.980148
10313,0.031219
10314,0.001919
10315,0.713637
10316,0.226750
10317,0.098820
10318,0.261988
10319,0.008549
10320,0.120349
10321,0.045716
10322,0.105993
10323,0.044601
10324,0.002079
10325,0.251223
10326,0.495675
10327,0.011478
10328,0.775310
10329,0.317876
10330,0.051613
10331,0.051619
10332,0.038030
10333,0.255388
10334,0.976034
10335,0.944982
10336,0.165788
10337,0.663880
10338,0.567946
10339,0.558400
10340,0.658607
10341,0.068101
10342,0.881888
10343,0.892332
10344,0.897052
10345,0.019860
10346,0.969920
10347,0.904566
10348,0.008211
10349,0.757622
10350,0.080004
10351,0.967638
10352,0.039749
10353,0.949869
10354,0.556601
10355,0.150065
10356,0.088886
10357,0.162473
10358,0.927556
10359,0.022922
10360,0.934915
10361,0.945917
10362,0.009909
10363,0.021102
10364,0.429171
10365,0.008929
10366,0.141647
10367,0.015827
10368,0.978707
10369,0.008997
10370,0.007716
10371,0.126682
10372,0.046261
10373,0.653431
10374,0.963679
10375,0.005101
10376,0.042483
10377,0.131466
10378,0.524295
10379,0.043479
10380,0.155838
10381,0.037435
10382,0.904593
10383,0.998428
10384,0.028361
10385,0.054312
10386,0.086034
10387,0.011255
10388,0.106789
10389,0.024042
10390,0.482755
10391,0.003028
10392,0.350640
10393,0.012685
10394,0.782503
10395,0.167771
10396,0.614361
10397,0.231970
10398,0.919230
10399,0.117058
10400,0.684635
10401,0.639342
10402,0.412398
10403,0.050670
10404,0.017951
10405,0.620260
10406,0.591766
10407,0.013136
10408,0.914321
10409,0.229489
10410,0.500461
10411,0.050023
10412,0.043071
10413,0.037288
10414,0.975138
10415,0.209357
10416,0.484585
10417,0.060054
10418,0.963875
10419,0.099280
10420,0.463253
10421,0.960324
10422,0.586531
10423,0.089725
10424,0.798640
10425,0.306044
10426,0.013670
10427,0.042234
10428,0.038357
10429,0.059582
10430,0.275711
10431,0.599676
10432,0.942735
10433,0.074788
10434,0.006370
10435,0.016666
10436,0.009228
10437,0.007716
10438,0.010557
10439,0.001969
10440,0.001859
10441,0.908675
10442,0.929315
10443,0.366557
10444,0.212222
10445,0.041087
10446,0.018140
10447,0.901042
10448,0.018616
10449,0.978190
10450,0.996968
10451,0.202316
10452,0.968625
10453,0.848002
10454,0.259546
10455,0.007625
10456,0.011665
10457,0.008524
10458,0.983230
10459,0.042983
10460,0.065989
10461,0.447360
10462,0.153126
10463,0.051920
10464,0.964549
10465,0.010619
10466,0.087154
10467,0.024222
10468,0.465195
10469,0.759519
10470,0.854759
10471,0.020348
10472,0.851321
10473,0.290372
10474,0.136594
10475,0.006477
10476,0.115499
10477,0.988775
10478,0.946763
10479,0.079174
10480,0.967204
10481,0.933131
10482,0.109588
10483,0.039140
10484,0.961689
10485,0.096477
10486,0.077847
10487,0.054201
10488,0.464267
10489,0.340714
10490,0.717831
10491,0.053871
10492,0.002713
10493,0.980634
10494,0.279093
10495,0.971205
10496,0.033837
10497,0.014689
10498,0.248501
10499,0.050882
10500,0.966823
10501,0.270966
10502,0.599801
10503,0.903889
10504,0.168749
10505,0.110065
10506,0.338959
10507,0.462777
10508,0.030053
10509,0.012850
10510,0.972778
10511,0.144766
10512,0.024549
10513,0.097958
10514,0.742682
10515,0.016763
10516,0.868041
10517,0.047460
10518,0.304264
10519,0.620093
10520,0.987322
10521,0.217150
10522,0.003511
10523,0.031835
10524,0.903391
10525,0.421275
10526,0.176042
10527,0.400396
10528,0.571801
10529,0.953198
10530,0.134310
10531,0.090913
10532,0.011779
10533,0.048427
10534,0.071164
10535,0.455415
10536,0.998552
10537,0.088100
10538,0.049437
10539,0.032939
10540,0.349925
10541,0.912889
10542,0.152912
10543,0.911969
10544,0.750261
10545,0.919585
10546,0.995658
10547,0.777406
10548,0.034270
10549,0.963797
10550,0.113346
10551,0.013786
10552,0.015267
10553,0.046150
10554,0.975131
10555,0.030170
10556,0.189839
10557,0.085421
10558,0.888761
10559,0.866696
10560,0.044375
10561,0.005156
10562,0.232921
10563,0.870572
10564,0.654717
10565,0.008915
10566,0.501301
10567,0.024897
10568,0.086309
10569,0.165110
10570,0.411650
10571,0.123217
10572,0.046277
10573,0.178756
10574,0.964805
10575,0.012247
10576,0.018837
10577,0.948896
10578,0.793201
10579,0.025518
10580,0.002964
10581,0.063582
10582,0.908366
10583,0.976622
10584,0.035171
10585,0.964134
10586,0.134226
10587,0.887132
10588,0.012671
10589,0.123695
10590,0.447423
10591,0.009005
10592,0.919061
10593,0.089488
10594,0.023377
10595,0.004369
10596,0.254317
10597,0.950129
10598,0.104576
10599,0.141143
10600,0.036614
10601,0.860538
10602,0.062580
10603,0.928468
10604,0.002573
10605,0.746043
10606,0.972011
10607,0.014240
10608,0.005793
10609,0.108858
10610,0.025310
10611,0.926137
10612,0.009961
10613,0.039508
10614,0.032162
10615,0.053930
10616,0.208989
10617,0.812386
10618,0.951862
10619,0.007050
10620,0.949132
10621,0.022617
10622,0.458942
10623,0.099711
10624,0.083883
10625,0.175456
10626,0.147974
10627,0.087830
10628,0.360504
10629,0.006982
10630,0.980218
10631,0.002678
10632,0.046131
10633,0.016400
10634,0.458838
10635,0.925484
10636,0.936986
10637,0.997147
10638,0.074442
10639,0.896954
10640,0.212664
10641,0.207104
10642,0.486597
10643,0.003777
10644,0.016419
10645,0.996453
10646,0.006431
10647,0.004006
10648,0.006432
10649,0.914993
10650,0.241790
10651,0.126437
10652,0.995368
10653,0.349847
10654,0.843765
10655,0.120964
10656,0.976069
10657,0.265905
10658,0.125644
10659,0.028582
10660,0.003298
10661,0.968578
10662,0.027996
10663,0.150182
10664,0.120431
10665,0.005853
10666,0.467118
10667,0.405409
10668,0.645373
10669,0.003940
10670,0.042716
10671,0.005488
10672,0.002842
10673,0.078755
10674,0.357993
10675,0.811734
10676,0.046044
10677,0.960620
10678,0.076264
10679,0.045188
10680,0.003408
10681,0.415945
10682,0.038472
10683,0.488517
10684,0.032808
10685,0.909288
10686,0.983861
10687,0.029626
10688,0.008712
10689,0.854930
10690,0.006080
10691,0.523281
10692,0.912518
10693,0.839719
10694,0.009656
10695,0.629963
10696,0.109249
10697,0.023345
10698,0.838843
10699,0.997805
10700,0.858893
10701,0.131515
10702,0.024471
10703,0.939697
10704,0.503739
10705,0.974147
10706,0.640099
10707,0.937281
10708,0.012450
10709,0.075756
10710,0.009798
10711,0.003244
10712,0.236625
10713,0.051534
10714,0.004564
10715,0.322942
10716,0.760018
10717,0.067236
10718,0.002330
10719,0.614176
10720,0.744781
10721,0.973363
10722,0.916254
10723,0.945493
10724,0.002945
10725,0.081384
10726,0.901851
10727,0.998163
10728,0.035074
10729,0.107028
10730,0.006972
10731,0.993908
10732,0.088531
10733,0.072690
10734,0.169989
10735,0.972329
10736,0.004731
10737,0.207907
10738,0.005842
10739,0.862173
10740,0.213062
10741,0.192059
10742,0.963704
10743,0.005962
10744,0.834532
10745,0.315763
10746,0.816427
10747,0.020458
10748,0.991764
10749,0.997495
10750,0.799056
10751,0.020046
10752,0.122419
10753,0.107865
10754,0.710865
10755,0.007940
10756,0.158808
10757,0.987927
10758,0.662010
10759,0.081293
10760,0.385431
10761,0.005533
10762,0.059386
10763,0.615618
10764,0.945514
10765,0.856120
10766,0.072700
10767,0.129760
10768,0.005288
10769,0.448898
10770,0.988492
10771,0.080859
10772,0.011247
10773,0.003213
10774,0.018075
10775,0.507611
10776,0.419269
10777,0.032583
10778,0.060624
10779,0.906218
10780,0.006092
10781,0.038004
10782,0.003873
10783,0.846957
10784,0.152591
10785,0.378285
10786,0.987408
10787,0.115168
10788,0.006492
10789,0.998421
10790,0.253846
10791,0.082062
10792,0.009213
10793,0.829241
10794,0.254459
10795,0.558824
10796,0.062364
10797,0.019687
10798,0.879895
10799,0.085235
10800,0.106703
10801,0.032292
10802,0.003895
10803,0.032405
10804,0.978020
10805,0.913602
10806,0.055346
10807,0.090827
10808,0.072687
10809,0.071629
10810,0.898432
10811,0.047241
10812,0.028233
10813,0.031710
10814,0.196929
10815,0.497206
10816,0.076193
10817,0.966889
10818,0.158467
10819,0.107084
10820,0.002895
10821,0.052503
10822,0.031014
10823,0.036168
10824,0.002839
10825,0.080408
10826,0.165350
10827,0.006508
10828,0.940104
10829,0.101094
10830,0.022012
10831,0.315119
10832,0.361490
10833,0.039315
10834,0.092742
10835,0.296015
10836,0.037573
10837,0.496001
10838,0.263526
10839,0.144200
10840,0.030187
10841,0.165580
10842,0.833261
10843,0.972408
10844,0.198736
10845,0.043108
10846,0.095944
10847,0.013974
10848,0.157854
10849,0.045556
10850,0.183581
10851,0.344429
10852,0.944998
10853,0.031204
10854,0.002786
10855,0.076633
10856,0.063116
10857,0.037293
10858,0.169025
10859,0.964136
10860,0.202066
10861,0.031138
10862,0.073589
10863,0.103886
10864,0.940847
10865,0.329619
10866,0.098567
10867,0.043540
10868,0.020309
10869,0.956701
10870,0.192465
10871,0.030290
10872,0.152274
10873,0.058298
10874,0.998331
10875,0.193690
10876,0.076176
10877,0.025133
10878,0.002141
10879,0.964105
10880,0.049170
10881,0.948320
10882,0.908049
10883,0.846741
10884,0.952229
10885,0.007399
10886,0.734913
10887,0.078115
10888,0.940699
10889,0.074874
10890,0.953210
10891,0.005503
10892,0.009629
10893,0.985490
10894,0.961449
10895,0.943374
10896,0.086599
10897,0.051448
10898,0.010666
10899,0.005315
10900,0.069685
10901,0.454773
10902,0.137120
10903,0.232582
10904,0.008414
10905,0.452331
10906,0.154445
10907,0.123925
10908,0.752092
10909,0.007485
10910,0.954293
10911,0.983274
10912,0.007371
10913,0.904861
10914,0.999078
10915,0.843368
10916,0.938091
10917,0.117529
10918,0.326001
10919,0.132817
10920,0.937610
10921,0.982379
10922,0.934373
10923,0.810800
10924,0.497447
10925,0.056053
10926,0.433038
10927,0.006216
10928,0.457959
10929,0.953036
10930,0.371988
10931,0.121789
10932,0.012653
10933,0.121383
10934,0.251826
10935,0.993366
10936,0.253618
10937,0.135049
10938,0.974259
10939,0.218274
10940,0.905296
10941,0.997770
10942,0.511779
10943,0.009654
10944,0.062636
10945,0.120713
10946,0.034889
10947,0.058403
10948,0.003613
10949,0.018102
10950,0.011891
10951,0.948411
10952,0.059868
10953,0.015714
10954,0.067467
10955,0.335527
10956,0.560456
10957,0.003889
10958,0.018671
10959,0.003551
10960,0.967133
10961,0.334322
10962,0.639104
10963,0.333477
10964,0.003257
10965,0.905891
10966,0.939926
10967,0.948303
10968,0.250846
10969,0.144463
10970,0.036886
10971,0.159682
10972,0.501531
10973,0.597172
10974,0.211879
10975,0.573219
10976,0.145004
10977,0.966648
10978,0.097630
10979,0.003610
10980,0.900115
10981,0.420663
10982,0.975087
10983,0.079698
10984,0.015864
10985,0.988690
10986,0.032685
10987,0.040621
10988,0.082358
10989,0.082021
10990,0.041367
10991,0.076298
10992,0.018907
10993,0.184827
10994,0.012988
10995,0.232241
10996,0.558662
10997,0.040886
10998,0.042638
10999,0.056290
11000,0.035565
11001,0.019074
11002,0.475451
11003,0.509553
11004,0.972966
11005,0.006229
11006,0.011049
11007,0.117739
11008,0.137976
11009,0.043299
11010,0.078857
11011,0.002172
11012,0.221878
11013,0.509965
11014,0.062775
11015,0.252356
11016,0.006857
11017,0.878622
11018,0.008232
11019,0.095235
11020,0.896853
11021,0.006237
11022,0.131058
11023,0.002355
11024,0.797446
11025,0.129844
11026,0.669549
11027,0.084248
11028,0.912122
11029,0.004970
11030,0.007519
11031,0.023425
11032,0.800997
11033,0.071760
11034,0.014452
11035,0.988148
11036,0.041205
11037,0.990794
11038,0.243108
11039,0.979858
11040,0.006661
11041,0.086727
11042,0.957497
11043,0.044833
11044,0.112334
11045,0.877131
11046,0.012431
11047,0.488734
11048,0.039914
11049,0.011252
11050,0.811038
11051,0.230842
11052,0.277580
11053,0.640052
11054,0.980066
11055,0.910687
11056,0.139673
11057,0.034802
11058,0.049443
11059,0.019526
11060,0.359394
11061,0.679142
11062,0.952120
11063,0.002761
11064,0.784259
11065,0.958610
11066,0.067478
11067,0.040292
11068,0.897555
11069,0.946403
11070,0.027354
11071,0.046443
11072,0.948691
11073,0.006584
11074,0.992939
11075,0.085702
11076,0.156352
11077,0.029434
11078,0.599356
11079,0.010876
11080,0.003848
11081,0.009261
11082,0.833440
11083,0.146623
11084,0.065392
11085,0.061545
11086,0.166507
11087,0.005814
11088,0.006606
11089,0.977737
11090,0.974329
11091,0.021500
11092,0.932768
11093,0.740949
11094,0.063340
11095,0.902906
11096,0.538023
11097,0.056354
11098,0.109364
11099,0.937793
11100,0.068814
11101,0.122278
11102,0.030139
11103,0.826178
11104,0.014092
11105,0.111810
11106,0.931691
11107,0.986750
11108,0.360475
11109,0.962682
11110,0.027451
11111,0.932122
11112,0.023469
11113,0.003051
11114,0.274362
11115,0.248946
11116,0.153965
11117,0.954912
11118,0.119150
11119,0.952490
11120,0.002507
11121,0.166000
11122,0.016752
11123,0.997210
11124,0.802589
11125,0.975969
11126,0.044400
11127,0.027406
11128,0.975482
11129,0.005158
11130,0.093111
11131,0.718562
11132,0.038111
11133,0.512984
11134,0.122743
11135,0.892119
11136,0.230914
11137,0.011419
11138,0.958978
11139,0.026740
11140,0.934441
11141,0.018440
11142,0.102616
11143,0.966001
11144,0.026210
11145,0.083794
11146,0.957724
11147,0.011964
11148,0.971488
11149,0.040742
11150,0.726588
11151,0.011127
11152,0.010614
11153,0.563468
11154,0.077305
11155,0.177414
11156,0.029167
11157,0.439437
11158,0.996139
11159,0.016488
11160,0.903115
11161,0.977425
11162,0.189194
11163,0.889803
11164,0.032420
11165,0.178903
11166,0.044560
11167,0.025137
11168,0.995546
11169,0.604935
11170,0.017018
11171,0.868435
11172,0.017738
11173,0.003818
11174,0.239191
11175,0.133227
11176,0.042575
11177,0.994181
11178,0.004827
11179,0.006707
11180,0.894412
11181,0.209288
11182,0.961153
11183,0.408431
11184,0.004967
11185,0.839748
11186,0.050733
11187,0.993191
11188,0.114384
11189,0.105720
11190,0.071787
11191,0.999011
11192,0.130911
11193,0.074593
11194,0.044542
11195,0.148740
11196,0.034260
11197,0.133937
11198,0.781487
11199,0.884060
11200,0.235440
11201,0.012014
11202,0.003705
11203,0.119579
11204,0.005842
11205,0.030139
11206,0.007999
11207,0.349804
11208,0.016591
11209,0.953651
11210,0.041143
11211,0.042797
11212,0.090117
11213,0.013055
11214,0.855846
11215,0.038431
11216,0.224557
11217,0.151192
11218,0.119594
11219,0.993925
11220,0.079874
11221,0.404752
11222,0.085412
11223,0.004058
11224,0.082034
11225,0.997140
11226,0.009483
11227,0.140590
11228,0.451542
11229,0.133969
11230,0.006697
11231,0.978391
