index,target
0,0.003359
1,0.822428
2,0.060680
3,0.032378
4,0.998264
5,0.003699
6,0.953043
7,0.108069
8,0.026837
9,0.798917
10,0.005447
11,0.002052
12,0.089720
13,0.553518
14,0.758374
15,0.469213
16,0.149452
17,0.981979
18,0.779732
19,0.976783
20,0.138380
21,0.673991
22,0.990682
23,0.107788
24,0.961285
25,0.009069
26,0.002741
27,0.011811
28,0.043113
29,0.002759
30,0.025284
31,0.003847
32,0.007470
33,0.214223
34,0.151444
35,0.271386
36,0.896382
37,0.007207
38,0.061439
39,0.151021
40,0.348173
41,0.935091
42,0.004328
43,0.290452
44,0.838701
45,0.034313
46,0.782485
47,0.054712
48,0.469474
49,0.094991
50,0.072737
51,0.006482
52,0.284974
53,0.014061
54,0.156317
55,0.022217
56,0.040534
57,0.941516
58,0.028193
59,0.766224
60,0.386611
61,0.008073
62,0.851881
63,0.713159
64,0.161841
65,0.005799
66,0.016639
67,0.877193
68,0.980818
69,0.173572
70,0.082046
71,0.378602
72,0.080830
73,0.093307
74,0.134339
75,0.009437
76,0.003342
77,0.005810
78,0.023512
79,0.868393
80,0.249249
81,0.231917
82,0.141194
83,0.131934
84,0.123280
85,0.637242
86,0.646622
87,0.023530
88,0.220439
89,0.003613
90,0.735437
91,0.050063
92,0.086769
93,0.104623
94,0.053704
95,0.706189
96,0.485274
97,0.039851
98,0.968989
99,0.426920
100,0.002828
101,0.083282
102,0.131930
103,0.129987
104,0.550816
105,0.074135
106,0.847198
107,0.624339
108,0.155521
109,0.165050
110,0.924614
111,0.026552
112,0.171887
113,0.027779
114,0.010315
115,0.186220
116,0.971719
117,0.222306
118,0.450370
119,0.968841
120,0.932407
121,0.002593
122,0.457237
123,0.116895
124,0.111778
125,0.124867
126,0.026802
127,0.127898
128,0.076063
129,0.145810
130,0.005239
131,0.070373
132,0.974677
133,0.089864
134,0.941177
135,0.934061
136,0.968690
137,0.938461
138,0.820794
139,0.091693
140,0.017818
141,0.488547
142,0.008239
143,0.036155
144,0.005971
145,0.974381
146,0.585221
147,0.926699
148,0.944975
149,0.024777
150,0.625853
151,0.107653
152,0.084792
153,0.017580
154,0.060127
155,0.040720
156,0.395965
157,0.723046
158,0.105358
159,0.069841
160,0.006226
161,0.524793
162,0.035273
163,0.640269
164,0.027206
165,0.058902
166,0.087668
167,0.019532
168,0.972917
169,0.007047
170,0.026320
171,0.045256
172,0.120112
173,0.881386
174,0.004660
175,0.004466
176,0.960699
177,0.975056
178,0.003624
179,0.921484
180,0.142396
181,0.032105
182,0.886769
183,0.120294
184,0.923517
185,0.058300
186,0.551725
187,0.012179
188,0.328208
189,0.027427
190,0.004695
191,0.919399
192,0.068537
193,0.050948
194,0.129332
195,0.969134
196,0.065078
197,0.977779
198,0.142973
199,0.366378
200,0.124020
201,0.029532
202,0.939191
203,0.003380
204,0.039708
205,0.003970
206,0.104578
207,0.907307
208,0.025755
209,0.999053
210,0.123305
211,0.004445
212,0.365462
213,0.003808
214,0.025570
215,0.199384
216,0.027106
217,0.358984
218,0.789298
219,0.267777
220,0.150428
221,0.055526
222,0.006888
223,0.021674
224,0.281149
225,0.986907
226,0.921460
227,0.025678
228,0.862198
229,0.004190
230,0.027982
231,0.979537
232,0.186406
233,0.043578
234,0.222911
235,0.055698
236,0.281784
237,0.660936
238,0.019758
239,0.949316
240,0.058371
241,0.034814
242,0.137778
243,0.157877
244,0.862314
245,0.084154
246,0.128286
247,0.009626
248,0.496792
249,0.994471
250,0.191481
251,0.056277
252,0.088833
253,0.120369
254,0.008859
255,0.172651
256,0.312677
257,0.813301
258,0.007761
259,0.015089
260,0.203565
261,0.025608
262,0.995673
263,0.896235
264,0.007085
265,0.086882
266,0.791991
267,0.128079
268,0.004195
269,0.003370
270,0.277896
271,0.506508
272,0.053330
273,0.021770
274,0.995997
275,0.999078
276,0.084175
277,0.009865
278,0.011763
279,0.025380
280,0.969383
281,0.944426
282,0.957177
283,0.006745
284,0.089782
285,0.084290
286,0.008435
287,0.008943
288,0.992690
289,0.202612
290,0.096504
291,0.968995
292,0.893227
293,0.973807
294,0.005100
295,0.125953
296,0.085568
297,0.064824
298,0.007971
299,0.989168
300,0.065327
301,0.920742
302,0.772924
303,0.057957
304,0.692155
305,0.823525
306,0.099140
307,0.052929
308,0.662342
309,0.557719
310,0.963270
311,0.048517
312,0.374352
313,0.005208
314,0.472744
315,0.020725
316,0.975988
317,0.054293
318,0.002873
319,0.608965
320,0.151297
321,0.051055
322,0.001561
323,0.027822
324,0.102899
325,0.811386
326,0.064695
327,0.823972
328,0.010830
329,0.010267
330,0.760474
331,0.051568
332,0.253671
333,0.051073
334,0.545681
335,0.061488
336,0.055304
337,0.979626
338,0.009171
339,0.014095
340,0.004350
341,0.978089
342,0.817709
343,0.102954
344,0.025609
345,0.963263
346,0.404826
347,0.133819
348,0.004256
349,0.300848
350,0.996490
351,0.027860
352,0.029057
353,0.040039
354,0.060031
355,0.045918
356,0.931784
357,0.066246
358,0.952759
359,0.341497
360,0.083762
361,0.657331
362,0.010107
363,0.126752
364,0.008608
365,0.633078
366,0.019462
367,0.476184
368,0.329566
369,0.897573
370,0.591836
371,0.930923
372,0.018945
373,0.115008
374,0.047976
375,0.787250
376,0.175329
377,0.030496
378,0.005659
379,0.024132
380,0.039264
381,0.109300
382,0.926440
383,0.058762
384,0.169150
385,0.154501
386,0.018765
387,0.650328
388,0.119008
389,0.041602
390,0.784168
391,0.026134
392,0.014274
393,0.763711
394,0.976579
395,0.749911
396,0.959163
397,0.338735
398,0.137935
399,0.003663
400,0.062149
401,0.004334
402,0.007035
403,0.170983
404,0.007528
405,0.049655
406,0.973408
407,0.584750
408,0.036478
409,0.158345
410,0.078137
411,0.869236
412,0.118468
413,0.406478
414,0.050502
415,0.009741
416,0.949627
417,0.294478
418,0.040972
419,0.974372
420,0.189327
421,0.004051
422,0.022489
423,0.765043
424,0.924398
425,0.013977
426,0.158790
427,0.011386
428,0.983092
429,0.996656
430,0.993218
431,0.159850
432,0.375077
433,0.013550
434,0.779330
435,0.017973
436,0.955536
437,0.044202
438,0.050599
439,0.989815
440,0.821220
441,0.136029
442,0.053954
443,0.008799
444,0.327061
445,0.032638
446,0.987011
447,0.221423
448,0.012927
449,0.310778
450,0.036077
451,0.826941
452,0.910984
453,0.461640
454,0.067987
455,0.828156
456,0.888483
457,0.030193
458,0.282471
459,0.526713
460,0.209782
461,0.808800
462,0.187907
463,0.920300
464,0.027336
465,0.967478
466,0.995365
467,0.005236
468,0.824445
469,0.975969
470,0.078176
471,0.327485
472,0.969699
473,0.022977
474,0.025796
475,0.003820
476,0.017890
477,0.091419
478,0.127407
479,0.666699
480,0.008007
481,0.979437
482,0.120701
483,0.975146
484,0.968759
485,0.035412
486,0.036158
487,0.093880
488,0.009708
489,0.009613
490,0.030084
491,0.024976
492,0.003418
493,0.031567
494,0.431238
495,0.143871
496,0.014776
497,0.768126
498,0.386579
499,0.058034
500,0.975457
501,0.099719
502,0.050368
503,0.263971
504,0.774879
505,0.164849
506,0.022370
507,0.983765
508,0.675013
509,0.064640
510,0.020727
511,0.554411
512,0.004949
513,0.967314
514,0.945158
515,0.925716
516,0.987864
517,0.376652
518,0.109874
519,0.080128
520,0.528873
521,0.135580
522,0.945951
523,0.791516
524,0.169258
525,0.937640
526,0.409359
527,0.008199
528,0.447411
529,0.975854
530,0.008496
531,0.004677
532,0.023574
533,0.027456
534,0.004119
535,0.099642
536,0.110810
537,0.861883
538,0.030956
539,0.935674
540,0.318814
541,0.059800
542,0.003340
543,0.436534
544,0.886655
545,0.028903
546,0.243358
547,0.024828
548,0.091188
549,0.046919
550,0.972153
551,0.730164
552,0.380373
553,0.012669
554,0.083200
555,0.981398
556,0.029609
557,0.082640
558,0.521766
559,0.006767
560,0.026048
561,0.337902
562,0.996914
563,0.562916
564,0.002959
565,0.803373
566,0.065882
567,0.004012
568,0.486191
569,0.223153
570,0.301523
571,0.216701
572,0.627617
573,0.023254
574,0.354060
575,0.080630
576,0.957111
577,0.007921
578,0.032573
579,0.155445
580,0.037607
581,0.205070
582,0.005308
583,0.008716
584,0.002692
585,0.523485
586,0.786120
587,0.612437
588,0.005067
589,0.107212
590,0.066167
591,0.005846
592,0.143331
593,0.021013
594,0.089387
595,0.168575
596,0.090780
597,0.038926
598,0.251531
599,0.941772
600,0.026564
601,0.017473
602,0.022347
603,0.042788
604,0.892439
605,0.067672
606,0.064680
607,0.003919
608,0.004266
609,0.003594
610,0.092364
611,0.198350
612,0.020173
613,0.008741
614,0.099270
615,0.355063
616,0.003106
617,0.028220
618,0.002388
619,0.050806
620,0.027467
621,0.005976
622,0.373520
623,0.014422
624,0.091599
625,0.389761
626,0.799435
627,0.976395
628,0.005215
629,0.929465
630,0.006818
631,0.046287
632,0.575297
633,0.962494
634,0.036900
635,0.383020
636,0.015128
637,0.005798
638,0.003887
639,0.956914
640,0.131064
641,0.765807
642,0.024694
643,0.030631
644,0.854342
645,0.004202
646,0.013058
647,0.069965
648,0.200443
649,0.294898
650,0.063068
651,0.963606
652,0.958383
653,0.016856
654,0.053994
655,0.002056
656,0.389788
657,0.944282
658,0.699441
659,0.064093
660,0.009436
661,0.491926
662,0.049181
663,0.197265
664,0.309425
665,0.016797
666,0.039254
667,0.954267
668,0.203852
669,0.631384
670,0.037828
671,0.270353
672,0.011491
673,0.052068
674,0.995052
675,0.037428
676,0.020242
677,0.559760
678,0.084462
679,0.755773
680,0.200735
681,0.066024
682,0.941676
683,0.124680
684,0.246528
685,0.183902
686,0.069398
687,0.036867
688,0.942176
689,0.057970
690,0.960375
691,0.078047
692,0.003238
693,0.730906
694,0.014640
695,0.824408
696,0.010252
697,0.119208
698,0.988801
699,0.025713
700,0.008577
701,0.240411
702,0.002602
703,0.002391
704,0.011735
705,0.012850
706,0.052781
707,0.457547
708,0.100217
709,0.014335
710,0.047835
711,0.109999
712,0.995461
713,0.070978
714,0.986730
715,0.076769
716,0.052729
717,0.163304
718,0.174756
719,0.012913
720,0.023804
721,0.176404
722,0.305988
723,0.729376
724,0.953046
725,0.602808
726,0.031071
727,0.975423
728,0.155821
729,0.152475
730,0.086136
731,0.008593
732,0.977967
733,0.923584
734,0.142090
735,0.168124
736,0.997288
737,0.007085
738,0.225711
739,0.344234
740,0.993278
741,0.778235
742,0.220060
743,0.204914
744,0.102869
745,0.019260
746,0.969200
747,0.892351
748,0.115554
749,0.588585
750,0.013704
751,0.086368
752,0.116984
753,0.278113
754,0.011882
755,0.011775
756,0.206361
757,0.062060
758,0.003427
759,0.029176
760,0.767348
761,0.043238
762,0.836214
763,0.026216
764,0.004636
765,0.975925
766,0.222589
767,0.846975
768,0.646605
769,0.810162
770,0.241998
771,0.023704
772,0.979149
773,0.004445
774,0.404924
775,0.995468
776,0.251903
777,0.017341
778,0.710893
779,0.259054
780,0.007542
781,0.011477
782,0.447372
783,0.106582
784,0.580703
785,0.967500
786,0.728306
787,0.002912
788,0.899940
789,0.016139
790,0.740336
791,0.033501
792,0.052374
793,0.047726
794,0.313850
795,0.150071
796,0.055897
797,0.003631
798,0.566189
799,0.124391
800,0.482799
801,0.808012
802,0.003613
803,0.005272
804,0.044569
805,0.108742
806,0.026636
807,0.028938
808,0.113721
809,0.282597
810,0.066032
811,0.071188
812,0.932810
813,0.226841
814,0.953507
815,0.019883
816,0.172102
817,0.925872
818,0.515356
819,0.014146
820,0.972842
821,0.995695
822,0.232615
823,0.023994
824,0.373078
825,0.003235
826,0.204782
827,0.029571
828,0.029206
829,0.965256
830,0.855091
831,0.016807
832,0.980938
833,0.426724
834,0.866599
835,0.001613
836,0.177893
837,0.211781
838,0.226788
839,0.993774
840,0.121106
841,0.015146
842,0.271718
843,0.003585
844,0.263089
845,0.995601
846,0.996425
847,0.026817
848,0.007489
849,0.728102
850,0.399765
851,0.860473
852,0.209832
853,0.031277
854,0.967329
855,0.008932
856,0.719892
857,0.968593
858,0.035433
859,0.990863
860,0.004984
861,0.673353
862,0.273291
863,0.870229
864,0.002188
865,0.588736
866,0.917532
867,0.025934
868,0.133618
869,0.806778
870,0.023355
871,0.996752
872,0.066545
873,0.022191
874,0.934813
875,0.671180
876,0.008114
877,0.080750
878,0.132469
879,0.904886
880,0.075767
881,0.058593
882,0.804112
883,0.196904
884,0.022144
885,0.963768
886,0.011063
887,0.935911
888,0.039589
889,0.004706
890,0.090800
891,0.430171
892,0.157524
893,0.095184
894,0.681619
895,0.410193
896,0.879239
897,0.185271
898,0.004389
899,0.760018
900,0.199144
901,0.005568
902,0.372482
903,0.843549
904,0.027051
905,0.974677
906,0.069212
907,0.009257
908,0.982001
909,0.034148
910,0.059849
911,0.084792
912,0.030851
913,0.084646
914,0.040607
915,0.063269
916,0.179146
917,0.534654
918,0.049738
919,0.423130
920,0.005797
921,0.031096
922,0.065937
923,0.998875
924,0.965293
925,0.884211
926,0.038585
927,0.112324
928,0.004267
929,0.578449
930,0.195913
931,0.019558
932,0.934637
933,0.009589
934,0.019234
935,0.016159
936,0.993284
937,0.039542
938,0.009434
939,0.588790
940,0.009311
941,0.986365
942,0.870223
943,0.994942
944,0.428706
945,0.269073
946,0.027261
947,0.796284
948,0.056253
949,0.038187
950,0.997592
951,0.208777
952,0.270565
953,0.036173
954,0.077230
955,0.487729
956,0.907051
957,0.359065
958,0.005124
959,0.479081
960,0.003737
961,0.971789
962,0.048240
963,0.568625
964,0.460863
965,0.059631
966,0.419936
967,0.011783
968,0.006191
969,0.002042
970,0.147055
971,0.157099
972,0.993839
973,0.087895
974,0.649677
975,0.014874
976,0.013737
977,0.839433
978,0.055974
979,0.993169
980,0.945601
981,0.963004
982,0.408671
983,0.024829
984,0.946992
985,0.008828
986,0.959629
987,0.222837
988,0.529770
989,0.888005
990,0.929757
991,0.066529
992,0.010775
993,0.054033
994,0.017980
995,0.995840
996,0.039483
997,0.028940
998,0.174162
999,0.879567
1000,0.924764
1001,0.985290
1002,0.007639
1003,0.012615
1004,0.644520
1005,0.859149
1006,0.995946
1007,0.356052
1008,0.038287
1009,0.350911
1010,0.029061
1011,0.165366
1012,0.077929
1013,0.192261
1014,0.192518
1015,0.025779
1016,0.012534
1017,0.765944
1018,0.765902
1019,0.002333
1020,0.029856
1021,0.957601
1022,0.695096
1023,0.749844
1024,0.028824
1025,0.007700
1026,0.008035
1027,0.105338
1028,0.018949
1029,0.188299
1030,0.003332
1031,0.089920
1032,0.416089
1033,0.005404
1034,0.765968
1035,0.017782
1036,0.117022
1037,0.981069
1038,0.018259
1039,0.916789
1040,0.348745
1041,0.029709
1042,0.073548
1043,0.696175
1044,0.002809
1045,0.103206
1046,0.009956
1047,0.062588
1048,0.756034
1049,0.740282
1050,0.004410
1051,0.042720
1052,0.035223
1053,0.976745
1054,0.489633
1055,0.096638
1056,0.221658
1057,0.282414
1058,0.005396
1059,0.930049
1060,0.201615
1061,0.045534
1062,0.010958
1063,0.107745
1064,0.914634
1065,0.051410
1066,0.011387
1067,0.230867
1068,0.210446
1069,0.978940
1070,0.354616
1071,0.491753
1072,0.022194
1073,0.926710
1074,0.007914
1075,0.009742
1076,0.004620
1077,0.018263
1078,0.030762
1079,0.956306
1080,0.011442
1081,0.043643
1082,0.847038
1083,0.096449
1084,0.884063
1085,0.471451
1086,0.763938
1087,0.630228
1088,0.004795
1089,0.846422
1090,0.037508
1091,0.938796
1092,0.053608
1093,0.075885
1094,0.998902
1095,0.806503
1096,0.032742
1097,0.663946
1098,0.017905
1099,0.403380
1100,0.255524
1101,0.015935
1102,0.091979
1103,0.123983
1104,0.047185
1105,0.204930
1106,0.128682
1107,0.055421
1108,0.011120
1109,0.341739
1110,0.862812
1111,0.011059
1112,0.059047
1113,0.460890
1114,0.482828
1115,0.229055
1116,0.067885
1117,0.765966
1118,0.113196
1119,0.005283
1120,0.039175
1121,0.059033
1122,0.019680
1123,0.634182
1124,0.016556
1125,0.200054
1126,0.960143
1127,0.324677
1128,0.011566
1129,0.037675
1130,0.006599
1131,0.023782
1132,0.010315
1133,0.002437
1134,0.993285
1135,0.005920
1136,0.028306
1137,0.004190
1138,0.925429
1139,0.055428
1140,0.497091
1141,0.973503
1142,0.007622
1143,0.059859
1144,0.919021
1145,0.948475
1146,0.997993
1147,0.086488
1148,0.007335
1149,0.409945
1150,0.922693
1151,0.003055
1152,0.127627
1153,0.994341
1154,0.228790
1155,0.018248
1156,0.217427
1157,0.296672
1158,0.497302
1159,0.825024
1160,0.010183
1161,0.017783
1162,0.260012
1163,0.010413
1164,0.182302
1165,0.041227
1166,0.408009
1167,0.932653
1168,0.946905
1169,0.691383
1170,0.008509
1171,0.013547
1172,0.919210
1173,0.024437
1174,0.041587
1175,0.138057
1176,0.041142
1177,0.004513
1178,0.019475
1179,0.013284
1180,0.962748
1181,0.129044
1182,0.014652
1183,0.073850
1184,0.727254
1185,0.037241
1186,0.812339
1187,0.017092
1188,0.006233
1189,0.177099
1190,0.012882
1191,0.046211
1192,0.966500
1193,0.094087
1194,0.027014
1195,0.020645
1196,0.411255
1197,0.881978
1198,0.123969
1199,0.957674
1200,0.181737
1201,0.219103
1202,0.097821
1203,0.035038
1204,0.725032
1205,0.021082
1206,0.694331
1207,0.015910
1208,0.184475
1209,0.042059
1210,0.968051
1211,0.656804
1212,0.007827
1213,0.006371
1214,0.029038
1215,0.018939
1216,0.017963
1217,0.426526
1218,0.033477
1219,0.032849
1220,0.929130
1221,0.099408
1222,0.401030
1223,0.056472
1224,0.215777
1225,0.807450
1226,0.193752
1227,0.950820
1228,0.079012
1229,0.794211
1230,0.009342
1231,0.916879
1232,0.878028
1233,0.009327
1234,0.035990
1235,0.840987
1236,0.408951
1237,0.221169
1238,0.069058
1239,0.424186
1240,0.675160
1241,0.036376
1242,0.014451
1243,0.285721
1244,0.350099
1245,0.031549
1246,0.002886
1247,0.020494
1248,0.101587
1249,0.994664
1250,0.384410
1251,0.030272
1252,0.951932
1253,0.957683
1254,0.993352
1255,0.768004
1256,0.079013
1257,0.935720
1258,0.006640
1259,0.996708
1260,0.514891
1261,0.081777
1262,0.001946
1263,0.005210
1264,0.065960
1265,0.973707
1266,0.016175
1267,0.968653
1268,0.142839
1269,0.027697
1270,0.456314
1271,0.017837
1272,0.082008
1273,0.087246
1274,0.913967
1275,0.284026
1276,0.045065
1277,0.460026
1278,0.269833
1279,0.019086
1280,0.938618
1281,0.017805
1282,0.891156
1283,0.013718
1284,0.143884
1285,0.261275
1286,0.086166
1287,0.503550
1288,0.261913
1289,0.004409
1290,0.282558
1291,0.140837
1292,0.144158
1293,0.088467
1294,0.205684
1295,0.447693
1296,0.647703
1297,0.033587
1298,0.033951
1299,0.004471
1300,0.192626
1301,0.014940
1302,0.121808
1303,0.980145
1304,0.054828
1305,0.994412
1306,0.183438
1307,0.004836
1308,0.008832
1309,0.977192
1310,0.079534
1311,0.032212
1312,0.533602
1313,0.006441
1314,0.952403
1315,0.014639
1316,0.067133
1317,0.512578
1318,0.237944
1319,0.261031
1320,0.330978
1321,0.787030
1322,0.014144
1323,0.051208
1324,0.042909
1325,0.018669
1326,0.953343
1327,0.922435
1328,0.015463
1329,0.332887
1330,0.955167
1331,0.256919
1332,0.010830
1333,0.013345
1334,0.796838
1335,0.438037
1336,0.007892
1337,0.009205
1338,0.012676
1339,0.052599
1340,0.429655
1341,0.820157
1342,0.946549
1343,0.098842
1344,0.335485
1345,0.038534
1346,0.994767
1347,0.869717
1348,0.063277
1349,0.008488
1350,0.114161
1351,0.099576
1352,0.150496
1353,0.031856
1354,0.050369
1355,0.974779
1356,0.046679
1357,0.280752
1358,0.066163
1359,0.034098
1360,0.935858
1361,0.132811
1362,0.902420
1363,0.870796
1364,0.011345
1365,0.970997
1366,0.068500
1367,0.911618
1368,0.833408
1369,0.348206
1370,0.401321
1371,0.151636
1372,0.025381
1373,0.267940
1374,0.014458
1375,0.899528
1376,0.056624
1377,0.998073
1378,0.051169
1379,0.009748
1380,0.865532
1381,0.770628
1382,0.003066
1383,0.974926
1384,0.009098
1385,0.393201
1386,0.798318
1387,0.943066
1388,0.809612
1389,0.995258
1390,0.006373
1391,0.992672
1392,0.292068
1393,0.784623
1394,0.005060
1395,0.504404
1396,0.060029
1397,0.027774
1398,0.018960
1399,0.987894
1400,0.058753
1401,0.032258
1402,0.003445
1403,0.373190
1404,0.015616
1405,0.108399
1406,0.048635
1407,0.301270
1408,0.011166
1409,0.001487
1410,0.007319
1411,0.051907
1412,0.796465
1413,0.955367
1414,0.018457
1415,0.149446
1416,0.983076
1417,0.054665
1418,0.263973
1419,0.472151
1420,0.155665
1421,0.953531
1422,0.030145
1423,0.004468
1424,0.009350
1425,0.024592
1426,0.009673
1427,0.012289
1428,0.018064
1429,0.017927
1430,0.096950
1431,0.614931
1432,0.056177
1433,0.608071
1434,0.772236
1435,0.016427
1436,0.003633
1437,0.941532
1438,0.022493
1439,0.967037
1440,0.010058
1441,0.023798
1442,0.466902
1443,0.007570
1444,0.067929
1445,0.804898
1446,0.909769
1447,0.078720
1448,0.078276
1449,0.836549
1450,0.168704
1451,0.004215
1452,0.242169
1453,0.952326
1454,0.982613
1455,0.105659
1456,0.041550
1457,0.019620
1458,0.959240
1459,0.945678
1460,0.019361
1461,0.036218
1462,0.037561
1463,0.943044
1464,0.145837
1465,0.014578
1466,0.878738
1467,0.365514
1468,0.951663
1469,0.974501
1470,0.975238
1471,0.318705
1472,0.192632
1473,0.926879
1474,0.257250
1475,0.149582
1476,0.975135
1477,0.739680
1478,0.220288
1479,0.023528
1480,0.314001
1481,0.010467
1482,0.992310
1483,0.015916
1484,0.011037
1485,0.053530
1486,0.238595
1487,0.220174
1488,0.115927
1489,0.043637
1490,0.920854
1491,0.003818
1492,0.974656
1493,0.994322
1494,0.992381
1495,0.218428
1496,0.610727
1497,0.022091
1498,0.849247
1499,0.825164
1500,0.052444
1501,0.043900
1502,0.117252
1503,0.047110
1504,0.074981
1505,0.204331
1506,0.182308
1507,0.902834
1508,0.043415
1509,0.008605
1510,0.103086
1511,0.475526
1512,0.033848
1513,0.369135
1514,0.781830
1515,0.009181
1516,0.132669
1517,0.004240
1518,0.187966
1519,0.193602
1520,0.009336
1521,0.020281
1522,0.149658
1523,0.062330
1524,0.909159
1525,0.020255
1526,0.002052
1527,0.608569
1528,0.057200
1529,0.795434
1530,0.028644
1531,0.195620
1532,0.944857
1533,0.082209
1534,0.051717
1535,0.008634
1536,0.039886
1537,0.789767
1538,0.185968
1539,0.314192
1540,0.910325
1541,0.775450
1542,0.081306
1543,0.004281
1544,0.047132
1545,0.070421
1546,0.717993
1547,0.468103
1548,0.048786
1549,0.895356
1550,0.699599
1551,0.088058
1552,0.004035
1553,0.886774
1554,0.006458
1555,0.004478
1556,0.006882
1557,0.111037
1558,0.013219
1559,0.140555
1560,0.022383
1561,0.075517
1562,0.266310
1563,0.221147
1564,0.076131
1565,0.023783
1566,0.014524
1567,0.114141
1568,0.609313
1569,0.178235
1570,0.072690
1571,0.520374
1572,0.334694
1573,0.414010
1574,0.492349
1575,0.044611
1576,0.829427
1577,0.125837
1578,0.003746
1579,0.618768
1580,0.974582
1581,0.954512
1582,0.063186
1583,0.028392
1584,0.073746
1585,0.947479
1586,0.051658
1587,0.007017
1588,0.905316
1589,0.914529
1590,0.034777
1591,0.013604
1592,0.022895
1593,0.242394
1594,0.005363
1595,0.385381
1596,0.070311
1597,0.949849
1598,0.363998
1599,0.100452
1600,0.066870
1601,0.259456
1602,0.209212
1603,0.867036
1604,0.835243
1605,0.963637
1606,0.011119
1607,0.022048
1608,0.032937
1609,0.758756
1610,0.895317
1611,0.777341
1612,0.124590
1613,0.036365
1614,0.055620
1615,0.933193
1616,0.159370
1617,0.004519
1618,0.016498
1619,0.054345
1620,0.045449
1621,0.883083
1622,0.037903
1623,0.028335
1624,0.955984
1625,0.008423
1626,0.015736
1627,0.186948
1628,0.986473
1629,0.026640
1630,0.058354
1631,0.019605
1632,0.077676
1633,0.825064
1634,0.408898
1635,0.019026
1636,0.186468
1637,0.163885
1638,0.996531
1639,0.180347
1640,0.124976
1641,0.074886
1642,0.022550
1643,0.043884
1644,0.048393
1645,0.007977
1646,0.149633
1647,0.156055
1648,0.008982
1649,0.008183
1650,0.111498
1651,0.150468
1652,0.114945
1653,0.037339
1654,0.234570
1655,0.053781
1656,0.566246
1657,0.201801
1658,0.225785
1659,0.116710
1660,0.005126
1661,0.575380
1662,0.152337
1663,0.294928
1664,0.005068
1665,0.608764
1666,0.460807
1667,0.936535
1668,0.035862
1669,0.008690
1670,0.009773
1671,0.044775
1672,0.117294
1673,0.002208
1674,0.977665
1675,0.013393
1676,0.004295
1677,0.563500
1678,0.066901
1679,0.054135
1680,0.208965
1681,0.081270
1682,0.003001
1683,0.023634
1684,0.005629
1685,0.111648
1686,0.069167
1687,0.134952
1688,0.066465
1689,0.992939
1690,0.151062
1691,0.943807
1692,0.973477
1693,0.970541
1694,0.582166
1695,0.935462
1696,0.929347
1697,0.043359
1698,0.207708
1699,0.437606
1700,0.249602
1701,0.007282
1702,0.021659
1703,0.998119
1704,0.005633
1705,0.455340
1706,0.044891
1707,0.151527
1708,0.038544
1709,0.950258
1710,0.002824
1711,0.078748
1712,0.038489
1713,0.117835
1714,0.166913
1715,0.006072
1716,0.008768
1717,0.509183
1718,0.102367
1719,0.123560
1720,0.033861
1721,0.056328
1722,0.097168
1723,0.867955
1724,0.004240
1725,0.074489
1726,0.009615
1727,0.306436
1728,0.347720
1729,0.005279
1730,0.985947
1731,0.565638
1732,0.009859
1733,0.978373
1734,0.953597
1735,0.140138
1736,0.075466
1737,0.998504
1738,0.223025
1739,0.794170
1740,0.009113
1741,0.965617
1742,0.017058
1743,0.017391
1744,0.009547
1745,0.101995
1746,0.071968
1747,0.004362
1748,0.023145
1749,0.990109
1750,0.059136
1751,0.004162
1752,0.750520
1753,0.139703
1754,0.325287
1755,0.879110
1756,0.641095
1757,0.009800
1758,0.154386
1759,0.037573
1760,0.607070
1761,0.011150
1762,0.913874
1763,0.204578
1764,0.075323
1765,0.097370
1766,0.015863
1767,0.912356
1768,0.978055
1769,0.003113
1770,0.025714
1771,0.821473
1772,0.882804
1773,0.998100
1774,0.764676
1775,0.904225
1776,0.705947
1777,0.003665
1778,0.076455
1779,0.464701
1780,0.005400
1781,0.962682
1782,0.007161
1783,0.847829
1784,0.312463
1785,0.005307
1786,0.658657
1787,0.546663
1788,0.011242
1789,0.013177
1790,0.044825
1791,0.007527
1792,0.151588
1793,0.084061
1794,0.005774
1795,0.031787
1796,0.202505
1797,0.316216
1798,0.098672
1799,0.025122
1800,0.044619
1801,0.021736
1802,0.078401
1803,0.565039
1804,0.009036
1805,0.067566
1806,0.698996
1807,0.007526
1808,0.040963
1809,0.235520
1810,0.018547
1811,0.048641
1812,0.048832
1813,0.080712
1814,0.163053
1815,0.049807
1816,0.086445
1817,0.290908
1818,0.052421
1819,0.062558
1820,0.992611
1821,0.006988
1822,0.234794
1823,0.203077
1824,0.036077
1825,0.972465
1826,0.032635
1827,0.965375
1828,0.004401
1829,0.121400
1830,0.278442
1831,0.077461
1832,0.034430
1833,0.978877
1834,0.082611
1835,0.013777
1836,0.065910
1837,0.053747
1838,0.054441
1839,0.025473
1840,0.076566
1841,0.962392
1842,0.079288
1843,0.282790
1844,0.008298
1845,0.970353
1846,0.057973
1847,0.011755
1848,0.879992
1849,0.358862
1850,0.204598
1851,0.031627
1852,0.102362
1853,0.108821
1854,0.090882
1855,0.016443
1856,0.899807
1857,0.037563
1858,0.044025
1859,0.161258
1860,0.083325
1861,0.008380
1862,0.176351
1863,0.003836
1864,0.822525
1865,0.005772
1866,0.075628
1867,0.043290
1868,0.569048
1869,0.976405
1870,0.018102
1871,0.330437
1872,0.111827
1873,0.005268
1874,0.486798
1875,0.350380
1876,0.045840
1877,0.003839
1878,0.003588
1879,0.080658
1880,0.122673
1881,0.078189
1882,0.006908
1883,0.995710
1884,0.957601
1885,0.006477
1886,0.467806
1887,0.472811
1888,0.068915
1889,0.006414
1890,0.015398
1891,0.477726
1892,0.791436
1893,0.909548
1894,0.085502
1895,0.007256
1896,0.768009
1897,0.003135
1898,0.834553
1899,0.069186
1900,0.071646
1901,0.116278
1902,0.063019
1903,0.025212
1904,0.028788
1905,0.048640
1906,0.997973
1907,0.089951
1908,0.003345
1909,0.204343
1910,0.947542
1911,0.039571
1912,0.037218
1913,0.757265
1914,0.112492
1915,0.959898
1916,0.272729
1917,0.983105
1918,0.589169
1919,0.325081
1920,0.174857
1921,0.936645
1922,0.329204
1923,0.005080
1924,0.994691
1925,0.126685
1926,0.934478
1927,0.972800
1928,0.567034
1929,0.440266
1930,0.917026
1931,0.015981
1932,0.016374
1933,0.374251
1934,0.219402
1935,0.997707
1936,0.129758
1937,0.025627
1938,0.054513
1939,0.053332
1940,0.499261
1941,0.008744
1942,0.904241
1943,0.276002
1944,0.007994
1945,0.002730
1946,0.474075
1947,0.060811
1948,0.473970
1949,0.015014
1950,0.515762
1951,0.857400
1952,0.912190
1953,0.273546
1954,0.026572
1955,0.024409
1956,0.054737
1957,0.793847
1958,0.210547
1959,0.193961
1960,0.043481
1961,0.216543
1962,0.171148
1963,0.222524
1964,0.230056
1965,0.099916
1966,0.971597
1967,0.009778
1968,0.036383
1969,0.357852
1970,0.164507
1971,0.956598
1972,0.738370
1973,0.017900
1974,0.909169
1975,0.692431
1976,0.012557
1977,0.998012
1978,0.089412
1979,0.997288
1980,0.956044
1981,0.685341
1982,0.126390
1983,0.039456
1984,0.432844
1985,0.061093
1986,0.095761
1987,0.497491
1988,0.004717
1989,0.046692
1990,0.327282
1991,0.968103
1992,0.122928
1993,0.004610
1994,0.910416
1995,0.459370
1996,0.476408
1997,0.487197
1998,0.639206
1999,0.874410
2000,0.090827
2001,0.037915
2002,0.061161
2003,0.960427
2004,0.053328
2005,0.034107
2006,0.896990
2007,0.072283
2008,0.180541
2009,0.017726
2010,0.937257
2011,0.924126
2012,0.696613
2013,0.936940
2014,0.993329
2015,0.009536
2016,0.931918
2017,0.794741
2018,0.005578
2019,0.060471
2020,0.007092
2021,0.850592
2022,0.142386
2023,0.218207
2024,0.977449
2025,0.885589
2026,0.639716
2027,0.006936
2028,0.164411
2029,0.001900
2030,0.978332
2031,0.230969
2032,0.980769
2033,0.262162
2034,0.949477
2035,0.984068
2036,0.014371
2037,0.014391
2038,0.058870
2039,0.957661
2040,0.005068
2041,0.630637
2042,0.133100
2043,0.981019
2044,0.810674
2045,0.003265
2046,0.006929
2047,0.226011
2048,0.102140
2049,0.934229
2050,0.932020
2051,0.733150
2052,0.014972
2053,0.352977
2054,0.595146
2055,0.003481
2056,0.018325
2057,0.762329
2058,0.007257
2059,0.005764
2060,0.017961
2061,0.297890
2062,0.130501
2063,0.102050
2064,0.721637
2065,0.793158
2066,0.214071
2067,0.976465
2068,0.710689
2069,0.333631
2070,0.166951
2071,0.279395
2072,0.228740
2073,0.017643
2074,0.082872
2075,0.550102
2076,0.003729
2077,0.111780
2078,0.009080
2079,0.036301
2080,0.009546
2081,0.643340
2082,0.168606
2083,0.038643
2084,0.654710
2085,0.079303
2086,0.008587
2087,0.035973
2088,0.949414
2089,0.041926
2090,0.725331
2091,0.135529
2092,0.033176
2093,0.019510
2094,0.498421
2095,0.997120
2096,0.235200
2097,0.004370
2098,0.739489
2099,0.505622
2100,0.980147
2101,0.024178
2102,0.756929
2103,0.114493
2104,0.027859
2105,0.003679
2106,0.032016
2107,0.833139
2108,0.037091
2109,0.009431
2110,0.014665
2111,0.579144
2112,0.024370
2113,0.427772
2114,0.279630
2115,0.087824
2116,0.854749
2117,0.826467
2118,0.018262
2119,0.974690
2120,0.093343
2121,0.033190
2122,0.143891
2123,0.901381
2124,0.032269
2125,0.808533
2126,0.025951
2127,0.084342
2128,0.065368
2129,0.090293
2130,0.041659
2131,0.077326
2132,0.972626
2133,0.026802
2134,0.027162
2135,0.203336
2136,0.005874
2137,0.990264
2138,0.003138
2139,0.039317
2140,0.007851
2141,0.219636
2142,0.172209
2143,0.819197
2144,0.765922
2145,0.995339
2146,0.121585
2147,0.992538
2148,0.028323
2149,0.978080
2150,0.535320
2151,0.916171
2152,0.694315
2153,0.143140
2154,0.065943
2155,0.301066
2156,0.979028
2157,0.008060
2158,0.629824
2159,0.912662
2160,0.851128
2161,0.005743
2162,0.016858
2163,0.030454
2164,0.039479
2165,0.145371
2166,0.154693
2167,0.340885
2168,0.057877
2169,0.051943
2170,0.972331
2171,0.011082
2172,0.677316
2173,0.972911
2174,0.188687
2175,0.011855
2176,0.059532
2177,0.024888
2178,0.015960
2179,0.068277
2180,0.861009
2181,0.020814
2182,0.003122
2183,0.146770
2184,0.067745
2185,0.096893
2186,0.295558
2187,0.034022
2188,0.044790
2189,0.602463
2190,0.002306
2191,0.973820
2192,0.963240
2193,0.020209
2194,0.048845
2195,0.073824
2196,0.068273
2197,0.954478
2198,0.960343
2199,0.059739
2200,0.012246
2201,0.118963
2202,0.003369
2203,0.927122
2204,0.939394
2205,0.508616
2206,0.176137
2207,0.317825
2208,0.933549
2209,0.226083
2210,0.100883
2211,0.051634
2212,0.227536
2213,0.014869
2214,0.007154
2215,0.013392
2216,0.404012
2217,0.224695
2218,0.027445
2219,0.005440
2220,0.009601
2221,0.047039
2222,0.009708
2223,0.974493
2224,0.293457
2225,0.012512
2226,0.297309
2227,0.824841
2228,0.170571
2229,0.003123
2230,0.838860
2231,0.110953
2232,0.393076
2233,0.003012
2234,0.993933
2235,0.062784
2236,0.181745
2237,0.039926
2238,0.158159
2239,0.834785
2240,0.298581
2241,0.008413
2242,0.004564
2243,0.215383
2244,0.002975
2245,0.011293
2246,0.048378
2247,0.016547
2248,0.036902
2249,0.565624
2250,0.129309
2251,0.515537
2252,0.524730
2253,0.978008
2254,0.008537
2255,0.048773
2256,0.144952
2257,0.007721
2258,0.007978
2259,0.011739
2260,0.538680
2261,0.421965
2262,0.795227
2263,0.424359
2264,0.037880
2265,0.004219
2266,0.352859
2267,0.927578
2268,0.125069
2269,0.349272
2270,0.098392
2271,0.095171
2272,0.123248
2273,0.997241
2274,0.913161
2275,0.002686
2276,0.015575
2277,0.957514
2278,0.777860
2279,0.028846
2280,0.052878
2281,0.383678
2282,0.102272
2283,0.207564
2284,0.720106
2285,0.047426
2286,0.968355
2287,0.062531
2288,0.009527
2289,0.004857
2290,0.002316
2291,0.911599
2292,0.184620
2293,0.026105
2294,0.041610
2295,0.947037
2296,0.911234
2297,0.357975
2298,0.015874
2299,0.044109
2300,0.049810
2301,0.044324
2302,0.076060
2303,0.166947
2304,0.904922
2305,0.030558
2306,0.081678
2307,0.127612
2308,0.232838
2309,0.005125
2310,0.015021
2311,0.010440
2312,0.006963
2313,0.010132
2314,0.971767
2315,0.048545
2316,0.106651
2317,0.767576
2318,0.123791
2319,0.003301
2320,0.133388
2321,0.999243
2322,0.408407
2323,0.160184
2324,0.902795
2325,0.142771
2326,0.500899
2327,0.003325
2328,0.976750
2329,0.050960
2330,0.101138
2331,0.007833
2332,0.130569
2333,0.984859
2334,0.002983
2335,0.110754
2336,0.033551
2337,0.982019
2338,0.034013
2339,0.970432
2340,0.037040
2341,0.007715
2342,0.304907
2343,0.972711
2344,0.159605
2345,0.011887
2346,0.044648
2347,0.368600
2348,0.002779
2349,0.463585
2350,0.041951
2351,0.804892
2352,0.502305
2353,0.977535
2354,0.017395
2355,0.172798
2356,0.210136
2357,0.958232
2358,0.008823
2359,0.017191
2360,0.256119
2361,0.178588
2362,0.004218
2363,0.063058
2364,0.023394
2365,0.577388
2366,0.533875
2367,0.156236
2368,0.026504
2369,0.008229
2370,0.113391
2371,0.984849
2372,0.247807
2373,0.024222
2374,0.006783
2375,0.929919
2376,0.039820
2377,0.271786
2378,0.938996
2379,0.031821
2380,0.008695
2381,0.012407
2382,0.793388
2383,0.419903
2384,0.996110
2385,0.224843
2386,0.029663
2387,0.128268
2388,0.981001
2389,0.003925
2390,0.143547
2391,0.218839
2392,0.029007
2393,0.041746
2394,0.982552
2395,0.076475
2396,0.029816
2397,0.480489
2398,0.053797
2399,0.272821
2400,0.009222
2401,0.030819
2402,0.115871
2403,0.151254
2404,0.956264
2405,0.067112
2406,0.053037
2407,0.667786
2408,0.440909
2409,0.081085
2410,0.076163
2411,0.050740
2412,0.003247
2413,0.972588
2414,0.016426
2415,0.975532
2416,0.501119
2417,0.880954
2418,0.067832
2419,0.014036
2420,0.969467
2421,0.216160
2422,0.005817
2423,0.010417
2424,0.031999
2425,0.676670
2426,0.849046
2427,0.994180
2428,0.005150
2429,0.919019
2430,0.635671
2431,0.541412
2432,0.967866
2433,0.054309
2434,0.133398
2435,0.224899
2436,0.239827
2437,0.956323
2438,0.216703
2439,0.149798
2440,0.290428
2441,0.991742
2442,0.125127
2443,0.078949
2444,0.867299
2445,0.306109
2446,0.227594
2447,0.046097
2448,0.013214
2449,0.903651
2450,0.484793
2451,0.016422
2452,0.646828
2453,0.504224
2454,0.025597
2455,0.297292
2456,0.010110
2457,0.979656
2458,0.480603
2459,0.815393
2460,0.067246
2461,0.018448
2462,0.010154
2463,0.907053
2464,0.007614
2465,0.052251
2466,0.032178
2467,0.018556
2468,0.916729
2469,0.536006
2470,0.998376
2471,0.014086
2472,0.198742
2473,0.020497
2474,0.005835
2475,0.002165
2476,0.741655
2477,0.054769
2478,0.013113
2479,0.235116
2480,0.967823
2481,0.020587
2482,0.217300
2483,0.597170
2484,0.007845
2485,0.667522
2486,0.071123
2487,0.965116
2488,0.849465
2489,0.031469
2490,0.278599
2491,0.003163
2492,0.317154
2493,0.116091
2494,0.013700
2495,0.767717
2496,0.061452
2497,0.063554
2498,0.142297
2499,0.998203
2500,0.014547
2501,0.036608
2502,0.095166
2503,0.333801
2504,0.995075
2505,0.066416
2506,0.038542
2507,0.507755
2508,0.096448
2509,0.049782
2510,0.063290
2511,0.071360
2512,0.058508
2513,0.138206
2514,0.056576
2515,0.089447
2516,0.056627
2517,0.770137
2518,0.190528
2519,0.170074
2520,0.069319
2521,0.163851
2522,0.196914
2523,0.090656
2524,0.017087
2525,0.042946
2526,0.067800
2527,0.747634
2528,0.248361
2529,0.154284
2530,0.746898
2531,0.012247
2532,0.825294
2533,0.131103
2534,0.037381
2535,0.972719
2536,0.048420
2537,0.005578
2538,0.033338
2539,0.516941
2540,0.021471
2541,0.189068
2542,0.132548
2543,0.189373
2544,0.982020
2545,0.004555
2546,0.098722
2547,0.012401
2548,0.350951
2549,0.002323
2550,0.824481
2551,0.257994
2552,0.073622
2553,0.012632
2554,0.006099
2555,0.760214
2556,0.942975
2557,0.179235
2558,0.020903
2559,0.191309
2560,0.138220
2561,0.012365
2562,0.682829
2563,0.147114
2564,0.885976
2565,0.739535
2566,0.082397
2567,0.964708
2568,0.214226
2569,0.007354
2570,0.020847
2571,0.518223
2572,0.039390
2573,0.036019
2574,0.023797
2575,0.937793
2576,0.999063
2577,0.151385
2578,0.058319
2579,0.240681
2580,0.096495
2581,0.902811
2582,0.029317
2583,0.037510
2584,0.151443
2585,0.099150
2586,0.003372
2587,0.123692
2588,0.605336
2589,0.007056
2590,0.002676
2591,0.015237
2592,0.277475
2593,0.082501
2594,0.157660
2595,0.062709
2596,0.040877
2597,0.953678
2598,0.933684
2599,0.105449
2600,0.157572
2601,0.029460
2602,0.093859
2603,0.908161
2604,0.937694
2605,0.011067
2606,0.112326
2607,0.293362
2608,0.994948
2609,0.038117
2610,0.953192
2611,0.687739
2612,0.006222
2613,0.399351
2614,0.007329
2615,0.004164
2616,0.005591
2617,0.015612
2618,0.006960
2619,0.969249
2620,0.012643
2621,0.986356
2622,0.196604
2623,0.035817
2624,0.079039
2625,0.062769
2626,0.804189
2627,0.003643
2628,0.227215
2629,0.962183
2630,0.425575
2631,0.744064
2632,0.973452
2633,0.142397
2634,0.952819
2635,0.671047
2636,0.997227
2637,0.178560
2638,0.011500
2639,0.050203
2640,0.013755
2641,0.014578
2642,0.288902
2643,0.991000
2644,0.942478
2645,0.003502
2646,0.001703
2647,0.328688
2648,0.008567
2649,0.915323
2650,0.125359
2651,0.009031
2652,0.522868
2653,0.698437
2654,0.017400
2655,0.032468
2656,0.119597
2657,0.840823
2658,0.581790
2659,0.335529
2660,0.972082
2661,0.005365
2662,0.005451
2663,0.014295
2664,0.041386
2665,0.941380
2666,0.973886
2667,0.083268
2668,0.279100
2669,0.394883
2670,0.640541
2671,0.201958
2672,0.038782
2673,0.038507
2674,0.042934
2675,0.063085
2676,0.955073
2677,0.998633
2678,0.158064
2679,0.048147
2680,0.964517
2681,0.011315
2682,0.003800
2683,0.649862
2684,0.003134
2685,0.345821
2686,0.939026
2687,0.010668
2688,0.807829
2689,0.087128
2690,0.018443
2691,0.066800
2692,0.004369
2693,0.146230
2694,0.095276
2695,0.084110
2696,0.090626
2697,0.992326
2698,0.427107
2699,0.065453
2700,0.235934
2701,0.951494
2702,0.905028
2703,0.971752
2704,0.834226
2705,0.124407
2706,0.014005
2707,0.997030
2708,0.004412
2709,0.907465
2710,0.494838
2711,0.013622
2712,0.050208
2713,0.018387
2714,0.929700
2715,0.078840
2716,0.003168
2717,0.940303
2718,0.150255
2719,0.103798
2720,0.334906
2721,0.042353
2722,0.956948
2723,0.012726
2724,0.128296
2725,0.006737
2726,0.860875
2727,0.959006
2728,0.009359
2729,0.421438
2730,0.216394
2731,0.013237
2732,0.219464
2733,0.013953
2734,0.008348
2735,0.014759
2736,0.390216
2737,0.023847
2738,0.744818
2739,0.126187
2740,0.835210
2741,0.996634
2742,0.996875
2743,0.138252
2744,0.304284
2745,0.900309
2746,0.953650
2747,0.423088
2748,0.133218
2749,0.095468
2750,0.006258
2751,0.072060
2752,0.211533
2753,0.053277
2754,0.086807
2755,0.683416
2756,0.201131
2757,0.008453
2758,0.167517
2759,0.059781
2760,0.265185
2761,0.753608
2762,0.954017
2763,0.389230
2764,0.022236
2765,0.071425
2766,0.059640
2767,0.525926
2768,0.004595
2769,0.994392
2770,0.008164
2771,0.129646
2772,0.114074
2773,0.954559
2774,0.115157
2775,0.207119
2776,0.586503
2777,0.059378
2778,0.082567
2779,0.025668
2780,0.397354
2781,0.953489
2782,0.003799
2783,0.005869
2784,0.087033
2785,0.011711
2786,0.003027
2787,0.002996
2788,0.063553
2789,0.035473
2790,0.016912
2791,0.029957
2792,0.836409
2793,0.936035
2794,0.529587
2795,0.301813
2796,0.005703
2797,0.008065
2798,0.675469
2799,0.815353
2800,0.052526
2801,0.861997
2802,0.053264
2803,0.952093
2804,0.048344
2805,0.079234
2806,0.011692
2807,0.038013
2808,0.043591
2809,0.114114
2810,0.012673
2811,0.002517
2812,0.970511
2813,0.010939
2814,0.003582
2815,0.737686
2816,0.069917
2817,0.039269
2818,0.608777
2819,0.959734
2820,0.992344
2821,0.047991
2822,0.062235
2823,0.381217
2824,0.245595
2825,0.049686
2826,0.970134
2827,0.018740
2828,0.019412
2829,0.820963
2830,0.011169
2831,0.016684
2832,0.141779
2833,0.809288
2834,0.925844
2835,0.008923
2836,0.041159
2837,0.082986
2838,0.028360
2839,0.102784
2840,0.019091
2841,0.971026
2842,0.992993
2843,0.928803
2844,0.027604
2845,0.018922
2846,0.223924
2847,0.009182
2848,0.029671
2849,0.149748
2850,0.068180
2851,0.866376
2852,0.018758
2853,0.895252
2854,0.004934
2855,0.499735
2856,0.002929
2857,0.096150
2858,0.017762
2859,0.100017
2860,0.011552
2861,0.183346
2862,0.416995
2863,0.021693
2864,0.556269
2865,0.945986
2866,0.009130
2867,0.065189
2868,0.004485
2869,0.072874
2870,0.018383
2871,0.059537
2872,0.308379
2873,0.104145
2874,0.062491
2875,0.029274
2876,0.007789
2877,0.065241
2878,0.198566
2879,0.072970
2880,0.969352
2881,0.468761
2882,0.243232
2883,0.010401
2884,0.778573
2885,0.932558
2886,0.992591
2887,0.836066
2888,0.033291
2889,0.080982
2890,0.391491
2891,0.967561
2892,0.008449
2893,0.537137
2894,0.156285
2895,0.931188
2896,0.013807
2897,0.009024
2898,0.557191
2899,0.017351
2900,0.060320
2901,0.050473
2902,0.173789
2903,0.002856
2904,0.013516
2905,0.538843
2906,0.210623
2907,0.008812
2908,0.096044
2909,0.028596
2910,0.331670
2911,0.066774
2912,0.582741
2913,0.019219
2914,0.978395
2915,0.137202
2916,0.046764
2917,0.070802
2918,0.566166
2919,0.079366
2920,0.030138
2921,0.123040
2922,0.083335
2923,0.016554
2924,0.729609
2925,0.864475
2926,0.670405
2927,0.139379
2928,0.755186
2929,0.960126
2930,0.061224
2931,0.993486
2932,0.975389
2933,0.120242
2934,0.012920
2935,0.140423
2936,0.008508
2937,0.029482
2938,0.644445
2939,0.942183
2940,0.477742
2941,0.011898
2942,0.868866
2943,0.023348
2944,0.529287
2945,0.092952
2946,0.111971
2947,0.020133
2948,0.036915
2949,0.027930
2950,0.016771
2951,0.007122
2952,0.414792
2953,0.965379
2954,0.106109
2955,0.033462
2956,0.991943
2957,0.539901
2958,0.079255
2959,0.117927
2960,0.025958
2961,0.004162
2962,0.684916
2963,0.138022
2964,0.698770
2965,0.915837
2966,0.029928
2967,0.454445
2968,0.008382
2969,0.290742
2970,0.018482
2971,0.103042
2972,0.004306
2973,0.375688
2974,0.917780
2975,0.325439
2976,0.097444
2977,0.962737
2978,0.005680
2979,0.022592
2980,0.008362
2981,0.030778
2982,0.613906
2983,0.853061
2984,0.066773
2985,0.115104
2986,0.012578
2987,0.069158
2988,0.042117
2989,0.064062
2990,0.044619
2991,0.868596
2992,0.935128
2993,0.304003
2994,0.164995
2995,0.056026
2996,0.142235
2997,0.260378
2998,0.130730
2999,0.635377
3000,0.057991
3001,0.005852
3002,0.949043
3003,0.002178
3004,0.259969
3005,0.866452
3006,0.086659
3007,0.182799
3008,0.381727
3009,0.127787
3010,0.007334
3011,0.012879
3012,0.955915
3013,0.181545
3014,0.003064
3015,0.006639
3016,0.010499
3017,0.770226
3018,0.015994
3019,0.393739
3020,0.040224
3021,0.451281
3022,0.997398
3023,0.005051
3024,0.027980
3025,0.140745
3026,0.907884
3027,0.118196
3028,0.151616
3029,0.127713
3030,0.008450
3031,0.012444
3032,0.068150
3033,0.804633
3034,0.179740
3035,0.564648
3036,0.176734
3037,0.133572
3038,0.315857
3039,0.010828
3040,0.027120
3041,0.068713
3042,0.863002
3043,0.026192
3044,0.101816
3045,0.683201
3046,0.039186
3047,0.008857
3048,0.975141
3049,0.709131
3050,0.993950
3051,0.953995
3052,0.009427
3053,0.925445
3054,0.115255
3055,0.039914
3056,0.633920
3057,0.006283
3058,0.992021
3059,0.002377
3060,0.938121
3061,0.996468
3062,0.109331
3063,0.485238
3064,0.058255
3065,0.006492
3066,0.549931
3067,0.130342
3068,0.539076
3069,0.062087
3070,0.008080
3071,0.005798
3072,0.019346
3073,0.419560
3074,0.358430
3075,0.110952
3076,0.003031
3077,0.971904
3078,0.985751
3079,0.122444
3080,0.004767
3081,0.111293
3082,0.819621
3083,0.015946
3084,0.705186
3085,0.655121
3086,0.013081
3087,0.007801
3088,0.042905
3089,0.067254
3090,0.024480
3091,0.053555
3092,0.002143
3093,0.867974
3094,0.005435
3095,0.201715
3096,0.061543
3097,0.023826
3098,0.997668
3099,0.009584
3100,0.010301
3101,0.006855
3102,0.009264
3103,0.017946
3104,0.206098
3105,0.400367
3106,0.114482
3107,0.993620
3108,0.021082
3109,0.010839
3110,0.003368
3111,0.017322
3112,0.002258
3113,0.011713
3114,0.011004
3115,0.813248
3116,0.058759
3117,0.003640
3118,0.341667
3119,0.565413
3120,0.002341
3121,0.004597
3122,0.010913
3123,0.978229
3124,0.023074
3125,0.347841
3126,0.012506
3127,0.961762
3128,0.008243
3129,0.043781
3130,0.788258
3131,0.838518
3132,0.010616
3133,0.032349
3134,0.009984
3135,0.008085
3136,0.096863
3137,0.042580
3138,0.019488
3139,0.968862
3140,0.173544
3141,0.004340
3142,0.931192
3143,0.663888
3144,0.977776
3145,0.015948
3146,0.068800
3147,0.077733
3148,0.233839
3149,0.968216
3150,0.001424
3151,0.351228
3152,0.004623
3153,0.016881
3154,0.035419
3155,0.014653
3156,0.024804
3157,0.175843
3158,0.004365
3159,0.027205
3160,0.737244
3161,0.024105
3162,0.991324
3163,0.019050
3164,0.201919
3165,0.047122
3166,0.055848
3167,0.061753
3168,0.023395
3169,0.961733
3170,0.020858
3171,0.148201
3172,0.042338
3173,0.019667
3174,0.993855
3175,0.827093
3176,0.002911
3177,0.345312
3178,0.279964
3179,0.004236
3180,0.075911
3181,0.042377
3182,0.164373
3183,0.568266
3184,0.004907
3185,0.407574
3186,0.085120
3187,0.972749
3188,0.014306
3189,0.062082
3190,0.996921
3191,0.344911
3192,0.030654
3193,0.049184
3194,0.028439
3195,0.930433
3196,0.855289
3197,0.004344
3198,0.005286
3199,0.500966
3200,0.975658
3201,0.017895
3202,0.006894
3203,0.127720
3204,0.392342
3205,0.847683
3206,0.631128
3207,0.013376
3208,0.071296
3209,0.953944
3210,0.004591
3211,0.978254
3212,0.065638
3213,0.827685
3214,0.042675
3215,0.066205
3216,0.918451
3217,0.937366
3218,0.909135
3219,0.836152
3220,0.680758
3221,0.116284
3222,0.153378
3223,0.888622
3224,0.013805
3225,0.003538
3226,0.143931
3227,0.995599
3228,0.963761
3229,0.716520
3230,0.023659
3231,0.023663
3232,0.431404
3233,0.205307
3234,0.183350
3235,0.022644
3236,0.321295
3237,0.792878
3238,0.003069
3239,0.416488
3240,0.018085
3241,0.007066
3242,0.634262
3243,0.150209
3244,0.125661
3245,0.844325
3246,0.198582
3247,0.237213
3248,0.082321
3249,0.018421
3250,0.397810
3251,0.004957
3252,0.019321
3253,0.005687
3254,0.293659
3255,0.008226
3256,0.013634
3257,0.006645
3258,0.878549
3259,0.045030
3260,0.362474
3261,0.232740
3262,0.011461
3263,0.454871
3264,0.004737
3265,0.142185
3266,0.086023
3267,0.741862
3268,0.978211
3269,0.048577
3270,0.099273
3271,0.893631
3272,0.492405
3273,0.102742
3274,0.007047
3275,0.147108
3276,0.308841
3277,0.203186
3278,0.968570
3279,0.728614
3280,0.127616
3281,0.014469
3282,0.291898
3283,0.005970
3284,0.937556
3285,0.004676
3286,0.589309
3287,0.524488
3288,0.742631
3289,0.003933
3290,0.162487
3291,0.023762
3292,0.105076
3293,0.700005
3294,0.832106
3295,0.880252
3296,0.014374
3297,0.740004
3298,0.723134
3299,0.974655
3300,0.002539
3301,0.027640
3302,0.729089
3303,0.011898
3304,0.384980
3305,0.997755
3306,0.998665
3307,0.524879
3308,0.297938
3309,0.053604
3310,0.993123
3311,0.640378
3312,0.358668
3313,0.130884
3314,0.308502
3315,0.178119
3316,0.927127
3317,0.977460
3318,0.786785
3319,0.978646
3320,0.004336
3321,0.012707
3322,0.004797
3323,0.021580
3324,0.872769
3325,0.091726
3326,0.004622
3327,0.071131
3328,0.023718
3329,0.882584
3330,0.972377
3331,0.142695
3332,0.884179
3333,0.639958
3334,0.271694
3335,0.942421
3336,0.968094
3337,0.734659
3338,0.402990
3339,0.011446
3340,0.926785
3341,0.924426
3342,0.506786
3343,0.023121
3344,0.570139
3345,0.183615
3346,0.960489
3347,0.977441
3348,0.668609
3349,0.012105
3350,0.078193
3351,0.521400
3352,0.691757
3353,0.011144
3354,0.005885
3355,0.225447
3356,0.007126
3357,0.191853
3358,0.002048
3359,0.019620
3360,0.005421
3361,0.003433
3362,0.088720
3363,0.096507
3364,0.039677
3365,0.028554
3366,0.910558
3367,0.098088
3368,0.102709
3369,0.014467
3370,0.654382
3371,0.229219
3372,0.017850
3373,0.007262
3374,0.795744
3375,0.053446
3376,0.041808
3377,0.673408
3378,0.945844
3379,0.046838
3380,0.229334
3381,0.012620
3382,0.078144
3383,0.181051
3384,0.942305
3385,0.947559
3386,0.021958
3387,0.011403
3388,0.232667
3389,0.189714
3390,0.326878
3391,0.996119
3392,0.003508
3393,0.081662
3394,0.116000
3395,0.253147
3396,0.997865
3397,0.989251
3398,0.004797
3399,0.037092
3400,0.147329
3401,0.031327
3402,0.034221
3403,0.926527
3404,0.139236
3405,0.032896
3406,0.226445
3407,0.846137
3408,0.028772
3409,0.008908
3410,0.998565
3411,0.228503
3412,0.967551
3413,0.908887
3414,0.183066
3415,0.397851
3416,0.007561
3417,0.065389
3418,0.005075
3419,0.046704
3420,0.793321
3421,0.009328
3422,0.027521
3423,0.062036
3424,0.038430
3425,0.031896
3426,0.030991
3427,0.019521
3428,0.034849
3429,0.954556
3430,0.005970
3431,0.379672
3432,0.250838
3433,0.039266
3434,0.961645
3435,0.147482
3436,0.125123
3437,0.147898
3438,0.186494
3439,0.328567
3440,0.934885
3441,0.302152
3442,0.004661
3443,0.327899
3444,0.351643
3445,0.182493
3446,0.425349
3447,0.078605
3448,0.037575
3449,0.021369
3450,0.065320
3451,0.019681
3452,0.171301
3453,0.847878
3454,0.995432
3455,0.905854
3456,0.429655
3457,0.053129
3458,0.194416
3459,0.003412
3460,0.028637
3461,0.979137
3462,0.261880
3463,0.041738
3464,0.009814
3465,0.023642
3466,0.007489
3467,0.007532
3468,0.663644
3469,0.899960
3470,0.002827
3471,0.441385
3472,0.019579
3473,0.004913
3474,0.004720
3475,0.582259
3476,0.096557
3477,0.024699
3478,0.007228
3479,0.968660
3480,0.942242
3481,0.065082
3482,0.063602
3483,0.897208
3484,0.007176
3485,0.788147
3486,0.945982
3487,0.043761
3488,0.026571
3489,0.375098
3490,0.042856
3491,0.034644
3492,0.043948
3493,0.156607
3494,0.166587
3495,0.216300
3496,0.545994
3497,0.858752
3498,0.001583
3499,0.492399
3500,0.959851
3501,0.669731
3502,0.006887
3503,0.101503
3504,0.077470
3505,0.007565
3506,0.012307
3507,0.134362
3508,0.827774
3509,0.004293
3510,0.002736
3511,0.928053
3512,0.012644
3513,0.011230
3514,0.034129
3515,0.023418
3516,0.006386
3517,0.955991
3518,0.358686
3519,0.978397
3520,0.057445
3521,0.019709
3522,0.170183
3523,0.079891
3524,0.334480
3525,0.230950
3526,0.318336
3527,0.043711
3528,0.013928
3529,0.701103
3530,0.012404
3531,0.021833
3532,0.980850
3533,0.019084
3534,0.164770
3535,0.020152
3536,0.042840
3537,0.029712
3538,0.008905
3539,0.952268
3540,0.004634
3541,0.108939
3542,0.014362
3543,0.624094
3544,0.091256
3545,0.067361
3546,0.029053
3547,0.003718
3548,0.027039
3549,0.042477
3550,0.034175
3551,0.996481
3552,0.995854
3553,0.481752
3554,0.506064
3555,0.966979
3556,0.184026
3557,0.516508
3558,0.006451
3559,0.138370
3560,0.004691
3561,0.196770
3562,0.062876
3563,0.885804
3564,0.203239
3565,0.924694
3566,0.931090
3567,0.061722
3568,0.003027
3569,0.734011
3570,0.205338
3571,0.856670
3572,0.908303
3573,0.004305
3574,0.032107
3575,0.381363
3576,0.993958
3577,0.012691
3578,0.993081
3579,0.917486
3580,0.449821
3581,0.006119
3582,0.594532
3583,0.092331
3584,0.980755
3585,0.446815
3586,0.902816
3587,0.004306
3588,0.174607
3589,0.979203
3590,0.064990
3591,0.405328
3592,0.927121
3593,0.871827
3594,0.972833
3595,0.046920
3596,0.046404
3597,0.889465
3598,0.003177
3599,0.011537
3600,0.993890
3601,0.006079
3602,0.001975
3603,0.019859
3604,0.053851
3605,0.300053
3606,0.972219
3607,0.002158
3608,0.258604
3609,0.001816
3610,0.155206
3611,0.654118
3612,0.053622
3613,0.953017
3614,0.787629
3615,0.041604
3616,0.013742
3617,0.066161
3618,0.984097
3619,0.677563
3620,0.092437
3621,0.679263
3622,0.005718
3623,0.968554
3624,0.012048
3625,0.499336
3626,0.746552
3627,0.601239
3628,0.244699
3629,0.050497
3630,0.949309
3631,0.060318
3632,0.034145
3633,0.016100
3634,0.032936
3635,0.006846
3636,0.079347
3637,0.035776
3638,0.923582
3639,0.008342
3640,0.062597
3641,0.100182
3642,0.003644
3643,0.005916
3644,0.988888
3645,0.727191
3646,0.900523
3647,0.019566
3648,0.565067
3649,0.946176
3650,0.009613
3651,0.026166
3652,0.005480
3653,0.049547
3654,0.493343
3655,0.420194
3656,0.009988
3657,0.006542
3658,0.009975
3659,0.878601
3660,0.261408
3661,0.569314
3662,0.020802
3663,0.159854
3664,0.011076
3665,0.395980
3666,0.931338
3667,0.046176
3668,0.931273
3669,0.700870
3670,0.097401
3671,0.006893
3672,0.010835
3673,0.803824
3674,0.279998
3675,0.954224
3676,0.038523
3677,0.112218
3678,0.945098
3679,0.880515
3680,0.006188
3681,0.087403
3682,0.008481
3683,0.098390
3684,0.309474
3685,0.291269
3686,0.996120
3687,0.193674
3688,0.194734
3689,0.848830
3690,0.017986
3691,0.874090
3692,0.315615
3693,0.991009
3694,0.006170
3695,0.888474
3696,0.027008
3697,0.759436
3698,0.006421
3699,0.036049
3700,0.227816
3701,0.092649
3702,0.979423
3703,0.198597
3704,0.973359
3705,0.987302
3706,0.125707
3707,0.276411
3708,0.418135
3709,0.009993
3710,0.019153
3711,0.997064
3712,0.062502
3713,0.116022
3714,0.268417
3715,0.006459
3716,0.213648
3717,0.594625
3718,0.963071
3719,0.083572
3720,0.828681
3721,0.339262
3722,0.955808
3723,0.984175
3724,0.011575
3725,0.115755
3726,0.041047
3727,0.109447
3728,0.191974
3729,0.404245
3730,0.919002
3731,0.011046
3732,0.115948
3733,0.051431
3734,0.018830
3735,0.179781
3736,0.004693
3737,0.007043
3738,0.994020
3739,0.991667
3740,0.493731
3741,0.835205
3742,0.953954
3743,0.101927
3744,0.695584
3745,0.250796
3746,0.557062
3747,0.066519
3748,0.655893
3749,0.008282
3750,0.078957
3751,0.019026
3752,0.023151
3753,0.250177
3754,0.952884
3755,0.003480
3756,0.076275
3757,0.022329
3758,0.007362
3759,0.814810
3760,0.642411
3761,0.913356
3762,0.781086
3763,0.312413
3764,0.021516
3765,0.238829
3766,0.009005
3767,0.302638
3768,0.081113
3769,0.965188
3770,0.070155
3771,0.958894
3772,0.421075
3773,0.018628
3774,0.007113
3775,0.098786
3776,0.070707
3777,0.118014
3778,0.004324
3779,0.021684
3780,0.182253
3781,0.135560
3782,0.640578
3783,0.117085
3784,0.140318
3785,0.895743
3786,0.044228
3787,0.436239
3788,0.015063
3789,0.605157
3790,0.947919
3791,0.981059
3792,0.946346
3793,0.077492
3794,0.469622
3795,0.636251
3796,0.911424
3797,0.063350
3798,0.177756
3799,0.087285
3800,0.005359
3801,0.026934
3802,0.969107
3803,0.129279
3804,0.698530
3805,0.010339
3806,0.110516
3807,0.993179
3808,0.281001
3809,0.073153
3810,0.043743
3811,0.255139
3812,0.040037
3813,0.043510
3814,0.914626
3815,0.044121
3816,0.478751
3817,0.073238
3818,0.960133
3819,0.912862
3820,0.662454
3821,0.075569
3822,0.913073
3823,0.060693
3824,0.041897
3825,0.995883
3826,0.297228
3827,0.038197
3828,0.807220
3829,0.054884
3830,0.074956
3831,0.996042
3832,0.014494
3833,0.117803
3834,0.606291
3835,0.136783
3836,0.636117
3837,0.994882
3838,0.613269
3839,0.997281
3840,0.123959
3841,0.092005
3842,0.067782
3843,0.117107
3844,0.040052
3845,0.995095
3846,0.005636
3847,0.967165
3848,0.004004
3849,0.005339
3850,0.245835
3851,0.967889
3852,0.045413
3853,0.587100
3854,0.880454
3855,0.003455
3856,0.026726
3857,0.009969
3858,0.059191
3859,0.042341
3860,0.021653
3861,0.031875
3862,0.006230
3863,0.969787
3864,0.997465
3865,0.360249
3866,0.996391
3867,0.014311
3868,0.528245
3869,0.034673
3870,0.695987
3871,0.063218
3872,0.658430
3873,0.285696
3874,0.155145
3875,0.995044
3876,0.150541
3877,0.978951
3878,0.034003
3879,0.006048
3880,0.993244
3881,0.981344
3882,0.263014
3883,0.213867
3884,0.004240
3885,0.028828
3886,0.859915
3887,0.179236
3888,0.138615
3889,0.115177
3890,0.077471
3891,0.936299
3892,0.014721
3893,0.652127
3894,0.107432
3895,0.377317
3896,0.093212
3897,0.946467
3898,0.481158
3899,0.342395
3900,0.021375
3901,0.004041
3902,0.941258
3903,0.591686
3904,0.020948
3905,0.074037
3906,0.977040
3907,0.047791
3908,0.111135
3909,0.995531
3910,0.003025
3911,0.007451
3912,0.173769
3913,0.029291
3914,0.816949
3915,0.018302
3916,0.802777
3917,0.035116
3918,0.063233
3919,0.015552
3920,0.075683
3921,0.003743
3922,0.585283
3923,0.018260
3924,0.018057
3925,0.991624
3926,0.446506
3927,0.023036
3928,0.026016
3929,0.901431
3930,0.979971
3931,0.003029
3932,0.404765
3933,0.005442
3934,0.936190
3935,0.006451
3936,0.093035
3937,0.310848
3938,0.956974
3939,0.082755
3940,0.162313
3941,0.964029
3942,0.020277
3943,0.177938
3944,0.880074
3945,0.714315
3946,0.083753
3947,0.006300
3948,0.114163
3949,0.966182
3950,0.051062
3951,0.039563
3952,0.970482
3953,0.023262
3954,0.995483
3955,0.006198
3956,0.129565
3957,0.351325
3958,0.032154
3959,0.935771
3960,0.071696
3961,0.012540
3962,0.005466
3963,0.816155
3964,0.281066
3965,0.110151
3966,0.714224
3967,0.016017
3968,0.005296
3969,0.215500
3970,0.200699
3971,0.952271
3972,0.528852
3973,0.229000
3974,0.004538
3975,0.827550
3976,0.994725
3977,0.106093
3978,0.041477
3979,0.625448
3980,0.730718
3981,0.961355
3982,0.953448
3983,0.006209
3984,0.633816
3985,0.026054
3986,0.467858
3987,0.002412
3988,0.868349
3989,0.009688
3990,0.375946
3991,0.748025
3992,0.004604
3993,0.140937
3994,0.609878
3995,0.953569
3996,0.654131
3997,0.005345
3998,0.207689
3999,0.061356
4000,0.006774
4001,0.030288
4002,0.004840
4003,0.111181
4004,0.687774
4005,0.290040
4006,0.168071
4007,0.004756
4008,0.994845
4009,0.106330
4010,0.997193
4011,0.887691
4012,0.035782
4013,0.031241
4014,0.996898
4015,0.922712
4016,0.147736
4017,0.137638
4018,0.093843
4019,0.027545
4020,0.031693
4021,0.047260
4022,0.015670
4023,0.007522
4024,0.005388
4025,0.728194
4026,0.755082
4027,0.003492
4028,0.043604
4029,0.026596
4030,0.006834
4031,0.899860
4032,0.121737
4033,0.011867
4034,0.051830
4035,0.050118
4036,0.017829
4037,0.010618
4038,0.971939
4039,0.004360
4040,0.340246
4041,0.989686
4042,0.038664
4043,0.097673
4044,0.038070
4045,0.002545
4046,0.010804
4047,0.157848
4048,0.095325
4049,0.037226
4050,0.071186
4051,0.074350
4052,0.194612
4053,0.841416
4054,0.016410
4055,0.011027
4056,0.074665
4057,0.236233
4058,0.601312
4059,0.015498
4060,0.184376
4061,0.948988
4062,0.172170
4063,0.455666
4064,0.286248
4065,0.181755
4066,0.011964
4067,0.539760
4068,0.014845
4069,0.005668
4070,0.083910
4071,0.979458
4072,0.004143
4073,0.027278
4074,0.047539
4075,0.007562
4076,0.564070
4077,0.080875
4078,0.433103
4079,0.154075
4080,0.002114
4081,0.799081
4082,0.918896
4083,0.183474
4084,0.020629
4085,0.176692
4086,0.313602
4087,0.005120
4088,0.099494
4089,0.012083
4090,0.214543
4091,0.003557
4092,0.178705
4093,0.284762
4094,0.008367
4095,0.026905
4096,0.022551
4097,0.182210
4098,0.004744
4099,0.929356
4100,0.564346
4101,0.046672
4102,0.150894
4103,0.179353
4104,0.979816
4105,0.461470
4106,0.217482
4107,0.556554
4108,0.983302
4109,0.972818
4110,0.094897
4111,0.002703
4112,0.984071
4113,0.298773
4114,0.130511
4115,0.007021
4116,0.026171
4117,0.998223
4118,0.102115
4119,0.130337
4120,0.969375
4121,0.119742
4122,0.769539
4123,0.007109
4124,0.470829
4125,0.008115
4126,0.069477
4127,0.040129
4128,0.117305
4129,0.337527
4130,0.031373
4131,0.339389
4132,0.882899
4133,0.955067
4134,0.023706
4135,0.252542
4136,0.021384
4137,0.896882
4138,0.002533
4139,0.181427
4140,0.996765
4141,0.875837
4142,0.077040
4143,0.077967
4144,0.972718
4145,0.101389
4146,0.132658
4147,0.231710
4148,0.017511
4149,0.019776
4150,0.182775
4151,0.031346
4152,0.027967
4153,0.121971
4154,0.612114
4155,0.825191
4156,0.080013
4157,0.004299
4158,0.904431
4159,0.269026
4160,0.323180
4161,0.341770
4162,0.007750
4163,0.005885
4164,0.946636
4165,0.174198
4166,0.007520
4167,0.981261
4168,0.188512
4169,0.091783
4170,0.999123
4171,0.025415
4172,0.894995
4173,0.058759
4174,0.003620
4175,0.168019
4176,0.035890
4177,0.004551
4178,0.737838
4179,0.109725
4180,0.954468
4181,0.212889
4182,0.002348
4183,0.784057
4184,0.981556
4185,0.845080
4186,0.954881
4187,0.060841
4188,0.003933
4189,0.055542
4190,0.002697
4191,0.140458
4192,0.954217
4193,0.060274
4194,0.883516
4195,0.157384
4196,0.996802
4197,0.766687
4198,0.075067
4199,0.902418
4200,0.005016
4201,0.606814
4202,0.079179
4203,0.077997
4204,0.048976
4205,0.055120
4206,0.431174
4207,0.071802
4208,0.332125
4209,0.314276
4210,0.277781
4211,0.106831
4212,0.255310
4213,0.362584
4214,0.049669
4215,0.008054
4216,0.015440
4217,0.990618
4218,0.996989
4219,0.007722
4220,0.127130
4221,0.979306
4222,0.187604
4223,0.443352
4224,0.086164
4225,0.032941
4226,0.997692
4227,0.376754
4228,0.009589
4229,0.907144
4230,0.840295
4231,0.029504
4232,0.009681
4233,0.162328
4234,0.006615
4235,0.304752
4236,0.031901
4237,0.089112
4238,0.038906
4239,0.045916
4240,0.515943
4241,0.995463
4242,0.006490
4243,0.032277
4244,0.952401
4245,0.040352
4246,0.021964
4247,0.005728
4248,0.018447
4249,0.404714
4250,0.746185
4251,0.149253
4252,0.003440
4253,0.816163
4254,0.063930
4255,0.024307
4256,0.196932
4257,0.003017
4258,0.859123
4259,0.009376
4260,0.980156
4261,0.948165
4262,0.669982
4263,0.897738
4264,0.003290
4265,0.396436
4266,0.919940
4267,0.007301
4268,0.964147
4269,0.202300
4270,0.137492
4271,0.008528
4272,0.146199
4273,0.007914
4274,0.018334
4275,0.945815
4276,0.442778
4277,0.023928
4278,0.017621
4279,0.169342
4280,0.947651
4281,0.557824
4282,0.255944
4283,0.005976
4284,0.011443
4285,0.432424
4286,0.091918
4287,0.561185
4288,0.767057
4289,0.011734
4290,0.827014
4291,0.040095
4292,0.019570
4293,0.707663
4294,0.897797
4295,0.381439
4296,0.246108
4297,0.996639
4298,0.278043
4299,0.008058
4300,0.088473
4301,0.997529
4302,0.062851
4303,0.057757
4304,0.322920
4305,0.009703
4306,0.024344
4307,0.075012
4308,0.926000
4309,0.929236
4310,0.043319
4311,0.011347
4312,0.983595
4313,0.941412
4314,0.009172
4315,0.007105
4316,0.905041
4317,0.928251
4318,0.731657
4319,0.009952
4320,0.803420
4321,0.004604
4322,0.262754
4323,0.169912
4324,0.418059
4325,0.461845
4326,0.003953
4327,0.692398
4328,0.977988
4329,0.007804
4330,0.128327
4331,0.099697
4332,0.037802
4333,0.042600
4334,0.110657
4335,0.153393
4336,0.032195
4337,0.084177
4338,0.058611
4339,0.438499
4340,0.138955
4341,0.070529
4342,0.115009
4343,0.973529
4344,0.820854
4345,0.042276
4346,0.004319
4347,0.039278
4348,0.154508
4349,0.003188
4350,0.018108
4351,0.010727
4352,0.980241
4353,0.244184
4354,0.085310
4355,0.055422
4356,0.935735
4357,0.035087
4358,0.102843
4359,0.008046
4360,0.958124
4361,0.378113
4362,0.791791
4363,0.016697
4364,0.882188
4365,0.132876
4366,0.122806
4367,0.947159
4368,0.004160
4369,0.044031
4370,0.141476
4371,0.060478
4372,0.997320
4373,0.066988
4374,0.137057
4375,0.437143
4376,0.033147
4377,0.123473
4378,0.975658
4379,0.998427
4380,0.352123
4381,0.026252
4382,0.098233
4383,0.309166
4384,0.887883
4385,0.064775
4386,0.112101
4387,0.001907
4388,0.122631
4389,0.018741
4390,0.777790
4391,0.045339
4392,0.900492
4393,0.069758
4394,0.493579
4395,0.035832
4396,0.772107
4397,0.004323
4398,0.995305
4399,0.164627
4400,0.942615
4401,0.061091
4402,0.121652
4403,0.012750
4404,0.052676
4405,0.109275
4406,0.004696
4407,0.026992
4408,0.312124
4409,0.077130
4410,0.004890
4411,0.003205
4412,0.031781
4413,0.052148
4414,0.707365
4415,0.057748
4416,0.369068
4417,0.092797
4418,0.022665
4419,0.228081
4420,0.013607
4421,0.073936
4422,0.002377
4423,0.102222
4424,0.004443
4425,0.070713
4426,0.019493
4427,0.004693
4428,0.028771
4429,0.116889
4430,0.037970
4431,0.046602
4432,0.003437
4433,0.027577
4434,0.046731
4435,0.078680
4436,0.005801
4437,0.148964
4438,0.039671
4439,0.381305
4440,0.850300
4441,0.008514
4442,0.649801
4443,0.083395
4444,0.126849
4445,0.122844
4446,0.023667
4447,0.596979
4448,0.046258
4449,0.683127
4450,0.077502
4451,0.902466
4452,0.953171
4453,0.174687
4454,0.854642
4455,0.036920
4456,0.044865
4457,0.994600
4458,0.037971
4459,0.225909
4460,0.605328
4461,0.080832
4462,0.018676
4463,0.011011
4464,0.036233
4465,0.022422
4466,0.107792
4467,0.995646
4468,0.938532
4469,0.027837
4470,0.060779
4471,0.007221
4472,0.336384
4473,0.172102
4474,0.322658
4475,0.992513
4476,0.135061
4477,0.037406
4478,0.887935
4479,0.215193
4480,0.285078
4481,0.099977
4482,0.004263
4483,0.959573
4484,0.028326
4485,0.035562
4486,0.997241
4487,0.064502
4488,0.089851
4489,0.011081
4490,0.060818
4491,0.004567
4492,0.005789
4493,0.313438
4494,0.360863
4495,0.139159
4496,0.055402
4497,0.172740
4498,0.005473
4499,0.038769
4500,0.249142
4501,0.031504
4502,0.249290
4503,0.981594
4504,0.268063
4505,0.092727
4506,0.504162
4507,0.058573
4508,0.011248
4509,0.012420
4510,0.275553
4511,0.218000
4512,0.030921
4513,0.002160
4514,0.097469
4515,0.502035
4516,0.888198
4517,0.100028
4518,0.971126
4519,0.098422
4520,0.156126
4521,0.721311
4522,0.562397
4523,0.956389
4524,0.706664
4525,0.960234
4526,0.151372
4527,0.036188
4528,0.004498
4529,0.978044
4530,0.563663
4531,0.024551
4532,0.009656
4533,0.199314
4534,0.884501
4535,0.006002
4536,0.483568
4537,0.036756
4538,0.045407
4539,0.444688
4540,0.369571
4541,0.020891
4542,0.016679
4543,0.970827
4544,0.960624
4545,0.053856
4546,0.214721
4547,0.085656
4548,0.770421
4549,0.050014
4550,0.200957
4551,0.921308
4552,0.834102
4553,0.233137
4554,0.045107
4555,0.183852
4556,0.050113
4557,0.617502
4558,0.957478
4559,0.616827
4560,0.002250
4561,0.028120
4562,0.974160
4563,0.012518
4564,0.044727
4565,0.113223
4566,0.101086
4567,0.225084
4568,0.009020
4569,0.017195
4570,0.009132
4571,0.007215
4572,0.091436
4573,0.011010
4574,0.306654
4575,0.002508
4576,0.154459
4577,0.190035
4578,0.039433
4579,0.021847
4580,0.286987
4581,0.161073
4582,0.906111
4583,0.021190
4584,0.988584
4585,0.918855
4586,0.239413
4587,0.269075
4588,0.021258
4589,0.015147
4590,0.044956
4591,0.005837
4592,0.025851
4593,0.017245
4594,0.952343
4595,0.033765
4596,0.059698
4597,0.978344
4598,0.192441
4599,0.559239
4600,0.010401
4601,0.007906
4602,0.065018
4603,0.179151
4604,0.010459
4605,0.222126
4606,0.056218
4607,0.105029
4608,0.976167
4609,0.010673
4610,0.958880
4611,0.044513
4612,0.085575
4613,0.079937
4614,0.967157
4615,0.987995
4616,0.026404
4617,0.192110
4618,0.970653
4619,0.682111
4620,0.969361
4621,0.050646
4622,0.619510
4623,0.025373
4624,0.276445
4625,0.003697
4626,0.112096
4627,0.053560
4628,0.963665
4629,0.073631
4630,0.027376
4631,0.992472
4632,0.048340
4633,0.835280
4634,0.095645
4635,0.115141
4636,0.020938
4637,0.962992
4638,0.103514
4639,0.027008
4640,0.041904
4641,0.089875
4642,0.972239
4643,0.996694
4644,0.995728
4645,0.027108
4646,0.383589
4647,0.057638
4648,0.053577
4649,0.155425
4650,0.009253
4651,0.784296
4652,0.015691
4653,0.314551
4654,0.077389
4655,0.011125
4656,0.727473
4657,0.954206
4658,0.024689
4659,0.773622
4660,0.078882
4661,0.087394
4662,0.044862
4663,0.081423
4664,0.158230
4665,0.003421
4666,0.415494
4667,0.012409
4668,0.089838
4669,0.005192
4670,0.117003
4671,0.997340
4672,0.090268
4673,0.005387
4674,0.028992
4675,0.952792
4676,0.023550
4677,0.031575
4678,0.011612
4679,0.990524
4680,0.070215
4681,0.008751
4682,0.019552
4683,0.682436
4684,0.013133
4685,0.386212
4686,0.414399
4687,0.009787
4688,0.040756
4689,0.082997
4690,0.026249
4691,0.308695
4692,0.024120
4693,0.990132
4694,0.024705
4695,0.497945
4696,0.103051
4697,0.737627
4698,0.993564
4699,0.070775
4700,0.572472
4701,0.063499
4702,0.004699
4703,0.291125
4704,0.008447
4705,0.034719
4706,0.098505
4707,0.009035
4708,0.056111
4709,0.023360
4710,0.192880
4711,0.967714
4712,0.355434
4713,0.013336
4714,0.011397
4715,0.125839
4716,0.003839
4717,0.089073
4718,0.901329
4719,0.353689
4720,0.021326
4721,0.100313
4722,0.966118
4723,0.853892
4724,0.025329
4725,0.005052
4726,0.055156
4727,0.122168
4728,0.324317
4729,0.059114
4730,0.001899
4731,0.004692
4732,0.096931
4733,0.954312
4734,0.052643
4735,0.019887
4736,0.986681
4737,0.359257
4738,0.878383
4739,0.601732
4740,0.996064
4741,0.081480
4742,0.914549
4743,0.054761
4744,0.018788
4745,0.403924
4746,0.054681
4747,0.046792
4748,0.007573
4749,0.322292
4750,0.521005
4751,0.996769
4752,0.036119
4753,0.403307
4754,0.091270
4755,0.189313
4756,0.013439
4757,0.067493
4758,0.079696
4759,0.117412
4760,0.903370
4761,0.606973
4762,0.042389
4763,0.007317
4764,0.004020
4765,0.057381
4766,0.223169
4767,0.760696
4768,0.918627
4769,0.376597
4770,0.010188
4771,0.008641
4772,0.015951
4773,0.005008
4774,0.715929
4775,0.002120
4776,0.009883
4777,0.040113
4778,0.009014
4779,0.982529
4780,0.992437
4781,0.220066
4782,0.992790
4783,0.062021
4784,0.258527
4785,0.203025
4786,0.023142
4787,0.868033
4788,0.088252
4789,0.007129
4790,0.005248
4791,0.007990
4792,0.935842
4793,0.987624
4794,0.071108
4795,0.002355
4796,0.995522
4797,0.004084
4798,0.873620
4799,0.786969
4800,0.468724
4801,0.565524
4802,0.003286
4803,0.018112
4804,0.031154
4805,0.005466
4806,0.549727
4807,0.932072
4808,0.065189
4809,0.044103
4810,0.023355
4811,0.166894
4812,0.127242
4813,0.855089
4814,0.951171
4815,0.308106
4816,0.228633
4817,0.026805
4818,0.055899
4819,0.230852
4820,0.998254
4821,0.864515
4822,0.010909
4823,0.295470
4824,0.237336
4825,0.659822
4826,0.019200
4827,0.084402
4828,0.010127
4829,0.032151
4830,0.023348
4831,0.225555
4832,0.192930
4833,0.208941
4834,0.022604
4835,0.056753
4836,0.035997
4837,0.040489
4838,0.015344
4839,0.003691
4840,0.962977
4841,0.237311
4842,0.973135
4843,0.071700
4844,0.123209
4845,0.098075
4846,0.004846
4847,0.958594
4848,0.445698
4849,0.002873
4850,0.244598
4851,0.045296
4852,0.488456
4853,0.757734
4854,0.548480
4855,0.313622
4856,0.696587
4857,0.041012
4858,0.132935
4859,0.025809
4860,0.084240
4861,0.822424
4862,0.041635
4863,0.013848
4864,0.527558
4865,0.168837
4866,0.003701
4867,0.181956
4868,0.220076
4869,0.002883
4870,0.118247
4871,0.286931
4872,0.399954
4873,0.127689
4874,0.990708
4875,0.340212
4876,0.033697
4877,0.014274
4878,0.820139
4879,0.798197
4880,0.861010
4881,0.908490
4882,0.053117
4883,0.077608
4884,0.051179
4885,0.830010
4886,0.944890
4887,0.008348
4888,0.062144
4889,0.076146
4890,0.023196
4891,0.589284
4892,0.978533
4893,0.833829
4894,0.164740
4895,0.045422
4896,0.445958
4897,0.864715
4898,0.147094
4899,0.905573
4900,0.015646
4901,0.843972
4902,0.179497
4903,0.102303
4904,0.069909
4905,0.313982
4906,0.005382
4907,0.513860
4908,0.048184
4909,0.053007
4910,0.947208
4911,0.193803
4912,0.031227
4913,0.891838
4914,0.035448
4915,0.960258
4916,0.537403
4917,0.651566
4918,0.965852
4919,0.436907
4920,0.031257
4921,0.958627
4922,0.981720
4923,0.007896
4924,0.927254
4925,0.070872
4926,0.029943
4927,0.847472
4928,0.496789
4929,0.043490
4930,0.972362
4931,0.818928
4932,0.722395
4933,0.996434
4934,0.050998
4935,0.094500
4936,0.060164
4937,0.508530
4938,0.006866
4939,0.977583
4940,0.026929
4941,0.007033
4942,0.320691
4943,0.008981
4944,0.059789
4945,0.183634
4946,0.111171
4947,0.127307
4948,0.238601
4949,0.899924
4950,0.459996
4951,0.048874
4952,0.158592
4953,0.161101
4954,0.803577
4955,0.427430
4956,0.268811
4957,0.266266
4958,0.969309
4959,0.667140
4960,0.003047
4961,0.741941
4962,0.118635
4963,0.335118
4964,0.830475
4965,0.013001
4966,0.012985
4967,0.361485
4968,0.006193
4969,0.206575
4970,0.977814
4971,0.155514
4972,0.039479
4973,0.004166
4974,0.028627
4975,0.614803
4976,0.147733
4977,0.518506
4978,0.012792
4979,0.875224
4980,0.340601
4981,0.005692
4982,0.089735
4983,0.879234
4984,0.317704
4985,0.685523
4986,0.978137
4987,0.970437
4988,0.011430
4989,0.002758
4990,0.003384
4991,0.729730
4992,0.003884
4993,0.056945
4994,0.130949
4995,0.006469
4996,0.959500
4997,0.013185
4998,0.327846
4999,0.446303
5000,0.006451
5001,0.015474
5002,0.072865
5003,0.458477
5004,0.252516
5005,0.037869
5006,0.029791
5007,0.831695
5008,0.956805
5009,0.049010
5010,0.003915
5011,0.510731
5012,0.042397
5013,0.097625
5014,0.235303
5015,0.679838
5016,0.888656
5017,0.623206
5018,0.984629
5019,0.974687
5020,0.011153
5021,0.284280
5022,0.009135
5023,0.003528
5024,0.242442
5025,0.027333
5026,0.032510
5027,0.100994
5028,0.996788
5029,0.851768
5030,0.003764
5031,0.029298
5032,0.242739
5033,0.942516
5034,0.879790
5035,0.033725
5036,0.027704
5037,0.002808
5038,0.005821
5039,0.263106
5040,0.908901
5041,0.365783
5042,0.969030
5043,0.052641
5044,0.007261
5045,0.297157
5046,0.030150
5047,0.002450
5048,0.460840
5049,0.040099
5050,0.104554
5051,0.836938
5052,0.006604
5053,0.097539
5054,0.039186
5055,0.030294
5056,0.913426
5057,0.029764
5058,0.938597
5059,0.061056
5060,0.124987
5061,0.086580
5062,0.012095
5063,0.004618
5064,0.014195
5065,0.423801
5066,0.347258
5067,0.024226
5068,0.943890
5069,0.672729
5070,0.960708
5071,0.098411
5072,0.044799
5073,0.008107
5074,0.009963
5075,0.386027
5076,0.335173
5077,0.075005
5078,0.043264
5079,0.960133
5080,0.029076
5081,0.004244
5082,0.030763
5083,0.063531
5084,0.003093
5085,0.968440
5086,0.996638
5087,0.003398
5088,0.024518
5089,0.022085
5090,0.552612
5091,0.059455
5092,0.988916
5093,0.375689
5094,0.134605
5095,0.107698
5096,0.009061
5097,0.027445
5098,0.283569
5099,0.004732
5100,0.050407
5101,0.252885
5102,0.628652
5103,0.005889
5104,0.005677
5105,0.075482
5106,0.994596
5107,0.960906
5108,0.537183
5109,0.932780
5110,0.015824
5111,0.995830
5112,0.915050
5113,0.305081
5114,0.955849
5115,0.891451
5116,0.950069
5117,0.859264
5118,0.929659
5119,0.018992
5120,0.997249
5121,0.027398
5122,0.007140
5123,0.869907
5124,0.015213
5125,0.950708
5126,0.110949
5127,0.362544
5128,0.032275
5129,0.544653
5130,0.024848
5131,0.005210
5132,0.178125
5133,0.210072
5134,0.722063
5135,0.424415
5136,0.004701
5137,0.718948
5138,0.022258
5139,0.273406
5140,0.087951
5141,0.246260
5142,0.103961
5143,0.002708
5144,0.008316
5145,0.003160
5146,0.023710
5147,0.013900
5148,0.012872
5149,0.005599
5150,0.317154
5151,0.826297
5152,0.155396
5153,0.032040
5154,0.996161
5155,0.072982
5156,0.002753
5157,0.016117
5158,0.002221
5159,0.036566
5160,0.285540
5161,0.046519
5162,0.001971
5163,0.062290
5164,0.014502
5165,0.132421
5166,0.506868
5167,0.074343
5168,0.068305
5169,0.045913
5170,0.131412
5171,0.774151
5172,0.751028
5173,0.215109
5174,0.016580
5175,0.997426
5176,0.434000
5177,0.940926
5178,0.888296
5179,0.885041
5180,0.031955
5181,0.245268
5182,0.385700
5183,0.004694
5184,0.123054
5185,0.068562
5186,0.002131
5187,0.118757
5188,0.976341
5189,0.042593
5190,0.088529
5191,0.203893
5192,0.261228
5193,0.162791
5194,0.494098
5195,0.343438
5196,0.044900
5197,0.024316
5198,0.033448
5199,0.008909
5200,0.003115
5201,0.070663
5202,0.157833
5203,0.012908
5204,0.182106
5205,0.007425
5206,0.069440
5207,0.729368
5208,0.008348
5209,0.846714
5210,0.873339
5211,0.896241
5212,0.235299
5213,0.180955
5214,0.015705
5215,0.698752
5216,0.745048
5217,0.018446
5218,0.690262
5219,0.002760
5220,0.997729
5221,0.026892
5222,0.069998
5223,0.274251
5224,0.568179
5225,0.007518
5226,0.987842
5227,0.839628
5228,0.873129
5229,0.991361
5230,0.115568
5231,0.322818
5232,0.973664
5233,0.007544
5234,0.099441
5235,0.024728
5236,0.004810
5237,0.948871
5238,0.115617
5239,0.016514
5240,0.028428
5241,0.127992
5242,0.032455
5243,0.067485
5244,0.981517
5245,0.518461
5246,0.190972
5247,0.052339
5248,0.052389
5249,0.360785
5250,0.120335
5251,0.208615
5252,0.533201
5253,0.018895
5254,0.020628
5255,0.312444
5256,0.008685
5257,0.469092
5258,0.947678
5259,0.747331
5260,0.044583
5261,0.014550
5262,0.849109
5263,0.004694
5264,0.295498
5265,0.088430
5266,0.968397
5267,0.003453
5268,0.102000
5269,0.029294
5270,0.115933
5271,0.142475
5272,0.954253
5273,0.007189
5274,0.694520
5275,0.936220
5276,0.127657
5277,0.772477
5278,0.220830
5279,0.009622
5280,0.006383
5281,0.005140
5282,0.978235
5283,0.077745
5284,0.026408
5285,0.005965
5286,0.021235
5287,0.100261
5288,0.065137
5289,0.008400
5290,0.003684
5291,0.989144
5292,0.601591
5293,0.092864
5294,0.806515
5295,0.023297
5296,0.189723
5297,0.002283
5298,0.346670
5299,0.003735
5300,0.016615
5301,0.146928
5302,0.263373
5303,0.168080
5304,0.121957
5305,0.069999
5306,0.112976
5307,0.895114
5308,0.110732
5309,0.143894
5310,0.021517
5311,0.827448
5312,0.321996
5313,0.058480
5314,0.727509
5315,0.184125
5316,0.082783
5317,0.074398
5318,0.008131
5319,0.774340
5320,0.019544
5321,0.079476
5322,0.140068
5323,0.071401
5324,0.883481
5325,0.256629
5326,0.002682
5327,0.008880
5328,0.084587
5329,0.900416
5330,0.014089
5331,0.079310
5332,0.008006
5333,0.048929
5334,0.949406
5335,0.485090
5336,0.012669
5337,0.054706
5338,0.319425
5339,0.043156
5340,0.007109
5341,0.005970
5342,0.980908
5343,0.051377
5344,0.013018
5345,0.016966
5346,0.241832
5347,0.948148
5348,0.010603
5349,0.030769
5350,0.774878
5351,0.998302
5352,0.776576
5353,0.016423
5354,0.405367
5355,0.818998
5356,0.020072
5357,0.106097
5358,0.995189
5359,0.008825
5360,0.071943
5361,0.716379
5362,0.088278
5363,0.018780
5364,0.008261
5365,0.967844
5366,0.003185
5367,0.003637
5368,0.872387
5369,0.804637
5370,0.027351
5371,0.014111
5372,0.010728
5373,0.234054
5374,0.007051
5375,0.037822
5376,0.053627
5377,0.014299
5378,0.028184
5379,0.145059
5380,0.520342
5381,0.047106
5382,0.263738
5383,0.132071
5384,0.076430
5385,0.055256
5386,0.018771
5387,0.768520
5388,0.010779
5389,0.996903
5390,0.632884
5391,0.006624
5392,0.003561
5393,0.998165
5394,0.018039
5395,0.836652
5396,0.031944
5397,0.125497
5398,0.163781
5399,0.253786
5400,0.037470
5401,0.576090
5402,0.005015
5403,0.064342
5404,0.035866
5405,0.059743
5406,0.893052
5407,0.874388
5408,0.038725
5409,0.009332
5410,0.171814
5411,0.181541
5412,0.883646
5413,0.071241
5414,0.004401
5415,0.996960
5416,0.031525
5417,0.067489
5418,0.115433
5419,0.222285
5420,0.035759
5421,0.096768
5422,0.027159
5423,0.038208
5424,0.741761
5425,0.940076
5426,0.021368
5427,0.031857
5428,0.006574
5429,0.002632
5430,0.694460
5431,0.044508
5432,0.693898
5433,0.186584
5434,0.967531
5435,0.542945
5436,0.973143
5437,0.050934
5438,0.317371
5439,0.318376
5440,0.923807
5441,0.003174
5442,0.076095
5443,0.548338
5444,0.009879
5445,0.973577
5446,0.266075
5447,0.126601
5448,0.017310
5449,0.003639
5450,0.934607
5451,0.003750
5452,0.995772
5453,0.288309
5454,0.055786
5455,0.947007
5456,0.009383
5457,0.111355
5458,0.004043
5459,0.952591
5460,0.970227
5461,0.011496
5462,0.019314
5463,0.048123
5464,0.010439
5465,0.119914
5466,0.794404
5467,0.991546
5468,0.061153
5469,0.060402
5470,0.995110
5471,0.288647
5472,0.187952
5473,0.004537
5474,0.296249
5475,0.005777
5476,0.040390
5477,0.898493
5478,0.262536
5479,0.940033
5480,0.114568
5481,0.036858
5482,0.002999
5483,0.359797
5484,0.665485
5485,0.135950
5486,0.036234
5487,0.507016
5488,0.112819
5489,0.313430
5490,0.032880
5491,0.610820
5492,0.033751
5493,0.012040
5494,0.836415
5495,0.956211
5496,0.021427
5497,0.180048
5498,0.145000
5499,0.004354
5500,0.002099
5501,0.229537
5502,0.018380
5503,0.091641
5504,0.976022
5505,0.975946
5506,0.035012
5507,0.315520
5508,0.032109
5509,0.955031
5510,0.012789
5511,0.996833
5512,0.005578
5513,0.038726
5514,0.227645
5515,0.004889
5516,0.047299
5517,0.163257
5518,0.166247
5519,0.050996
5520,0.026792
5521,0.996588
5522,0.851509
5523,0.225345
5524,0.978562
5525,0.159924
5526,0.142453
5527,0.807379
5528,0.003788
5529,0.036190
5530,0.129835
5531,0.047658
5532,0.076769
5533,0.124156
5534,0.072161
5535,0.008198
5536,0.031807
5537,0.028944
5538,0.004878
5539,0.060843
5540,0.769317
5541,0.007770
5542,0.396363
5543,0.002899
5544,0.005927
5545,0.976047
5546,0.251362
5547,0.026200
5548,0.069490
5549,0.981180
5550,0.022395
5551,0.103848
5552,0.045908
5553,0.049739
5554,0.465041
5555,0.147342
5556,0.099011
5557,0.695847
5558,0.965255
5559,0.070357
5560,0.996366
5561,0.572337
5562,0.005876
5563,0.079567
5564,0.004373
5565,0.989508
5566,0.476120
5567,0.011596
5568,0.140476
5569,0.052399
5570,0.971031
5571,0.022153
5572,0.005347
5573,0.064597
5574,0.789690
5575,0.353250
5576,0.027721
5577,0.024589
5578,0.183599
5579,0.022294
5580,0.998317
5581,0.217705
5582,0.007108
5583,0.017514
5584,0.638995
5585,0.014739
5586,0.379018
5587,0.788499
5588,0.114450
5589,0.049717
5590,0.065314
5591,0.018341
5592,0.610445
5593,0.004381
5594,0.032490
5595,0.060625
5596,0.673908
5597,0.843425
5598,0.028405
5599,0.807393
5600,0.971562
5601,0.054058
5602,0.116223
5603,0.530262
5604,0.004940
5605,0.854803
5606,0.105804
5607,0.005203
5608,0.352629
5609,0.758540
5610,0.045252
5611,0.054607
5612,0.037145
5613,0.183687
5614,0.180535
5615,0.002398
5616,0.029327
5617,0.881226
5618,0.995290
5619,0.164547
5620,0.018203
5621,0.194621
5622,0.005998
5623,0.004226
5624,0.197110
5625,0.729339
5626,0.119820
5627,0.994512
5628,0.056979
5629,0.141011
5630,0.992495
5631,0.029389
5632,0.018163
5633,0.010102
5634,0.587637
5635,0.075192
5636,0.005976
5637,0.061393
5638,0.710751
5639,0.004169
5640,0.021310
5641,0.176476
5642,0.024979
5643,0.840669
5644,0.079674
5645,0.018612
5646,0.808597
5647,0.086058
5648,0.016226
5649,0.061181
5650,0.012832
5651,0.100807
5652,0.020696
5653,0.030222
5654,0.008608
5655,0.949314
5656,0.152035
5657,0.238328
5658,0.036643
5659,0.153286
5660,0.012629
5661,0.829873
5662,0.021729
5663,0.196307
5664,0.066345
5665,0.919966
5666,0.110128
5667,0.951302
5668,0.996627
5669,0.352282
5670,0.881542
5671,0.148839
5672,0.073244
5673,0.314345
5674,0.788672
5675,0.128459
5676,0.994889
5677,0.026371
5678,0.036891
5679,0.949704
5680,0.003526
5681,0.045377
5682,0.486374
5683,0.214115
5684,0.057396
5685,0.105489
5686,0.088825
5687,0.094652
5688,0.019068
5689,0.042256
5690,0.026888
5691,0.005972
5692,0.012136
5693,0.235103
5694,0.059297
5695,0.395821
5696,0.118045
5697,0.132835
5698,0.017575
5699,0.244056
5700,0.047865
5701,0.962048
5702,0.112293
5703,0.233186
5704,0.849642
5705,0.675892
5706,0.078519
5707,0.019245
5708,0.124955
5709,0.928984
5710,0.971172
5711,0.076203
5712,0.004181
5713,0.033987
5714,0.319286
5715,0.026143
5716,0.004252
5717,0.940158
5718,0.932229
5719,0.004183
5720,0.424891
5721,0.006961
5722,0.996483
5723,0.334499
5724,0.027111
5725,0.062139
5726,0.541435
5727,0.953460
5728,0.875909
5729,0.009381
5730,0.310117
5731,0.963115
5732,0.012337
5733,0.206111
5734,0.992949
5735,0.017105
5736,0.003259
5737,0.970276
5738,0.803928
5739,0.009603
5740,0.250028
5741,0.100248
5742,0.051886
5743,0.774247
5744,0.337060
5745,0.004918
5746,0.041226
5747,0.108955
5748,0.105920
5749,0.266682
5750,0.978112
5751,0.004186
5752,0.133811
5753,0.018320
5754,0.002855
5755,0.047848
5756,0.010825
5757,0.139228
5758,0.938549
5759,0.191900
5760,0.023373
5761,0.009851
5762,0.518467
5763,0.908113
5764,0.001854
5765,0.812652
5766,0.983250
5767,0.041182
5768,0.848519
5769,0.005796
5770,0.065337
5771,0.993736
5772,0.239031
5773,0.578689
5774,0.993177
5775,0.064825
5776,0.861098
5777,0.005139
5778,0.012834
5779,0.002674
5780,0.020862
5781,0.442391
5782,0.018982
5783,0.803876
5784,0.951539
5785,0.814297
5786,0.003232
5787,0.052421
5788,0.996696
5789,0.061721
5790,0.975334
5791,0.996234
5792,0.043247
5793,0.197752
5794,0.259182
5795,0.063801
5796,0.067890
5797,0.946689
5798,0.998323
5799,0.033172
5800,0.392994
5801,0.165968
5802,0.942850
5803,0.152738
5804,0.057517
5805,0.090895
5806,0.987648
5807,0.075492
5808,0.998318
5809,0.057870
5810,0.171879
5811,0.953542
5812,0.976885
5813,0.922187
5814,0.942356
5815,0.926389
5816,0.964596
5817,0.856879
5818,0.026210
5819,0.998545
5820,0.106120
5821,0.092383
5822,0.997097
5823,0.004000
5824,0.903355
5825,0.071306
5826,0.015761
5827,0.009303
5828,0.911571
5829,0.187170
5830,0.046588
5831,0.094024
5832,0.312938
5833,0.393301
5834,0.025714
5835,0.905515
5836,0.104772
5837,0.588889
5838,0.007916
5839,0.005446
5840,0.005600
5841,0.934301
5842,0.039141
5843,0.165232
5844,0.224465
5845,0.546237
5846,0.936291
5847,0.103360
5848,0.084143
5849,0.031821
5850,0.976656
5851,0.965226
5852,0.893934
5853,0.125887
5854,0.867965
5855,0.007838
5856,0.192804
5857,0.051871
5858,0.626359
5859,0.036650
5860,0.951348
5861,0.047427
5862,0.556357
5863,0.079126
5864,0.164405
5865,0.320388
5866,0.053620
5867,0.192518
5868,0.055387
5869,0.083252
5870,0.005688
5871,0.127988
5872,0.007753
5873,0.058939
5874,0.983833
5875,0.996126
5876,0.043980
5877,0.953396
5878,0.122797
5879,0.044213
5880,0.148562
5881,0.176575
5882,0.009143
5883,0.184733
5884,0.839208
5885,0.011551
5886,0.498308
5887,0.907307
5888,0.570061
5889,0.894052
5890,0.001884
5891,0.041235
5892,0.517590
5893,0.090194
5894,0.060302
5895,0.042289
5896,0.011306
5897,0.025910
5898,0.705917
5899,0.066112
5900,0.096375
5901,0.832608
5902,0.547936
5903,0.927485
5904,0.977607
5905,0.530574
5906,0.026024
5907,0.959977
5908,0.026604
5909,0.068594
5910,0.073840
5911,0.138202
5912,0.996972
5913,0.003825
5914,0.102401
5915,0.160706
5916,0.003907
5917,0.005853
5918,0.958548
5919,0.269499
5920,0.982600
5921,0.051580
5922,0.064392
5923,0.071980
5924,0.384260
5925,0.110274
5926,0.972099
5927,0.121209
5928,0.031430
5929,0.008509
5930,0.065059
5931,0.933951
5932,0.042697
5933,0.919947
5934,0.495966
5935,0.239030
5936,0.003072
5937,0.080266
5938,0.523461
5939,0.004891
5940,0.955385
5941,0.050278
5942,0.191293
5943,0.105196
5944,0.303276
5945,0.978767
5946,0.143248
5947,0.069970
5948,0.120540
5949,0.706882
5950,0.015920
5951,0.403971
5952,0.094668
5953,0.378336
5954,0.374734
5955,0.030546
5956,0.876860
5957,0.874117
5958,0.818133
5959,0.262892
5960,0.033392
5961,0.005381
5962,0.210414
5963,0.006404
5964,0.923348
5965,0.311536
5966,0.053740
5967,0.004596
5968,0.034352
5969,0.379959
5970,0.950775
5971,0.056238
5972,0.928090
5973,0.142223
5974,0.857610
5975,0.555234
5976,0.021008
5977,0.307398
5978,0.447246
5979,0.915325
5980,0.130490
5981,0.313006
5982,0.009932
5983,0.013732
5984,0.920772
5985,0.015530
5986,0.096094
5987,0.017110
5988,0.691597
5989,0.869676
5990,0.019554
5991,0.998047
5992,0.044095
5993,0.116878
5994,0.010436
5995,0.065118
5996,0.035915
5997,0.918505
5998,0.843105
5999,0.818197
6000,0.018094
6001,0.695003
6002,0.803073
6003,0.329331
6004,0.061323
6005,0.000729
6006,0.716421
6007,0.974611
6008,0.497085
6009,0.867433
6010,0.006145
6011,0.936736
6012,0.130725
6013,0.191890
6014,0.066784
6015,0.084731
6016,0.042891
6017,0.022737
6018,0.994169
6019,0.026466
6020,0.970930
6021,0.278227
6022,0.962521
6023,0.760901
6024,0.028771
6025,0.022275
6026,0.045195
6027,0.419362
6028,0.070332
6029,0.760485
6030,0.010700
6031,0.018089
6032,0.045342
6033,0.011693
6034,0.583997
6035,0.138431
6036,0.939952
6037,0.633542
6038,0.896538
6039,0.006411
6040,0.048517
6041,0.957131
6042,0.988279
6043,0.827298
6044,0.949359
6045,0.920893
6046,0.012440
6047,0.074995
6048,0.176025
6049,0.526733
6050,0.014766
6051,0.198181
6052,0.156450
6053,0.002442
6054,0.016236
6055,0.138777
6056,0.132308
6057,0.014788
6058,0.098220
6059,0.715774
6060,0.015578
6061,0.499602
6062,0.085631
6063,0.945083
6064,0.007162
6065,0.012728
6066,0.104786
6067,0.002462
6068,0.554476
6069,0.002865
6070,0.068832
6071,0.055176
6072,0.996300
6073,0.025429
6074,0.192941
6075,0.040977
6076,0.102934
6077,0.062118
6078,0.270167
6079,0.023879
6080,0.790539
6081,0.006155
6082,0.664703
6083,0.043811
6084,0.973343
6085,0.134554
6086,0.031039
6087,0.080769
6088,0.026311
6089,0.148220
6090,0.043042
6091,0.033280
6092,0.958240
6093,0.258674
6094,0.025443
6095,0.358972
6096,0.951211
6097,0.088428
6098,0.007879
6099,0.883195
6100,0.974152
6101,0.843040
6102,0.093360
6103,0.367394
6104,0.065338
6105,0.019561
6106,0.016392
6107,0.712481
6108,0.961479
6109,0.005217
6110,0.266100
6111,0.934845
6112,0.018275
6113,0.008751
6114,0.096055
6115,0.945043
6116,0.716476
6117,0.003091
6118,0.022404
6119,0.657505
6120,0.397197
6121,0.011182
6122,0.060054
6123,0.904504
6124,0.117061
6125,0.578484
6126,0.004006
6127,0.913237
6128,0.028760
6129,0.923982
6130,0.011599
6131,0.067264
6132,0.944133
6133,0.092960
6134,0.616659
6135,0.024514
6136,0.789577
6137,0.081537
6138,0.015595
6139,0.082525
6140,0.028081
6141,0.994522
6142,0.992707
6143,0.836449
6144,0.040151
6145,0.952133
6146,0.706593
6147,0.033107
6148,0.815005
6149,0.266569
6150,0.005573
6151,0.027200
6152,0.037246
6153,0.045562
6154,0.925270
6155,0.018516
6156,0.500283
6157,0.013954
6158,0.160411
6159,0.039846
6160,0.687733
6161,0.430502
6162,0.960817
6163,0.796073
6164,0.024393
6165,0.183439
6166,0.957639
6167,0.997833
6168,0.713325
6169,0.472138
6170,0.782914
6171,0.203130
6172,0.853749
6173,0.190730
6174,0.296981
6175,0.498106
6176,0.018495
6177,0.054993
6178,0.914546
6179,0.096325
6180,0.820515
6181,0.969933
6182,0.116235
6183,0.018398
6184,0.127015
6185,0.649444
6186,0.447416
6187,0.011795
6188,0.055256
6189,0.107767
6190,0.126694
6191,0.994937
6192,0.218164
6193,0.019954
6194,0.963087
6195,0.030048
6196,0.962614
6197,0.976584
6198,0.885820
6199,0.024560
6200,0.948218
6201,0.006897
6202,0.018152
6203,0.028349
6204,0.089274
6205,0.018045
6206,0.155473
6207,0.019103
6208,0.978999
6209,0.153728
6210,0.522632
6211,0.973157
6212,0.019008
6213,0.013632
6214,0.424886
6215,0.033948
6216,0.016200
6217,0.045842
6218,0.140331
6219,0.147710
6220,0.018790
6221,0.811861
6222,0.003042
6223,0.009609
6224,0.008260
6225,0.004789
6226,0.004711
6227,0.007822
6228,0.031395
6229,0.958112
6230,0.004199
6231,0.032808
6232,0.061094
6233,0.041736
6234,0.998780
6235,0.236217
6236,0.178300
6237,0.270152
6238,0.019856
6239,0.713090
6240,0.009010
6241,0.419106
6242,0.004648
6243,0.044274
6244,0.002364
6245,0.004687
6246,0.941350
6247,0.064679
6248,0.008044
6249,0.237446
6250,0.314231
6251,0.114716
6252,0.859779
6253,0.819348
6254,0.898208
6255,0.965761
6256,0.979638
6257,0.508285
6258,0.993172
6259,0.003951
6260,0.006309
6261,0.092067
6262,0.212986
6263,0.110182
6264,0.452359
6265,0.034477
6266,0.942679
6267,0.084981
6268,0.058973
6269,0.016049
6270,0.101161
6271,0.011729
6272,0.088972
6273,0.033113
6274,0.081655
6275,0.023490
6276,0.988792
6277,0.049848
6278,0.063434
6279,0.976018
6280,0.148977
6281,0.005512
6282,0.114587
6283,0.213131
6284,0.698543
6285,0.358252
6286,0.011822
6287,0.028718
6288,0.976000
6289,0.783884
6290,0.045123
6291,0.074233
6292,0.021354
6293,0.148105
6294,0.898756
6295,0.223956
6296,0.764116
6297,0.036334
6298,0.033459
6299,0.973910
6300,0.917441
6301,0.024681
6302,0.028308
6303,0.015280
6304,0.596446
6305,0.904095
6306,0.695357
6307,0.160421
6308,0.573865
6309,0.012311
6310,0.751505
6311,0.597643
6312,0.871866
6313,0.994842
6314,0.034959
6315,0.461681
6316,0.510108
6317,0.045208
6318,0.169706
6319,0.042874
6320,0.095968
6321,0.006308
6322,0.995903
6323,0.003435
6324,0.249947
6325,0.005394
6326,0.022927
6327,0.118745
6328,0.004615
6329,0.013908
6330,0.653664
6331,0.023738
6332,0.996930
6333,0.881277
6334,0.004513
6335,0.984183
6336,0.264693
6337,0.792396
6338,0.144920
6339,0.067137
6340,0.005064
6341,0.020507
6342,0.853006
6343,0.036570
6344,0.047317
6345,0.009034
6346,0.114603
6347,0.181609
6348,0.058783
6349,0.928416
6350,0.809288
6351,0.465027
6352,0.512675
6353,0.042776
6354,0.012858
6355,0.066761
6356,0.133363
6357,0.264021
6358,0.004269
6359,0.208114
6360,0.134447
6361,0.176235
6362,0.039729
6363,0.955136
6364,0.009161
6365,0.212063
6366,0.007132
6367,0.041513
6368,0.467387
6369,0.927623
6370,0.245699
6371,0.030112
6372,0.004584
6373,0.599851
6374,0.041305
6375,0.553799
6376,0.497970
6377,0.198241
6378,0.013850
6379,0.011772
6380,0.009843
6381,0.476347
6382,0.079436
6383,0.039469
6384,0.019694
6385,0.998908
6386,0.068248
6387,0.012905
6388,0.777181
6389,0.896129
6390,0.716905
6391,0.929544
6392,0.069912
6393,0.017503
6394,0.009306
6395,0.812063
6396,0.197877
6397,0.977192
6398,0.934053
6399,0.978491
6400,0.967541
6401,0.974964
6402,0.941189
6403,0.010560
6404,0.005044
6405,0.325103
6406,0.965897
6407,0.929942
6408,0.313496
6409,0.717240
6410,0.022401
6411,0.181870
6412,0.148624
6413,0.976980
6414,0.002023
6415,0.996487
6416,0.077146
6417,0.522373
6418,0.035418
6419,0.087901
6420,0.291597
6421,0.018010
6422,0.027671
6423,0.109923
6424,0.910213
6425,0.721451
6426,0.205082
6427,0.104478
6428,0.070493
6429,0.970988
6430,0.977176
6431,0.039526
6432,0.024480
6433,0.002929
6434,0.046307
6435,0.044299
6436,0.095909
6437,0.974571
6438,0.054622
6439,0.057208
6440,0.040021
6441,0.015219
6442,0.017723
6443,0.009994
6444,0.945668
6445,0.884257
6446,0.256050
6447,0.046275
6448,0.007767
6449,0.563044
6450,0.031990
6451,0.590635
6452,0.085622
6453,0.018231
6454,0.198181
6455,0.054785
6456,0.833481
6457,0.015667
6458,0.537974
6459,0.005638
6460,0.014541
6461,0.102487
6462,0.024566
6463,0.005817
6464,0.964805
6465,0.447898
6466,0.116829
6467,0.251777
6468,0.051476
6469,0.970655
6470,0.922394
6471,0.271921
6472,0.023299
6473,0.025600
6474,0.259695
6475,0.085116
6476,0.154425
6477,0.011577
6478,0.068161
6479,0.678813
6480,0.007638
6481,0.012778
6482,0.642722
6483,0.099832
6484,0.033735
6485,0.082132
6486,0.355355
6487,0.009956
6488,0.047134
6489,0.009583
6490,0.250039
6491,0.159710
6492,0.965715
6493,0.029027
6494,0.228120
6495,0.197373
6496,0.105704
6497,0.954607
6498,0.757431
6499,0.241996
6500,0.995539
6501,0.994052
6502,0.003405
6503,0.957496
6504,0.005695
6505,0.989452
6506,0.996175
6507,0.126712
6508,0.070933
6509,0.128597
6510,0.172425
6511,0.960734
6512,0.039574
6513,0.931696
6514,0.016654
6515,0.078834
6516,0.003646
6517,0.010692
6518,0.052124
6519,0.146552
6520,0.907112
6521,0.075010
6522,0.002574
6523,0.313800
6524,0.089291
6525,0.346311
6526,0.093117
6527,0.004915
6528,0.004591
6529,0.028150
6530,0.006397
6531,0.984981
6532,0.306660
6533,0.458727
6534,0.765703
6535,0.147587
6536,0.746461
6537,0.022889
6538,0.008065
6539,0.173457
6540,0.018453
6541,0.957825
6542,0.031756
6543,0.012693
6544,0.007100
6545,0.041516
6546,0.054473
6547,0.946085
6548,0.100908
6549,0.996142
6550,0.047155
6551,0.170007
6552,0.656666
6553,0.044282
6554,0.066458
6555,0.605115
6556,0.986965
6557,0.320858
6558,0.952545
6559,0.584427
6560,0.790286
6561,0.185746
6562,0.404324
6563,0.925790
6564,0.010827
6565,0.294523
6566,0.970702
6567,0.310547
6568,0.189802
6569,0.474260
6570,0.056545
6571,0.018571
6572,0.012165
6573,0.968510
6574,0.060315
6575,0.691114
6576,0.026899
6577,0.055544
6578,0.157128
6579,0.154393
6580,0.003001
6581,0.001869
6582,0.111016
6583,0.248011
6584,0.718757
6585,0.248354
6586,0.532574
6587,0.887020
6588,0.008083
6589,0.045294
6590,0.020067
6591,0.040423
6592,0.037303
6593,0.130184
6594,0.147302
6595,0.633924
6596,0.038921
6597,0.019260
6598,0.268924
6599,0.889468
6600,0.224674
6601,0.479956
6602,0.032405
6603,0.431123
6604,0.006618
6605,0.051627
6606,0.722562
6607,0.011261
6608,0.884642
6609,0.004439
6610,0.029530
6611,0.029230
6612,0.962194
6613,0.037144
6614,0.281760
6615,0.090760
6616,0.013014
6617,0.029643
6618,0.993868
6619,0.033345
6620,0.224653
6621,0.994785
6622,0.938315
6623,0.007019
6624,0.023950
6625,0.067915
6626,0.055213
6627,0.018712
6628,0.015430
6629,0.020438
6630,0.045499
6631,0.032023
6632,0.015030
6633,0.198031
6634,0.027220
6635,0.225052
6636,0.013419
6637,0.093907
6638,0.038344
6639,0.919569
6640,0.017248
6641,0.036030
6642,0.933383
6643,0.087709
6644,0.195281
6645,0.325720
6646,0.891032
6647,0.243074
6648,0.907384
6649,0.936555
6650,0.108219
6651,0.972933
6652,0.246628
6653,0.137119
6654,0.097498
6655,0.037052
6656,0.004498
6657,0.701243
6658,0.030124
6659,0.991711
6660,0.031531
6661,0.144671
6662,0.983252
6663,0.008140
6664,0.052486
6665,0.943619
6666,0.034494
6667,0.411156
6668,0.021370
6669,0.136857
6670,0.154450
6671,0.962729
6672,0.054855
6673,0.006769
6674,0.051914
6675,0.474802
6676,0.506175
6677,0.044713
6678,0.069829
6679,0.017167
6680,0.268150
6681,0.544218
6682,0.008627
6683,0.190569
6684,0.136708
6685,0.951814
6686,0.570298
6687,0.003316
6688,0.003498
6689,0.930000
6690,0.973644
6691,0.999195
6692,0.037166
6693,0.274100
6694,0.041806
6695,0.994428
6696,0.081746
6697,0.029391
6698,0.962945
6699,0.834847
6700,0.316987
6701,0.012392
6702,0.879206
6703,0.915175
6704,0.086764
6705,0.970887
6706,0.012449
6707,0.023614
6708,0.024891
6709,0.253899
6710,0.118831
6711,0.057941
6712,0.006147
6713,0.399235
6714,0.948020
6715,0.022630
6716,0.003779
6717,0.858216
6718,0.960268
6719,0.052104
6720,0.003185
6721,0.002512
6722,0.704978
6723,0.092218
6724,0.009412
6725,0.996434
6726,0.888042
6727,0.991572
6728,0.040429
6729,0.915230
6730,0.226377
6731,0.120940
6732,0.057910
6733,0.867366
6734,0.007740
6735,0.997957
6736,0.445392
6737,0.998488
6738,0.960481
6739,0.004125
6740,0.008036
6741,0.007135
6742,0.130685
6743,0.066706
6744,0.037213
6745,0.004487
6746,0.556212
6747,0.810656
6748,0.903245
6749,0.147090
6750,0.964653
6751,0.272995
6752,0.019799
6753,0.321366
6754,0.008804
6755,0.186476
6756,0.972012
6757,0.035620
6758,0.671010
6759,0.025181
6760,0.219377
6761,0.028297
6762,0.927079
6763,0.006264
6764,0.028226
6765,0.089352
6766,0.833113
6767,0.976173
6768,0.930479
6769,0.025705
6770,0.021972
6771,0.016569
6772,0.967696
6773,0.024881
6774,0.006938
6775,0.030870
6776,0.157004
6777,0.053188
6778,0.094928
6779,0.145727
6780,0.986300
6781,0.004259
6782,0.228166
6783,0.095193
6784,0.003624
6785,0.809542
6786,0.633996
6787,0.925520
6788,0.870961
6789,0.139573
6790,0.012565
6791,0.768403
6792,0.967628
6793,0.111935
6794,0.259256
6795,0.946741
6796,0.812226
6797,0.078617
6798,0.178942
6799,0.023907
6800,0.889302
6801,0.538029
6802,0.434917
6803,0.107758
6804,0.858741
6805,0.004539
6806,0.691872
6807,0.005549
6808,0.018567
6809,0.044558
6810,0.839534
6811,0.034339
6812,0.016189
6813,0.913097
6814,0.049064
6815,0.085596
6816,0.042704
6817,0.027831
6818,0.977514
6819,0.012677
6820,0.025902
6821,0.927522
6822,0.011087
6823,0.156095
6824,0.028795
6825,0.030688
6826,0.041384
6827,0.005017
6828,0.933615
6829,0.003956
6830,0.983041
6831,0.056150
6832,0.013225
6833,0.054131
6834,0.049829
6835,0.443347
6836,0.352645
6837,0.995365
6838,0.260052
6839,0.170256
6840,0.843917
6841,0.084947
6842,0.857398
6843,0.003787
6844,0.058022
6845,0.977613
6846,0.227465
6847,0.005916
6848,0.820947
6849,0.009892
6850,0.007486
6851,0.589991
6852,0.202380
6853,0.786894
6854,0.023236
6855,0.017248
6856,0.082017
6857,0.823215
6858,0.970066
6859,0.950576
6860,0.910843
6861,0.019713
6862,0.073566
6863,0.046109
6864,0.042906
6865,0.007426
6866,0.209782
6867,0.397139
6868,0.797849
6869,0.140054
6870,0.731004
6871,0.922677
6872,0.023174
6873,0.088911
6874,0.114970
6875,0.201292
6876,0.965908
6877,0.819890
6878,0.008404
6879,0.044824
6880,0.071166
6881,0.128416
6882,0.926174
6883,0.301289
6884,0.097526
6885,0.060860
6886,0.981671
6887,0.883679
6888,0.655995
6889,0.087937
6890,0.944364
6891,0.035496
6892,0.007305
6893,0.037081
6894,0.217959
6895,0.119932
6896,0.995981
6897,0.113942
6898,0.968822
6899,0.009183
6900,0.626785
6901,0.006763
6902,0.045443
6903,0.055451
6904,0.013450
6905,0.980901
6906,0.875600
6907,0.113627
6908,0.057666
6909,0.002993
6910,0.835251
6911,0.017589
6912,0.971933
6913,0.951478
6914,0.006232
6915,0.024972
6916,0.966195
6917,0.402368
6918,0.818722
6919,0.041100
6920,0.026892
6921,0.588174
6922,0.003773
6923,0.030691
6924,0.040970
6925,0.010292
6926,0.618732
6927,0.008252
6928,0.002741
6929,0.004120
6930,0.355394
6931,0.086224
6932,0.075635
6933,0.829853
6934,0.134599
6935,0.141357
6936,0.003372
6937,0.005052
6938,0.166211
6939,0.114388
6940,0.937418
6941,0.005389
6942,0.852352
6943,0.059325
6944,0.902783
6945,0.669816
6946,0.007060
6947,0.885908
6948,0.021120
6949,0.168522
6950,0.900015
6951,0.818478
6952,0.075445
6953,0.005616
6954,0.014885
6955,0.974605
6956,0.026435
6957,0.994934
6958,0.929134
6959,0.123848
6960,0.107660
6961,0.185260
6962,0.572853
6963,0.035408
6964,0.653461
6965,0.004070
6966,0.043511
6967,0.014289
6968,0.963293
6969,0.992662
6970,0.004293
6971,0.003247
6972,0.052663
6973,0.010811
6974,0.322341
6975,0.110045
6976,0.019387
6977,0.054879
6978,0.009208
6979,0.040252
6980,0.556096
6981,0.140945
6982,0.998166
6983,0.270086
6984,0.022055
6985,0.225010
6986,0.865130
6987,0.173346
6988,0.021571
6989,0.004960
6990,0.015974
6991,0.004061
6992,0.039185
6993,0.917844
6994,0.757474
6995,0.050168
6996,0.308653
6997,0.885908
6998,0.011958
6999,0.080336
7000,0.464803
7001,0.154800
7002,0.110541
7003,0.147646
7004,0.002656
7005,0.116585
7006,0.005260
7007,0.979270
7008,0.024065
7009,0.039135
7010,0.134031
7011,0.910547
7012,0.003086
7013,0.302507
7014,0.585555
7015,0.002233
7016,0.916937
7017,0.047478
7018,0.326921
7019,0.005768
7020,0.037971
7021,0.002875
7022,0.388112
7023,0.216572
7024,0.937837
7025,0.041183
7026,0.017114
7027,0.002999
7028,0.009427
7029,0.005767
7030,0.116640
7031,0.961244
7032,0.009807
7033,0.859132
7034,0.174747
7035,0.456158
7036,0.755592
7037,0.934290
7038,0.020287
7039,0.003229
7040,0.090931
7041,0.944391
7042,0.004008
7043,0.612041
7044,0.029131
7045,0.262916
7046,0.513543
7047,0.954421
7048,0.924303
7049,0.123884
7050,0.118868
7051,0.045159
7052,0.024966
7053,0.157044
7054,0.021462
7055,0.121715
7056,0.179650
7057,0.265398
7058,0.591555
7059,0.039962
7060,0.016138
7061,0.828100
7062,0.935953
7063,0.077824
7064,0.018884
7065,0.069168
7066,0.148914
7067,0.023766
7068,0.010102
7069,0.966467
7070,0.978274
7071,0.062296
7072,0.012444
7073,0.036517
7074,0.066322
7075,0.998051
7076,0.459994
7077,0.897208
7078,0.944174
7079,0.446465
7080,0.034532
7081,0.128566
7082,0.026868
7083,0.664678
7084,0.088446
7085,0.653068
7086,0.257220
7087,0.019995
7088,0.015782
7089,0.933020
7090,0.298034
7091,0.210950
7092,0.021175
7093,0.783975
7094,0.847023
7095,0.516290
7096,0.160338
7097,0.013592
7098,0.973393
7099,0.005550
7100,0.996845
7101,0.820877
7102,0.477251
7103,0.997276
7104,0.004115
7105,0.041401
7106,0.010224
7107,0.068662
7108,0.125595
7109,0.002448
7110,0.004803
7111,0.630000
7112,0.135281
7113,0.115966
7114,0.975481
7115,0.046075
7116,0.058313
7117,0.511924
7118,0.023932
7119,0.342679
7120,0.153141
7121,0.019583
7122,0.016675
7123,0.071186
7124,0.780670
7125,0.074482
7126,0.384365
7127,0.103256
7128,0.224494
7129,0.925969
7130,0.063120
7131,0.972617
7132,0.565528
7133,0.014513
7134,0.948218
7135,0.255760
7136,0.043875
7137,0.074423
7138,0.627811
7139,0.027242
7140,0.043590
7141,0.004880
7142,0.064025
7143,0.002280
7144,0.993876
7145,0.096728
7146,0.023036
7147,0.002392
7148,0.997682
7149,0.041801
7150,0.014023
7151,0.002858
7152,0.078611
7153,0.589932
7154,0.054261
7155,0.258930
7156,0.003126
7157,0.133452
7158,0.023557
7159,0.037514
7160,0.189223
7161,0.960957
7162,0.002227
7163,0.905468
7164,0.994866
7165,0.022904
7166,0.058833
7167,0.571523
7168,0.981209
7169,0.238455
7170,0.979737
7171,0.411447
7172,0.993316
7173,0.893816
7174,0.023311
7175,0.080259
7176,0.441509
7177,0.857486
7178,0.437409
7179,0.004344
7180,0.046979
7181,0.114555
7182,0.054760
7183,0.942190
7184,0.005978
7185,0.502588
7186,0.870054
7187,0.050751
7188,0.817899
7189,0.663763
7190,0.023864
7191,0.133622
7192,0.015992
7193,0.610429
7194,0.031727
7195,0.970020
7196,0.046413
7197,0.007591
7198,0.102007
7199,0.211572
7200,0.053198
7201,0.018405
7202,0.079731
7203,0.028587
7204,0.126634
7205,0.096745
7206,0.870765
7207,0.971648
7208,0.691157
7209,0.695059
7210,0.850249
7211,0.008955
7212,0.241388
7213,0.978601
7214,0.066677
7215,0.048381
7216,0.005460
7217,0.373056
7218,0.087605
7219,0.002716
7220,0.574891
7221,0.560151
7222,0.002732
7223,0.970092
7224,0.929076
7225,0.094394
7226,0.011730
7227,0.009517
7228,0.368723
7229,0.176998
7230,0.929133
7231,0.029016
7232,0.269202
7233,0.049352
7234,0.972485
7235,0.066505
7236,0.038610
7237,0.350831
7238,0.484262
7239,0.434839
7240,0.006670
7241,0.381048
7242,0.220518
7243,0.030435
7244,0.935734
7245,0.100335
7246,0.050065
7247,0.157034
7248,0.954876
7249,0.073040
7250,0.006988
7251,0.474242
7252,0.306389
7253,0.270432
7254,0.028945
7255,0.092150
7256,0.599802
7257,0.573604
7258,0.167245
7259,0.045467
7260,0.701039
7261,0.966240
7262,0.054177
7263,0.930094
7264,0.035871
7265,0.250407
7266,0.051028
7267,0.013801
7268,0.006307
7269,0.058384
7270,0.039195
7271,0.017753
7272,0.526696
7273,0.176730
7274,0.002926
7275,0.937189
7276,0.004840
7277,0.033441
7278,0.323476
7279,0.053674
7280,0.048654
7281,0.800178
7282,0.955494
7283,0.087506
7284,0.331673
7285,0.105220
7286,0.171570
7287,0.005608
7288,0.911819
7289,0.913696
7290,0.009690
7291,0.131097
7292,0.102740
7293,0.746425
7294,0.381689
7295,0.082743
7296,0.011074
7297,0.335081
7298,0.894465
7299,0.821784
7300,0.311616
7301,0.854610
7302,0.940543
7303,0.419304
7304,0.054696
7305,0.132775
7306,0.180720
7307,0.114712
7308,0.028514
7309,0.002458
7310,0.094498
7311,0.954586
7312,0.027300
7313,0.657351
7314,0.054996
7315,0.008586
7316,0.087425
7317,0.106874
7318,0.146928
7319,0.519663
7320,0.045345
7321,0.926296
7322,0.002560
7323,0.038472
7324,0.929489
7325,0.077281
7326,0.028093
7327,0.391031
7328,0.977006
7329,0.005607
7330,0.967724
7331,0.095117
7332,0.017239
7333,0.103549
7334,0.123258
7335,0.024207
7336,0.197201
7337,0.073102
7338,0.064297
7339,0.027803
7340,0.056438
7341,0.615992
7342,0.015771
7343,0.998265
7344,0.034167
7345,0.013874
7346,0.947099
7347,0.203751
7348,0.004798
7349,0.936308
7350,0.464590
7351,0.996449
7352,0.406877
7353,0.044681
7354,0.093424
7355,0.031443
7356,0.874289
7357,0.003800
7358,0.088707
7359,0.152706
7360,0.256824
7361,0.015170
7362,0.006732
7363,0.817786
7364,0.017650
7365,0.024750
7366,0.009007
7367,0.609690
7368,0.053018
7369,0.006590
7370,0.142306
7371,0.043880
7372,0.017797
7373,0.015927
7374,0.536204
7375,0.964226
7376,0.420485
7377,0.003777
7378,0.940298
7379,0.844334
7380,0.474715
7381,0.014045
7382,0.016456
7383,0.007728
7384,0.024655
7385,0.987603
7386,0.046866
7387,0.973302
7388,0.001680
7389,0.889975
7390,0.631717
7391,0.077006
7392,0.085767
7393,0.026990
7394,0.009746
7395,0.818201
7396,0.995562
7397,0.006119
7398,0.221221
7399,0.021268
7400,0.009716
7401,0.025774
7402,0.008354
7403,0.194350
7404,0.010979
7405,0.254351
7406,0.902110
7407,0.018234
7408,0.175186
7409,0.044636
7410,0.142552
7411,0.199688
7412,0.994665
7413,0.063100
7414,0.012430
7415,0.996243
7416,0.665171
7417,0.971026
7418,0.008150
7419,0.911162
7420,0.938549
7421,0.889198
7422,0.048537
7423,0.427313
7424,0.057609
7425,0.111812
7426,0.036605
7427,0.972874
7428,0.179310
7429,0.769730
7430,0.957399
7431,0.024986
7432,0.019714
7433,0.433687
7434,0.287141
7435,0.563752
7436,0.917931
7437,0.056698
7438,0.954411
7439,0.015843
7440,0.002822
7441,0.891860
7442,0.035101
7443,0.167772
7444,0.036024
7445,0.954496
7446,0.299381
7447,0.992208
7448,0.510997
7449,0.639831
7450,0.286628
7451,0.206762
7452,0.012587
7453,0.996947
7454,0.013487
7455,0.165570
7456,0.186412
7457,0.034406
7458,0.097135
7459,0.200010
7460,0.043293
7461,0.053755
7462,0.618059
7463,0.273700
7464,0.067503
7465,0.004626
7466,0.003309
7467,0.756875
7468,0.292176
7469,0.039805
7470,0.239054
7471,0.837510
7472,0.310879
7473,0.010834
7474,0.017131
7475,0.032808
7476,0.007565
7477,0.058134
7478,0.006200
7479,0.005171
7480,0.749795
7481,0.037667
7482,0.007165
7483,0.996237
7484,0.012426
7485,0.006209
7486,0.074094
7487,0.126178
7488,0.034822
7489,0.067425
7490,0.001914
7491,0.301713
7492,0.035495
7493,0.047167
7494,0.008842
7495,0.011632
7496,0.065202
7497,0.041702
7498,0.024913
7499,0.004940
7500,0.036341
7501,0.415167
7502,0.068601
7503,0.808534
7504,0.004006
7505,0.049630
7506,0.038282
7507,0.015804
7508,0.698016
7509,0.235600
7510,0.937363
7511,0.084201
7512,0.074563
7513,0.001959
7514,0.028457
7515,0.315516
7516,0.074648
7517,0.015595
7518,0.014678
7519,0.952201
7520,0.107536
7521,0.006204
7522,0.003851
7523,0.976787
7524,0.113823
7525,0.960592
7526,0.004721
7527,0.998233
7528,0.060483
7529,0.325693
7530,0.067333
7531,0.009214
7532,0.960842
7533,0.046969
7534,0.015697
7535,0.843363
7536,0.855064
7537,0.199587
7538,0.004533
7539,0.014300
7540,0.389940
7541,0.033199
7542,0.924771
7543,0.161531
7544,0.042289
7545,0.970234
7546,0.998939
7547,0.093158
7548,0.088721
7549,0.246999
7550,0.032244
7551,0.960000
7552,0.300133
7553,0.244483
7554,0.461509
7555,0.896810
7556,0.186594
7557,0.004747
7558,0.294905
7559,0.209188
7560,0.636233
7561,0.114447
7562,0.065928
7563,0.033013
7564,0.461337
7565,0.056770
7566,0.343163
7567,0.841564
7568,0.050497
7569,0.976219
7570,0.124574
7571,0.006765
7572,0.045954
7573,0.015575
7574,0.008257
7575,0.319584
7576,0.025130
7577,0.324778
7578,0.022098
7579,0.703344
7580,0.968123
7581,0.243891
7582,0.619587
7583,0.884837
7584,0.006755
7585,0.559304
7586,0.088890
7587,0.789707
7588,0.006687
7589,0.994910
7590,0.427877
7591,0.070431
7592,0.005280
7593,0.024167
7594,0.010405
7595,0.994851
7596,0.006182
7597,0.620555
7598,0.546925
7599,0.019258
7600,0.017926
7601,0.010657
7602,0.021984
7603,0.892867
7604,0.026427
7605,0.245148
7606,0.848913
7607,0.164795
7608,0.025935
7609,0.002883
7610,0.332277
7611,0.007399
7612,0.074026
7613,0.061186
7614,0.061220
7615,0.804759
7616,0.382864
7617,0.020016
7618,0.455668
7619,0.141350
7620,0.009833
7621,0.131886
7622,0.957080
7623,0.981380
7624,0.047044
7625,0.094675
7626,0.205388
7627,0.975575
7628,0.926035
7629,0.092384
7630,0.963593
7631,0.045097
7632,0.292200
7633,0.361373
7634,0.003604
7635,0.494607
7636,0.208084
7637,0.686840
7638,0.918853
7639,0.007406
7640,0.042304
7641,0.056351
7642,0.106397
7643,0.116559
7644,0.005786
7645,0.091170
7646,0.019081
7647,0.077235
7648,0.003850
7649,0.023035
7650,0.964537
7651,0.982274
7652,0.636479
7653,0.040762
7654,0.036028
7655,0.975131
7656,0.438866
7657,0.845020
7658,0.072671
7659,0.409589
7660,0.129911
7661,0.024547
7662,0.081203
7663,0.176446
7664,0.629360
7665,0.004563
7666,0.032863
7667,0.027620
7668,0.021183
7669,0.123692
7670,0.154475
7671,0.759628
7672,0.865273
7673,0.964519
7674,0.106221
7675,0.221126
7676,0.232798
7677,0.070760
7678,0.827957
7679,0.021268
7680,0.006718
7681,0.002944
7682,0.011376
7683,0.990589
7684,0.023490
7685,0.952286
7686,0.994686
7687,0.011689
7688,0.062288
7689,0.861486
7690,0.019711
7691,0.028641
7692,0.152263
7693,0.236931
7694,0.631604
7695,0.007036
7696,0.195656
7697,0.578064
7698,0.005301
7699,0.137539
7700,0.015988
7701,0.110204
7702,0.516290
7703,0.950756
7704,0.925618
7705,0.004025
7706,0.124541
7707,0.354623
7708,0.035717
7709,0.017968
7710,0.016457
7711,0.043447
7712,0.008198
7713,0.509835
7714,0.005839
7715,0.446123
7716,0.006139
7717,0.049242
7718,0.321149
7719,0.846850
7720,0.225962
7721,0.027403
7722,0.101892
7723,0.270297
7724,0.054960
7725,0.021171
7726,0.545333
7727,0.926688
7728,0.012374
7729,0.794151
7730,0.643523
7731,0.100677
7732,0.981315
7733,0.032159
7734,0.059521
7735,0.100903
7736,0.018304
7737,0.382212
7738,0.195321
7739,0.114712
7740,0.989592
7741,0.995128
7742,0.012278
7743,0.500231
7744,0.924929
7745,0.933141
7746,0.029655
7747,0.895785
7748,0.326051
7749,0.467827
7750,0.064048
7751,0.048906
7752,0.975949
7753,0.267093
7754,0.025209
7755,0.498808
7756,0.479641
7757,0.060724
7758,0.871707
7759,0.079679
7760,0.064404
7761,0.543337
7762,0.122047
7763,0.166495
7764,0.023210
7765,0.035278
7766,0.006299
7767,0.089554
7768,0.996969
7769,0.828114
7770,0.494476
7771,0.288448
7772,0.019014
7773,0.164729
7774,0.864519
7775,0.832109
7776,0.013088
7777,0.213394
7778,0.994426
7779,0.868120
7780,0.038695
7781,0.079302
7782,0.766610
7783,0.133032
7784,0.108392
7785,0.999011
7786,0.858949
7787,0.942694
7788,0.966780
7789,0.496208
7790,0.952518
7791,0.993694
7792,0.957045
7793,0.173157
7794,0.979388
7795,0.714262
7796,0.046648
7797,0.047547
7798,0.031294
7799,0.998881
7800,0.509806
7801,0.359349
7802,0.019230
7803,0.009901
7804,0.019968
7805,0.122371
7806,0.833639
7807,0.944698
7808,0.618512
7809,0.021190
7810,0.973496
7811,0.931465
7812,0.042408
7813,0.979413
7814,0.997676
7815,0.375053
7816,0.386251
7817,0.002699
7818,0.002454
7819,0.117415
7820,0.030582
7821,0.002555
7822,0.047156
7823,0.948942
7824,0.009618
7825,0.920807
7826,0.715581
7827,0.166783
7828,0.977777
7829,0.929148
7830,0.556177
7831,0.883013
7832,0.094144
7833,0.998862
7834,0.010908
7835,0.061988
7836,0.964565
7837,0.039399
7838,0.011572
7839,0.009784
7840,0.960900
7841,0.045088
7842,0.137321
7843,0.024884
7844,0.866813
7845,0.014990
7846,0.663732
7847,0.003013
7848,0.364521
7849,0.910739
7850,0.196526
7851,0.008314
7852,0.850405
7853,0.012393
7854,0.234019
7855,0.969220
7856,0.082813
7857,0.037532
7858,0.049027
7859,0.978714
7860,0.479514
7861,0.551952
7862,0.283208
7863,0.052544
7864,0.070933
7865,0.015420
7866,0.921800
7867,0.021225
7868,0.575584
7869,0.753048
7870,0.331763
7871,0.131425
7872,0.239313
7873,0.932413
7874,0.925434
7875,0.032734
7876,0.181862
7877,0.826905
7878,0.996147
7879,0.924441
7880,0.991636
7881,0.322588
7882,0.998558
7883,0.473871
7884,0.012582
7885,0.032103
7886,0.002388
7887,0.029072
7888,0.925285
7889,0.039580
7890,0.982459
7891,0.017843
7892,0.233080
7893,0.539953
7894,0.004943
7895,0.142801
7896,0.043678
7897,0.038558
7898,0.034452
7899,0.125188
7900,0.318836
7901,0.068989
7902,0.008651
7903,0.762771
7904,0.005353
7905,0.069442
7906,0.293115
7907,0.576284
7908,0.551072
7909,0.301566
7910,0.013903
7911,0.984397
7912,0.028571
7913,0.012642
7914,0.008808
7915,0.863541
7916,0.054073
7917,0.772826
7918,0.043262
7919,0.120947
7920,0.945091
7921,0.111934
7922,0.018013
7923,0.016223
7924,0.019038
7925,0.156139
7926,0.171397
7927,0.055542
7928,0.220630
7929,0.149650
7930,0.840334
7931,0.001948
7932,0.016127
7933,0.037342
7934,0.007648
7935,0.650337
7936,0.036178
7937,0.126120
7938,0.116398
7939,0.108301
7940,0.338999
7941,0.015567
7942,0.020963
7943,0.309609
7944,0.049564
7945,0.010258
7946,0.278544
7947,0.111428
7948,0.126560
7949,0.901387
7950,0.068675
7951,0.901809
7952,0.885129
7953,0.608730
7954,0.054910
7955,0.080284
7956,0.189848
7957,0.032620
7958,0.172687
7959,0.095839
7960,0.032642
7961,0.100316
7962,0.006985
7963,0.580278
7964,0.485495
7965,0.038696
7966,0.924477
7967,0.025593
7968,0.559761
7969,0.007397
7970,0.995862
7971,0.003780
7972,0.007288
7973,0.013369
7974,0.006227
7975,0.302359
7976,0.639792
7977,0.014053
7978,0.875792
7979,0.020627
7980,0.816336
7981,0.104379
7982,0.041647
7983,0.242463
7984,0.003314
7985,0.006372
7986,0.040020
7987,0.087074
7988,0.104828
7989,0.007017
7990,0.329285
7991,0.969211
7992,0.225781
7993,0.258283
7994,0.919895
7995,0.034509
7996,0.811388
7997,0.930244
7998,0.082629
7999,0.952502
8000,0.004966
8001,0.042995
8002,0.770171
8003,0.056828
8004,0.052289
8005,0.144731
8006,0.333338
8007,0.184929
8008,0.364826
8009,0.003254
8010,0.082846
8011,0.237607
8012,0.316455
8013,0.243685
8014,0.980804
8015,0.039493
8016,0.197433
8017,0.189930
8018,0.669951
8019,0.020258
8020,0.005147
8021,0.022820
8022,0.068217
8023,0.095613
8024,0.843753
8025,0.014424
8026,0.822165
8027,0.004923
8028,0.339770
8029,0.128560
8030,0.323105
8031,0.815105
8032,0.023396
8033,0.004513
8034,0.124000
8035,0.437381
8036,0.002206
8037,0.023749
8038,0.071809
8039,0.003214
8040,0.006949
8041,0.277044
8042,0.931674
8043,0.909191
8044,0.010654
8045,0.099437
8046,0.013257
8047,0.335909
8048,0.994244
8049,0.044358
8050,0.246505
8051,0.891431
8052,0.006729
8053,0.975753
8054,0.007610
8055,0.029884
8056,0.956652
8057,0.978829
8058,0.035322
8059,0.037292
8060,0.002164
8061,0.035138
8062,0.347072
8063,0.027797
8064,0.024277
8065,0.482543
8066,0.304802
8067,0.930044
8068,0.045263
8069,0.073857
8070,0.429403
8071,0.872402
8072,0.177192
8073,0.976778
8074,0.866302
8075,0.004381
8076,0.979198
8077,0.983727
8078,0.123755
8079,0.982756
8080,0.086009
8081,0.083952
8082,0.003633
8083,0.858712
8084,0.002612
8085,0.519155
8086,0.005935
8087,0.009039
8088,0.035102
8089,0.931415
8090,0.014456
8091,0.996992
8092,0.956581
8093,0.035507
8094,0.707586
8095,0.024360
8096,0.992556
8097,0.016555
8098,0.012373
8099,0.612193
8100,0.225944
8101,0.152536
8102,0.005202
8103,0.004630
8104,0.943087
8105,0.274278
8106,0.039911
8107,0.210206
8108,0.862067
8109,0.958118
8110,0.164808
8111,0.005906
8112,0.920024
8113,0.041451
8114,0.029188
8115,0.074337
8116,0.985030
8117,0.876546
8118,0.187324
8119,0.043404
8120,0.020943
8121,0.003501
8122,0.987957
8123,0.048125
8124,0.122920
8125,0.011471
8126,0.461560
8127,0.944196
8128,0.081115
8129,0.015791
8130,0.666652
8131,0.071264
8132,0.007332
8133,0.194909
8134,0.916390
8135,0.704319
8136,0.096939
8137,0.040892
8138,0.007889
8139,0.036533
8140,0.006679
8141,0.031769
8142,0.648713
8143,0.209599
8144,0.129900
8145,0.324023
8146,0.013968
8147,0.037905
8148,0.067333
8149,0.312667
8150,0.025853
8151,0.977321
8152,0.528922
8153,0.014621
8154,0.053188
8155,0.192918
8156,0.137703
8157,0.028429
8158,0.126206
8159,0.003301
8160,0.702785
8161,0.345170
8162,0.015468
8163,0.010152
8164,0.266292
8165,0.008791
8166,0.126110
8167,0.982273
8168,0.044646
8169,0.910552
8170,0.191054
8171,0.023434
8172,0.244827
8173,0.786700
8174,0.008930
8175,0.751572
8176,0.235664
8177,0.060976
8178,0.445881
8179,0.060093
8180,0.005732
8181,0.262662
8182,0.919152
8183,0.498331
8184,0.026684
8185,0.017528
8186,0.403561
8187,0.722897
8188,0.971060
8189,0.237731
8190,0.105425
8191,0.150888
8192,0.933766
8193,0.027095
8194,0.031986
8195,0.023244
8196,0.958652
8197,0.149762
8198,0.433937
8199,0.079954
8200,0.449135
8201,0.178667
8202,0.015936
8203,0.150721
8204,0.696599
8205,0.072763
8206,0.040681
8207,0.161042
8208,0.980897
8209,0.644714
8210,0.480083
8211,0.042700
8212,0.004138
8213,0.004693
8214,0.841111
8215,0.128639
8216,0.051866
8217,0.543002
8218,0.178509
8219,0.005813
8220,0.124527
8221,0.989864
8222,0.036270
8223,0.135498
8224,0.137825
8225,0.509435
8226,0.331606
8227,0.012016
8228,0.036570
8229,0.002580
8230,0.168975
8231,0.008900
8232,0.997117
8233,0.019189
8234,0.252587
8235,0.857353
8236,0.998210
8237,0.006235
8238,0.016534
8239,0.020267
8240,0.913542
8241,0.991583
8242,0.035076
8243,0.081303
8244,0.115253
8245,0.279165
8246,0.104984
8247,0.978870
8248,0.248779
8249,0.488797
8250,0.527698
8251,0.062137
8252,0.575471
8253,0.227138
8254,0.377196
8255,0.995810
8256,0.183474
8257,0.003048
8258,0.753878
8259,0.194211
8260,0.005719
8261,0.010454
8262,0.111022
8263,0.085331
8264,0.001975
8265,0.039302
8266,0.186430
8267,0.964270
8268,0.153049
8269,0.553954
8270,0.057590
8271,0.417324
8272,0.045525
8273,0.064113
8274,0.032463
8275,0.957456
8276,0.099107
8277,0.346946
8278,0.092330
8279,0.028717
8280,0.149736
8281,0.004588
8282,0.044353
8283,0.996424
8284,0.326188
8285,0.943821
8286,0.040762
8287,0.015797
8288,0.782419
8289,0.395612
8290,0.005134
8291,0.022382
8292,0.002013
8293,0.142053
8294,0.654562
8295,0.637666
8296,0.039275
8297,0.868385
8298,0.334663
8299,0.978715
8300,0.024540
8301,0.017829
8302,0.050311
8303,0.050179
8304,0.093549
8305,0.008254
8306,0.466872
8307,0.968814
8308,0.002516
8309,0.326146
8310,0.135845
8311,0.968023
8312,0.801465
8313,0.443459
8314,0.036972
8315,0.975859
8316,0.974949
8317,0.041529
8318,0.008663
8319,0.020423
8320,0.004190
8321,0.003334
8322,0.072264
8323,0.056365
8324,0.015793
8325,0.004124
8326,0.673528
8327,0.035820
8328,0.027815
8329,0.187043
8330,0.976952
8331,0.438472
8332,0.256496
8333,0.005037
8334,0.778061
8335,0.946260
8336,0.552533
8337,0.065931
8338,0.007177
8339,0.052225
8340,0.041386
8341,0.173914
8342,0.942610
8343,0.085432
8344,0.997002
8345,0.017869
8346,0.902594
8347,0.137272
8348,0.123425
8349,0.377465
8350,0.096499
8351,0.014587
8352,0.942145
8353,0.725555
8354,0.002779
8355,0.925676
8356,0.105797
8357,0.278574
8358,0.212648
8359,0.896596
8360,0.986351
8361,0.308312
8362,0.921618
8363,0.109768
8364,0.997042
8365,0.785724
8366,0.011164
8367,0.386181
8368,0.865478
8369,0.004431
8370,0.057488
8371,0.797673
8372,0.062129
8373,0.345794
8374,0.334126
8375,0.122196
8376,0.132705
8377,0.004527
8378,0.322609
8379,0.014061
8380,0.489688
8381,0.616892
8382,0.996188
8383,0.021566
8384,0.005682
8385,0.042419
8386,0.919633
8387,0.993994
8388,0.217412
8389,0.081506
8390,0.002316
8391,0.078905
8392,0.005131
8393,0.835945
8394,0.399248
8395,0.194065
8396,0.064586
8397,0.998648
8398,0.964647
8399,0.057279
8400,0.067394
8401,0.608459
8402,0.913706
8403,0.435021
8404,0.018776
8405,0.852694
8406,0.156832
8407,0.974943
8408,0.005049
8409,0.026489
8410,0.068962
8411,0.076775
8412,0.087750
8413,0.083575
8414,0.012312
8415,0.250370
8416,0.003595
8417,0.037125
8418,0.030513
8419,0.823721
8420,0.008665
8421,0.995762
8422,0.042233
8423,0.262364
8424,0.005491
8425,0.481054
8426,0.994240
8427,0.460343
8428,0.954539
8429,0.096645
8430,0.010305
8431,0.276163
8432,0.010353
8433,0.899009
8434,0.276195
8435,0.231924
8436,0.821448
8437,0.841835
8438,0.010977
8439,0.094537
8440,0.028455
8441,0.327659
8442,0.006179
8443,0.231682
8444,0.056578
8445,0.004349
8446,0.030639
8447,0.086114
8448,0.068637
8449,0.678550
8450,0.020452
8451,0.074546
8452,0.002990
8453,0.997677
8454,0.719457
8455,0.165801
8456,0.435679
8457,0.120250
8458,0.995374
8459,0.424320
8460,0.155105
8461,0.089510
8462,0.040995
8463,0.005433
8464,0.064517
8465,0.049219
8466,0.819605
8467,0.010963
8468,0.585830
8469,0.038725
8470,0.173609
8471,0.974876
8472,0.988422
8473,0.064849
8474,0.009368
8475,0.937306
8476,0.129015
8477,0.279823
8478,0.705099
8479,0.002933
8480,0.010605
8481,0.005487
8482,0.016517
8483,0.008461
8484,0.263464
8485,0.157492
8486,0.166344
8487,0.037051
8488,0.003788
8489,0.886708
8490,0.119374
8491,0.902774
8492,0.465938
8493,0.007593
8494,0.035161
8495,0.901385
8496,0.153705
8497,0.116627
8498,0.061795
8499,0.425173
8500,0.006047
8501,0.168010
8502,0.084185
8503,0.916814
8504,0.045637
8505,0.013004
8506,0.042055
8507,0.041024
8508,0.031900
8509,0.011855
8510,0.051506
8511,0.014319
8512,0.028108
8513,0.004813
8514,0.019875
8515,0.214982
8516,0.055608
8517,0.044972
8518,0.226427
8519,0.025384
8520,0.004215
8521,0.205329
8522,0.908298
8523,0.113966
8524,0.978287
8525,0.010388
8526,0.633989
8527,0.013029
8528,0.074108
8529,0.714317
8530,0.853564
8531,0.882258
8532,0.537236
8533,0.014035
8534,0.008092
8535,0.994072
8536,0.069043
8537,0.042843
8538,0.322334
8539,0.041841
8540,0.253087
8541,0.312941
8542,0.078729
8543,0.974114
8544,0.968536
8545,0.052121
8546,0.063355
8547,0.103907
8548,0.919021
8549,0.022704
8550,0.036334
8551,0.040666
8552,0.059739
8553,0.174160
8554,0.214355
8555,0.030198
8556,0.161286
8557,0.801903
8558,0.975998
8559,0.761728
8560,0.988726
8561,0.581797
8562,0.060095
8563,0.072892
8564,0.016981
8565,0.020241
8566,0.931905
8567,0.532075
8568,0.953380
8569,0.161609
8570,0.800527
8571,0.013023
8572,0.995353
8573,0.293692
8574,0.031243
8575,0.087746
8576,0.002414
8577,0.795048
8578,0.977135
8579,0.069115
8580,0.474755
8581,0.909990
8582,0.012523
8583,0.507782
8584,0.734090
8585,0.003187
8586,0.075483
8587,0.033206
8588,0.134119
8589,0.009656
8590,0.718828
8591,0.971428
8592,0.108160
8593,0.113905
8594,0.005777
8595,0.944180
8596,0.276026
8597,0.008184
8598,0.821382
8599,0.911677
8600,0.081752
8601,0.071357
8602,0.085035
8603,0.049068
8604,0.834390
8605,0.033025
8606,0.090559
8607,0.217912
8608,0.977153
8609,0.046587
8610,0.056063
8611,0.493139
8612,0.295639
8613,0.959450
8614,0.894033
8615,0.328869
8616,0.123270
8617,0.067636
8618,0.762720
8619,0.031399
8620,0.149594
8621,0.915098
8622,0.054646
8623,0.910360
8624,0.012863
8625,0.147254
8626,0.008726
8627,0.031696
8628,0.304169
8629,0.004406
8630,0.838967
8631,0.074405
8632,0.061062
8633,0.934305
8634,0.252879
8635,0.730151
8636,0.928038
8637,0.991239
8638,0.009349
8639,0.429920
8640,0.009595
8641,0.663048
8642,0.002061
8643,0.785194
8644,0.004024
8645,0.005454
8646,0.302826
8647,0.413150
8648,0.079677
8649,0.277754
8650,0.011136
8651,0.005660
8652,0.866321
8653,0.005228
8654,0.020679
8655,0.005276
8656,0.006754
8657,0.410243
8658,0.556018
8659,0.062790
8660,0.002508
8661,0.267995
8662,0.006788
8663,0.118541
8664,0.003423
8665,0.011871
8666,0.986050
8667,0.059776
8668,0.037459
8669,0.050690
8670,0.006109
8671,0.291800
8672,0.951021
8673,0.026887
8674,0.030157
8675,0.951755
8676,0.878479
8677,0.003060
8678,0.074616
8679,0.084268
8680,0.399756
8681,0.100732
8682,0.970137
8683,0.682395
8684,0.507445
8685,0.008271
8686,0.068807
8687,0.007880
8688,0.970156
8689,0.053328
8690,0.043726
8691,0.959028
8692,0.105989
8693,0.022735
8694,0.999005
8695,0.979494
8696,0.009222
8697,0.943853
8698,0.087744
8699,0.032723
8700,0.053634
8701,0.932776
8702,0.010506
8703,0.040289
8704,0.002900
8705,0.711513
8706,0.994598
8707,0.019011
8708,0.006277
8709,0.017638
8710,0.078701
8711,0.022828
8712,0.039765
8713,0.111732
8714,0.748898
8715,0.022322
8716,0.010611
8717,0.608879
8718,0.919901
8719,0.024632
8720,0.026360
8721,0.025870
8722,0.975330
8723,0.008307
8724,0.034302
8725,0.034696
8726,0.013952
8727,0.021919
8728,0.325649
8729,0.999006
8730,0.797611
8731,0.667790
8732,0.786383
8733,0.675883
8734,0.004131
8735,0.061589
8736,0.680083
8737,0.878918
8738,0.149958
8739,0.104305
8740,0.965238
8741,0.955789
8742,0.990265
8743,0.032582
8744,0.002730
8745,0.209341
8746,0.140719
8747,0.055524
8748,0.016848
8749,0.069533
8750,0.045886
8751,0.162781
8752,0.613994
8753,0.812266
8754,0.258628
8755,0.924240
8756,0.353149
8757,0.197698
8758,0.019097
8759,0.278080
8760,0.001992
8761,0.838449
8762,0.015553
8763,0.963093
8764,0.252012
8765,0.245411
8766,0.011439
8767,0.056628
8768,0.021295
8769,0.069541
8770,0.052270
8771,0.002215
8772,0.015615
8773,0.010536
8774,0.643997
8775,0.026330
8776,0.049851
8777,0.299438
8778,0.084399
8779,0.007970
8780,0.008234
8781,0.947557
8782,0.067604
8783,0.041571
8784,0.003282
8785,0.011672
8786,0.105305
8787,0.005108
8788,0.978191
8789,0.034193
8790,0.989447
8791,0.063264
8792,0.012852
8793,0.071727
8794,0.910667
8795,0.708931
8796,0.003870
8797,0.679396
8798,0.932074
8799,0.052742
8800,0.011392
8801,0.027795
8802,0.013807
8803,0.719843
8804,0.042263
8805,0.093012
8806,0.201763
8807,0.016252
8808,0.526393
8809,0.348218
8810,0.022614
8811,0.311992
8812,0.918236
8813,0.006136
8814,0.690794
8815,0.943633
8816,0.903665
8817,0.969844
8818,0.886431
8819,0.168656
8820,0.472442
8821,0.143029
8822,0.614867
8823,0.898289
8824,0.009452
8825,0.076031
8826,0.309390
8827,0.600959
8828,0.197468
8829,0.029998
8830,0.013772
8831,0.049958
8832,0.250073
8833,0.024060
8834,0.812797
8835,0.008655
8836,0.068988
8837,0.167855
8838,0.357820
8839,0.124186
8840,0.134413
8841,0.980909
8842,0.913754
8843,0.037473
8844,0.585861
8845,0.094827
8846,0.003273
8847,0.025719
8848,0.989054
8849,0.024102
8850,0.869854
8851,0.110003
8852,0.950613
8853,0.230305
8854,0.006281
8855,0.012685
8856,0.026001
8857,0.029872
8858,0.134371
8859,0.418271
8860,0.092992
8861,0.037675
8862,0.071721
8863,0.277516
8864,0.010867
8865,0.611160
8866,0.968040
8867,0.051311
8868,0.977063
8869,0.189530
8870,0.091544
8871,0.191959
8872,0.015661
8873,0.027417
8874,0.305691
8875,0.181278
8876,0.005890
8877,0.998970
8878,0.003257
8879,0.103539
8880,0.015371
8881,0.311603
8882,0.246888
8883,0.288826
8884,0.899675
8885,0.234675
8886,0.079152
8887,0.018434
8888,0.039682
8889,0.010279
8890,0.069932
8891,0.239514
8892,0.183617
8893,0.347385
8894,0.085291
8895,0.959008
8896,0.340816
8897,0.332986
8898,0.585263
8899,0.157828
8900,0.221903
8901,0.399353
8902,0.997357
8903,0.702312
8904,0.688133
8905,0.509142
8906,0.943904
8907,0.084572
8908,0.062197
8909,0.709397
8910,0.651693
8911,0.021883
8912,0.171160
8913,0.058482
8914,0.040431
8915,0.054432
8916,0.008186
8917,0.035978
8918,0.020929
8919,0.182169
8920,0.133683
8921,0.048163
8922,0.934681
8923,0.033667
8924,0.733332
8925,0.344358
8926,0.023532
8927,0.815649
8928,0.973750
8929,0.380264
8930,0.572382
8931,0.077913
8932,0.951874
8933,0.058247
8934,0.099931
8935,0.833860
8936,0.889510
8937,0.012356
8938,0.960717
8939,0.114436
8940,0.448213
8941,0.006823
8942,0.308189
8943,0.273197
8944,0.773589
8945,0.865611
8946,0.141326
8947,0.948336
8948,0.112519
8949,0.333327
8950,0.561078
8951,0.995970
8952,0.017704
8953,0.010184
8954,0.059199
8955,0.943491
8956,0.727013
8957,0.925917
8958,0.871838
8959,0.249237
8960,0.020136
8961,0.706919
8962,0.023991
8963,0.937847
8964,0.199171
8965,0.030955
8966,0.377146
8967,0.018188
8968,0.012524
8969,0.006697
8970,0.016580
8971,0.011466
8972,0.004675
8973,0.561389
8974,0.014635
8975,0.785768
8976,0.169709
8977,0.044267
8978,0.340500
8979,0.002651
8980,0.011493
8981,0.862923
8982,0.081343
8983,0.450497
8984,0.015069
8985,0.017894
8986,0.005351
8987,0.010348
8988,0.011889
8989,0.249871
8990,0.014752
8991,0.108520
8992,0.011285
8993,0.133535
8994,0.918566
8995,0.674005
8996,0.013839
8997,0.969853
8998,0.018718
8999,0.066792
9000,0.119102
9001,0.185055
9002,0.005598
9003,0.991367
9004,0.378646
9005,0.865856
9006,0.909148
9007,0.093547
9008,0.092319
9009,0.054033
9010,0.843936
9011,0.891515
9012,0.011684
9013,0.012057
9014,0.149033
9015,0.005993
9016,0.202551
9017,0.142988
9018,0.899610
9019,0.227787
9020,0.006000
9021,0.495357
9022,0.037528
9023,0.190829
9024,0.023689
9025,0.601693
9026,0.173246
9027,0.996218
9028,0.184528
9029,0.004438
9030,0.552492
9031,0.142439
9032,0.087015
9033,0.973411
9034,0.036705
9035,0.009536
9036,0.048914
9037,0.009757
9038,0.191038
9039,0.159218
9040,0.030805
9041,0.404000
9042,0.077737
9043,0.416754
9044,0.008234
9045,0.029889
9046,0.011580
9047,0.065165
9048,0.222753
9049,0.975405
9050,0.092406
9051,0.953621
9052,0.030383
9053,0.016611
9054,0.084802
9055,0.455782
9056,0.359453
9057,0.058896
9058,0.997474
9059,0.070941
9060,0.008235
9061,0.276902
9062,0.896159
9063,0.016410
9064,0.014085
9065,0.502817
9066,0.112710
9067,0.423085
9068,0.023907
9069,0.013945
9070,0.047087
9071,0.068092
9072,0.775702
9073,0.799516
9074,0.913495
9075,0.004366
9076,0.831002
9077,0.004560
9078,0.199258
9079,0.780424
9080,0.627950
9081,0.833015
9082,0.650476
9083,0.398939
9084,0.063278
9085,0.953842
9086,0.874235
9087,0.971580
9088,0.688713
9089,0.137300
9090,0.352033
9091,0.367244
9092,0.400742
9093,0.010830
9094,0.022263
9095,0.894995
9096,0.941806
9097,0.002783
9098,0.083161
9099,0.275126
9100,0.011237
9101,0.907477
9102,0.055552
9103,0.715813
9104,0.172329
9105,0.045881
9106,0.142072
9107,0.009452
9108,0.336292
9109,0.179853
9110,0.002889
9111,0.820540
9112,0.014161
9113,0.750373
9114,0.017004
9115,0.760104
9116,0.093133
9117,0.916361
9118,0.204609
9119,0.592290
9120,0.042897
9121,0.576899
9122,0.132958
9123,0.173782
9124,0.005296
9125,0.520784
9126,0.142010
9127,0.032312
9128,0.006805
9129,0.009036
9130,0.525773
9131,0.970438
9132,0.116032
9133,0.016199
9134,0.099063
9135,0.296415
9136,0.008004
9137,0.064663
9138,0.018995
9139,0.029471
9140,0.921699
9141,0.071527
9142,0.063056
9143,0.779930
9144,0.364309
9145,0.025420
9146,0.002022
9147,0.094950
9148,0.429884
9149,0.064848
9150,0.146240
9151,0.012657
9152,0.713265
9153,0.198424
9154,0.730250
9155,0.993261
9156,0.629346
9157,0.883167
9158,0.214315
9159,0.005813
9160,0.131309
9161,0.003286
9162,0.067079
9163,0.003207
9164,0.028355
9165,0.015541
9166,0.967936
9167,0.012129
9168,0.184800
9169,0.915300
9170,0.653783
9171,0.978523
9172,0.918017
9173,0.416467
9174,0.154976
9175,0.034184
9176,0.002049
9177,0.376654
9178,0.554020
9179,0.015457
9180,0.006153
9181,0.526980
9182,0.004282
9183,0.017237
9184,0.160511
9185,0.021313
9186,0.219574
9187,0.030770
9188,0.047266
9189,0.703947
9190,0.003236
9191,0.062276
9192,0.961272
9193,0.003416
9194,0.005610
9195,0.007658
9196,0.927536
9197,0.066142
9198,0.002723
9199,0.061319
9200,0.059381
9201,0.997760
9202,0.050153
9203,0.045586
9204,0.193447
9205,0.005325
9206,0.312824
9207,0.469182
9208,0.002959
9209,0.012694
9210,0.957718
9211,0.906514
9212,0.126475
9213,0.062614
9214,0.056257
9215,0.049847
9216,0.127107
9217,0.043580
9218,0.285745
9219,0.066265
9220,0.013052
9221,0.464849
9222,0.061701
9223,0.995757
9224,0.065169
9225,0.992461
9226,0.996397
9227,0.049003
9228,0.010372
9229,0.020049
9230,0.079459
9231,0.030259
9232,0.809598
9233,0.005673
9234,0.126906
9235,0.073933
9236,0.007219
9237,0.078281
9238,0.140807
9239,0.242507
9240,0.611018
9241,0.108377
9242,0.002298
9243,0.996507
9244,0.007612
9245,0.034975
9246,0.268565
9247,0.046804
9248,0.996003
9249,0.996188
9250,0.036869
9251,0.479610
9252,0.006051
9253,0.004817
9254,0.111077
9255,0.999101
9256,0.073717
9257,0.212099
9258,0.906918
9259,0.030012
9260,0.060725
9261,0.943278
9262,0.723201
9263,0.013558
9264,0.008155
9265,0.014670
9266,0.829472
9267,0.396719
9268,0.062466
9269,0.682115
9270,0.003734
9271,0.004370
9272,0.050587
9273,0.057489
9274,0.045625
9275,0.016544
9276,0.010675
9277,0.184894
9278,0.987246
9279,0.101904
9280,0.705798
9281,0.957417
9282,0.265456
9283,0.903514
9284,0.153886
9285,0.234884
9286,0.082051
9287,0.243837
9288,0.121191
9289,0.140534
9290,0.050689
9291,0.076829
9292,0.376624
9293,0.337964
9294,0.118827
9295,0.446462
9296,0.114085
9297,0.958397
9298,0.079808
9299,0.007097
9300,0.063442
9301,0.107624
9302,0.038819
9303,0.053144
9304,0.058273
9305,0.006280
9306,0.160992
9307,0.790242
9308,0.938860
9309,0.958923
9310,0.033519
9311,0.912845
9312,0.842080
9313,0.790544
9314,0.010055
9315,0.336839
9316,0.898451
9317,0.448900
9318,0.006110
9319,0.025676
9320,0.023482
9321,0.695692
9322,0.635230
9323,0.579108
9324,0.018595
9325,0.003969
9326,0.092146
9327,0.028979
9328,0.575354
9329,0.104311
9330,0.854388
9331,0.206750
9332,0.053092
9333,0.048093
9334,0.351449
9335,0.007544
9336,0.070845
9337,0.662360
9338,0.167352
9339,0.228728
9340,0.095773
9341,0.032009
9342,0.038425
9343,0.034133
9344,0.072440
9345,0.007051
9346,0.120720
9347,0.022629
9348,0.050605
9349,0.040951
9350,0.077789
9351,0.013527
9352,0.064425
9353,0.015985
9354,0.038540
9355,0.355730
9356,0.194107
9357,0.007033
9358,0.175526
9359,0.975898
9360,0.123158
9361,0.002815
9362,0.021553
9363,0.033713
9364,0.385328
9365,0.005421
9366,0.094169
9367,0.941776
9368,0.165107
9369,0.096107
9370,0.948406
9371,0.495600
9372,0.014664
9373,0.006812
9374,0.032937
9375,0.153946
9376,0.741096
9377,0.060215
9378,0.998953
9379,0.100557
9380,0.030062
9381,0.982293
9382,0.062840
9383,0.978823
9384,0.957746
9385,0.965835
9386,0.004803
9387,0.323617
9388,0.232377
9389,0.584974
9390,0.023603
9391,0.128401
9392,0.045338
9393,0.024666
9394,0.538243
9395,0.840385
9396,0.031406
9397,0.994478
9398,0.005814
9399,0.004744
9400,0.513232
9401,0.033230
9402,0.094190
9403,0.008206
9404,0.980333
9405,0.466937
9406,0.003562
9407,0.005121
9408,0.554989
9409,0.225746
9410,0.954135
9411,0.349449
9412,0.029244
9413,0.058199
9414,0.003549
9415,0.263255
9416,0.009379
9417,0.015047
9418,0.034303
9419,0.420114
9420,0.969886
9421,0.079049
9422,0.993878
9423,0.072291
9424,0.745169
9425,0.963014
9426,0.215315
9427,0.121925
9428,0.082809
9429,0.511271
9430,0.002872
9431,0.893667
9432,0.008037
9433,0.890815
9434,0.011097
9435,0.998336
9436,0.978482
9437,0.006207
9438,0.286848
9439,0.005581
9440,0.318622
9441,0.819625
9442,0.093612
9443,0.022470
9444,0.038635
9445,0.929571
9446,0.008057
9447,0.972464
9448,0.025628
9449,0.039578
9450,0.042810
9451,0.002338
9452,0.975618
9453,0.325514
9454,0.028521
9455,0.015343
9456,0.003220
9457,0.463913
9458,0.006482
9459,0.380397
9460,0.011807
9461,0.925566
9462,0.376061
9463,0.039034
9464,0.163252
9465,0.005404
9466,0.647974
9467,0.887359
9468,0.077381
9469,0.001658
9470,0.966540
9471,0.011131
9472,0.971784
9473,0.075643
9474,0.962627
9475,0.022343
9476,0.025118
9477,0.058321
9478,0.864116
9479,0.083475
9480,0.910923
9481,0.904424
9482,0.226542
9483,0.942636
9484,0.048213
9485,0.196412
9486,0.896786
9487,0.747009
9488,0.972881
9489,0.244042
9490,0.013630
9491,0.047921
9492,0.990128
9493,0.037322
9494,0.033615
9495,0.004093
9496,0.011050
9497,0.075862
9498,0.405604
9499,0.925648
9500,0.198025
9501,0.110056
9502,0.960165
9503,0.984752
9504,0.479223
9505,0.770094
9506,0.987134
9507,0.037012
9508,0.047737
9509,0.034660
9510,0.017749
9511,0.211391
9512,0.132592
9513,0.828966
9514,0.139996
9515,0.077683
9516,0.256723
9517,0.025631
9518,0.020905
9519,0.020333
9520,0.003606
9521,0.012459
9522,0.493953
9523,0.013643
9524,0.038332
9525,0.001893
9526,0.640365
9527,0.042206
9528,0.089622
9529,0.176026
9530,0.039291
9531,0.053801
9532,0.029259
9533,0.421946
9534,0.759079
9535,0.728338
9536,0.012555
9537,0.992811
9538,0.022767
9539,0.549737
9540,0.986028
9541,0.197724
9542,0.278105
9543,0.005566
9544,0.027749
9545,0.101831
9546,0.958654
9547,0.823721
9548,0.015421
9549,0.217669
9550,0.628165
9551,0.720523
9552,0.958361
9553,0.534263
9554,0.977288
9555,0.351168
9556,0.026129
9557,0.966616
9558,0.051957
9559,0.068953
9560,0.003238
9561,0.068697
9562,0.991563
9563,0.268871
9564,0.961074
9565,0.005152
9566,0.099090
9567,0.993447
9568,0.019173
9569,0.090918
9570,0.399685
9571,0.097453
9572,0.104278
9573,0.849294
9574,0.942747
9575,0.071048
9576,0.970068
9577,0.176680
9578,0.003712
9579,0.012065
9580,0.926987
9581,0.848012
9582,0.008884
9583,0.848329
9584,0.910173
9585,0.025052
9586,0.008601
9587,0.026868
9588,0.964250
9589,0.020185
9590,0.222169
9591,0.277582
9592,0.747911
9593,0.040967
9594,0.940248
9595,0.970916
9596,0.057057
9597,0.927715
9598,0.967350
9599,0.103803
9600,0.802417
9601,0.561021
9602,0.002899
9603,0.074491
9604,0.051861
9605,0.079065
9606,0.004044
9607,0.205958
9608,0.669644
9609,0.536979
9610,0.003089
9611,0.004697
9612,0.008032
9613,0.021136
9614,0.396873
9615,0.128469
9616,0.852018
9617,0.072341
9618,0.446293
9619,0.215597
9620,0.004455
9621,0.503092
9622,0.015816
9623,0.693938
9624,0.088022
9625,0.008919
9626,0.037728
9627,0.033975
9628,0.973702
9629,0.540058
9630,0.923386
9631,0.998105
9632,0.990453
9633,0.038118
9634,0.067140
9635,0.998234
9636,0.970050
9637,0.011380
9638,0.096951
9639,0.080566
9640,0.166948
9641,0.004899
9642,0.109092
9643,0.073134
9644,0.986674
9645,0.159184
9646,0.416560
9647,0.549424
9648,0.002724
9649,0.840254
9650,0.016661
9651,0.975638
9652,0.787150
9653,0.246879
9654,0.214522
9655,0.013355
9656,0.484751
9657,0.964374
9658,0.999088
9659,0.024350
9660,0.040391
9661,0.071767
9662,0.962673
9663,0.017510
9664,0.006844
9665,0.112654
9666,0.041147
9667,0.184215
9668,0.162714
9669,0.046473
9670,0.780589
9671,0.303594
9672,0.029277
9673,0.070728
9674,0.450372
9675,0.091060
9676,0.166638
9677,0.004017
9678,0.946042
9679,0.012451
9680,0.356603
9681,0.387841
9682,0.155278
9683,0.935459
9684,0.032391
9685,0.859533
9686,0.144572
9687,0.128225
9688,0.026498
9689,0.018682
9690,0.233909
9691,0.822412
9692,0.039572
9693,0.029543
9694,0.691940
9695,0.007084
9696,0.936966
9697,0.238267
9698,0.060968
9699,0.011003
9700,0.046887
9701,0.139427
9702,0.996734
9703,0.096360
9704,0.049932
9705,0.169662
9706,0.756208
9707,0.073950
9708,0.024019
9709,0.092186
9710,0.370188
9711,0.056968
9712,0.419156
9713,0.511702
9714,0.011965
9715,0.063065
9716,0.354640
9717,0.018384
9718,0.022205
9719,0.158207
9720,0.998295
9721,0.981084
9722,0.059444
9723,0.013475
9724,0.064460
9725,0.943605
9726,0.112753
9727,0.089487
9728,0.240485
9729,0.013704
9730,0.965315
9731,0.017337
9732,0.003933
9733,0.015169
9734,0.040701
9735,0.699348
9736,0.244790
9737,0.040032
9738,0.019806
9739,0.965677
9740,0.054371
9741,0.086702
9742,0.066430
9743,0.848847
9744,0.035854
9745,0.847872
9746,0.005144
9747,0.384654
9748,0.833175
9749,0.975378
9750,0.011841
9751,0.966297
9752,0.032805
9753,0.964818
9754,0.327389
9755,0.995059
9756,0.137650
9757,0.966956
9758,0.234797
9759,0.016755
9760,0.014588
9761,0.248841
9762,0.004345
9763,0.061410
9764,0.902136
9765,0.191097
9766,0.071975
9767,0.996401
9768,0.467277
9769,0.014492
9770,0.627534
9771,0.100388
9772,0.073065
9773,0.829236
9774,0.006921
9775,0.180048
9776,0.006110
9777,0.101384
9778,0.166400
9779,0.107667
9780,0.997730
9781,0.073667
9782,0.788768
9783,0.174587
9784,0.390561
9785,0.950851
9786,0.453004
9787,0.034574
9788,0.009697
9789,0.405160
9790,0.241299
9791,0.037727
9792,0.125427
9793,0.089327
9794,0.734948
9795,0.098156
9796,0.050917
9797,0.966986
9798,0.437992
9799,0.054589
9800,0.033049
9801,0.027351
9802,0.196431
9803,0.003097
9804,0.754461
9805,0.007692
9806,0.779418
9807,0.077061
9808,0.028036
9809,0.060592
9810,0.007190
9811,0.016318
9812,0.062196
9813,0.005287
9814,0.054809
9815,0.225888
9816,0.148765
9817,0.062766
9818,0.329475
9819,0.887139
9820,0.049671
9821,0.054466
9822,0.006761
9823,0.884539
9824,0.615759
9825,0.973663
9826,0.006466
9827,0.990317
9828,0.468235
9829,0.600061
9830,0.995201
9831,0.021566
9832,0.065761
9833,0.186136
9834,0.022958
9835,0.724463
9836,0.966919
9837,0.994640
9838,0.003234
9839,0.037243
9840,0.995696
9841,0.037905
9842,0.333981
9843,0.821017
9844,0.021731
9845,0.005274
9846,0.820210
9847,0.309067
9848,0.041554
9849,0.004376
9850,0.188482
9851,0.062015
9852,0.010981
9853,0.032011
9854,0.165655
9855,0.144937
9856,0.047176
9857,0.961841
9858,0.037367
9859,0.902468
9860,0.067977
9861,0.057345
9862,0.094692
9863,0.005272
9864,0.911137
9865,0.993962
9866,0.067478
9867,0.003768
9868,0.410439
9869,0.244122
9870,0.909177
9871,0.905286
9872,0.097669
9873,0.011163
9874,0.847222
9875,0.172859
9876,0.077260
9877,0.178287
9878,0.036383
9879,0.789701
9880,0.024285
9881,0.906864
9882,0.936665
9883,0.027887
9884,0.013279
9885,0.051149
9886,0.170276
9887,0.026863
9888,0.911540
9889,0.995783
9890,0.381185
9891,0.011616
9892,0.089116
9893,0.156094
9894,0.073158
9895,0.089850
9896,0.860702
9897,0.171232
9898,0.050073
9899,0.021674
9900,0.138115
9901,0.066752
9902,0.035174
9903,0.022737
9904,0.787913
9905,0.008197
9906,0.117375
9907,0.300638
9908,0.004939
9909,0.940126
9910,0.965746
9911,0.072235
9912,0.057764
9913,0.009780
9914,0.162638
9915,0.997595
9916,0.145267
9917,0.117497
9918,0.014965
9919,0.624250
9920,0.012969
9921,0.430246
9922,0.001387
9923,0.374769
9924,0.256438
9925,0.317806
9926,0.132916
9927,0.153919
9928,0.007493
9929,0.919268
9930,0.949273
9931,0.442199
9932,0.101860
9933,0.151956
9934,0.062760
9935,0.811187
9936,0.974060
9937,0.339904
9938,0.385574
9939,0.064458
9940,0.073388
9941,0.027008
9942,0.081245
9943,0.015394
9944,0.047834
9945,0.955316
9946,0.053906
9947,0.088037
9948,0.036413
9949,0.005007
9950,0.023234
9951,0.177931
9952,0.010669
9953,0.994800
9954,0.815261
9955,0.185492
9956,0.822554
9957,0.027727
9958,0.998204
9959,0.218625
9960,0.767753
9961,0.010501
9962,0.063898
9963,0.014885
9964,0.327198
9965,0.055778
9966,0.009391
9967,0.004919
9968,0.089515
9969,0.002815
9970,0.089411
9971,0.993463
9972,0.050842
9973,0.021275
9974,0.029200
9975,0.962514
9976,0.254144
9977,0.208753
9978,0.117815
9979,0.002124
9980,0.175412
9981,0.087978
9982,0.001975
9983,0.136332
9984,0.005201
9985,0.007248
9986,0.018344
9987,0.069421
9988,0.061811
9989,0.012401
9990,0.106939
9991,0.945636
9992,0.033297
9993,0.056101
9994,0.721131
9995,0.004863
9996,0.306773
9997,0.573575
9998,0.981724
9999,0.101847
10000,0.487495
10001,0.886160
10002,0.292120
10003,0.257105
10004,0.004414
10005,0.955837
10006,0.941637
10007,0.050266
10008,0.968736
10009,0.929020
10010,0.139861
10011,0.034071
10012,0.913833
10013,0.076453
10014,0.312693
10015,0.094735
10016,0.057782
10017,0.009659
10018,0.004543
10019,0.049457
10020,0.017203
10021,0.032808
10022,0.974765
10023,0.983584
10024,0.761396
10025,0.008755
10026,0.012724
10027,0.094703
10028,0.853463
10029,0.009083
10030,0.005686
10031,0.070853
10032,0.679959
10033,0.905715
10034,0.007941
10035,0.012708
10036,0.059740
10037,0.922333
10038,0.014480
10039,0.278742
10040,0.146250
10041,0.025549
10042,0.949041
10043,0.016274
10044,0.147870
10045,0.020074
10046,0.007248
10047,0.903983
10048,0.086256
10049,0.825531
10050,0.013114
10051,0.464615
10052,0.935759
10053,0.152195
10054,0.523096
10055,0.330578
10056,0.003787
10057,0.957995
10058,0.990067
10059,0.071127
10060,0.892107
10061,0.099984
10062,0.004515
10063,0.077526
10064,0.968896
10065,0.227544
10066,0.072260
10067,0.021351
10068,0.016243
10069,0.129496
10070,0.017640
10071,0.348745
10072,0.876175
10073,0.682792
10074,0.310462
10075,0.893597
10076,0.930077
10077,0.065636
10078,0.004993
10079,0.096164
10080,0.079071
10081,0.108730
10082,0.374062
10083,0.016348
10084,0.144251
10085,0.410252
10086,0.106506
10087,0.807708
10088,0.066166
10089,0.858621
10090,0.004289
10091,0.017464
10092,0.001717
10093,0.031484
10094,0.498351
10095,0.050902
10096,0.029595
10097,0.976316
10098,0.201490
10099,0.226010
10100,0.009437
10101,0.006483
10102,0.020898
10103,0.035398
10104,0.957969
10105,0.003413
10106,0.138678
10107,0.009492
10108,0.459925
10109,0.098255
10110,0.148766
10111,0.034347
10112,0.017078
10113,0.073062
10114,0.009588
10115,0.004732
10116,0.617601
10117,0.075265
10118,0.055831
10119,0.492563
10120,0.478445
10121,0.154587
10122,0.171387
10123,0.112123
10124,0.006020
10125,0.106387
10126,0.965930
10127,0.038074
10128,0.049674
10129,0.062816
10130,0.107346
10131,0.786723
10132,0.423155
10133,0.106444
10134,0.978903
10135,0.029433
10136,0.023478
10137,0.005855
10138,0.493248
10139,0.819646
10140,0.217894
10141,0.276309
10142,0.005124
10143,0.095034
10144,0.003184
10145,0.019649
10146,0.077132
10147,0.300109
10148,0.467572
10149,0.735014
10150,0.117009
10151,0.036152
10152,0.005421
10153,0.923195
10154,0.088577
10155,0.042440
10156,0.476251
10157,0.304352
10158,0.961636
10159,0.125820
10160,0.991250
10161,0.025129
10162,0.915617
10163,0.996513
10164,0.006750
10165,0.016890
10166,0.003958
10167,0.906975
10168,0.197772
10169,0.885102
10170,0.006061
10171,0.077432
10172,0.367396
10173,0.151114
10174,0.004995
10175,0.432582
10176,0.004750
10177,0.995322
10178,0.001880
10179,0.041036
10180,0.137630
10181,0.003880
10182,0.045227
10183,0.964930
10184,0.995636
10185,0.925989
10186,0.271454
10187,0.008284
10188,0.051471
10189,0.014599
10190,0.002062
10191,0.975604
10192,0.946868
10193,0.061315
10194,0.090722
10195,0.017650
10196,0.587719
10197,0.045703
10198,0.049863
10199,0.055546
10200,0.009871
10201,0.005380
10202,0.042915
10203,0.030547
10204,0.918586
10205,0.011019
10206,0.993680
10207,0.010414
10208,0.970301
10209,0.897978
10210,0.972052
10211,0.595550
10212,0.919041
10213,0.608869
10214,0.158796
10215,0.040074
10216,0.455150
10217,0.943916
10218,0.010079
10219,0.086518
10220,0.094064
10221,0.003808
10222,0.004356
10223,0.946242
10224,0.846532
10225,0.054735
10226,0.039455
10227,0.998957
10228,0.009092
10229,0.353807
10230,0.998805
10231,0.029265
10232,0.190100
10233,0.224273
10234,0.095681
10235,0.012617
10236,0.036393
10237,0.492127
10238,0.075328
10239,0.907225
10240,0.048762
10241,0.011824
10242,0.185724
10243,0.092278
10244,0.006279
10245,0.934511
10246,0.016673
10247,0.671648
10248,0.747753
10249,0.741872
10250,0.016925
10251,0.077764
10252,0.024447
10253,0.899699
10254,0.098437
10255,0.070661
10256,0.984060
10257,0.836994
10258,0.035106
10259,0.029649
10260,0.974503
10261,0.008712
10262,0.004210
10263,0.677784
10264,0.777937
10265,0.019789
10266,0.506993
10267,0.899175
10268,0.037603
10269,0.030866
10270,0.648676
10271,0.009642
10272,0.050224
10273,0.806617
10274,0.555334
10275,0.257633
10276,0.060993
10277,0.128791
10278,0.106558
10279,0.970435
10280,0.024446
10281,0.683812
10282,0.033245
10283,0.393256
10284,0.261324
10285,0.040656
10286,0.122910
10287,0.151381
10288,0.878071
10289,0.802312
10290,0.049701
10291,0.056510
10292,0.024206
10293,0.101312
10294,0.457146
10295,0.104653
10296,0.942524
10297,0.148166
10298,0.076430
10299,0.158245
10300,0.920088
10301,0.003223
10302,0.843996
10303,0.065673
10304,0.098111
10305,0.042212
10306,0.894746
10307,0.148135
10308,0.128283
10309,0.050918
10310,0.073845
10311,0.112422
10312,0.978855
10313,0.045375
10314,0.002414
10315,0.741398
10316,0.172097
10317,0.088666
10318,0.337686
10319,0.010964
10320,0.141845
10321,0.038199
10322,0.101479
10323,0.087664
10324,0.002259
10325,0.354538
10326,0.433908
10327,0.012717
10328,0.722458
10329,0.374963
10330,0.056201
10331,0.075070
10332,0.042660
10333,0.334652
10334,0.983347
10335,0.934789
10336,0.201798
10337,0.697553
10338,0.641857
10339,0.374517
10340,0.598741
10341,0.050556
10342,0.846770
10343,0.905818
10344,0.900544
10345,0.030065
10346,0.972303
10347,0.915562
10348,0.010249
10349,0.806999
10350,0.081751
10351,0.964565
10352,0.036383
10353,0.943503
10354,0.533767
10355,0.239036
10356,0.075407
10357,0.145725
10358,0.936270
10359,0.020005
10360,0.921684
10361,0.949479
10362,0.009268
10363,0.015310
10364,0.418014
10365,0.013338
10366,0.070946
10367,0.010600
10368,0.977950
10369,0.008809
10370,0.005430
10371,0.176785
10372,0.046839
10373,0.577136
10374,0.959400
10375,0.004914
10376,0.044443
10377,0.116507
10378,0.569103
10379,0.038454
10380,0.108382
10381,0.056079
10382,0.909553
10383,0.998365
10384,0.021318
10385,0.042487
10386,0.108700
10387,0.011120
10388,0.139440
10389,0.022387
10390,0.500709
10391,0.002605
10392,0.317894
10393,0.010864
10394,0.764405
10395,0.165048
10396,0.439130
10397,0.175347
10398,0.913292
10399,0.138615
10400,0.641937
10401,0.750494
10402,0.594913
10403,0.024791
10404,0.013567
10405,0.709345
10406,0.628088
10407,0.006774
10408,0.938936
10409,0.323060
10410,0.427211
10411,0.061635
10412,0.052376
10413,0.047769
10414,0.976806
10415,0.193707
10416,0.552863
10417,0.062905
10418,0.966484
10419,0.063583
10420,0.584912
10421,0.968456
10422,0.641786
10423,0.154349
10424,0.844298
10425,0.211268
10426,0.018281
10427,0.031906
10428,0.025338
10429,0.043275
10430,0.159439
10431,0.673135
10432,0.928065
10433,0.112124
10434,0.005952
10435,0.024211
10436,0.010654
10437,0.005953
10438,0.014203
10439,0.002660
10440,0.002253
10441,0.867655
10442,0.919989
10443,0.458891
10444,0.298375
10445,0.041352
10446,0.008289
10447,0.864899
10448,0.018355
10449,0.979172
10450,0.997645
10451,0.300128
10452,0.974695
10453,0.768557
10454,0.462360
10455,0.006769
10456,0.009573
10457,0.008937
10458,0.981626
10459,0.043494
10460,0.064674
10461,0.423352
10462,0.100741
10463,0.036045
10464,0.957979
10465,0.013093
10466,0.098279
10467,0.032727
10468,0.455681
10469,0.820662
10470,0.880072
10471,0.014804
10472,0.839869
10473,0.178869
10474,0.198436
10475,0.011007
10476,0.125331
10477,0.987129
10478,0.908633
10479,0.102418
10480,0.968098
10481,0.936233
10482,0.122505
10483,0.040491
10484,0.959357
10485,0.107565
10486,0.090263
10487,0.083143
10488,0.484165
10489,0.272656
10490,0.718221
10491,0.040844
10492,0.003497
10493,0.976787
10494,0.189372
10495,0.962256
10496,0.038083
10497,0.023676
10498,0.260703
10499,0.038351
10500,0.967440
10501,0.405521
10502,0.514749
10503,0.936642
10504,0.179654
10505,0.084314
10506,0.264465
10507,0.366551
10508,0.031070
10509,0.014836
10510,0.972871
10511,0.175813
10512,0.013028
10513,0.114089
10514,0.760610
10515,0.022749
10516,0.849570
10517,0.064613
10518,0.245498
10519,0.745917
10520,0.988312
10521,0.198077
10522,0.007067
10523,0.031587
10524,0.898217
10525,0.510453
10526,0.180439
10527,0.414232
10528,0.794040
10529,0.957953
10530,0.097906
10531,0.083355
10532,0.012206
10533,0.049568
10534,0.070213
10535,0.505935
10536,0.998258
10537,0.082022
10538,0.042324
10539,0.043620
10540,0.382648
10541,0.915377
10542,0.218680
10543,0.913967
10544,0.768463
10545,0.929937
10546,0.994077
10547,0.748075
10548,0.029072
10549,0.970679
10550,0.136057
10551,0.006194
10552,0.019532
10553,0.040218
10554,0.976512
10555,0.013736
10556,0.147085
10557,0.066135
10558,0.921796
10559,0.866445
10560,0.052102
10561,0.003990
10562,0.148582
10563,0.855135
10564,0.589600
10565,0.008446
10566,0.482773
10567,0.038196
10568,0.075525
10569,0.119999
10570,0.416419
10571,0.094402
10572,0.041010
10573,0.191877
10574,0.963363
10575,0.014102
10576,0.021496
10577,0.947538
10578,0.803096
10579,0.035360
10580,0.004634
10581,0.040952
10582,0.909284
10583,0.980214
10584,0.036549
10585,0.953021
10586,0.182459
10587,0.904135
10588,0.017815
10589,0.111664
10590,0.447866
10591,0.008365
10592,0.873346
10593,0.050041
10594,0.029971
10595,0.004257
10596,0.157348
10597,0.937445
10598,0.101004
10599,0.093443
10600,0.023794
10601,0.820341
10602,0.060559
10603,0.931762
10604,0.002323
10605,0.742919
10606,0.978472
10607,0.010290
10608,0.006329
10609,0.115488
10610,0.034309
10611,0.930736
10612,0.009775
10613,0.054651
10614,0.030231
10615,0.051141
10616,0.196955
10617,0.793648
10618,0.945144
10619,0.006191
10620,0.931988
10621,0.044434
10622,0.273139
10623,0.106833
10624,0.102326
10625,0.137569
10626,0.239285
10627,0.118314
10628,0.385045
10629,0.006913
10630,0.978390
10631,0.003006
10632,0.053675
10633,0.014040
10634,0.356305
10635,0.899694
10636,0.918066
10637,0.996479
10638,0.061137
10639,0.810755
10640,0.151588
10641,0.226328
10642,0.537714
10643,0.005695
10644,0.022233
10645,0.996743
10646,0.004676
10647,0.003689
10648,0.007190
10649,0.916883
10650,0.203144
10651,0.134885
10652,0.995414
10653,0.327506
10654,0.856670
10655,0.111830
10656,0.975417
10657,0.327638
10658,0.119685
10659,0.027493
10660,0.005148
10661,0.967848
10662,0.029650
10663,0.167562
10664,0.105103
10665,0.005760
10666,0.542774
10667,0.329584
10668,0.637301
10669,0.003398
10670,0.036925
10671,0.005845
10672,0.004154
10673,0.098161
10674,0.313233
10675,0.789518
10676,0.041320
10677,0.965537
10678,0.089552
10679,0.041961
10680,0.003187
10681,0.343549
10682,0.038528
10683,0.600583
10684,0.024995
10685,0.876384
10686,0.990575
10687,0.031163
10688,0.016594
10689,0.904290
10690,0.007372
10691,0.454499
10692,0.877906
10693,0.854371
10694,0.009385
10695,0.454802
10696,0.052525
10697,0.013942
10698,0.862955
10699,0.998016
10700,0.870186
10701,0.129068
10702,0.020066
10703,0.937088
10704,0.605055
10705,0.974937
10706,0.752091
10707,0.942557
10708,0.013476
10709,0.045838
10710,0.024211
10711,0.004894
10712,0.172751
10713,0.042688
10714,0.004582
10715,0.244888
10716,0.729047
10717,0.118239
10718,0.002344
10719,0.497013
10720,0.754065
10721,0.978886
10722,0.948135
10723,0.943687
10724,0.002987
10725,0.110615
10726,0.915161
10727,0.998442
10728,0.029977
10729,0.146052
10730,0.006728
10731,0.994847
10732,0.084501
10733,0.077077
10734,0.204067
10735,0.972397
10736,0.006169
10737,0.281345
10738,0.003477
10739,0.821109
10740,0.313529
10741,0.165486
10742,0.972422
10743,0.005531
10744,0.751787
10745,0.218074
10746,0.804404
10747,0.020773
10748,0.994276
10749,0.997179
10750,0.815820
10751,0.021466
10752,0.156265
10753,0.080386
10754,0.754434
10755,0.015648
10756,0.123153
10757,0.989631
10758,0.536841
10759,0.075359
10760,0.343701
10761,0.004159
10762,0.095154
10763,0.627952
10764,0.940818
10765,0.840177
10766,0.083313
10767,0.137244
10768,0.004283
10769,0.412941
10770,0.990375
10771,0.086924
10772,0.009158
10773,0.003432
10774,0.012795
10775,0.479167
10776,0.569796
10777,0.040622
10778,0.070140
10779,0.930644
10780,0.005104
10781,0.031758
10782,0.003076
10783,0.853115
10784,0.150756
10785,0.488289
10786,0.984882
10787,0.138685
10788,0.007760
10789,0.998321
10790,0.291676
10791,0.094765
10792,0.008715
10793,0.642949
10794,0.185631
10795,0.336854
10796,0.057747
10797,0.025553
10798,0.843462
10799,0.075229
10800,0.073663
10801,0.036129
10802,0.004390
10803,0.030511
10804,0.985517
10805,0.878569
10806,0.037406
10807,0.087502
10808,0.078890
10809,0.106024
10810,0.894389
10811,0.034202
10812,0.027775
10813,0.043575
10814,0.165459
10815,0.628280
10816,0.070549
10817,0.988139
10818,0.093215
10819,0.106322
10820,0.002017
10821,0.077399
10822,0.021453
10823,0.032795
10824,0.003203
10825,0.059296
10826,0.087670
10827,0.009564
10828,0.954934
10829,0.082889
10830,0.021535
10831,0.313968
10832,0.371885
10833,0.031292
10834,0.089444
10835,0.372869
10836,0.029271
10837,0.419929
10838,0.362296
10839,0.217872
10840,0.024685
10841,0.218097
10842,0.836924
10843,0.979603
10844,0.281935
10845,0.046655
10846,0.077947
10847,0.019784
10848,0.214362
10849,0.046691
10850,0.165904
10851,0.332977
10852,0.942217
10853,0.038047
10854,0.003054
10855,0.056763
10856,0.060896
10857,0.036416
10858,0.163209
10859,0.971250
10860,0.127850
10861,0.042094
10862,0.045700
10863,0.140019
10864,0.922040
10865,0.251740
10866,0.141253
10867,0.048175
10868,0.018954
10869,0.953264
10870,0.208275
10871,0.031646
10872,0.083961
10873,0.059535
10874,0.997821
10875,0.165521
10876,0.064710
10877,0.033473
10878,0.002845
10879,0.967237
10880,0.047230
10881,0.965986
10882,0.910172
10883,0.824397
10884,0.961971
10885,0.006502
10886,0.861556
10887,0.063942
10888,0.936605
10889,0.118698
10890,0.932332
10891,0.004059
10892,0.031104
10893,0.992392
10894,0.962728
10895,0.942891
10896,0.082225
10897,0.059916
10898,0.008182
10899,0.005497
10900,0.037754
10901,0.374284
10902,0.093170
10903,0.245543
10904,0.013802
10905,0.615115
10906,0.164699
10907,0.088963
10908,0.779719
10909,0.004284
10910,0.946312
10911,0.983168
10912,0.004818
10913,0.883686
10914,0.998954
10915,0.829670
10916,0.935331
10917,0.129888
10918,0.397854
10919,0.197406
10920,0.956304
10921,0.979523
10922,0.942770
10923,0.785780
10924,0.603626
10925,0.037138
10926,0.483054
10927,0.005660
10928,0.452428
10929,0.920410
10930,0.488829
10931,0.179697
10932,0.015717
10933,0.138329
10934,0.211609
10935,0.991640
10936,0.306410
10937,0.151644
10938,0.978989
10939,0.255566
10940,0.893817
10941,0.998451
10942,0.443725
10943,0.007827
10944,0.064194
10945,0.171768
10946,0.028521
10947,0.042260
10948,0.003775
10949,0.030349
10950,0.007020
10951,0.942794
10952,0.094195
10953,0.019016
10954,0.094731
10955,0.291997
10956,0.475645
10957,0.004732
10958,0.021137
10959,0.005048
10960,0.964169
10961,0.142531
10962,0.650435
10963,0.387346
10964,0.003899
10965,0.875173
10966,0.936238
10967,0.954091
10968,0.183086
10969,0.247851
10970,0.038781
10971,0.103247
10972,0.459583
10973,0.596158
10974,0.248465
10975,0.571130
10976,0.217997
10977,0.947817
10978,0.114095
10979,0.003400
10980,0.881958
10981,0.530207
10982,0.973926
10983,0.061660
10984,0.012808
10985,0.987470
10986,0.037423
10987,0.035029
10988,0.090273
10989,0.066464
10990,0.054344
10991,0.073480
10992,0.025873
10993,0.158808
10994,0.008074
10995,0.147767
10996,0.454173
10997,0.038395
10998,0.051304
10999,0.069234
11000,0.039911
11001,0.020895
11002,0.388321
11003,0.555037
11004,0.973269
11005,0.008203
11006,0.008540
11007,0.156849
11008,0.126742
11009,0.038514
11010,0.081731
11011,0.001531
11012,0.151106
11013,0.471382
11014,0.052735
11015,0.113465
11016,0.004213
11017,0.929793
11018,0.008720
11019,0.141798
11020,0.913494
11021,0.005860
11022,0.186354
11023,0.002424
11024,0.785029
11025,0.091432
11026,0.746710
11027,0.093831
11028,0.911426
11029,0.003397
11030,0.005266
11031,0.012651
11032,0.839313
11033,0.075464
11034,0.008930
11035,0.992330
11036,0.026533
11037,0.991863
11038,0.228385
11039,0.982116
11040,0.005862
11041,0.064168
11042,0.961163
11043,0.030563
11044,0.151305
11045,0.881491
11046,0.010201
11047,0.441098
11048,0.023948
11049,0.013302
11050,0.730600
11051,0.213530
11052,0.194392
11053,0.781884
11054,0.981528
11055,0.817115
11056,0.101920
11057,0.030700
11058,0.045516
11059,0.023483
11060,0.359318
11061,0.574226
11062,0.952415
11063,0.002912
11064,0.783166
11065,0.954335
11066,0.053377
11067,0.037465
11068,0.919568
11069,0.941363
11070,0.023669
11071,0.026792
11072,0.947961
11073,0.006515
11074,0.993238
11075,0.100984
11076,0.108353
11077,0.025901
11078,0.556706
11079,0.014114
11080,0.004677
11081,0.017164
11082,0.680796
11083,0.139888
11084,0.045089
11085,0.112096
11086,0.162373
11087,0.006116
11088,0.007801
11089,0.977631
11090,0.974976
11091,0.022223
11092,0.924955
11093,0.742685
11094,0.077013
11095,0.929686
11096,0.566195
11097,0.051661
11098,0.106377
11099,0.921258
11100,0.111467
11101,0.158741
11102,0.032630
11103,0.913297
11104,0.009670
11105,0.112030
11106,0.931904
11107,0.982976
11108,0.343663
11109,0.958031
11110,0.029314
11111,0.942267
11112,0.043604
11113,0.002082
11114,0.138681
11115,0.300650
11116,0.177586
11117,0.956985
11118,0.087345
11119,0.938616
11120,0.002797
11121,0.154582
11122,0.011757
11123,0.996785
11124,0.760093
11125,0.978275
11126,0.045124
11127,0.021156
11128,0.978235
11129,0.003950
11130,0.089731
11131,0.857694
11132,0.045085
11133,0.485961
11134,0.069458
11135,0.906337
11136,0.141839
11137,0.006695
11138,0.965956
11139,0.035783
11140,0.933666
11141,0.022796
11142,0.139534
11143,0.972137
11144,0.033515
11145,0.093140
11146,0.964548
11147,0.014489
11148,0.965810
11149,0.065002
11150,0.657167
11151,0.009492
11152,0.016664
11153,0.555067
11154,0.046319
11155,0.214954
11156,0.040003
11157,0.689982
11158,0.996147
11159,0.018878
11160,0.884348
11161,0.975944
11162,0.294592
11163,0.861317
11164,0.029263
11165,0.212830
11166,0.051302
11167,0.021952
11168,0.996039
11169,0.689146
11170,0.013817
11171,0.883678
11172,0.020370
11173,0.006686
11174,0.162238
11175,0.132563
11176,0.049884
11177,0.993208
11178,0.003483
11179,0.003956
11180,0.898402
11181,0.222386
11182,0.953918
11183,0.481117
11184,0.003968
11185,0.887399
11186,0.052265
11187,0.986123
11188,0.124245
11189,0.126238
11190,0.062187
11191,0.999273
11192,0.078317
11193,0.064825
11194,0.062863
11195,0.136750
11196,0.035249
11197,0.116592
11198,0.768496
11199,0.905898
11200,0.344974
11201,0.008761
11202,0.003265
11203,0.112545
11204,0.007165
11205,0.020406
11206,0.007407
11207,0.177468
11208,0.015448
11209,0.945836
11210,0.029079
11211,0.037057
11212,0.076492
11213,0.009633
11214,0.841249
11215,0.054012
11216,0.248581
11217,0.151622
11218,0.073669
11219,0.993440
11220,0.046197
11221,0.293997
11222,0.084753
11223,0.003995
11224,0.056752
11225,0.997976
11226,0.008961
11227,0.105129
11228,0.468029
11229,0.098086
11230,0.005701
11231,0.979352
