index,target
0,0.006085
1,0.852041
2,0.054191
3,0.035548
4,0.996631
5,0.003980
6,0.950727
7,0.126022
8,0.039243
9,0.812687
10,0.005892
11,0.003560
12,0.069494
13,0.565687
14,0.511136
15,0.483180
16,0.150914
17,0.985062
18,0.819382
19,0.977777
20,0.131669
21,0.736750
22,0.986224
23,0.096368
24,0.968208
25,0.009243
26,0.004268
27,0.008586
28,0.032750
29,0.002211
30,0.035006
31,0.004202
32,0.006323
33,0.342702
34,0.138823
35,0.228668
36,0.921172
37,0.007304
38,0.057371
39,0.117860
40,0.174316
41,0.941853
42,0.004874
43,0.361515
44,0.833287
45,0.020072
46,0.737692
47,0.055034
48,0.522989
49,0.052319
50,0.083983
51,0.003579
52,0.261075
53,0.009551
54,0.139167
55,0.014249
56,0.032386
57,0.948081
58,0.022292
59,0.776809
60,0.295270
61,0.007356
62,0.868516
63,0.731465
64,0.214692
65,0.003546
66,0.025153
67,0.934378
68,0.982489
69,0.167578
70,0.075162
71,0.513055
72,0.065992
73,0.103398
74,0.119325
75,0.011096
76,0.001678
77,0.004936
78,0.020009
79,0.868332
80,0.189699
81,0.190108
82,0.082066
83,0.171880
84,0.132780
85,0.527999
86,0.639665
87,0.025150
88,0.197423
89,0.002606
90,0.701127
91,0.093469
92,0.074983
93,0.111457
94,0.071637
95,0.670799
96,0.430467
97,0.037561
98,0.977034
99,0.306089
100,0.004129
101,0.071966
102,0.080900
103,0.152616
104,0.554802
105,0.051436
106,0.880275
107,0.665444
108,0.198945
109,0.138741
110,0.934609
111,0.020559
112,0.179906
113,0.014343
114,0.009053
115,0.154124
116,0.980238
117,0.320695
118,0.301035
119,0.989743
120,0.949768
121,0.002023
122,0.438117
123,0.106652
124,0.133040
125,0.120437
126,0.027455
127,0.116089
128,0.112915
129,0.136457
130,0.004421
131,0.051822
132,0.980988
133,0.061683
134,0.977148
135,0.932067
136,0.982636
137,0.919685
138,0.795050
139,0.110593
140,0.012126
141,0.374165
142,0.007844
143,0.030308
144,0.002729
145,0.980012
146,0.712053
147,0.955279
148,0.950425
149,0.047278
150,0.603342
151,0.093201
152,0.078105
153,0.014785
154,0.055201
155,0.032591
156,0.472638
157,0.578497
158,0.094104
159,0.053204
160,0.007460
161,0.431249
162,0.033567
163,0.640594
164,0.046098
165,0.052385
166,0.113914
167,0.009299
168,0.973714
169,0.005115
170,0.022890
171,0.034899
172,0.147899
173,0.895592
174,0.004219
175,0.003600
176,0.974500
177,0.978148
178,0.003314
179,0.916921
180,0.098786
181,0.029135
182,0.884841
183,0.117301
184,0.933229
185,0.083109
186,0.593675
187,0.004518
188,0.170233
189,0.026172
190,0.006330
191,0.911145
192,0.052318
193,0.057591
194,0.164476
195,0.977514
196,0.041549
197,0.984970
198,0.134646
199,0.313014
200,0.140210
201,0.025995
202,0.961130
203,0.002285
204,0.030202
205,0.006219
206,0.095448
207,0.864773
208,0.047195
209,0.998513
210,0.096730
211,0.002667
212,0.408888
213,0.006330
214,0.027081
215,0.206786
216,0.035362
217,0.472772
218,0.689062
219,0.468035
220,0.166659
221,0.048719
222,0.009944
223,0.020520
224,0.244518
225,0.987452
226,0.916591
227,0.029146
228,0.906123
229,0.002813
230,0.035231
231,0.987408
232,0.228899
233,0.028628
234,0.282471
235,0.058889
236,0.217002
237,0.699486
238,0.029156
239,0.966595
240,0.055616
241,0.022567
242,0.172497
243,0.188455
244,0.871722
245,0.180824
246,0.107481
247,0.006289
248,0.597510
249,0.996754
250,0.154537
251,0.040633
252,0.070962
253,0.109790
254,0.020679
255,0.159804
256,0.291492
257,0.810045
258,0.006561
259,0.019261
260,0.140254
261,0.035358
262,0.995344
263,0.932288
264,0.005024
265,0.137016
266,0.736708
267,0.147726
268,0.004757
269,0.002845
270,0.433169
271,0.478622
272,0.045249
273,0.017035
274,0.997555
275,0.998228
276,0.087538
277,0.009859
278,0.016912
279,0.032322
280,0.965111
281,0.943632
282,0.970288
283,0.005819
284,0.102766
285,0.094753
286,0.020268
287,0.006896
288,0.991605
289,0.358076
290,0.124030
291,0.954136
292,0.896577
293,0.981145
294,0.003509
295,0.099791
296,0.097163
297,0.065242
298,0.003981
299,0.992940
300,0.088951
301,0.908423
302,0.806999
303,0.061249
304,0.570209
305,0.782036
306,0.090996
307,0.057971
308,0.520470
309,0.601553
310,0.972850
311,0.036168
312,0.417696
313,0.005900
314,0.436404
315,0.024243
316,0.971433
317,0.037067
318,0.003528
319,0.654645
320,0.161082
321,0.040220
322,0.001698
323,0.020617
324,0.177152
325,0.876318
326,0.045530
327,0.817340
328,0.012217
329,0.007734
330,0.809874
331,0.023417
332,0.288085
333,0.059387
334,0.606176
335,0.095871
336,0.046700
337,0.985562
338,0.008537
339,0.012757
340,0.004333
341,0.985322
342,0.848759
343,0.116916
344,0.031743
345,0.956468
346,0.433680
347,0.095241
348,0.003122
349,0.383190
350,0.996099
351,0.023011
352,0.048324
353,0.043168
354,0.062091
355,0.079809
356,0.917290
357,0.041938
358,0.959872
359,0.197294
360,0.071559
361,0.639849
362,0.006290
363,0.091474
364,0.006531
365,0.566551
366,0.026417
367,0.447848
368,0.472208
369,0.927362
370,0.611541
371,0.901063
372,0.022574
373,0.118285
374,0.035240
375,0.808388
376,0.133006
377,0.027657
378,0.007265
379,0.009061
380,0.041950
381,0.128514
382,0.908074
383,0.062200
384,0.163582
385,0.110224
386,0.026912
387,0.518213
388,0.074312
389,0.034252
390,0.800568
391,0.032643
392,0.012677
393,0.727975
394,0.977235
395,0.805534
396,0.964094
397,0.283120
398,0.152775
399,0.002097
400,0.078631
401,0.003244
402,0.007082
403,0.154537
404,0.007289
405,0.038844
406,0.985741
407,0.557909
408,0.025272
409,0.145115
410,0.079740
411,0.830065
412,0.107289
413,0.550602
414,0.058489
415,0.014468
416,0.951139
417,0.222237
418,0.041768
419,0.979085
420,0.108628
421,0.003184
422,0.014474
423,0.749574
424,0.941070
425,0.012376
426,0.213363
427,0.005351
428,0.971086
429,0.994124
430,0.995271
431,0.109163
432,0.316047
433,0.020864
434,0.785425
435,0.015530
436,0.963643
437,0.029436
438,0.046351
439,0.989010
440,0.805325
441,0.077576
442,0.050500
443,0.008979
444,0.282752
445,0.039653
446,0.989736
447,0.174704
448,0.017826
449,0.335363
450,0.027013
451,0.695463
452,0.934057
453,0.300262
454,0.072450
455,0.854343
456,0.890004
457,0.032630
458,0.331869
459,0.489723
460,0.149094
461,0.779283
462,0.326227
463,0.915061
464,0.019308
465,0.979041
466,0.989896
467,0.007932
468,0.813171
469,0.956117
470,0.080120
471,0.290177
472,0.969639
473,0.017935
474,0.029951
475,0.006822
476,0.015309
477,0.111780
478,0.138141
479,0.684194
480,0.013261
481,0.981457
482,0.147325
483,0.977108
484,0.936561
485,0.035065
486,0.026075
487,0.093619
488,0.010680
489,0.007575
490,0.032398
491,0.018089
492,0.001894
493,0.053574
494,0.362790
495,0.122761
496,0.015972
497,0.715921
498,0.291810
499,0.054737
500,0.971267
501,0.075851
502,0.073716
503,0.240430
504,0.687164
505,0.164827
506,0.015945
507,0.984638
508,0.683914
509,0.054722
510,0.042970
511,0.613754
512,0.008159
513,0.968975
514,0.971349
515,0.954361
516,0.985102
517,0.446682
518,0.116522
519,0.104093
520,0.610650
521,0.121355
522,0.935406
523,0.692372
524,0.124142
525,0.933515
526,0.392273
527,0.004945
528,0.293860
529,0.985890
530,0.007648
531,0.003072
532,0.017770
533,0.013447
534,0.005879
535,0.077022
536,0.087281
537,0.866591
538,0.049508
539,0.928331
540,0.378956
541,0.041678
542,0.002382
543,0.461244
544,0.933396
545,0.014732
546,0.363327
547,0.003398
548,0.079048
549,0.033505
550,0.976153
551,0.724947
552,0.407618
553,0.010491
554,0.064153
555,0.961104
556,0.017001
557,0.079812
558,0.630800
559,0.009430
560,0.062253
561,0.264470
562,0.994069
563,0.553226
564,0.003734
565,0.844317
566,0.056110
567,0.007108
568,0.512126
569,0.271348
570,0.229892
571,0.188536
572,0.698982
573,0.024771
574,0.470103
575,0.088945
576,0.956339
577,0.008616
578,0.032158
579,0.151165
580,0.034100
581,0.135040
582,0.003022
583,0.005005
584,0.002466
585,0.450873
586,0.714125
587,0.615383
588,0.004778
589,0.085038
590,0.068833
591,0.004310
592,0.099338
593,0.023016
594,0.071606
595,0.201147
596,0.075814
597,0.037541
598,0.228463
599,0.945174
600,0.033320
601,0.022013
602,0.019251
603,0.060303
604,0.888595
605,0.041047
606,0.063036
607,0.004736
608,0.004809
609,0.003691
610,0.077055
611,0.170062
612,0.015803
613,0.005662
614,0.111575
615,0.436264
616,0.005996
617,0.036998
618,0.003089
619,0.034622
620,0.013093
621,0.004335
622,0.347725
623,0.016468
624,0.046576
625,0.283070
626,0.811853
627,0.980436
628,0.005149
629,0.936571
630,0.006590
631,0.030201
632,0.580981
633,0.974961
634,0.040953
635,0.432104
636,0.007806
637,0.005534
638,0.005636
639,0.965192
640,0.104968
641,0.796530
642,0.025422
643,0.030936
644,0.930584
645,0.004069
646,0.014435
647,0.051479
648,0.200671
649,0.332373
650,0.051208
651,0.964698
652,0.963654
653,0.025652
654,0.041553
655,0.002600
656,0.191308
657,0.953040
658,0.568697
659,0.085863
660,0.007695
661,0.511044
662,0.054447
663,0.133967
664,0.491454
665,0.020770
666,0.035166
667,0.967138
668,0.194887
669,0.703230
670,0.026798
671,0.361205
672,0.015515
673,0.041349
674,0.997303
675,0.033854
676,0.018337
677,0.676438
678,0.062090
679,0.773700
680,0.261656
681,0.062070
682,0.941397
683,0.103202
684,0.196564
685,0.142805
686,0.072249
687,0.049240
688,0.964577
689,0.043729
690,0.950099
691,0.055454
692,0.003957
693,0.859077
694,0.011613
695,0.875469
696,0.014536
697,0.181214
698,0.994775
699,0.019166
700,0.014815
701,0.088900
702,0.002937
703,0.002642
704,0.017287
705,0.014754
706,0.062139
707,0.349275
708,0.093491
709,0.020122
710,0.059125
711,0.066316
712,0.997240
713,0.082947
714,0.963545
715,0.121175
716,0.009959
717,0.186498
718,0.176551
719,0.012881
720,0.025620
721,0.149911
722,0.283332
723,0.727302
724,0.886127
725,0.678386
726,0.038069
727,0.974328
728,0.213154
729,0.182689
730,0.123484
731,0.009291
732,0.987839
733,0.928903
734,0.146506
735,0.079817
736,0.994230
737,0.019841
738,0.214008
739,0.378079
740,0.992300
741,0.692479
742,0.219513
743,0.194967
744,0.076082
745,0.022548
746,0.934277
747,0.885422
748,0.100435
749,0.573883
750,0.010941
751,0.143480
752,0.117207
753,0.179504
754,0.010351
755,0.012099
756,0.206782
757,0.051930
758,0.003055
759,0.018718
760,0.789306
761,0.047998
762,0.864592
763,0.022033
764,0.005649
765,0.974850
766,0.211880
767,0.810167
768,0.466669
769,0.580465
770,0.156268
771,0.020149
772,0.978459
773,0.004791
774,0.243851
775,0.995568
776,0.236291
777,0.011421
778,0.548146
779,0.350634
780,0.004858
781,0.014343
782,0.443798
783,0.068732
784,0.550294
785,0.968970
786,0.735825
787,0.005667
788,0.920661
789,0.020934
790,0.688795
791,0.043564
792,0.046427
793,0.059121
794,0.289766
795,0.141994
796,0.045367
797,0.003211
798,0.646898
799,0.242460
800,0.528890
801,0.830079
802,0.004828
803,0.008066
804,0.041803
805,0.079492
806,0.013367
807,0.029614
808,0.133990
809,0.273905
810,0.067823
811,0.052082
812,0.960943
813,0.273228
814,0.946509
815,0.020912
816,0.223911
817,0.941782
818,0.563102
819,0.009744
820,0.978182
821,0.997046
822,0.148602
823,0.016761
824,0.464882
825,0.002299
826,0.185280
827,0.056473
828,0.034897
829,0.977293
830,0.823466
831,0.032440
832,0.983205
833,0.435699
834,0.891277
835,0.003724
836,0.192688
837,0.241560
838,0.239539
839,0.993167
840,0.071899
841,0.009108
842,0.181773
843,0.007353
844,0.318861
845,0.996771
846,0.997383
847,0.011132
848,0.005524
849,0.710657
850,0.434071
851,0.830668
852,0.199234
853,0.035332
854,0.943506
855,0.009508
856,0.786082
857,0.971395
858,0.033424
859,0.978619
860,0.011217
861,0.712062
862,0.298496
863,0.877609
864,0.002751
865,0.550726
866,0.909440
867,0.037859
868,0.163390
869,0.770273
870,0.032884
871,0.997212
872,0.021638
873,0.032885
874,0.963709
875,0.728991
876,0.011215
877,0.098047
878,0.090710
879,0.922778
880,0.051511
881,0.040044
882,0.788102
883,0.177844
884,0.023994
885,0.972241
886,0.013000
887,0.953674
888,0.047294
889,0.004939
890,0.144321
891,0.377926
892,0.186833
893,0.064667
894,0.560977
895,0.265833
896,0.917031
897,0.119205
898,0.003788
899,0.636729
900,0.180713
901,0.007799
902,0.432293
903,0.831999
904,0.036165
905,0.976590
906,0.036793
907,0.009138
908,0.986868
909,0.018588
910,0.032662
911,0.090144
912,0.018594
913,0.133071
914,0.024408
915,0.060550
916,0.188041
917,0.346017
918,0.063794
919,0.487942
920,0.004317
921,0.028075
922,0.064843
923,0.998479
924,0.960399
925,0.880167
926,0.038466
927,0.082586
928,0.005875
929,0.571775
930,0.217752
931,0.035892
932,0.927429
933,0.008985
934,0.023985
935,0.038633
936,0.992216
937,0.027675
938,0.013278
939,0.440791
940,0.013854
941,0.989813
942,0.921858
943,0.995856
944,0.423547
945,0.312265
946,0.019839
947,0.829679
948,0.047406
949,0.034822
950,0.994814
951,0.264146
952,0.297114
953,0.057677
954,0.063288
955,0.462013
956,0.920872
957,0.261971
958,0.008776
959,0.515020
960,0.005816
961,0.974117
962,0.025857
963,0.375165
964,0.397309
965,0.049965
966,0.466674
967,0.005193
968,0.006848
969,0.002650
970,0.172876
971,0.116534
972,0.996263
973,0.131911
974,0.692474
975,0.012234
976,0.016173
977,0.872438
978,0.034271
979,0.995015
980,0.934914
981,0.980172
982,0.471170
983,0.021868
984,0.969273
985,0.018965
986,0.953607
987,0.170266
988,0.389156
989,0.812529
990,0.950644
991,0.069281
992,0.020101
993,0.065970
994,0.013404
995,0.996411
996,0.036152
997,0.022515
998,0.231347
999,0.854230
1000,0.937081
1001,0.987882
1002,0.007627
1003,0.011906
1004,0.593546
1005,0.883883
1006,0.996438
1007,0.377295
1008,0.035809
1009,0.295454
1010,0.032630
1011,0.155126
1012,0.050428
1013,0.217161
1014,0.317508
1015,0.030703
1016,0.020472
1017,0.658191
1018,0.748338
1019,0.004054
1020,0.048693
1021,0.972558
1022,0.738938
1023,0.779423
1024,0.009084
1025,0.006909
1026,0.011283
1027,0.069921
1028,0.026231
1029,0.162909
1030,0.003268
1031,0.117876
1032,0.380924
1033,0.004891
1034,0.540460
1035,0.036901
1036,0.219470
1037,0.964705
1038,0.033609
1039,0.934901
1040,0.431394
1041,0.042439
1042,0.062304
1043,0.517952
1044,0.002498
1045,0.094479
1046,0.006127
1047,0.077564
1048,0.804630
1049,0.764227
1050,0.004894
1051,0.061540
1052,0.050852
1053,0.971927
1054,0.559210
1055,0.094527
1056,0.269069
1057,0.181560
1058,0.003719
1059,0.943995
1060,0.256945
1061,0.038231
1062,0.006902
1063,0.161074
1064,0.942768
1065,0.064620
1066,0.009212
1067,0.180275
1068,0.161538
1069,0.982459
1070,0.358780
1071,0.484427
1072,0.021568
1073,0.924217
1074,0.006882
1075,0.011444
1076,0.002198
1077,0.019209
1078,0.020360
1079,0.964179
1080,0.006532
1081,0.032274
1082,0.872615
1083,0.067015
1084,0.901661
1085,0.497121
1086,0.795883
1087,0.294705
1088,0.003926
1089,0.906520
1090,0.039210
1091,0.974340
1092,0.037175
1093,0.079654
1094,0.998411
1095,0.825688
1096,0.030452
1097,0.642055
1098,0.016277
1099,0.337267
1100,0.162623
1101,0.024863
1102,0.112013
1103,0.142013
1104,0.053322
1105,0.203501
1106,0.205849
1107,0.071646
1108,0.017942
1109,0.366186
1110,0.834897
1111,0.010622
1112,0.053504
1113,0.515774
1114,0.500562
1115,0.268822
1116,0.080323
1117,0.746184
1118,0.111142
1119,0.007366
1120,0.034105
1121,0.039769
1122,0.019650
1123,0.525743
1124,0.020630
1125,0.207802
1126,0.963748
1127,0.415961
1128,0.006657
1129,0.042240
1130,0.005714
1131,0.011698
1132,0.007459
1133,0.002907
1134,0.995770
1135,0.011677
1136,0.015651
1137,0.002673
1138,0.926510
1139,0.065018
1140,0.520505
1141,0.981730
1142,0.005238
1143,0.079162
1144,0.908681
1145,0.930468
1146,0.997988
1147,0.059231
1148,0.002489
1149,0.369546
1150,0.961991
1151,0.002139
1152,0.141534
1153,0.993927
1154,0.146888
1155,0.015022
1156,0.172166
1157,0.292627
1158,0.614980
1159,0.826723
1160,0.015134
1161,0.015341
1162,0.276787
1163,0.009704
1164,0.173076
1165,0.026773
1166,0.383540
1167,0.946951
1168,0.952890
1169,0.685982
1170,0.004375
1171,0.013518
1172,0.930143
1173,0.037052
1174,0.023070
1175,0.237326
1176,0.053549
1177,0.005702
1178,0.010472
1179,0.008841
1180,0.959658
1181,0.069878
1182,0.022159
1183,0.049259
1184,0.665810
1185,0.035998
1186,0.844980
1187,0.008643
1188,0.004008
1189,0.149228
1190,0.051622
1191,0.099251
1192,0.971512
1193,0.075969
1194,0.032287
1195,0.012431
1196,0.386536
1197,0.861632
1198,0.113629
1199,0.968913
1200,0.492964
1201,0.183626
1202,0.179706
1203,0.035375
1204,0.460084
1205,0.020691
1206,0.813741
1207,0.016464
1208,0.214788
1209,0.042099
1210,0.963931
1211,0.648517
1212,0.009908
1213,0.012874
1214,0.020676
1215,0.031681
1216,0.012328
1217,0.432567
1218,0.026709
1219,0.023015
1220,0.932152
1221,0.055049
1222,0.448406
1223,0.054346
1224,0.252376
1225,0.727089
1226,0.125915
1227,0.958065
1228,0.072395
1229,0.821778
1230,0.008018
1231,0.942082
1232,0.893329
1233,0.012830
1234,0.030995
1235,0.796655
1236,0.496338
1237,0.211176
1238,0.074515
1239,0.381858
1240,0.582575
1241,0.022739
1242,0.016731
1243,0.393047
1244,0.365235
1245,0.022805
1246,0.001848
1247,0.014647
1248,0.101929
1249,0.993576
1250,0.333698
1251,0.016355
1252,0.905743
1253,0.971543
1254,0.996358
1255,0.781335
1256,0.059457
1257,0.953961
1258,0.004676
1259,0.996900
1260,0.462461
1261,0.058375
1262,0.003367
1263,0.004732
1264,0.058737
1265,0.983284
1266,0.009753
1267,0.966748
1268,0.151804
1269,0.023731
1270,0.442202
1271,0.023259
1272,0.067422
1273,0.137143
1274,0.910526
1275,0.330490
1276,0.041408
1277,0.505476
1278,0.345590
1279,0.011217
1280,0.954296
1281,0.009478
1282,0.898988
1283,0.016942
1284,0.124763
1285,0.410344
1286,0.060028
1287,0.468798
1288,0.249230
1289,0.003192
1290,0.273563
1291,0.127891
1292,0.136808
1293,0.048349
1294,0.159022
1295,0.554275
1296,0.748946
1297,0.060491
1298,0.018691
1299,0.011170
1300,0.292083
1301,0.014968
1302,0.088778
1303,0.951079
1304,0.038850
1305,0.995389
1306,0.225769
1307,0.005401
1308,0.004372
1309,0.980515
1310,0.062020
1311,0.049722
1312,0.512171
1313,0.005177
1314,0.900735
1315,0.019528
1316,0.051975
1317,0.588879
1318,0.242906
1319,0.200501
1320,0.223403
1321,0.840744
1322,0.036985
1323,0.037766
1324,0.035179
1325,0.015738
1326,0.972730
1327,0.909202
1328,0.012877
1329,0.375807
1330,0.944990
1331,0.263901
1332,0.015314
1333,0.018350
1334,0.848087
1335,0.384007
1336,0.007106
1337,0.012337
1338,0.018421
1339,0.061279
1340,0.449802
1341,0.911733
1342,0.950235
1343,0.104398
1344,0.249185
1345,0.044686
1346,0.996523
1347,0.891717
1348,0.053329
1349,0.005622
1350,0.171896
1351,0.083678
1352,0.175306
1353,0.020061
1354,0.109593
1355,0.978432
1356,0.044723
1357,0.456384
1358,0.131704
1359,0.036893
1360,0.964007
1361,0.162273
1362,0.890454
1363,0.886768
1364,0.014300
1365,0.968688
1366,0.058762
1367,0.938852
1368,0.848311
1369,0.300923
1370,0.345826
1371,0.142425
1372,0.013863
1373,0.243885
1374,0.013292
1375,0.940270
1376,0.061055
1377,0.997926
1378,0.030749
1379,0.013324
1380,0.888080
1381,0.837217
1382,0.002389
1383,0.980558
1384,0.012984
1385,0.533268
1386,0.805558
1387,0.946216
1388,0.859012
1389,0.996446
1390,0.006182
1391,0.991217
1392,0.384367
1393,0.792046
1394,0.003352
1395,0.597155
1396,0.062702
1397,0.024295
1398,0.018669
1399,0.987562
1400,0.037642
1401,0.010592
1402,0.004021
1403,0.378868
1404,0.009540
1405,0.099094
1406,0.034758
1407,0.189596
1408,0.010596
1409,0.002746
1410,0.007214
1411,0.077242
1412,0.593579
1413,0.953714
1414,0.023348
1415,0.124989
1416,0.977270
1417,0.044502
1418,0.156302
1419,0.472359
1420,0.230750
1421,0.972733
1422,0.038757
1423,0.003760
1424,0.003625
1425,0.021070
1426,0.010223
1427,0.012464
1428,0.021882
1429,0.008757
1430,0.107028
1431,0.668861
1432,0.064487
1433,0.770467
1434,0.792634
1435,0.009493
1436,0.002593
1437,0.956922
1438,0.009477
1439,0.976794
1440,0.008686
1441,0.021435
1442,0.393680
1443,0.007701
1444,0.105883
1445,0.827565
1446,0.853327
1447,0.076124
1448,0.076618
1449,0.864871
1450,0.238704
1451,0.002902
1452,0.306863
1453,0.958991
1454,0.986875
1455,0.087419
1456,0.060086
1457,0.044009
1458,0.960912
1459,0.970073
1460,0.018071
1461,0.043810
1462,0.031414
1463,0.940398
1464,0.118285
1465,0.012862
1466,0.763715
1467,0.388703
1468,0.958365
1469,0.983990
1470,0.980938
1471,0.300267
1472,0.211580
1473,0.922992
1474,0.285367
1475,0.178480
1476,0.975682
1477,0.725304
1478,0.167628
1479,0.033059
1480,0.297100
1481,0.015732
1482,0.988798
1483,0.027946
1484,0.028939
1485,0.029485
1486,0.169793
1487,0.192159
1488,0.099260
1489,0.027605
1490,0.861558
1491,0.004998
1492,0.968236
1493,0.995739
1494,0.994341
1495,0.135329
1496,0.542515
1497,0.021643
1498,0.812467
1499,0.797257
1500,0.062409
1501,0.036817
1502,0.086729
1503,0.052479
1504,0.074046
1505,0.228950
1506,0.155843
1507,0.924813
1508,0.046638
1509,0.005615
1510,0.102434
1511,0.507319
1512,0.036010
1513,0.367631
1514,0.800389
1515,0.024154
1516,0.096986
1517,0.002745
1518,0.234891
1519,0.090917
1520,0.015179
1521,0.009558
1522,0.120527
1523,0.021237
1524,0.915625
1525,0.008296
1526,0.004398
1527,0.662910
1528,0.092044
1529,0.862568
1530,0.033061
1531,0.259185
1532,0.951827
1533,0.103120
1534,0.064762
1535,0.006508
1536,0.048527
1537,0.541067
1538,0.185086
1539,0.443418
1540,0.937112
1541,0.850474
1542,0.063374
1543,0.002931
1544,0.042833
1545,0.053469
1546,0.741011
1547,0.586501
1548,0.040267
1549,0.897762
1550,0.644375
1551,0.098204
1552,0.002474
1553,0.884342
1554,0.008312
1555,0.003390
1556,0.003690
1557,0.138068
1558,0.011463
1559,0.158044
1560,0.018309
1561,0.078390
1562,0.267485
1563,0.306647
1564,0.127599
1565,0.029313
1566,0.006527
1567,0.114105
1568,0.667972
1569,0.194223
1570,0.044529
1571,0.549765
1572,0.313377
1573,0.367395
1574,0.350959
1575,0.045247
1576,0.832638
1577,0.091110
1578,0.003551
1579,0.640979
1580,0.975044
1581,0.973161
1582,0.049157
1583,0.014484
1584,0.063133
1585,0.964239
1586,0.022099
1587,0.007000
1588,0.938527
1589,0.894773
1590,0.032475
1591,0.016036
1592,0.032957
1593,0.127333
1594,0.008695
1595,0.350682
1596,0.100077
1597,0.926429
1598,0.426967
1599,0.091996
1600,0.057426
1601,0.199302
1602,0.297948
1603,0.899575
1604,0.826116
1605,0.972438
1606,0.016002
1607,0.024639
1608,0.031924
1609,0.825106
1610,0.905779
1611,0.827064
1612,0.136842
1613,0.036238
1614,0.054302
1615,0.958666
1616,0.136044
1617,0.003471
1618,0.017537
1619,0.057563
1620,0.055193
1621,0.850497
1622,0.074197
1623,0.079581
1624,0.959708
1625,0.004029
1626,0.011923
1627,0.222371
1628,0.987830
1629,0.015303
1630,0.044854
1631,0.022443
1632,0.049110
1633,0.831827
1634,0.585175
1635,0.016032
1636,0.122661
1637,0.196992
1638,0.996124
1639,0.092160
1640,0.128900
1641,0.040513
1642,0.029700
1643,0.030256
1644,0.044303
1645,0.006060
1646,0.079888
1647,0.229382
1648,0.007671
1649,0.006056
1650,0.103851
1651,0.198275
1652,0.097106
1653,0.022584
1654,0.138472
1655,0.073794
1656,0.599473
1657,0.165052
1658,0.163199
1659,0.152703
1660,0.008416
1661,0.645134
1662,0.095464
1663,0.235360
1664,0.004027
1665,0.632120
1666,0.426388
1667,0.946947
1668,0.034866
1669,0.010816
1670,0.010123
1671,0.033967
1672,0.106147
1673,0.003231
1674,0.977275
1675,0.015685
1676,0.003453
1677,0.512294
1678,0.096260
1679,0.030537
1680,0.124241
1681,0.129682
1682,0.002728
1683,0.030100
1684,0.004224
1685,0.085428
1686,0.042760
1687,0.111018
1688,0.040282
1689,0.994571
1690,0.282198
1691,0.950543
1692,0.984284
1693,0.977834
1694,0.582589
1695,0.926430
1696,0.943331
1697,0.032414
1698,0.220352
1699,0.504447
1700,0.259179
1701,0.006114
1702,0.030740
1703,0.997930
1704,0.008532
1705,0.575562
1706,0.030647
1707,0.221863
1708,0.016268
1709,0.935196
1710,0.002700
1711,0.072589
1712,0.032675
1713,0.221744
1714,0.239530
1715,0.005409
1716,0.007303
1717,0.337297
1718,0.101602
1719,0.122294
1720,0.004398
1721,0.040342
1722,0.075707
1723,0.885297
1724,0.003423
1725,0.067710
1726,0.019126
1727,0.235635
1728,0.352627
1729,0.009431
1730,0.985392
1731,0.698655
1732,0.005182
1733,0.982153
1734,0.961732
1735,0.088082
1736,0.075727
1737,0.997875
1738,0.313959
1739,0.795127
1740,0.012353
1741,0.976888
1742,0.012070
1743,0.031340
1744,0.007750
1745,0.126446
1746,0.090253
1747,0.004388
1748,0.022121
1749,0.990936
1750,0.043857
1751,0.001643
1752,0.855983
1753,0.181691
1754,0.246581
1755,0.915655
1756,0.690844
1757,0.010122
1758,0.123064
1759,0.019593
1760,0.655221
1761,0.013046
1762,0.936439
1763,0.219487
1764,0.063325
1765,0.121964
1766,0.013567
1767,0.898420
1768,0.984172
1769,0.003631
1770,0.041531
1771,0.814196
1772,0.928034
1773,0.997107
1774,0.694411
1775,0.913844
1776,0.817882
1777,0.002788
1778,0.045675
1779,0.413218
1780,0.004318
1781,0.980184
1782,0.018128
1783,0.807747
1784,0.216952
1785,0.006442
1786,0.570161
1787,0.751546
1788,0.019459
1789,0.014840
1790,0.045438
1791,0.010575
1792,0.185434
1793,0.104400
1794,0.004229
1795,0.042551
1796,0.121708
1797,0.260160
1798,0.075876
1799,0.033159
1800,0.039449
1801,0.030844
1802,0.118185
1803,0.611032
1804,0.003454
1805,0.077662
1806,0.708259
1807,0.007692
1808,0.091905
1809,0.199510
1810,0.012937
1811,0.029921
1812,0.113602
1813,0.057983
1814,0.247769
1815,0.053357
1816,0.065281
1817,0.222514
1818,0.041419
1819,0.096611
1820,0.990444
1821,0.006948
1822,0.209430
1823,0.127499
1824,0.032751
1825,0.978378
1826,0.034084
1827,0.980597
1828,0.004850
1829,0.097549
1830,0.223772
1831,0.046499
1832,0.038441
1833,0.981950
1834,0.148020
1835,0.011185
1836,0.052024
1837,0.034569
1838,0.032296
1839,0.029061
1840,0.038591
1841,0.975337
1842,0.070524
1843,0.209945
1844,0.008210
1845,0.972237
1846,0.035795
1847,0.012169
1848,0.873055
1849,0.390892
1850,0.154651
1851,0.042687
1852,0.084334
1853,0.061126
1854,0.108100
1855,0.014651
1856,0.914366
1857,0.014737
1858,0.047304
1859,0.151032
1860,0.099788
1861,0.005400
1862,0.171054
1863,0.003846
1864,0.720642
1865,0.004674
1866,0.044404
1867,0.040414
1868,0.579690
1869,0.981674
1870,0.023003
1871,0.272532
1872,0.077377
1873,0.010488
1874,0.654854
1875,0.250025
1876,0.047216
1877,0.006219
1878,0.003116
1879,0.056086
1880,0.085712
1881,0.083777
1882,0.007322
1883,0.995020
1884,0.952907
1885,0.004190
1886,0.402884
1887,0.439008
1888,0.071706
1889,0.003615
1890,0.007946
1891,0.485378
1892,0.760852
1893,0.906202
1894,0.059695
1895,0.008454
1896,0.834772
1897,0.002606
1898,0.854820
1899,0.031461
1900,0.082661
1901,0.143801
1902,0.071517
1903,0.024803
1904,0.044974
1905,0.028314
1906,0.997978
1907,0.056292
1908,0.002585
1909,0.273799
1910,0.963204
1911,0.030149
1912,0.037064
1913,0.777587
1914,0.067477
1915,0.974792
1916,0.173774
1917,0.982128
1918,0.524669
1919,0.327196
1920,0.143233
1921,0.936902
1922,0.285459
1923,0.004332
1924,0.976142
1925,0.193237
1926,0.936928
1927,0.964551
1928,0.499905
1929,0.324138
1930,0.926994
1931,0.016512
1932,0.024709
1933,0.299545
1934,0.196468
1935,0.994625
1936,0.144116
1937,0.022491
1938,0.053819
1939,0.029758
1940,0.605308
1941,0.012429
1942,0.915255
1943,0.296901
1944,0.006945
1945,0.002516
1946,0.317271
1947,0.082082
1948,0.383831
1949,0.018226
1950,0.392667
1951,0.888375
1952,0.929923
1953,0.214747
1954,0.045674
1955,0.016937
1956,0.038179
1957,0.828171
1958,0.225373
1959,0.095257
1960,0.033281
1961,0.264812
1962,0.229814
1963,0.140077
1964,0.147897
1965,0.080644
1966,0.977318
1967,0.010300
1968,0.023115
1969,0.179819
1970,0.121437
1971,0.974764
1972,0.669790
1973,0.028452
1974,0.911453
1975,0.697475
1976,0.014122
1977,0.996294
1978,0.071885
1979,0.996008
1980,0.967551
1981,0.495121
1982,0.173308
1983,0.062779
1984,0.412935
1985,0.049591
1986,0.114769
1987,0.441924
1988,0.003585
1989,0.034832
1990,0.390282
1991,0.971714
1992,0.079415
1993,0.005653
1994,0.912808
1995,0.479433
1996,0.424933
1997,0.475632
1998,0.674693
1999,0.881320
2000,0.129707
2001,0.032314
2002,0.039770
2003,0.976288
2004,0.040271
2005,0.046600
2006,0.940198
2007,0.054347
2008,0.257028
2009,0.046035
2010,0.954674
2011,0.928814
2012,0.580303
2013,0.904071
2014,0.993005
2015,0.010785
2016,0.918687
2017,0.794075
2018,0.003296
2019,0.068127
2020,0.004703
2021,0.850612
2022,0.166978
2023,0.229669
2024,0.982962
2025,0.892990
2026,0.687442
2027,0.005691
2028,0.104992
2029,0.002492
2030,0.985145
2031,0.163053
2032,0.985771
2033,0.224581
2034,0.968876
2035,0.985213
2036,0.032695
2037,0.011890
2038,0.047047
2039,0.970249
2040,0.005851
2041,0.648042
2042,0.129613
2043,0.964601
2044,0.759317
2045,0.002839
2046,0.007074
2047,0.137620
2048,0.088442
2049,0.943425
2050,0.963891
2051,0.774505
2052,0.009120
2053,0.257199
2054,0.794022
2055,0.003016
2056,0.008163
2057,0.847458
2058,0.006983
2059,0.007303
2060,0.016447
2061,0.308744
2062,0.148996
2063,0.091444
2064,0.816842
2065,0.813330
2066,0.163559
2067,0.973993
2068,0.777424
2069,0.389161
2070,0.146391
2071,0.394537
2072,0.227633
2073,0.006194
2074,0.107793
2075,0.408240
2076,0.004514
2077,0.137123
2078,0.005958
2079,0.031701
2080,0.012136
2081,0.623139
2082,0.267972
2083,0.048955
2084,0.681598
2085,0.078649
2086,0.009160
2087,0.028956
2088,0.969288
2089,0.042118
2090,0.754830
2091,0.105465
2092,0.031112
2093,0.017776
2094,0.447996
2095,0.996921
2096,0.247188
2097,0.005967
2098,0.660216
2099,0.463313
2100,0.984942
2101,0.016406
2102,0.754916
2103,0.189002
2104,0.019079
2105,0.004404
2106,0.039751
2107,0.874804
2108,0.027957
2109,0.007897
2110,0.015827
2111,0.559811
2112,0.073252
2113,0.413416
2114,0.199057
2115,0.074359
2116,0.914381
2117,0.892937
2118,0.017416
2119,0.952341
2120,0.150043
2121,0.033204
2122,0.192370
2123,0.916007
2124,0.022435
2125,0.790847
2126,0.024613
2127,0.057189
2128,0.068412
2129,0.110817
2130,0.033956
2131,0.079241
2132,0.969870
2133,0.030362
2134,0.026138
2135,0.180599
2136,0.004477
2137,0.995183
2138,0.006106
2139,0.048259
2140,0.013339
2141,0.210811
2142,0.176535
2143,0.831350
2144,0.848963
2145,0.991222
2146,0.229602
2147,0.994520
2148,0.014536
2149,0.980751
2150,0.504978
2151,0.907840
2152,0.692152
2153,0.160625
2154,0.049037
2155,0.199979
2156,0.981590
2157,0.011802
2158,0.721242
2159,0.896787
2160,0.843881
2161,0.006620
2162,0.054875
2163,0.014544
2164,0.086605
2165,0.144888
2166,0.161190
2167,0.346641
2168,0.097383
2169,0.055525
2170,0.953963
2171,0.011058
2172,0.678819
2173,0.971106
2174,0.203677
2175,0.008459
2176,0.057333
2177,0.020599
2178,0.021811
2179,0.041364
2180,0.868507
2181,0.014401
2182,0.004438
2183,0.343368
2184,0.069512
2185,0.085092
2186,0.342633
2187,0.028431
2188,0.041251
2189,0.404245
2190,0.001727
2191,0.976380
2192,0.966866
2193,0.015400
2194,0.024406
2195,0.055457
2196,0.067096
2197,0.942574
2198,0.962859
2199,0.045246
2200,0.011156
2201,0.113049
2202,0.004108
2203,0.948213
2204,0.931089
2205,0.537313
2206,0.128087
2207,0.246907
2208,0.943696
2209,0.154006
2210,0.129927
2211,0.045741
2212,0.429525
2213,0.011260
2214,0.005927
2215,0.010040
2216,0.520131
2217,0.212027
2218,0.026619
2219,0.007555
2220,0.013666
2221,0.032254
2222,0.003781
2223,0.964358
2224,0.251505
2225,0.016212
2226,0.270186
2227,0.572738
2228,0.165123
2229,0.002817
2230,0.809622
2231,0.044256
2232,0.386244
2233,0.003732
2234,0.988756
2235,0.059630
2236,0.184966
2237,0.031980
2238,0.154245
2239,0.812245
2240,0.407202
2241,0.010294
2242,0.005467
2243,0.197060
2244,0.002106
2245,0.006454
2246,0.038811
2247,0.012878
2248,0.030259
2249,0.631499
2250,0.062690
2251,0.492366
2252,0.610170
2253,0.975628
2254,0.009268
2255,0.020041
2256,0.181254
2257,0.006082
2258,0.010921
2259,0.010532
2260,0.465290
2261,0.454114
2262,0.843052
2263,0.338445
2264,0.050265
2265,0.003661
2266,0.325414
2267,0.938375
2268,0.123419
2269,0.370782
2270,0.068131
2271,0.135781
2272,0.104734
2273,0.995909
2274,0.928881
2275,0.001810
2276,0.023964
2277,0.967644
2278,0.702760
2279,0.034918
2280,0.050343
2281,0.275852
2282,0.083294
2283,0.156270
2284,0.677228
2285,0.050664
2286,0.981700
2287,0.066300
2288,0.007244
2289,0.007522
2290,0.004135
2291,0.925234
2292,0.258256
2293,0.017719
2294,0.025948
2295,0.961623
2296,0.862148
2297,0.311574
2298,0.017837
2299,0.039411
2300,0.033058
2301,0.035899
2302,0.091283
2303,0.218790
2304,0.867269
2305,0.021468
2306,0.057824
2307,0.145133
2308,0.143138
2309,0.003276
2310,0.011854
2311,0.005169
2312,0.003746
2313,0.007095
2314,0.972351
2315,0.065126
2316,0.112443
2317,0.859610
2318,0.157508
2319,0.002805
2320,0.113032
2321,0.998492
2322,0.488115
2323,0.106187
2324,0.925948
2325,0.112659
2326,0.461986
2327,0.006159
2328,0.980843
2329,0.092974
2330,0.074961
2331,0.003262
2332,0.093910
2333,0.987428
2334,0.002688
2335,0.110316
2336,0.040781
2337,0.978019
2338,0.044257
2339,0.976536
2340,0.034163
2341,0.007830
2342,0.316983
2343,0.981856
2344,0.156772
2345,0.010478
2346,0.027251
2347,0.411271
2348,0.001682
2349,0.507268
2350,0.048222
2351,0.881154
2352,0.603392
2353,0.972597
2354,0.012793
2355,0.119542
2356,0.203701
2357,0.961973
2358,0.010863
2359,0.016352
2360,0.214558
2361,0.202212
2362,0.004460
2363,0.058960
2364,0.030735
2365,0.618346
2366,0.519355
2367,0.101344
2368,0.023458
2369,0.008250
2370,0.098763
2371,0.989441
2372,0.319010
2373,0.016324
2374,0.004021
2375,0.906468
2376,0.022886
2377,0.187110
2378,0.943169
2379,0.020908
2380,0.010877
2381,0.017029
2382,0.809796
2383,0.525612
2384,0.992518
2385,0.271056
2386,0.048082
2387,0.088741
2388,0.981678
2389,0.005368
2390,0.209350
2391,0.254627
2392,0.026598
2393,0.059171
2394,0.952958
2395,0.080131
2396,0.032511
2397,0.529586
2398,0.034040
2399,0.295997
2400,0.014309
2401,0.025768
2402,0.091153
2403,0.132549
2404,0.974863
2405,0.070355
2406,0.088492
2407,0.628842
2408,0.413925
2409,0.059357
2410,0.060592
2411,0.039007
2412,0.003306
2413,0.967354
2414,0.011910
2415,0.984665
2416,0.601717
2417,0.839306
2418,0.055033
2419,0.012420
2420,0.975323
2421,0.173290
2422,0.009605
2423,0.010769
2424,0.030295
2425,0.692581
2426,0.911280
2427,0.997357
2428,0.003823
2429,0.946148
2430,0.511264
2431,0.565832
2432,0.952308
2433,0.067194
2434,0.115041
2435,0.190129
2436,0.308978
2437,0.970200
2438,0.156140
2439,0.180449
2440,0.296180
2441,0.994569
2442,0.137305
2443,0.061843
2444,0.873370
2445,0.235892
2446,0.361925
2447,0.040275
2448,0.012036
2449,0.829175
2450,0.280431
2451,0.012317
2452,0.489679
2453,0.565538
2454,0.028527
2455,0.233904
2456,0.006722
2457,0.977834
2458,0.306917
2459,0.879203
2460,0.057882
2461,0.010932
2462,0.013751
2463,0.909941
2464,0.005650
2465,0.087583
2466,0.031246
2467,0.015581
2468,0.919061
2469,0.653242
2470,0.997330
2471,0.009440
2472,0.133408
2473,0.015997
2474,0.004290
2475,0.002767
2476,0.831296
2477,0.047300
2478,0.009869
2479,0.259625
2480,0.972766
2481,0.057574
2482,0.208055
2483,0.565077
2484,0.009455
2485,0.800527
2486,0.062793
2487,0.969944
2488,0.612042
2489,0.025781
2490,0.229594
2491,0.002606
2492,0.278675
2493,0.223999
2494,0.014964
2495,0.680432
2496,0.043762
2497,0.113506
2498,0.129035
2499,0.997784
2500,0.013010
2501,0.039385
2502,0.057250
2503,0.189104
2504,0.996702
2505,0.070232
2506,0.050677
2507,0.496007
2508,0.087121
2509,0.031737
2510,0.054437
2511,0.116494
2512,0.069768
2513,0.099627
2514,0.050794
2515,0.078871
2516,0.036874
2517,0.758577
2518,0.201206
2519,0.120992
2520,0.031782
2521,0.163890
2522,0.212018
2523,0.062292
2524,0.022538
2525,0.031648
2526,0.071560
2527,0.723063
2528,0.221646
2529,0.145537
2530,0.759177
2531,0.021443
2532,0.888167
2533,0.122097
2534,0.029717
2535,0.976534
2536,0.059883
2537,0.008054
2538,0.035744
2539,0.545389
2540,0.038088
2541,0.218047
2542,0.097139
2543,0.208163
2544,0.982256
2545,0.003536
2546,0.191016
2547,0.012112
2548,0.359494
2549,0.001978
2550,0.707116
2551,0.340459
2552,0.021225
2553,0.010532
2554,0.003980
2555,0.817448
2556,0.969742
2557,0.267262
2558,0.012289
2559,0.184474
2560,0.177954
2561,0.011059
2562,0.742070
2563,0.194680
2564,0.891800
2565,0.864779
2566,0.081009
2567,0.975813
2568,0.144616
2569,0.005471
2570,0.010669
2571,0.587161
2572,0.042457
2573,0.049010
2574,0.013342
2575,0.958866
2576,0.998377
2577,0.149411
2578,0.020379
2579,0.292757
2580,0.069863
2581,0.948924
2582,0.029923
2583,0.094745
2584,0.143632
2585,0.065943
2586,0.006141
2587,0.152155
2588,0.715257
2589,0.005388
2590,0.003083
2591,0.047990
2592,0.160259
2593,0.121365
2594,0.106880
2595,0.055761
2596,0.048005
2597,0.954557
2598,0.951966
2599,0.092376
2600,0.139424
2601,0.033136
2602,0.073336
2603,0.961143
2604,0.922856
2605,0.032941
2606,0.112603
2607,0.226560
2608,0.994619
2609,0.023548
2610,0.973571
2611,0.812179
2612,0.008252
2613,0.357710
2614,0.004063
2615,0.007780
2616,0.005977
2617,0.017098
2618,0.006067
2619,0.979795
2620,0.015200
2621,0.987769
2622,0.203812
2623,0.023912
2624,0.072622
2625,0.057415
2626,0.826220
2627,0.003143
2628,0.263401
2629,0.956641
2630,0.358041
2631,0.844832
2632,0.966774
2633,0.129578
2634,0.966105
2635,0.680378
2636,0.996794
2637,0.179294
2638,0.011287
2639,0.033007
2640,0.012904
2641,0.019317
2642,0.395599
2643,0.995400
2644,0.932595
2645,0.003325
2646,0.001852
2647,0.442921
2648,0.005840
2649,0.890332
2650,0.109505
2651,0.029197
2652,0.480277
2653,0.610150
2654,0.010586
2655,0.027309
2656,0.080961
2657,0.840478
2658,0.680685
2659,0.235447
2660,0.984549
2661,0.006311
2662,0.003543
2663,0.007953
2664,0.020686
2665,0.959540
2666,0.978791
2667,0.101142
2668,0.425651
2669,0.381317
2670,0.644362
2671,0.245765
2672,0.020927
2673,0.054102
2674,0.037102
2675,0.049903
2676,0.969034
2677,0.998088
2678,0.099840
2679,0.051658
2680,0.967953
2681,0.011780
2682,0.003359
2683,0.606660
2684,0.002042
2685,0.332119
2686,0.933062
2687,0.011320
2688,0.752725
2689,0.069411
2690,0.007830
2691,0.040577
2692,0.003974
2693,0.163184
2694,0.088025
2695,0.083334
2696,0.079073
2697,0.991914
2698,0.441375
2699,0.066366
2700,0.301981
2701,0.942734
2702,0.931432
2703,0.971191
2704,0.854204
2705,0.176443
2706,0.022864
2707,0.997785
2708,0.005114
2709,0.921391
2710,0.298810
2711,0.010833
2712,0.051103
2713,0.028925
2714,0.908815
2715,0.089946
2716,0.001824
2717,0.937999
2718,0.169909
2719,0.120136
2720,0.357186
2721,0.058343
2722,0.969123
2723,0.015823
2724,0.105593
2725,0.005164
2726,0.913299
2727,0.949342
2728,0.013122
2729,0.461543
2730,0.296699
2731,0.009953
2732,0.300448
2733,0.006982
2734,0.014618
2735,0.010220
2736,0.263548
2737,0.017360
2738,0.789609
2739,0.121304
2740,0.886917
2741,0.997418
2742,0.996789
2743,0.122404
2744,0.213934
2745,0.897666
2746,0.957591
2747,0.518759
2748,0.069944
2749,0.069180
2750,0.009179
2751,0.047554
2752,0.137240
2753,0.064425
2754,0.088430
2755,0.733087
2756,0.174837
2757,0.026365
2758,0.092363
2759,0.048415
2760,0.244820
2761,0.714808
2762,0.954078
2763,0.435523
2764,0.009465
2765,0.073705
2766,0.099617
2767,0.651276
2768,0.004775
2769,0.991015
2770,0.007390
2771,0.117480
2772,0.120477
2773,0.932693
2774,0.104635
2775,0.193041
2776,0.599320
2777,0.046425
2778,0.095729
2779,0.021298
2780,0.474467
2781,0.953379
2782,0.006548
2783,0.002867
2784,0.066181
2785,0.012146
2786,0.003426
2787,0.002987
2788,0.039027
2789,0.039458
2790,0.010476
2791,0.019839
2792,0.864990
2793,0.931071
2794,0.510976
2795,0.197460
2796,0.007914
2797,0.015472
2798,0.625637
2799,0.898588
2800,0.044956
2801,0.909692
2802,0.023509
2803,0.963710
2804,0.039675
2805,0.057033
2806,0.012287
2807,0.029429
2808,0.039058
2809,0.090744
2810,0.009937
2811,0.002494
2812,0.974103
2813,0.012880
2814,0.003766
2815,0.658675
2816,0.040471
2817,0.034825
2818,0.627707
2819,0.966301
2820,0.982595
2821,0.042392
2822,0.069941
2823,0.255783
2824,0.294740
2825,0.052520
2826,0.970295
2827,0.019601
2828,0.029413
2829,0.851432
2830,0.013361
2831,0.017121
2832,0.095043
2833,0.809762
2834,0.944735
2835,0.014384
2836,0.025532
2837,0.077918
2838,0.035409
2839,0.049478
2840,0.010095
2841,0.980242
2842,0.991155
2843,0.950317
2844,0.018367
2845,0.014203
2846,0.222607
2847,0.010636
2848,0.039441
2849,0.067732
2850,0.047913
2851,0.829742
2852,0.010305
2853,0.903662
2854,0.004385
2855,0.603487
2856,0.005477
2857,0.118490
2858,0.017050
2859,0.064028
2860,0.009124
2861,0.161079
2862,0.431706
2863,0.011647
2864,0.466541
2865,0.953532
2866,0.004431
2867,0.070856
2868,0.002736
2869,0.095671
2870,0.014152
2871,0.023227
2872,0.302222
2873,0.097675
2874,0.049030
2875,0.035375
2876,0.010295
2877,0.055892
2878,0.228164
2879,0.092620
2880,0.964128
2881,0.463242
2882,0.202508
2883,0.010735
2884,0.798499
2885,0.935404
2886,0.995658
2887,0.878208
2888,0.049881
2889,0.073727
2890,0.390850
2891,0.970436
2892,0.004265
2893,0.539301
2894,0.271444
2895,0.927419
2896,0.025968
2897,0.005197
2898,0.532621
2899,0.029747
2900,0.044192
2901,0.044452
2902,0.130512
2903,0.001813
2904,0.012020
2905,0.586351
2906,0.153838
2907,0.005614
2908,0.102098
2909,0.012577
2910,0.521628
2911,0.061816
2912,0.594627
2913,0.019502
2914,0.978408
2915,0.115374
2916,0.081117
2917,0.078773
2918,0.518762
2919,0.072812
2920,0.021019
2921,0.139118
2922,0.082430
2923,0.008559
2924,0.672742
2925,0.869044
2926,0.567797
2927,0.084336
2928,0.813917
2929,0.953555
2930,0.064901
2931,0.994923
2932,0.978116
2933,0.079015
2934,0.010305
2935,0.185560
2936,0.005550
2937,0.028384
2938,0.705544
2939,0.955666
2940,0.520385
2941,0.005679
2942,0.882822
2943,0.011067
2944,0.482962
2945,0.049214
2946,0.071261
2947,0.019155
2948,0.038032
2949,0.012275
2950,0.018404
2951,0.007062
2952,0.516413
2953,0.968141
2954,0.098167
2955,0.042923
2956,0.987981
2957,0.362734
2958,0.051107
2959,0.125873
2960,0.021473
2961,0.004661
2962,0.658292
2963,0.114462
2964,0.776567
2965,0.899577
2966,0.030476
2967,0.402138
2968,0.009327
2969,0.284796
2970,0.017615
2971,0.093371
2972,0.007987
2973,0.255974
2974,0.882873
2975,0.251189
2976,0.066956
2977,0.962320
2978,0.005466
2979,0.039242
2980,0.004900
2981,0.026042
2982,0.759343
2983,0.829621
2984,0.057017
2985,0.154592
2986,0.016372
2987,0.037617
2988,0.028361
2989,0.055312
2990,0.016282
2991,0.873885
2992,0.948025
2993,0.289572
2994,0.186869
2995,0.051920
2996,0.073941
2997,0.209765
2998,0.107622
2999,0.661885
3000,0.113201
3001,0.002750
3002,0.970308
3003,0.001871
3004,0.425761
3005,0.837213
3006,0.102355
3007,0.139235
3008,0.307570
3009,0.123371
3010,0.006992
3011,0.020605
3012,0.959730
3013,0.151407
3014,0.002341
3015,0.003217
3016,0.011028
3017,0.859968
3018,0.011659
3019,0.505127
3020,0.049522
3021,0.448283
3022,0.994152
3023,0.003286
3024,0.047898
3025,0.157843
3026,0.936686
3027,0.122199
3028,0.161417
3029,0.144695
3030,0.008601
3031,0.008985
3032,0.042779
3033,0.663663
3034,0.170663
3035,0.555927
3036,0.352090
3037,0.165423
3038,0.363902
3039,0.014362
3040,0.031582
3041,0.052939
3042,0.920795
3043,0.014056
3044,0.133198
3045,0.679103
3046,0.040031
3047,0.015489
3048,0.980801
3049,0.691495
3050,0.995059
3051,0.951352
3052,0.008483
3053,0.925420
3054,0.112144
3055,0.029145
3056,0.737872
3057,0.006497
3058,0.993698
3059,0.001696
3060,0.938230
3061,0.997303
3062,0.094619
3063,0.421705
3064,0.046478
3065,0.004638
3066,0.557654
3067,0.098078
3068,0.342161
3069,0.052301
3070,0.005680
3071,0.004080
3072,0.018220
3073,0.309222
3074,0.396502
3075,0.120650
3076,0.002430
3077,0.979842
3078,0.983577
3079,0.068399
3080,0.009734
3081,0.114274
3082,0.894097
3083,0.015947
3084,0.636250
3085,0.527773
3086,0.026997
3087,0.010972
3088,0.043707
3089,0.066279
3090,0.024645
3091,0.057208
3092,0.005369
3093,0.827105
3094,0.009115
3095,0.181001
3096,0.058401
3097,0.014587
3098,0.997727
3099,0.009788
3100,0.010959
3101,0.007915
3102,0.011463
3103,0.013237
3104,0.193699
3105,0.380884
3106,0.071066
3107,0.977900
3108,0.014661
3109,0.006827
3110,0.004925
3111,0.033318
3112,0.001568
3113,0.030733
3114,0.008186
3115,0.819027
3116,0.051732
3117,0.003221
3118,0.251766
3119,0.571988
3120,0.001534
3121,0.007826
3122,0.016884
3123,0.982730
3124,0.015332
3125,0.342243
3126,0.010558
3127,0.963796
3128,0.007752
3129,0.039920
3130,0.712477
3131,0.850775
3132,0.012414
3133,0.061304
3134,0.009216
3135,0.010014
3136,0.113734
3137,0.023368
3138,0.016361
3139,0.976178
3140,0.102302
3141,0.007221
3142,0.937837
3143,0.665757
3144,0.980908
3145,0.032939
3146,0.062417
3147,0.070468
3148,0.225728
3149,0.962277
3150,0.001675
3151,0.255465
3152,0.006078
3153,0.019774
3154,0.035990
3155,0.013269
3156,0.025295
3157,0.155124
3158,0.003641
3159,0.023550
3160,0.750882
3161,0.013627
3162,0.986406
3163,0.017633
3164,0.208973
3165,0.031848
3166,0.091675
3167,0.025637
3168,0.016259
3169,0.973503
3170,0.020251
3171,0.259327
3172,0.071317
3173,0.017627
3174,0.989636
3175,0.832388
3176,0.002424
3177,0.392008
3178,0.157739
3179,0.002619
3180,0.076140
3181,0.024879
3182,0.159234
3183,0.591937
3184,0.004426
3185,0.449130
3186,0.087631
3187,0.980276
3188,0.013597
3189,0.040637
3190,0.996494
3191,0.548338
3192,0.014629
3193,0.049136
3194,0.029921
3195,0.896439
3196,0.864758
3197,0.004232
3198,0.003519
3199,0.437839
3200,0.980130
3201,0.033172
3202,0.004587
3203,0.133091
3204,0.339313
3205,0.900287
3206,0.641314
3207,0.022247
3208,0.062713
3209,0.966011
3210,0.005067
3211,0.974340
3212,0.076246
3213,0.787851
3214,0.030755
3215,0.045441
3216,0.966324
3217,0.966790
3218,0.927359
3219,0.907404
3220,0.710168
3221,0.116166
3222,0.138401
3223,0.884233
3224,0.010117
3225,0.004339
3226,0.157737
3227,0.991912
3228,0.964695
3229,0.775192
3230,0.020692
3231,0.022769
3232,0.305289
3233,0.223960
3234,0.188796
3235,0.018666
3236,0.338907
3237,0.867639
3238,0.005509
3239,0.405492
3240,0.023949
3241,0.010938
3242,0.520531
3243,0.124644
3244,0.075169
3245,0.855956
3246,0.176914
3247,0.208734
3248,0.054445
3249,0.021418
3250,0.445507
3251,0.010264
3252,0.018451
3253,0.004935
3254,0.307634
3255,0.006610
3256,0.012082
3257,0.003752
3258,0.832475
3259,0.028945
3260,0.506885
3261,0.214981
3262,0.015571
3263,0.438501
3264,0.008802
3265,0.129181
3266,0.073096
3267,0.854713
3268,0.983891
3269,0.044063
3270,0.083102
3271,0.901394
3272,0.378255
3273,0.069021
3274,0.007551
3275,0.178122
3276,0.322214
3277,0.211111
3278,0.974567
3279,0.640561
3280,0.085647
3281,0.009174
3282,0.255062
3283,0.007911
3284,0.965749
3285,0.006015
3286,0.507472
3287,0.478994
3288,0.743877
3289,0.005687
3290,0.244885
3291,0.024835
3292,0.104554
3293,0.597147
3294,0.801144
3295,0.896029
3296,0.017160
3297,0.759465
3298,0.694299
3299,0.975423
3300,0.003558
3301,0.045175
3302,0.698530
3303,0.012114
3304,0.255151
3305,0.997742
3306,0.997933
3307,0.656772
3308,0.487101
3309,0.041220
3310,0.991047
3311,0.526535
3312,0.359226
3313,0.105142
3314,0.277934
3315,0.125332
3316,0.914864
3317,0.985528
3318,0.690603
3319,0.981723
3320,0.003824
3321,0.015232
3322,0.004123
3323,0.023145
3324,0.867392
3325,0.094698
3326,0.007193
3327,0.098075
3328,0.022507
3329,0.916403
3330,0.984388
3331,0.129433
3332,0.902760
3333,0.633813
3334,0.284475
3335,0.950182
3336,0.953573
3337,0.709774
3338,0.433369
3339,0.021432
3340,0.952917
3341,0.938170
3342,0.498257
3343,0.025441
3344,0.639534
3345,0.263687
3346,0.960916
3347,0.963847
3348,0.745180
3349,0.013945
3350,0.089466
3351,0.537853
3352,0.752593
3353,0.009499
3354,0.005775
3355,0.283216
3356,0.006699
3357,0.251795
3358,0.002910
3359,0.019962
3360,0.003358
3361,0.003985
3362,0.076685
3363,0.052571
3364,0.048412
3365,0.016196
3366,0.908961
3367,0.069684
3368,0.074756
3369,0.012587
3370,0.636108
3371,0.176475
3372,0.017130
3373,0.008160
3374,0.550211
3375,0.046974
3376,0.018453
3377,0.675320
3378,0.940903
3379,0.062321
3380,0.143727
3381,0.005653
3382,0.069068
3383,0.194618
3384,0.953114
3385,0.958191
3386,0.026245
3387,0.010679
3388,0.247331
3389,0.211520
3390,0.360539
3391,0.997195
3392,0.002332
3393,0.140596
3394,0.185190
3395,0.163585
3396,0.994941
3397,0.992664
3398,0.005376
3399,0.029730
3400,0.082678
3401,0.049709
3402,0.021330
3403,0.935631
3404,0.101035
3405,0.034031
3406,0.339508
3407,0.887430
3408,0.037918
3409,0.011648
3410,0.996875
3411,0.151330
3412,0.973871
3413,0.928757
3414,0.169448
3415,0.294411
3416,0.008572
3417,0.050857
3418,0.007657
3419,0.045010
3420,0.768436
3421,0.008912
3422,0.034247
3423,0.079036
3424,0.027767
3425,0.020026
3426,0.046567
3427,0.014761
3428,0.040507
3429,0.898402
3430,0.003472
3431,0.374937
3432,0.328878
3433,0.020059
3434,0.970038
3435,0.100974
3436,0.075336
3437,0.232030
3438,0.116054
3439,0.255251
3440,0.932817
3441,0.439600
3442,0.003188
3443,0.337165
3444,0.535666
3445,0.294763
3446,0.472228
3447,0.058576
3448,0.020240
3449,0.021868
3450,0.062637
3451,0.016956
3452,0.160740
3453,0.824570
3454,0.996244
3455,0.887032
3456,0.553120
3457,0.077091
3458,0.236255
3459,0.002688
3460,0.034103
3461,0.979490
3462,0.263383
3463,0.029856
3464,0.010214
3465,0.015366
3466,0.007934
3467,0.011963
3468,0.552856
3469,0.906696
3470,0.009085
3471,0.476068
3472,0.023748
3473,0.006659
3474,0.006313
3475,0.563547
3476,0.056544
3477,0.014442
3478,0.006909
3479,0.971352
3480,0.964409
3481,0.064236
3482,0.046859
3483,0.869321
3484,0.006042
3485,0.824606
3486,0.963146
3487,0.042877
3488,0.019951
3489,0.364918
3490,0.040725
3491,0.036741
3492,0.047693
3493,0.127899
3494,0.207783
3495,0.196538
3496,0.622882
3497,0.795773
3498,0.001537
3499,0.406878
3500,0.961783
3501,0.773377
3502,0.009249
3503,0.067863
3504,0.035708
3505,0.005640
3506,0.008781
3507,0.173595
3508,0.801508
3509,0.006485
3510,0.002713
3511,0.945185
3512,0.008860
3513,0.025304
3514,0.035699
3515,0.036111
3516,0.006718
3517,0.954108
3518,0.480879
3519,0.981351
3520,0.039431
3521,0.013038
3522,0.200671
3523,0.118594
3524,0.238490
3525,0.172158
3526,0.259315
3527,0.051629
3528,0.024455
3529,0.688484
3530,0.013319
3531,0.021967
3532,0.985801
3533,0.013273
3534,0.143980
3535,0.009395
3536,0.044741
3537,0.029190
3538,0.004476
3539,0.972289
3540,0.002904
3541,0.064696
3542,0.007401
3543,0.756563
3544,0.116533
3545,0.089615
3546,0.022537
3547,0.003233
3548,0.016275
3549,0.030510
3550,0.021163
3551,0.992758
3552,0.994730
3553,0.438643
3554,0.415584
3555,0.972080
3556,0.209702
3557,0.446182
3558,0.005282
3559,0.216641
3560,0.005423
3561,0.086694
3562,0.052901
3563,0.898429
3564,0.288221
3565,0.935978
3566,0.953855
3567,0.080020
3568,0.002760
3569,0.779089
3570,0.189725
3571,0.860358
3572,0.873258
3573,0.003190
3574,0.042946
3575,0.402935
3576,0.996949
3577,0.013905
3578,0.990618
3579,0.944978
3580,0.285779
3581,0.004978
3582,0.567263
3583,0.079675
3584,0.986296
3585,0.376290
3586,0.832976
3587,0.004329
3588,0.094158
3589,0.977050
3590,0.054207
3591,0.458384
3592,0.929886
3593,0.907195
3594,0.973934
3595,0.038859
3596,0.064085
3597,0.898379
3598,0.005172
3599,0.007620
3600,0.983576
3601,0.004879
3602,0.003892
3603,0.018344
3604,0.041740
3605,0.245031
3606,0.980625
3607,0.001891
3608,0.271783
3609,0.001361
3610,0.151670
3611,0.586933
3612,0.099123
3613,0.940081
3614,0.813967
3615,0.029753
3616,0.018904
3617,0.040578
3618,0.983896
3619,0.710716
3620,0.074052
3621,0.516711
3622,0.006199
3623,0.966231
3624,0.012091
3625,0.450847
3626,0.712813
3627,0.438740
3628,0.334080
3629,0.041578
3630,0.953219
3631,0.066983
3632,0.033800
3633,0.020160
3634,0.062903
3635,0.007668
3636,0.057338
3637,0.033315
3638,0.929591
3639,0.011703
3640,0.087996
3641,0.070850
3642,0.003860
3643,0.006628
3644,0.994515
3645,0.795666
3646,0.926271
3647,0.039226
3648,0.641878
3649,0.926287
3650,0.010677
3651,0.017905
3652,0.007656
3653,0.025597
3654,0.595543
3655,0.408445
3656,0.008191
3657,0.003395
3658,0.024943
3659,0.873765
3660,0.334520
3661,0.573012
3662,0.012765
3663,0.122672
3664,0.006209
3665,0.439154
3666,0.943161
3667,0.049913
3668,0.892736
3669,0.653890
3670,0.123596
3671,0.007101
3672,0.009905
3673,0.737163
3674,0.188177
3675,0.952628
3676,0.046072
3677,0.153716
3678,0.966717
3679,0.918157
3680,0.009207
3681,0.066938
3682,0.006754
3683,0.088176
3684,0.414137
3685,0.280855
3686,0.995544
3687,0.129977
3688,0.164588
3689,0.828623
3690,0.015419
3691,0.830696
3692,0.418206
3693,0.994127
3694,0.005122
3695,0.887271
3696,0.015043
3697,0.767016
3698,0.006858
3699,0.033566
3700,0.283822
3701,0.077412
3702,0.986855
3703,0.176836
3704,0.973246
3705,0.989381
3706,0.173344
3707,0.329620
3708,0.366272
3709,0.006950
3710,0.025347
3711,0.992998
3712,0.094940
3713,0.081068
3714,0.173878
3715,0.004694
3716,0.127353
3717,0.631692
3718,0.945003
3719,0.092118
3720,0.875943
3721,0.212695
3722,0.935612
3723,0.987640
3724,0.012050
3725,0.103956
3726,0.031647
3727,0.210649
3728,0.245688
3729,0.432656
3730,0.901378
3731,0.010681
3732,0.142722
3733,0.060112
3734,0.024332
3735,0.156602
3736,0.003343
3737,0.005971
3738,0.995169
3739,0.984971
3740,0.557638
3741,0.846584
3742,0.944004
3743,0.055266
3744,0.666748
3745,0.203900
3746,0.430164
3747,0.073701
3748,0.669050
3749,0.010027
3750,0.057344
3751,0.032255
3752,0.021965
3753,0.361297
3754,0.950309
3755,0.005344
3756,0.036414
3757,0.039602
3758,0.010683
3759,0.852668
3760,0.597464
3761,0.946691
3762,0.781733
3763,0.349003
3764,0.027189
3765,0.192205
3766,0.015455
3767,0.235902
3768,0.064460
3769,0.947886
3770,0.048625
3771,0.976116
3772,0.385746
3773,0.017488
3774,0.012556
3775,0.093963
3776,0.084945
3777,0.144195
3778,0.005565
3779,0.027602
3780,0.125404
3781,0.229333
3782,0.575027
3783,0.085875
3784,0.130690
3785,0.930941
3786,0.049492
3787,0.515918
3788,0.014004
3789,0.640848
3790,0.954215
3791,0.988088
3792,0.951401
3793,0.086248
3794,0.433740
3795,0.585706
3796,0.890655
3797,0.074410
3798,0.201348
3799,0.023555
3800,0.003913
3801,0.030174
3802,0.979128
3803,0.171744
3804,0.728854
3805,0.015480
3806,0.091467
3807,0.996112
3808,0.261584
3809,0.060484
3810,0.067926
3811,0.231089
3812,0.034770
3813,0.030712
3814,0.944279
3815,0.035563
3816,0.519684
3817,0.068918
3818,0.975023
3819,0.910308
3820,0.505894
3821,0.047452
3822,0.893415
3823,0.035039
3824,0.041194
3825,0.997756
3826,0.330831
3827,0.043976
3828,0.871234
3829,0.050789
3830,0.069664
3831,0.996893
3832,0.014835
3833,0.110370
3834,0.606714
3835,0.103011
3836,0.491135
3837,0.996595
3838,0.605617
3839,0.993376
3840,0.128429
3841,0.082368
3842,0.116601
3843,0.077227
3844,0.032105
3845,0.994554
3846,0.007308
3847,0.970019
3848,0.003540
3849,0.004419
3850,0.365026
3851,0.964194
3852,0.056404
3853,0.607292
3854,0.914415
3855,0.002587
3856,0.022249
3857,0.006361
3858,0.050670
3859,0.018960
3860,0.020557
3861,0.037829
3862,0.008203
3863,0.972121
3864,0.997872
3865,0.238273
3866,0.996967
3867,0.011414
3868,0.566390
3869,0.013748
3870,0.642512
3871,0.037363
3872,0.593408
3873,0.291798
3874,0.102534
3875,0.996261
3876,0.197712
3877,0.985957
3878,0.042017
3879,0.003227
3880,0.995890
3881,0.987446
3882,0.280299
3883,0.394766
3884,0.007633
3885,0.034517
3886,0.870666
3887,0.199748
3888,0.064823
3889,0.134446
3890,0.055146
3891,0.934846
3892,0.008826
3893,0.746371
3894,0.098358
3895,0.458635
3896,0.136384
3897,0.956933
3898,0.448013
3899,0.340483
3900,0.027560
3901,0.002943
3902,0.948177
3903,0.644895
3904,0.018304
3905,0.059861
3906,0.980411
3907,0.038773
3908,0.074870
3909,0.996804
3910,0.002826
3911,0.007188
3912,0.175277
3913,0.028033
3914,0.846628
3915,0.039937
3916,0.817810
3917,0.029462
3918,0.047250
3919,0.008865
3920,0.079665
3921,0.005264
3922,0.510685
3923,0.024784
3924,0.023778
3925,0.984866
3926,0.270029
3927,0.012496
3928,0.036431
3929,0.927185
3930,0.984655
3931,0.002009
3932,0.328166
3933,0.005110
3934,0.912330
3935,0.003580
3936,0.117208
3937,0.249561
3938,0.961834
3939,0.061066
3940,0.147452
3941,0.978104
3942,0.015075
3943,0.182753
3944,0.902425
3945,0.691016
3946,0.072944
3947,0.007056
3948,0.155136
3949,0.967936
3950,0.053946
3951,0.024698
3952,0.935662
3953,0.020576
3954,0.995399
3955,0.007631
3956,0.065805
3957,0.317925
3958,0.042614
3959,0.917930
3960,0.072198
3961,0.014843
3962,0.006797
3963,0.797997
3964,0.309772
3965,0.129530
3966,0.532498
3967,0.010674
3968,0.003521
3969,0.109968
3970,0.220314
3971,0.958435
3972,0.538252
3973,0.393707
3974,0.008533
3975,0.877385
3976,0.990159
3977,0.134566
3978,0.035758
3979,0.691514
3980,0.753798
3981,0.947460
3982,0.969761
3983,0.005167
3984,0.545392
3985,0.027395
3986,0.512617
3987,0.001886
3988,0.883998
3989,0.007557
3990,0.491096
3991,0.741929
3992,0.005836
3993,0.125896
3994,0.792728
3995,0.968109
3996,0.618547
3997,0.003981
3998,0.160774
3999,0.086463
4000,0.009953
4001,0.044926
4002,0.006633
4003,0.146124
4004,0.661774
4005,0.212765
4006,0.137030
4007,0.005327
4008,0.992665
4009,0.089727
4010,0.997636
4011,0.896758
4012,0.051909
4013,0.038595
4014,0.997585
4015,0.959263
4016,0.086366
4017,0.084427
4018,0.094559
4019,0.012398
4020,0.012964
4021,0.043397
4022,0.017275
4023,0.006742
4024,0.005719
4025,0.772169
4026,0.797111
4027,0.007621
4028,0.032610
4029,0.040755
4030,0.006352
4031,0.877998
4032,0.094137
4033,0.021962
4034,0.050898
4035,0.039116
4036,0.016097
4037,0.014044
4038,0.980359
4039,0.005351
4040,0.256192
4041,0.991550
4042,0.029963
4043,0.083035
4044,0.031519
4045,0.002340
4046,0.008986
4047,0.117037
4048,0.104710
4049,0.045614
4050,0.060160
4051,0.051515
4052,0.181767
4053,0.892074
4054,0.015889
4055,0.007805
4056,0.064732
4057,0.243526
4058,0.488085
4059,0.018462
4060,0.109704
4061,0.965918
4062,0.107123
4063,0.453119
4064,0.236908
4065,0.136265
4066,0.008018
4067,0.523951
4068,0.011156
4069,0.010391
4070,0.062636
4071,0.981734
4072,0.002590
4073,0.037763
4074,0.037810
4075,0.011629
4076,0.520595
4077,0.069325
4078,0.413022
4079,0.243527
4080,0.001805
4081,0.784201
4082,0.928038
4083,0.211415
4084,0.026624
4085,0.115895
4086,0.285982
4087,0.005384
4088,0.088942
4089,0.008084
4090,0.188196
4091,0.003874
4092,0.171838
4093,0.347268
4094,0.008590
4095,0.019218
4096,0.014679
4097,0.163411
4098,0.010701
4099,0.966617
4100,0.598073
4101,0.057813
4102,0.127180
4103,0.184395
4104,0.978116
4105,0.481287
4106,0.194132
4107,0.619935
4108,0.986522
4109,0.969791
4110,0.068205
4111,0.002506
4112,0.984086
4113,0.218862
4114,0.111628
4115,0.005837
4116,0.020068
4117,0.996870
4118,0.089473
4119,0.147048
4120,0.976886
4121,0.210216
4122,0.734696
4123,0.008059
4124,0.400494
4125,0.007348
4126,0.080877
4127,0.065768
4128,0.111097
4129,0.421266
4130,0.017450
4131,0.320103
4132,0.923115
4133,0.971276
4134,0.020720
4135,0.379614
4136,0.015084
4137,0.904940
4138,0.002262
4139,0.067925
4140,0.997086
4141,0.901858
4142,0.076204
4143,0.064827
4144,0.981043
4145,0.073285
4146,0.169349
4147,0.190790
4148,0.032740
4149,0.023747
4150,0.197323
4151,0.044123
4152,0.017192
4153,0.076007
4154,0.436342
4155,0.838269
4156,0.071957
4157,0.005394
4158,0.919893
4159,0.219826
4160,0.254665
4161,0.264901
4162,0.005425
4163,0.004213
4164,0.962937
4165,0.191910
4166,0.007726
4167,0.987527
4168,0.161013
4169,0.107812
4170,0.998466
4171,0.035238
4172,0.894767
4173,0.034755
4174,0.008923
4175,0.280852
4176,0.026955
4177,0.003291
4178,0.667982
4179,0.083678
4180,0.959517
4181,0.170467
4182,0.005570
4183,0.794828
4184,0.980224
4185,0.896457
4186,0.954251
4187,0.063791
4188,0.006216
4189,0.060660
4190,0.002074
4191,0.113659
4192,0.944552
4193,0.077463
4194,0.902715
4195,0.145739
4196,0.997124
4197,0.810156
4198,0.090834
4199,0.910398
4200,0.010543
4201,0.583360
4202,0.103478
4203,0.092215
4204,0.056133
4205,0.049233
4206,0.523567
4207,0.114089
4208,0.356692
4209,0.257719
4210,0.291023
4211,0.131189
4212,0.151619
4213,0.405167
4214,0.043731
4215,0.010367
4216,0.011776
4217,0.991583
4218,0.996504
4219,0.007835
4220,0.108644
4221,0.984647
4222,0.163830
4223,0.339896
4224,0.062179
4225,0.029476
4226,0.996728
4227,0.264526
4228,0.012431
4229,0.745857
4230,0.779702
4231,0.037310
4232,0.008920
4233,0.140004
4234,0.004311
4235,0.310350
4236,0.038048
4237,0.109297
4238,0.039602
4239,0.058919
4240,0.515509
4241,0.988823
4242,0.003537
4243,0.021049
4244,0.976301
4245,0.041327
4246,0.021778
4247,0.006481
4248,0.029532
4249,0.542773
4250,0.698733
4251,0.159793
4252,0.003152
4253,0.850821
4254,0.038578
4255,0.036461
4256,0.169669
4257,0.002915
4258,0.881032
4259,0.006807
4260,0.979845
4261,0.959798
4262,0.597248
4263,0.920724
4264,0.006744
4265,0.378339
4266,0.921398
4267,0.003853
4268,0.965727
4269,0.205537
4270,0.129482
4271,0.011300
4272,0.141282
4273,0.006308
4274,0.015051
4275,0.947802
4276,0.569305
4277,0.015716
4278,0.008425
4279,0.179621
4280,0.971862
4281,0.401315
4282,0.252459
4283,0.006532
4284,0.010561
4285,0.340382
4286,0.120988
4287,0.517532
4288,0.785587
4289,0.019172
4290,0.777796
4291,0.036717
4292,0.025954
4293,0.694946
4294,0.937971
4295,0.355753
4296,0.158718
4297,0.995524
4298,0.182345
4299,0.008480
4300,0.118950
4301,0.997757
4302,0.030950
4303,0.085243
4304,0.379809
4305,0.012383
4306,0.044580
4307,0.058116
4308,0.949460
4309,0.912594
4310,0.075315
4311,0.013877
4312,0.976443
4313,0.947506
4314,0.011959
4315,0.011058
4316,0.902386
4317,0.907929
4318,0.778133
4319,0.005653
4320,0.800081
4321,0.003935
4322,0.331753
4323,0.182665
4324,0.477262
4325,0.460447
4326,0.002927
4327,0.655335
4328,0.981944
4329,0.011822
4330,0.163699
4331,0.054996
4332,0.025391
4333,0.037146
4334,0.146728
4335,0.098244
4336,0.031751
4337,0.100293
4338,0.060452
4339,0.540364
4340,0.058676
4341,0.039758
4342,0.125248
4343,0.976750
4344,0.812030
4345,0.042226
4346,0.007016
4347,0.029368
4348,0.088422
4349,0.003219
4350,0.019235
4351,0.030911
4352,0.984659
4353,0.312627
4354,0.056497
4355,0.058204
4356,0.947944
4357,0.031124
4358,0.179982
4359,0.007071
4360,0.964907
4361,0.368064
4362,0.790552
4363,0.034459
4364,0.903080
4365,0.214679
4366,0.116289
4367,0.953550
4368,0.002561
4369,0.035901
4370,0.198723
4371,0.120255
4372,0.997437
4373,0.030596
4374,0.060974
4375,0.533072
4376,0.040925
4377,0.101320
4378,0.971145
4379,0.998101
4380,0.206115
4381,0.044290
4382,0.072334
4383,0.338756
4384,0.924663
4385,0.070535
4386,0.114927
4387,0.001434
4388,0.265447
4389,0.017987
4390,0.803570
4391,0.046294
4392,0.913773
4393,0.048567
4394,0.579256
4395,0.029302
4396,0.799699
4397,0.002795
4398,0.995853
4399,0.134808
4400,0.941470
4401,0.100446
4402,0.086717
4403,0.007339
4404,0.050487
4405,0.131486
4406,0.002353
4407,0.039343
4408,0.301792
4409,0.087429
4410,0.007538
4411,0.002260
4412,0.017158
4413,0.063421
4414,0.769354
4415,0.049196
4416,0.266831
4417,0.053488
4418,0.022552
4419,0.315656
4420,0.015544
4421,0.037473
4422,0.001806
4423,0.098963
4424,0.003982
4425,0.073436
4426,0.025989
4427,0.004031
4428,0.016538
4429,0.071543
4430,0.030763
4431,0.094910
4432,0.003068
4433,0.037488
4434,0.025303
4435,0.091184
4436,0.009028
4437,0.165610
4438,0.054902
4439,0.350503
4440,0.853081
4441,0.006121
4442,0.582247
4443,0.080776
4444,0.167660
4445,0.099452
4446,0.023569
4447,0.488415
4448,0.016181
4449,0.699112
4450,0.051682
4451,0.901053
4452,0.948391
4453,0.301024
4454,0.870783
4455,0.031455
4456,0.067288
4457,0.992859
4458,0.022813
4459,0.149966
4460,0.623571
4461,0.069649
4462,0.015401
4463,0.005424
4464,0.046205
4465,0.018739
4466,0.082582
4467,0.996709
4468,0.911470
4469,0.017629
4470,0.095424
4471,0.005300
4472,0.327991
4473,0.158739
4474,0.340480
4475,0.986276
4476,0.151079
4477,0.049426
4478,0.877961
4479,0.220862
4480,0.256903
4481,0.088688
4482,0.006533
4483,0.958316
4484,0.016740
4485,0.025019
4486,0.992858
4487,0.093142
4488,0.063724
4489,0.011250
4490,0.061611
4491,0.002654
4492,0.007069
4493,0.448137
4494,0.369977
4495,0.170729
4496,0.086598
4497,0.225736
4498,0.005402
4499,0.037563
4500,0.256294
4501,0.025072
4502,0.311425
4503,0.980638
4504,0.267630
4505,0.122549
4506,0.625205
4507,0.081203
4508,0.007065
4509,0.009421
4510,0.185450
4511,0.192503
4512,0.022232
4513,0.001568
4514,0.076177
4515,0.544314
4516,0.938433
4517,0.092186
4518,0.980734
4519,0.060248
4520,0.154948
4521,0.616456
4522,0.444689
4523,0.962778
4524,0.740780
4525,0.958982
4526,0.124027
4527,0.031019
4528,0.002055
4529,0.981131
4530,0.492336
4531,0.022528
4532,0.008878
4533,0.161641
4534,0.773074
4535,0.006825
4536,0.463353
4537,0.033372
4538,0.067409
4539,0.530618
4540,0.363378
4541,0.011620
4542,0.019689
4543,0.975852
4544,0.979484
4545,0.034038
4546,0.170124
4547,0.091172
4548,0.747172
4549,0.048814
4550,0.062109
4551,0.953822
4552,0.819354
4553,0.246463
4554,0.040087
4555,0.173567
4556,0.061735
4557,0.716445
4558,0.971741
4559,0.755487
4560,0.001314
4561,0.021010
4562,0.974303
4563,0.014700
4564,0.039306
4565,0.139699
4566,0.114574
4567,0.289367
4568,0.004913
4569,0.012225
4570,0.007503
4571,0.011144
4572,0.127638
4573,0.012963
4574,0.319290
4575,0.006562
4576,0.129925
4577,0.238860
4578,0.043374
4579,0.016717
4580,0.190216
4581,0.201706
4582,0.925482
4583,0.024882
4584,0.976285
4585,0.915234
4586,0.178262
4587,0.352710
4588,0.024140
4589,0.013575
4590,0.049517
4591,0.005147
4592,0.021162
4593,0.018185
4594,0.951493
4595,0.038182
4596,0.089307
4597,0.977903
4598,0.220503
4599,0.575319
4600,0.011683
4601,0.004835
4602,0.045177
4603,0.253763
4604,0.009028
4605,0.146312
4606,0.079484
4607,0.121276
4608,0.983131
4609,0.007773
4610,0.964054
4611,0.094388
4612,0.119143
4613,0.061472
4614,0.947238
4615,0.986319
4616,0.021942
4617,0.217442
4618,0.982597
4619,0.665166
4620,0.970282
4621,0.040479
4622,0.617041
4623,0.029189
4624,0.317262
4625,0.004160
4626,0.088200
4627,0.076357
4628,0.967125
4629,0.093880
4630,0.033084
4631,0.986356
4632,0.062396
4633,0.833265
4634,0.087212
4635,0.069584
4636,0.047882
4637,0.962482
4638,0.075506
4639,0.038132
4640,0.058263
4641,0.072257
4642,0.980951
4643,0.997964
4644,0.996737
4645,0.008503
4646,0.495004
4647,0.051937
4648,0.053977
4649,0.299131
4650,0.006389
4651,0.792422
4652,0.031722
4653,0.389551
4654,0.089790
4655,0.013526
4656,0.675006
4657,0.976909
4658,0.023612
4659,0.771996
4660,0.065133
4661,0.110051
4662,0.030828
4663,0.050170
4664,0.182997
4665,0.003627
4666,0.431101
4667,0.006892
4668,0.054047
4669,0.006591
4670,0.197283
4671,0.996766
4672,0.102727
4673,0.004356
4674,0.007933
4675,0.942195
4676,0.016880
4677,0.024446
4678,0.010933
4679,0.979598
4680,0.129815
4681,0.007482
4682,0.020402
4683,0.535784
4684,0.014593
4685,0.413981
4686,0.467262
4687,0.014331
4688,0.047554
4689,0.064420
4690,0.028153
4691,0.310530
4692,0.032802
4693,0.991376
4694,0.017403
4695,0.532543
4696,0.095102
4697,0.557685
4698,0.994602
4699,0.055081
4700,0.598416
4701,0.100588
4702,0.005040
4703,0.376924
4704,0.008589
4705,0.033209
4706,0.066482
4707,0.007864
4708,0.054011
4709,0.022839
4710,0.339104
4711,0.976993
4712,0.261475
4713,0.014991
4714,0.008830
4715,0.080131
4716,0.002529
4717,0.053634
4718,0.772143
4719,0.424536
4720,0.017365
4721,0.069573
4722,0.969038
4723,0.797473
4724,0.027687
4725,0.005242
4726,0.062655
4727,0.125218
4728,0.168755
4729,0.026317
4730,0.003197
4731,0.005093
4732,0.062646
4733,0.955121
4734,0.032951
4735,0.013051
4736,0.974323
4737,0.272133
4738,0.836937
4739,0.492683
4740,0.993913
4741,0.060430
4742,0.945767
4743,0.043120
4744,0.042842
4745,0.348906
4746,0.044467
4747,0.038993
4748,0.005866
4749,0.169227
4750,0.589290
4751,0.993607
4752,0.032683
4753,0.339750
4754,0.110621
4755,0.259591
4756,0.012817
4757,0.033770
4758,0.070382
4759,0.091935
4760,0.941577
4761,0.694122
4762,0.037829
4763,0.005835
4764,0.003115
4765,0.138419
4766,0.236349
4767,0.617714
4768,0.928678
4769,0.410364
4770,0.009230
4771,0.007587
4772,0.035497
4773,0.006255
4774,0.651119
4775,0.003258
4776,0.010257
4777,0.044717
4778,0.012249
4779,0.983188
4780,0.991864
4781,0.258460
4782,0.992112
4783,0.077970
4784,0.186872
4785,0.163910
4786,0.021459
4787,0.876308
4788,0.136596
4789,0.003861
4790,0.003946
4791,0.007633
4792,0.927828
4793,0.987891
4794,0.086657
4795,0.003955
4796,0.995595
4797,0.008151
4798,0.839520
4799,0.764239
4800,0.528755
4801,0.545542
4802,0.004215
4803,0.013946
4804,0.019664
4805,0.006835
4806,0.441699
4807,0.962102
4808,0.087596
4809,0.036354
4810,0.027691
4811,0.086086
4812,0.117892
4813,0.812770
4814,0.964984
4815,0.221630
4816,0.250694
4817,0.022933
4818,0.104185
4819,0.107481
4820,0.996865
4821,0.722486
4822,0.013845
4823,0.417875
4824,0.249584
4825,0.729438
4826,0.011088
4827,0.122636
4828,0.009036
4829,0.028672
4830,0.025423
4831,0.370034
4832,0.169399
4833,0.289672
4834,0.018231
4835,0.037772
4836,0.028447
4837,0.027589
4838,0.016116
4839,0.004942
4840,0.977114
4841,0.211097
4842,0.982582
4843,0.057980
4844,0.133178
4845,0.089385
4846,0.009686
4847,0.961210
4848,0.614569
4849,0.004092
4850,0.271083
4851,0.054820
4852,0.474680
4853,0.735825
4854,0.599781
4855,0.234120
4856,0.757919
4857,0.105981
4858,0.140309
4859,0.018515
4860,0.097453
4861,0.880729
4862,0.031325
4863,0.013817
4864,0.580695
4865,0.154053
4866,0.003244
4867,0.187947
4868,0.196410
4869,0.003816
4870,0.094497
4871,0.314897
4872,0.404037
4873,0.089719
4874,0.992070
4875,0.254267
4876,0.021026
4877,0.015929
4878,0.872927
4879,0.732108
4880,0.884506
4881,0.938022
4882,0.050806
4883,0.080831
4884,0.085323
4885,0.818355
4886,0.938693
4887,0.008993
4888,0.042099
4889,0.192221
4890,0.020033
4891,0.628517
4892,0.982360
4893,0.897192
4894,0.210541
4895,0.069234
4896,0.626859
4897,0.877269
4898,0.141395
4899,0.935903
4900,0.008331
4901,0.853580
4902,0.290649
4903,0.044832
4904,0.065811
4905,0.230450
4906,0.009216
4907,0.563488
4908,0.039094
4909,0.076867
4910,0.932976
4911,0.181845
4912,0.026592
4913,0.858426
4914,0.035742
4915,0.975362
4916,0.386530
4917,0.559727
4918,0.979255
4919,0.586143
4920,0.033851
4921,0.956551
4922,0.983644
4923,0.004446
4924,0.917540
4925,0.089916
4926,0.011735
4927,0.886917
4928,0.563443
4929,0.028542
4930,0.971709
4931,0.838892
4932,0.615939
4933,0.993883
4934,0.097445
4935,0.061488
4936,0.071217
4937,0.613135
4938,0.007887
4939,0.973085
4940,0.017322
4941,0.005159
4942,0.305242
4943,0.009001
4944,0.029741
4945,0.132691
4946,0.087687
4947,0.071858
4948,0.202788
4949,0.887396
4950,0.442310
4951,0.131378
4952,0.146646
4953,0.162735
4954,0.759022
4955,0.520465
4956,0.224618
4957,0.233950
4958,0.979531
4959,0.717186
4960,0.001975
4961,0.848400
4962,0.097913
4963,0.319011
4964,0.914768
4965,0.014036
4966,0.008340
4967,0.229635
4968,0.006206
4969,0.174562
4970,0.982440
4971,0.143279
4972,0.050412
4973,0.007839
4974,0.026182
4975,0.658236
4976,0.121513
4977,0.561861
4978,0.006495
4979,0.886076
4980,0.519653
4981,0.003121
4982,0.053567
4983,0.939494
4984,0.322700
4985,0.619362
4986,0.984894
4987,0.978329
4988,0.013623
4989,0.001648
4990,0.004903
4991,0.746180
4992,0.005005
4993,0.051111
4994,0.139025
4995,0.008243
4996,0.967942
4997,0.015527
4998,0.300315
4999,0.526200
5000,0.010331
5001,0.014181
5002,0.054211
5003,0.410678
5004,0.328449
5005,0.053742
5006,0.030577
5007,0.754621
5008,0.958753
5009,0.042754
5010,0.002347
5011,0.493950
5012,0.033915
5013,0.113247
5014,0.137911
5015,0.659024
5016,0.890852
5017,0.579242
5018,0.969456
5019,0.968128
5020,0.023893
5021,0.294841
5022,0.011771
5023,0.002110
5024,0.272072
5025,0.066603
5026,0.042296
5027,0.084728
5028,0.997269
5029,0.890167
5030,0.005360
5031,0.025524
5032,0.230093
5033,0.945828
5034,0.929054
5035,0.024787
5036,0.025721
5037,0.001657
5038,0.013287
5039,0.285563
5040,0.920836
5041,0.337398
5042,0.970722
5043,0.056182
5044,0.009528
5045,0.358133
5046,0.065855
5047,0.002554
5048,0.433263
5049,0.081867
5050,0.090909
5051,0.885617
5052,0.009307
5053,0.104704
5054,0.068319
5055,0.012920
5056,0.915052
5057,0.015591
5058,0.960046
5059,0.081397
5060,0.112305
5061,0.037125
5062,0.010805
5063,0.006824
5064,0.021613
5065,0.405024
5066,0.560808
5067,0.042125
5068,0.955104
5069,0.607995
5070,0.956940
5071,0.075492
5072,0.032489
5073,0.008865
5074,0.013041
5075,0.377074
5076,0.328668
5077,0.057628
5078,0.092105
5079,0.973432
5080,0.029924
5081,0.003932
5082,0.048314
5083,0.057974
5084,0.003671
5085,0.967723
5086,0.997188
5087,0.005170
5088,0.035676
5089,0.010170
5090,0.463683
5091,0.052178
5092,0.992954
5093,0.407318
5094,0.085287
5095,0.075767
5096,0.012203
5097,0.033317
5098,0.201966
5099,0.002077
5100,0.050550
5101,0.283144
5102,0.625136
5103,0.005417
5104,0.009878
5105,0.063760
5106,0.996796
5107,0.973645
5108,0.550903
5109,0.925278
5110,0.014886
5111,0.992561
5112,0.902242
5113,0.281044
5114,0.941466
5115,0.889171
5116,0.836975
5117,0.807388
5118,0.906114
5119,0.022269
5120,0.993633
5121,0.031425
5122,0.010316
5123,0.866605
5124,0.011776
5125,0.963806
5126,0.098515
5127,0.419824
5128,0.044678
5129,0.495311
5130,0.025994
5131,0.012160
5132,0.126527
5133,0.167372
5134,0.684694
5135,0.399712
5136,0.004769
5137,0.720777
5138,0.028772
5139,0.245992
5140,0.068469
5141,0.252101
5142,0.089877
5143,0.002710
5144,0.006600
5145,0.003120
5146,0.034379
5147,0.007234
5148,0.024251
5149,0.006508
5150,0.314521
5151,0.783277
5152,0.107559
5153,0.031426
5154,0.995460
5155,0.067378
5156,0.003658
5157,0.014914
5158,0.004494
5159,0.034629
5160,0.211336
5161,0.039533
5162,0.004208
5163,0.073300
5164,0.016482
5165,0.142108
5166,0.503135
5167,0.066960
5168,0.094128
5169,0.061950
5170,0.111451
5171,0.776405
5172,0.676457
5173,0.156055
5174,0.018404
5175,0.998069
5176,0.372867
5177,0.967793
5178,0.903415
5179,0.938784
5180,0.018982
5181,0.240233
5182,0.315153
5183,0.003817
5184,0.135641
5185,0.046595
5186,0.001922
5187,0.061323
5188,0.980565
5189,0.017308
5190,0.060244
5191,0.173682
5192,0.208922
5193,0.233193
5194,0.462534
5195,0.318791
5196,0.056050
5197,0.012187
5198,0.022002
5199,0.009480
5200,0.002081
5201,0.110933
5202,0.109688
5203,0.013406
5204,0.168663
5205,0.005621
5206,0.059569
5207,0.624703
5208,0.013126
5209,0.786332
5210,0.930462
5211,0.913721
5212,0.228352
5213,0.271712
5214,0.022887
5215,0.590405
5216,0.888870
5217,0.016381
5218,0.569589
5219,0.002825
5220,0.995688
5221,0.021332
5222,0.063040
5223,0.354088
5224,0.624776
5225,0.005121
5226,0.979700
5227,0.849098
5228,0.860381
5229,0.993435
5230,0.054482
5231,0.339696
5232,0.966365
5233,0.008584
5234,0.059474
5235,0.011464
5236,0.008981
5237,0.944510
5238,0.088226
5239,0.015483
5240,0.018466
5241,0.075672
5242,0.022850
5243,0.049752
5244,0.987000
5245,0.578254
5246,0.099586
5247,0.045597
5248,0.037293
5249,0.337599
5250,0.190640
5251,0.249027
5252,0.541241
5253,0.009366
5254,0.020709
5255,0.275234
5256,0.004160
5257,0.364534
5258,0.927324
5259,0.729166
5260,0.107161
5261,0.018286
5262,0.870213
5263,0.004071
5264,0.207574
5265,0.107458
5266,0.974060
5267,0.003579
5268,0.179999
5269,0.022215
5270,0.157717
5271,0.104902
5272,0.945834
5273,0.010884
5274,0.504074
5275,0.826552
5276,0.161508
5277,0.833691
5278,0.152314
5279,0.007968
5280,0.009517
5281,0.004026
5282,0.982591
5283,0.059946
5284,0.013292
5285,0.004531
5286,0.014748
5287,0.053672
5288,0.047813
5289,0.013137
5290,0.002159
5291,0.990244
5292,0.702013
5293,0.109014
5294,0.753218
5295,0.034483
5296,0.176545
5297,0.003397
5298,0.167511
5299,0.002327
5300,0.016309
5301,0.177083
5302,0.252762
5303,0.117395
5304,0.077924
5305,0.047765
5306,0.103750
5307,0.843117
5308,0.073189
5309,0.125736
5310,0.020386
5311,0.872532
5312,0.322862
5313,0.042452
5314,0.685763
5315,0.129694
5316,0.094783
5317,0.080840
5318,0.004613
5319,0.681929
5320,0.042850
5321,0.115381
5322,0.098379
5323,0.036790
5324,0.878767
5325,0.189321
5326,0.002630
5327,0.013034
5328,0.062633
5329,0.935185
5330,0.011901
5331,0.115747
5332,0.003593
5333,0.041670
5334,0.967468
5335,0.376896
5336,0.010290
5337,0.046395
5338,0.329817
5339,0.034233
5340,0.013677
5341,0.004740
5342,0.981906
5343,0.059726
5344,0.010608
5345,0.008694
5346,0.228042
5347,0.951832
5348,0.013317
5349,0.025450
5350,0.839028
5351,0.997137
5352,0.774659
5353,0.016509
5354,0.317647
5355,0.848051
5356,0.010496
5357,0.123343
5358,0.996729
5359,0.008684
5360,0.044964
5361,0.749129
5362,0.088411
5363,0.008490
5364,0.007768
5365,0.974009
5366,0.006111
5367,0.003035
5368,0.890906
5369,0.754874
5370,0.028658
5371,0.014745
5372,0.009085
5373,0.176227
5374,0.004623
5375,0.035103
5376,0.055939
5377,0.012698
5378,0.033694
5379,0.283441
5380,0.535933
5381,0.031212
5382,0.314585
5383,0.080474
5384,0.071616
5385,0.037555
5386,0.008728
5387,0.637755
5388,0.008160
5389,0.992269
5390,0.588366
5391,0.008773
5392,0.002596
5393,0.995055
5394,0.019181
5395,0.816991
5396,0.031091
5397,0.188391
5398,0.102929
5399,0.339310
5400,0.036843
5401,0.439632
5402,0.005779
5403,0.096340
5404,0.049023
5405,0.052553
5406,0.894111
5407,0.831928
5408,0.016317
5409,0.013231
5410,0.202223
5411,0.229724
5412,0.945542
5413,0.081465
5414,0.003646
5415,0.995064
5416,0.028218
5417,0.073504
5418,0.106259
5419,0.283837
5420,0.029007
5421,0.058894
5422,0.024308
5423,0.045717
5424,0.869320
5425,0.951714
5426,0.025141
5427,0.039790
5428,0.006136
5429,0.002335
5430,0.720752
5431,0.019468
5432,0.748962
5433,0.173857
5434,0.972976
5435,0.638139
5436,0.981807
5437,0.043405
5438,0.366870
5439,0.267551
5440,0.933013
5441,0.005498
5442,0.054770
5443,0.587917
5444,0.011806
5445,0.970631
5446,0.206745
5447,0.149959
5448,0.023821
5449,0.004889
5450,0.946249
5451,0.002418
5452,0.991164
5453,0.167843
5454,0.051535
5455,0.957777
5456,0.007067
5457,0.088102
5458,0.003605
5459,0.942642
5460,0.975779
5461,0.010356
5462,0.019546
5463,0.030392
5464,0.008221
5465,0.126543
5466,0.801144
5467,0.992614
5468,0.056211
5469,0.070247
5470,0.995944
5471,0.336714
5472,0.127216
5473,0.002714
5474,0.367244
5475,0.005418
5476,0.042911
5477,0.884080
5478,0.267021
5479,0.955648
5480,0.047379
5481,0.047677
5482,0.004912
5483,0.409372
5484,0.749016
5485,0.182159
5486,0.050050
5487,0.448695
5488,0.107602
5489,0.159400
5490,0.021754
5491,0.656012
5492,0.038522
5493,0.014254
5494,0.787797
5495,0.867320
5496,0.012908
5497,0.197277
5498,0.068711
5499,0.003813
5500,0.001974
5501,0.192745
5502,0.035797
5503,0.072345
5504,0.979881
5505,0.980779
5506,0.017818
5507,0.368152
5508,0.040630
5509,0.968973
5510,0.004914
5511,0.994571
5512,0.005152
5513,0.028434
5514,0.331365
5515,0.003492
5516,0.047509
5517,0.099577
5518,0.166064
5519,0.033666
5520,0.018660
5521,0.996385
5522,0.816664
5523,0.185944
5524,0.976374
5525,0.095359
5526,0.164435
5527,0.736889
5528,0.004016
5529,0.033189
5530,0.114867
5531,0.054752
5532,0.080452
5533,0.072489
5534,0.085569
5535,0.009873
5536,0.056705
5537,0.030311
5538,0.010080
5539,0.047621
5540,0.798420
5541,0.004899
5542,0.248373
5543,0.005618
5544,0.006089
5545,0.960437
5546,0.410186
5547,0.032465
5548,0.052992
5549,0.985570
5550,0.016033
5551,0.122383
5552,0.044455
5553,0.050458
5554,0.409919
5555,0.142138
5556,0.095614
5557,0.676832
5558,0.978795
5559,0.095217
5560,0.990318
5561,0.621000
5562,0.002963
5563,0.084506
5564,0.005384
5565,0.992142
5566,0.399898
5567,0.013594
5568,0.083745
5569,0.049922
5570,0.979416
5571,0.016658
5572,0.002619
5573,0.057682
5574,0.845313
5575,0.321020
5576,0.032711
5577,0.056656
5578,0.146282
5579,0.014283
5580,0.996304
5581,0.310391
5582,0.007360
5583,0.016693
5584,0.683638
5585,0.016660
5586,0.302366
5587,0.771179
5588,0.177049
5589,0.083715
5590,0.072767
5591,0.019135
5592,0.607364
5593,0.005152
5594,0.015067
5595,0.071211
5596,0.684424
5597,0.877803
5598,0.035875
5599,0.839442
5600,0.975799
5601,0.061926
5602,0.095507
5603,0.515533
5604,0.003948
5605,0.832874
5606,0.099763
5607,0.003035
5608,0.393360
5609,0.820302
5610,0.050638
5611,0.074752
5612,0.028664
5613,0.098923
5614,0.144349
5615,0.002162
5616,0.042993
5617,0.921730
5618,0.997256
5619,0.102278
5620,0.025094
5621,0.179066
5622,0.005390
5623,0.002593
5624,0.178560
5625,0.726597
5626,0.198019
5627,0.995848
5628,0.071021
5629,0.159224
5630,0.987612
5631,0.034601
5632,0.014229
5633,0.008866
5634,0.637365
5635,0.077122
5636,0.004256
5637,0.091132
5638,0.785276
5639,0.002917
5640,0.014409
5641,0.158393
5642,0.028537
5643,0.846795
5644,0.074379
5645,0.024376
5646,0.837749
5647,0.085214
5648,0.014822
5649,0.051050
5650,0.011743
5651,0.147478
5652,0.013634
5653,0.013310
5654,0.008535
5655,0.971663
5656,0.190268
5657,0.223391
5658,0.014935
5659,0.111480
5660,0.017797
5661,0.830627
5662,0.029740
5663,0.224310
5664,0.024215
5665,0.923017
5666,0.082990
5667,0.948832
5668,0.997489
5669,0.293471
5670,0.926697
5671,0.133942
5672,0.038738
5673,0.212538
5674,0.848185
5675,0.140621
5676,0.996542
5677,0.039443
5678,0.052915
5679,0.959330
5680,0.005361
5681,0.064947
5682,0.517650
5683,0.149135
5684,0.063791
5685,0.077950
5686,0.079178
5687,0.110139
5688,0.013895
5689,0.038061
5690,0.021919
5691,0.007248
5692,0.015647
5693,0.244909
5694,0.043602
5695,0.450939
5696,0.156794
5697,0.148339
5698,0.017521
5699,0.306741
5700,0.036616
5701,0.974080
5702,0.075116
5703,0.182246
5704,0.862930
5705,0.618538
5706,0.070264
5707,0.020151
5708,0.109938
5709,0.914931
5710,0.974432
5711,0.068021
5712,0.002082
5713,0.016646
5714,0.243105
5715,0.015595
5716,0.002266
5717,0.937447
5718,0.937993
5719,0.003016
5720,0.421991
5721,0.004999
5722,0.996764
5723,0.451720
5724,0.021164
5725,0.053510
5726,0.346644
5727,0.971535
5728,0.839214
5729,0.008316
5730,0.389746
5731,0.974819
5732,0.011944
5733,0.194765
5734,0.995378
5735,0.016679
5736,0.002403
5737,0.964547
5738,0.851405
5739,0.008755
5740,0.195294
5741,0.086213
5742,0.085261
5743,0.836405
5744,0.241554
5745,0.003992
5746,0.036136
5747,0.113472
5748,0.106860
5749,0.245449
5750,0.982345
5751,0.004851
5752,0.119629
5753,0.014501
5754,0.003752
5755,0.039508
5756,0.007971
5757,0.149699
5758,0.933326
5759,0.208935
5760,0.019038
5761,0.007941
5762,0.580011
5763,0.929770
5764,0.001871
5765,0.728708
5766,0.986794
5767,0.030022
5768,0.907648
5769,0.003869
5770,0.072053
5771,0.995682
5772,0.156088
5773,0.639545
5774,0.991222
5775,0.064572
5776,0.903756
5777,0.004461
5778,0.015483
5779,0.004456
5780,0.017330
5781,0.367435
5782,0.019911
5783,0.538435
5784,0.963898
5785,0.772449
5786,0.002243
5787,0.091699
5788,0.993473
5789,0.021405
5790,0.979444
5791,0.996998
5792,0.050554
5793,0.151359
5794,0.157261
5795,0.059047
5796,0.104074
5797,0.963134
5798,0.996532
5799,0.030496
5800,0.303599
5801,0.136420
5802,0.954316
5803,0.130460
5804,0.048974
5805,0.074295
5806,0.980483
5807,0.062880
5808,0.997889
5809,0.023188
5810,0.111523
5811,0.969129
5812,0.984174
5813,0.910289
5814,0.967065
5815,0.945951
5816,0.969368
5817,0.922261
5818,0.023982
5819,0.997660
5820,0.221231
5821,0.038908
5822,0.996808
5823,0.005825
5824,0.881519
5825,0.054640
5826,0.032309
5827,0.017270
5828,0.947794
5829,0.197377
5830,0.052769
5831,0.091694
5832,0.409713
5833,0.300892
5834,0.027306
5835,0.845828
5836,0.074958
5837,0.607717
5838,0.007889
5839,0.003248
5840,0.005757
5841,0.924402
5842,0.053545
5843,0.215407
5844,0.148157
5845,0.581192
5846,0.951435
5847,0.103679
5848,0.082949
5849,0.029442
5850,0.983098
5851,0.946584
5852,0.842577
5853,0.097667
5854,0.843389
5855,0.007144
5856,0.145208
5857,0.054445
5858,0.666905
5859,0.043169
5860,0.968338
5861,0.033306
5862,0.649897
5863,0.130233
5864,0.119704
5865,0.254852
5866,0.079227
5867,0.117023
5868,0.057193
5869,0.050349
5870,0.004037
5871,0.100091
5872,0.005305
5873,0.066935
5874,0.988312
5875,0.997307
5876,0.068087
5877,0.960581
5878,0.144645
5879,0.032891
5880,0.196552
5881,0.127947
5882,0.014180
5883,0.205127
5884,0.795953
5885,0.006650
5886,0.425245
5887,0.932391
5888,0.537713
5889,0.916865
5890,0.004071
5891,0.051647
5892,0.485975
5893,0.083657
5894,0.055111
5895,0.071688
5896,0.012566
5897,0.020689
5898,0.714420
5899,0.112789
5900,0.083840
5901,0.596485
5902,0.633122
5903,0.952206
5904,0.980516
5905,0.482135
5906,0.037618
5907,0.970801
5908,0.019440
5909,0.045269
5910,0.089207
5911,0.127799
5912,0.994813
5913,0.003132
5914,0.046144
5915,0.173510
5916,0.004672
5917,0.003856
5918,0.955859
5919,0.220258
5920,0.985502
5921,0.070286
5922,0.063866
5923,0.071618
5924,0.366367
5925,0.083851
5926,0.978217
5927,0.193490
5928,0.041412
5929,0.004910
5930,0.095560
5931,0.942034
5932,0.037337
5933,0.929353
5934,0.602921
5935,0.197141
5936,0.002652
5937,0.065173
5938,0.410059
5939,0.004665
5940,0.958330
5941,0.035979
5942,0.176238
5943,0.097097
5944,0.382757
5945,0.983071
5946,0.080515
5947,0.042929
5948,0.089416
5949,0.765074
5950,0.016431
5951,0.428429
5952,0.153822
5953,0.392465
5954,0.413152
5955,0.016341
5956,0.929337
5957,0.843132
5958,0.767747
5959,0.299051
5960,0.033894
5961,0.005739
5962,0.269910
5963,0.003508
5964,0.933396
5965,0.216935
5966,0.035294
5967,0.004572
5968,0.041837
5969,0.620529
5970,0.955202
5971,0.041154
5972,0.952811
5973,0.118901
5974,0.889011
5975,0.646614
5976,0.011826
5977,0.357238
5978,0.352482
5979,0.890483
5980,0.152094
5981,0.349106
5982,0.016053
5983,0.015484
5984,0.896353
5985,0.024086
5986,0.133041
5987,0.015226
5988,0.797799
5989,0.860704
5990,0.012396
5991,0.996209
5992,0.035852
5993,0.172253
5994,0.005635
5995,0.068977
5996,0.031480
5997,0.937962
5998,0.843602
5999,0.842736
6000,0.014936
6001,0.718992
6002,0.777218
6003,0.325051
6004,0.039443
6005,0.002800
6006,0.750255
6007,0.969733
6008,0.602339
6009,0.905650
6010,0.008403
6011,0.939916
6012,0.071165
6013,0.161326
6014,0.029708
6015,0.055073
6016,0.045114
6017,0.035770
6018,0.996316
6019,0.027997
6020,0.978895
6021,0.340401
6022,0.967916
6023,0.755081
6024,0.019787
6025,0.022367
6026,0.037548
6027,0.362302
6028,0.062852
6029,0.767480
6030,0.011208
6031,0.027276
6032,0.044146
6033,0.014125
6034,0.551128
6035,0.186369
6036,0.955371
6037,0.756335
6038,0.923240
6039,0.004703
6040,0.055649
6041,0.964422
6042,0.981633
6043,0.880063
6044,0.944356
6045,0.926108
6046,0.015013
6047,0.073043
6048,0.140644
6049,0.602908
6050,0.020643
6051,0.129375
6052,0.097365
6053,0.002599
6054,0.012206
6055,0.095856
6056,0.094048
6057,0.013746
6058,0.172991
6059,0.736973
6060,0.022737
6061,0.362813
6062,0.079085
6063,0.954955
6064,0.007588
6065,0.015558
6066,0.118971
6067,0.004054
6068,0.556255
6069,0.001809
6070,0.061497
6071,0.048160
6072,0.996676
6073,0.020763
6074,0.194314
6075,0.041339
6076,0.079398
6077,0.048233
6078,0.277427
6079,0.021951
6080,0.751239
6081,0.005521
6082,0.791287
6083,0.022635
6084,0.983214
6085,0.180291
6086,0.044160
6087,0.035105
6088,0.081548
6089,0.111512
6090,0.037899
6091,0.024851
6092,0.967822
6093,0.185450
6094,0.037978
6095,0.536809
6096,0.915992
6097,0.069246
6098,0.002506
6099,0.934233
6100,0.971606
6101,0.813132
6102,0.063655
6103,0.259157
6104,0.057550
6105,0.015008
6106,0.013533
6107,0.596067
6108,0.960048
6109,0.006001
6110,0.285246
6111,0.958704
6112,0.009859
6113,0.008790
6114,0.081633
6115,0.966779
6116,0.742660
6117,0.002093
6118,0.029763
6119,0.652496
6120,0.392561
6121,0.008465
6122,0.058998
6123,0.921085
6124,0.096080
6125,0.652934
6126,0.002383
6127,0.915971
6128,0.013063
6129,0.934073
6130,0.013426
6131,0.041219
6132,0.956476
6133,0.107382
6134,0.499530
6135,0.021952
6136,0.847771
6137,0.087653
6138,0.013244
6139,0.168389
6140,0.050519
6141,0.996479
6142,0.982958
6143,0.853412
6144,0.040531
6145,0.947196
6146,0.667445
6147,0.047517
6148,0.825785
6149,0.316234
6150,0.007263
6151,0.027377
6152,0.034051
6153,0.061240
6154,0.817682
6155,0.025651
6156,0.401384
6157,0.024222
6158,0.153382
6159,0.031750
6160,0.725772
6161,0.352261
6162,0.966957
6163,0.870401
6164,0.023083
6165,0.279090
6166,0.946115
6167,0.996204
6168,0.711937
6169,0.476083
6170,0.741831
6171,0.132914
6172,0.875263
6173,0.216999
6174,0.423074
6175,0.526395
6176,0.012730
6177,0.032092
6178,0.909950
6179,0.090450
6180,0.746040
6181,0.961582
6182,0.079540
6183,0.019761
6184,0.196503
6185,0.616727
6186,0.378626
6187,0.004446
6188,0.041378
6189,0.135503
6190,0.109216
6191,0.997155
6192,0.242021
6193,0.020185
6194,0.978081
6195,0.014141
6196,0.978800
6197,0.978855
6198,0.875016
6199,0.040592
6200,0.966483
6201,0.006321
6202,0.023034
6203,0.016653
6204,0.117301
6205,0.022388
6206,0.065683
6207,0.015478
6208,0.980792
6209,0.177605
6210,0.582813
6211,0.962582
6212,0.010917
6213,0.013542
6214,0.427879
6215,0.045440
6216,0.010609
6217,0.032368
6218,0.114916
6219,0.132775
6220,0.031456
6221,0.776982
6222,0.004791
6223,0.007295
6224,0.010711
6225,0.006241
6226,0.004179
6227,0.022549
6228,0.022510
6229,0.959724
6230,0.002100
6231,0.039875
6232,0.059957
6233,0.034694
6234,0.998133
6235,0.407843
6236,0.193451
6237,0.319419
6238,0.040207
6239,0.679557
6240,0.013950
6241,0.401140
6242,0.005724
6243,0.021382
6244,0.001788
6245,0.003402
6246,0.967053
6247,0.045168
6248,0.007667
6249,0.263357
6250,0.328964
6251,0.072194
6252,0.839559
6253,0.829285
6254,0.930133
6255,0.965186
6256,0.989699
6257,0.541002
6258,0.994014
6259,0.005190
6260,0.004030
6261,0.093348
6262,0.086614
6263,0.217824
6264,0.408331
6265,0.035999
6266,0.957524
6267,0.073188
6268,0.041922
6269,0.011071
6270,0.081176
6271,0.012999
6272,0.130225
6273,0.033713
6274,0.082782
6275,0.012780
6276,0.987227
6277,0.051494
6278,0.075696
6279,0.977677
6280,0.108998
6281,0.004839
6282,0.105117
6283,0.242583
6284,0.649409
6285,0.350307
6286,0.012122
6287,0.042066
6288,0.985239
6289,0.746255
6290,0.037061
6291,0.062614
6292,0.018963
6293,0.186433
6294,0.828933
6295,0.109759
6296,0.802433
6297,0.018264
6298,0.081889
6299,0.962738
6300,0.908256
6301,0.020763
6302,0.031496
6303,0.013089
6304,0.682907
6305,0.885213
6306,0.767764
6307,0.262396
6308,0.555848
6309,0.019499
6310,0.736702
6311,0.685568
6312,0.936162
6313,0.996772
6314,0.048216
6315,0.485669
6316,0.521138
6317,0.033858
6318,0.221419
6319,0.070224
6320,0.083310
6321,0.004013
6322,0.997302
6323,0.003138
6324,0.262054
6325,0.004489
6326,0.011950
6327,0.090371
6328,0.003909
6329,0.009933
6330,0.702174
6331,0.011182
6332,0.997823
6333,0.930378
6334,0.006942
6335,0.987305
6336,0.192017
6337,0.588292
6338,0.106362
6339,0.127616
6340,0.006463
6341,0.020409
6342,0.789598
6343,0.027887
6344,0.038905
6345,0.010777
6346,0.125397
6347,0.154419
6348,0.054312
6349,0.928872
6350,0.837847
6351,0.382844
6352,0.637173
6353,0.041058
6354,0.009793
6355,0.080866
6356,0.110121
6357,0.278243
6358,0.003589
6359,0.185560
6360,0.168817
6361,0.152466
6362,0.020349
6363,0.979341
6364,0.009735
6365,0.071610
6366,0.009919
6367,0.033819
6368,0.269349
6369,0.944527
6370,0.187140
6371,0.031722
6372,0.006972
6373,0.516476
6374,0.032621
6375,0.441991
6376,0.492250
6377,0.161723
6378,0.014818
6379,0.012016
6380,0.011700
6381,0.372051
6382,0.060573
6383,0.038330
6384,0.016447
6385,0.997904
6386,0.073481
6387,0.011332
6388,0.807518
6389,0.857707
6390,0.732593
6391,0.910420
6392,0.058327
6393,0.017362
6394,0.005884
6395,0.747092
6396,0.194264
6397,0.983315
6398,0.929755
6399,0.968489
6400,0.970101
6401,0.979647
6402,0.941409
6403,0.002223
6404,0.003952
6405,0.404833
6406,0.965263
6407,0.914602
6408,0.424927
6409,0.594189
6410,0.015111
6411,0.177388
6412,0.159084
6413,0.969129
6414,0.002304
6415,0.990528
6416,0.115366
6417,0.524550
6418,0.037638
6419,0.082470
6420,0.281583
6421,0.018727
6422,0.028733
6423,0.065373
6424,0.926353
6425,0.681372
6426,0.232988
6427,0.117417
6428,0.089709
6429,0.967127
6430,0.981454
6431,0.070632
6432,0.039107
6433,0.002204
6434,0.056394
6435,0.041496
6436,0.088626
6437,0.969791
6438,0.071795
6439,0.057505
6440,0.026647
6441,0.019278
6442,0.019605
6443,0.010366
6444,0.933030
6445,0.958227
6446,0.142784
6447,0.026796
6448,0.010045
6449,0.571232
6450,0.025424
6451,0.611857
6452,0.128266
6453,0.013484
6454,0.227102
6455,0.074594
6456,0.795783
6457,0.021811
6458,0.546920
6459,0.012524
6460,0.013715
6461,0.072675
6462,0.035319
6463,0.003356
6464,0.962348
6465,0.408799
6466,0.077576
6467,0.335928
6468,0.048338
6469,0.976300
6470,0.943087
6471,0.324293
6472,0.034651
6473,0.029783
6474,0.291645
6475,0.043944
6476,0.127891
6477,0.005810
6478,0.093198
6479,0.639276
6480,0.006576
6481,0.016874
6482,0.608355
6483,0.068906
6484,0.064246
6485,0.080160
6486,0.317601
6487,0.014165
6488,0.041925
6489,0.007407
6490,0.280173
6491,0.215823
6492,0.972421
6493,0.019344
6494,0.128192
6495,0.172962
6496,0.089590
6497,0.969988
6498,0.783957
6499,0.227541
6500,0.997285
6501,0.995799
6502,0.003976
6503,0.943180
6504,0.004855
6505,0.972697
6506,0.997344
6507,0.178094
6508,0.072066
6509,0.096529
6510,0.182273
6511,0.971630
6512,0.036879
6513,0.938719
6514,0.009246
6515,0.097583
6516,0.003387
6517,0.020588
6518,0.055076
6519,0.163592
6520,0.920518
6521,0.094658
6522,0.001755
6523,0.346023
6524,0.099416
6525,0.236064
6526,0.073211
6527,0.004984
6528,0.003984
6529,0.023834
6530,0.005068
6531,0.973948
6532,0.280730
6533,0.464350
6534,0.824638
6535,0.082263
6536,0.814942
6537,0.029993
6538,0.008975
6539,0.115449
6540,0.035190
6541,0.939635
6542,0.020355
6543,0.013567
6544,0.012567
6545,0.061210
6546,0.059247
6547,0.942916
6548,0.127968
6549,0.994212
6550,0.037874
6551,0.105795
6552,0.707570
6553,0.089525
6554,0.049787
6555,0.586994
6556,0.990233
6557,0.508510
6558,0.966296
6559,0.657890
6560,0.858400
6561,0.204763
6562,0.540630
6563,0.950539
6564,0.008086
6565,0.452707
6566,0.975486
6567,0.306173
6568,0.266878
6569,0.529694
6570,0.068744
6571,0.019700
6572,0.017751
6573,0.979550
6574,0.063583
6575,0.619034
6576,0.039780
6577,0.054660
6578,0.142668
6579,0.143686
6580,0.002204
6581,0.004011
6582,0.112573
6583,0.230863
6584,0.730808
6585,0.140016
6586,0.539544
6587,0.865892
6588,0.007535
6589,0.040791
6590,0.024859
6591,0.021859
6592,0.050093
6593,0.100845
6594,0.168073
6595,0.654505
6596,0.032806
6597,0.008250
6598,0.296448
6599,0.906123
6600,0.201242
6601,0.389896
6602,0.022906
6603,0.457288
6604,0.007523
6605,0.033042
6606,0.693032
6607,0.008203
6608,0.868109
6609,0.005995
6610,0.030010
6611,0.034301
6612,0.960458
6613,0.017865
6614,0.262396
6615,0.067750
6616,0.011322
6617,0.014593
6618,0.991830
6619,0.036854
6620,0.213732
6621,0.996587
6622,0.942810
6623,0.004329
6624,0.020018
6625,0.070293
6626,0.072514
6627,0.025309
6628,0.006541
6629,0.029720
6630,0.100699
6631,0.021974
6632,0.023822
6633,0.176795
6634,0.024328
6635,0.284804
6636,0.012109
6637,0.088149
6638,0.059960
6639,0.941010
6640,0.011069
6641,0.056121
6642,0.961533
6643,0.090561
6644,0.194555
6645,0.219648
6646,0.912357
6647,0.238856
6648,0.926193
6649,0.924317
6650,0.102255
6651,0.963511
6652,0.396578
6653,0.165902
6654,0.070314
6655,0.062988
6656,0.003795
6657,0.746710
6658,0.048219
6659,0.973865
6660,0.025454
6661,0.177005
6662,0.971176
6663,0.012102
6664,0.053735
6665,0.954854
6666,0.032889
6667,0.457331
6668,0.016860
6669,0.113089
6670,0.131829
6671,0.968887
6672,0.042349
6673,0.004677
6674,0.058949
6675,0.517679
6676,0.383267
6677,0.027296
6678,0.101461
6679,0.026673
6680,0.225928
6681,0.401265
6682,0.010008
6683,0.122735
6684,0.147864
6685,0.958547
6686,0.701737
6687,0.003104
6688,0.003091
6689,0.946462
6690,0.979040
6691,0.998232
6692,0.018783
6693,0.347842
6694,0.029948
6695,0.985782
6696,0.046919
6697,0.026909
6698,0.972804
6699,0.824782
6700,0.405387
6701,0.011185
6702,0.951049
6703,0.939644
6704,0.102244
6705,0.980434
6706,0.020110
6707,0.032749
6708,0.023780
6709,0.145009
6710,0.068627
6711,0.055388
6712,0.008129
6713,0.442739
6714,0.963065
6715,0.022121
6716,0.005163
6717,0.830695
6718,0.965579
6719,0.080473
6720,0.002383
6721,0.001494
6722,0.676126
6723,0.094387
6724,0.005525
6725,0.997266
6726,0.874335
6727,0.987280
6728,0.059153
6729,0.946622
6730,0.312104
6731,0.177185
6732,0.070727
6733,0.943637
6734,0.008749
6735,0.996314
6736,0.437894
6737,0.998053
6738,0.977117
6739,0.002172
6740,0.006666
6741,0.005053
6742,0.182003
6743,0.071295
6744,0.062336
6745,0.003231
6746,0.621526
6747,0.559052
6748,0.922033
6749,0.111884
6750,0.962771
6751,0.250905
6752,0.019048
6753,0.327708
6754,0.005333
6755,0.175105
6756,0.971311
6757,0.049794
6758,0.676780
6759,0.039973
6760,0.127903
6761,0.033065
6762,0.948539
6763,0.011329
6764,0.040515
6765,0.154963
6766,0.887724
6767,0.983298
6768,0.940394
6769,0.034121
6770,0.021298
6771,0.019102
6772,0.974060
6773,0.025345
6774,0.007057
6775,0.048435
6776,0.153897
6777,0.044360
6778,0.048622
6779,0.183109
6780,0.964554
6781,0.005359
6782,0.238109
6783,0.114972
6784,0.002290
6785,0.750016
6786,0.670832
6787,0.867280
6788,0.891893
6789,0.087968
6790,0.019859
6791,0.687043
6792,0.969269
6793,0.145085
6794,0.300873
6795,0.959284
6796,0.582496
6797,0.061771
6798,0.360716
6799,0.024032
6800,0.737513
6801,0.575055
6802,0.286940
6803,0.067811
6804,0.842592
6805,0.003413
6806,0.601543
6807,0.004949
6808,0.022318
6809,0.061640
6810,0.836398
6811,0.024524
6812,0.010921
6813,0.917578
6814,0.031663
6815,0.123540
6816,0.040205
6817,0.012041
6818,0.982263
6819,0.006563
6820,0.044396
6821,0.947514
6822,0.007684
6823,0.123787
6824,0.015549
6825,0.030646
6826,0.053913
6827,0.004307
6828,0.950567
6829,0.002091
6830,0.987359
6831,0.053720
6832,0.009608
6833,0.073036
6834,0.023359
6835,0.575679
6836,0.393439
6837,0.996791
6838,0.247035
6839,0.081901
6840,0.885527
6841,0.042557
6842,0.902429
6843,0.002140
6844,0.087183
6845,0.985951
6846,0.168372
6847,0.004560
6848,0.811526
6849,0.012523
6850,0.016616
6851,0.679500
6852,0.175417
6853,0.868382
6854,0.023438
6855,0.021602
6856,0.084185
6857,0.832946
6858,0.979370
6859,0.953864
6860,0.919887
6861,0.022909
6862,0.096176
6863,0.031999
6864,0.039227
6865,0.003647
6866,0.181835
6867,0.403720
6868,0.805054
6869,0.157346
6870,0.816119
6871,0.948015
6872,0.016539
6873,0.072959
6874,0.066035
6875,0.290292
6876,0.955259
6877,0.828721
6878,0.007094
6879,0.019169
6880,0.059644
6881,0.218321
6882,0.948458
6883,0.382825
6884,0.114736
6885,0.043350
6886,0.989140
6887,0.856293
6888,0.695078
6889,0.153114
6890,0.934150
6891,0.035758
6892,0.006831
6893,0.037629
6894,0.203913
6895,0.107130
6896,0.997672
6897,0.071906
6898,0.969811
6899,0.012325
6900,0.536388
6901,0.004743
6902,0.042151
6903,0.051550
6904,0.014094
6905,0.987537
6906,0.872423
6907,0.133469
6908,0.040298
6909,0.002873
6910,0.785815
6911,0.012590
6912,0.974607
6913,0.969138
6914,0.005072
6915,0.026915
6916,0.969189
6917,0.371260
6918,0.847940
6919,0.019237
6920,0.037026
6921,0.442156
6922,0.002762
6923,0.023600
6924,0.044364
6925,0.012109
6926,0.621161
6927,0.005268
6928,0.002883
6929,0.007017
6930,0.289602
6931,0.123927
6932,0.068888
6933,0.842958
6934,0.082155
6935,0.203063
6936,0.003467
6937,0.004090
6938,0.184743
6939,0.108735
6940,0.942528
6941,0.003848
6942,0.836666
6943,0.049489
6944,0.930145
6945,0.587003
6946,0.003735
6947,0.860384
6948,0.017521
6949,0.105422
6950,0.913994
6951,0.755812
6952,0.058754
6953,0.003427
6954,0.011905
6955,0.966193
6956,0.024543
6957,0.997214
6958,0.968328
6959,0.089436
6960,0.072688
6961,0.163175
6962,0.611432
6963,0.033471
6964,0.658447
6965,0.005090
6966,0.066384
6967,0.009706
6968,0.980562
6969,0.994137
6970,0.002354
6971,0.002291
6972,0.048020
6973,0.009853
6974,0.294986
6975,0.092240
6976,0.013987
6977,0.045303
6978,0.007166
6979,0.020573
6980,0.601252
6981,0.102753
6982,0.997969
6983,0.205484
6984,0.024944
6985,0.263189
6986,0.869609
6987,0.129778
6988,0.052211
6989,0.007768
6990,0.010029
6991,0.003265
6992,0.037765
6993,0.945865
6994,0.804890
6995,0.040030
6996,0.402032
6997,0.929164
6998,0.006437
6999,0.057367
7000,0.485974
7001,0.119700
7002,0.097843
7003,0.137087
7004,0.003222
7005,0.066632
7006,0.005296
7007,0.978394
7008,0.050737
7009,0.035468
7010,0.137283
7011,0.944203
7012,0.003855
7013,0.299143
7014,0.734116
7015,0.002322
7016,0.937934
7017,0.055211
7018,0.307891
7019,0.008115
7020,0.022663
7021,0.008580
7022,0.368027
7023,0.222101
7024,0.913563
7025,0.033617
7026,0.018139
7027,0.005439
7028,0.025308
7029,0.010970
7030,0.114339
7031,0.954405
7032,0.006037
7033,0.900898
7034,0.128235
7035,0.329519
7036,0.827985
7037,0.953885
7038,0.029081
7039,0.003050
7040,0.076834
7041,0.969241
7042,0.004650
7043,0.595116
7044,0.021784
7045,0.202041
7046,0.494063
7047,0.905251
7048,0.923329
7049,0.179977
7050,0.131884
7051,0.035040
7052,0.030404
7053,0.089201
7054,0.018684
7055,0.089000
7056,0.160174
7057,0.295513
7058,0.550716
7059,0.035531
7060,0.017480
7061,0.820903
7062,0.950718
7063,0.051768
7064,0.019122
7065,0.062324
7066,0.206249
7067,0.028111
7068,0.012861
7069,0.957907
7070,0.983147
7071,0.076265
7072,0.007671
7073,0.055875
7074,0.055610
7075,0.997490
7076,0.530060
7077,0.970825
7078,0.951319
7079,0.448596
7080,0.033678
7081,0.260060
7082,0.031707
7083,0.726352
7084,0.091818
7085,0.669683
7086,0.352126
7087,0.027115
7088,0.012518
7089,0.948187
7090,0.230912
7091,0.235070
7092,0.018181
7093,0.668792
7094,0.839689
7095,0.597334
7096,0.128879
7097,0.015035
7098,0.974489
7099,0.003914
7100,0.996787
7101,0.834770
7102,0.433449
7103,0.997262
7104,0.005167
7105,0.019473
7106,0.008103
7107,0.080017
7108,0.148798
7109,0.003044
7110,0.002338
7111,0.518187
7112,0.238582
7113,0.229406
7114,0.981413
7115,0.057081
7116,0.035238
7117,0.383675
7118,0.024980
7119,0.320177
7120,0.162664
7121,0.012488
7122,0.021230
7123,0.046859
7124,0.820787
7125,0.054675
7126,0.382738
7127,0.187978
7128,0.157880
7129,0.953385
7130,0.051852
7131,0.971822
7132,0.522199
7133,0.010358
7134,0.954767
7135,0.271440
7136,0.061868
7137,0.131750
7138,0.728599
7139,0.045090
7140,0.045230
7141,0.006242
7142,0.049281
7143,0.003508
7144,0.984214
7145,0.133402
7146,0.018867
7147,0.001990
7148,0.996944
7149,0.050069
7150,0.012817
7151,0.004205
7152,0.060922
7153,0.385611
7154,0.060900
7155,0.204757
7156,0.005088
7157,0.053900
7158,0.009762
7159,0.049541
7160,0.070356
7161,0.976914
7162,0.002826
7163,0.914390
7164,0.996921
7165,0.018229
7166,0.092942
7167,0.607056
7168,0.988115
7169,0.108616
7170,0.983554
7171,0.444982
7172,0.986846
7173,0.947618
7174,0.011405
7175,0.096823
7176,0.502252
7177,0.906976
7178,0.392571
7179,0.005363
7180,0.052351
7181,0.273883
7182,0.055513
7183,0.928758
7184,0.013184
7185,0.421070
7186,0.880732
7187,0.044155
7188,0.775239
7189,0.740632
7190,0.029026
7191,0.117084
7192,0.025732
7193,0.582487
7194,0.050010
7195,0.982410
7196,0.018898
7197,0.006863
7198,0.026388
7199,0.146237
7200,0.039092
7201,0.026572
7202,0.102417
7203,0.021981
7204,0.134554
7205,0.123182
7206,0.888260
7207,0.975559
7208,0.668162
7209,0.750129
7210,0.886364
7211,0.005476
7212,0.195097
7213,0.985134
7214,0.043468
7215,0.079539
7216,0.007045
7217,0.273506
7218,0.068199
7219,0.002546
7220,0.618857
7221,0.389555
7222,0.001656
7223,0.974013
7224,0.948755
7225,0.102053
7226,0.013431
7227,0.010690
7228,0.228191
7229,0.091540
7230,0.941718
7231,0.058558
7232,0.232180
7233,0.051144
7234,0.984695
7235,0.080886
7236,0.020875
7237,0.312436
7238,0.640140
7239,0.357527
7240,0.003202
7241,0.246706
7242,0.238872
7243,0.027663
7244,0.951260
7245,0.071542
7246,0.051500
7247,0.085733
7248,0.949910
7249,0.113492
7250,0.005824
7251,0.469200
7252,0.279264
7253,0.220667
7254,0.053695
7255,0.104375
7256,0.608941
7257,0.568239
7258,0.111526
7259,0.050413
7260,0.752660
7261,0.963585
7262,0.037454
7263,0.945398
7264,0.033209
7265,0.149259
7266,0.066373
7267,0.010017
7268,0.004025
7269,0.082225
7270,0.027544
7271,0.014498
7272,0.258086
7273,0.133824
7274,0.005400
7275,0.950591
7276,0.003256
7277,0.033379
7278,0.201702
7279,0.052939
7280,0.045182
7281,0.816287
7282,0.966233
7283,0.079780
7284,0.266663
7285,0.121921
7286,0.183919
7287,0.004591
7288,0.923901
7289,0.935659
7290,0.010152
7291,0.135771
7292,0.082902
7293,0.495313
7294,0.196870
7295,0.046276
7296,0.009129
7297,0.477541
7298,0.875211
7299,0.863128
7300,0.396289
7301,0.878921
7302,0.962417
7303,0.406392
7304,0.045346
7305,0.137019
7306,0.104784
7307,0.078173
7308,0.016266
7309,0.002107
7310,0.099606
7311,0.953910
7312,0.017307
7313,0.691762
7314,0.044808
7315,0.007653
7316,0.045769
7317,0.113662
7318,0.106234
7319,0.633617
7320,0.031910
7321,0.950598
7322,0.002395
7323,0.034410
7324,0.907694
7325,0.057747
7326,0.036707
7327,0.329408
7328,0.973176
7329,0.002587
7330,0.972530
7331,0.065631
7332,0.040459
7333,0.086034
7334,0.126805
7335,0.022890
7336,0.175743
7337,0.041670
7338,0.062325
7339,0.037691
7340,0.087850
7341,0.643835
7342,0.014252
7343,0.995297
7344,0.039730
7345,0.022976
7346,0.961870
7347,0.137242
7348,0.003947
7349,0.954304
7350,0.467400
7351,0.996954
7352,0.353387
7353,0.048473
7354,0.081815
7355,0.035388
7356,0.823125
7357,0.002910
7358,0.048322
7359,0.156394
7360,0.130998
7361,0.009628
7362,0.008356
7363,0.805397
7364,0.022915
7365,0.033167
7366,0.012983
7367,0.393570
7368,0.050659
7369,0.009242
7370,0.149271
7371,0.041738
7372,0.022445
7373,0.017217
7374,0.631608
7375,0.971032
7376,0.256448
7377,0.003320
7378,0.928366
7379,0.831223
7380,0.527659
7381,0.008902
7382,0.022623
7383,0.009514
7384,0.016572
7385,0.987174
7386,0.058335
7387,0.978908
7388,0.002481
7389,0.906159
7390,0.554374
7391,0.083813
7392,0.070543
7393,0.017892
7394,0.008494
7395,0.737105
7396,0.997197
7397,0.005773
7398,0.141574
7399,0.021516
7400,0.009194
7401,0.030378
7402,0.005787
7403,0.203694
7404,0.008307
7405,0.182478
7406,0.876247
7407,0.014219
7408,0.123299
7409,0.018444
7410,0.151235
7411,0.172816
7412,0.995692
7413,0.106011
7414,0.014157
7415,0.997306
7416,0.646369
7417,0.959206
7418,0.009272
7419,0.885862
7420,0.921140
7421,0.863312
7422,0.036722
7423,0.388928
7424,0.068620
7425,0.109631
7426,0.021438
7427,0.977246
7428,0.242532
7429,0.763702
7430,0.968405
7431,0.028334
7432,0.022222
7433,0.438290
7434,0.386783
7435,0.656235
7436,0.942471
7437,0.043190
7438,0.969988
7439,0.029707
7440,0.002557
7441,0.872395
7442,0.026079
7443,0.121115
7444,0.035555
7445,0.958795
7446,0.238413
7447,0.984467
7448,0.536250
7449,0.708630
7450,0.264121
7451,0.225008
7452,0.014477
7453,0.993796
7454,0.010754
7455,0.168382
7456,0.131538
7457,0.023314
7458,0.056313
7459,0.168717
7460,0.041964
7461,0.063598
7462,0.743880
7463,0.334461
7464,0.050572
7465,0.002397
7466,0.003618
7467,0.774800
7468,0.259240
7469,0.026609
7470,0.249857
7471,0.774481
7472,0.293457
7473,0.012727
7474,0.017814
7475,0.053626
7476,0.005217
7477,0.047700
7478,0.003628
7479,0.011120
7480,0.719595
7481,0.077627
7482,0.005273
7483,0.997467
7484,0.011274
7485,0.009073
7486,0.075082
7487,0.123756
7488,0.037243
7489,0.068003
7490,0.002029
7491,0.233029
7492,0.059515
7493,0.053116
7494,0.008831
7495,0.014011
7496,0.077590
7497,0.032618
7498,0.069346
7499,0.005005
7500,0.049756
7501,0.370682
7502,0.176092
7503,0.838972
7504,0.005362
7505,0.046294
7506,0.020794
7507,0.014897
7508,0.771631
7509,0.244014
7510,0.952831
7511,0.089884
7512,0.083077
7513,0.003134
7514,0.031761
7515,0.423142
7516,0.061767
7517,0.015402
7518,0.025182
7519,0.953389
7520,0.103861
7521,0.005628
7522,0.006690
7523,0.962382
7524,0.102829
7525,0.965890
7526,0.005160
7527,0.997883
7528,0.103537
7529,0.227685
7530,0.055059
7531,0.007668
7532,0.967806
7533,0.069238
7534,0.014575
7535,0.893217
7536,0.879898
7537,0.278003
7538,0.005344
7539,0.006447
7540,0.422179
7541,0.031377
7542,0.952290
7543,0.106795
7544,0.041005
7545,0.975504
7546,0.998378
7547,0.079940
7548,0.081371
7549,0.256049
7550,0.018664
7551,0.976331
7552,0.370830
7553,0.221653
7554,0.468290
7555,0.886378
7556,0.248552
7557,0.006815
7558,0.264730
7559,0.156751
7560,0.598203
7561,0.171871
7562,0.053105
7563,0.042429
7564,0.410887
7565,0.062695
7566,0.374108
7567,0.863633
7568,0.079735
7569,0.975383
7570,0.169533
7571,0.014431
7572,0.038091
7573,0.012062
7574,0.007853
7575,0.206954
7576,0.012018
7577,0.275384
7578,0.012772
7579,0.747513
7580,0.978858
7581,0.199731
7582,0.470591
7583,0.888382
7584,0.007610
7585,0.446148
7586,0.089896
7587,0.814631
7588,0.003026
7589,0.992406
7590,0.385673
7591,0.064672
7592,0.012989
7593,0.019149
7594,0.018470
7595,0.994900
7596,0.009515
7597,0.615629
7598,0.567496
7599,0.041935
7600,0.014597
7601,0.006610
7602,0.016190
7603,0.895534
7604,0.041680
7605,0.167824
7606,0.839978
7607,0.264811
7608,0.024555
7609,0.003598
7610,0.204496
7611,0.009425
7612,0.082675
7613,0.052404
7614,0.084724
7615,0.712836
7616,0.343102
7617,0.025507
7618,0.365781
7619,0.158112
7620,0.013965
7621,0.112028
7622,0.968123
7623,0.989177
7624,0.048757
7625,0.126360
7626,0.139559
7627,0.980821
7628,0.867499
7629,0.143662
7630,0.972615
7631,0.043532
7632,0.274199
7633,0.348985
7634,0.002084
7635,0.595626
7636,0.234107
7637,0.531532
7638,0.949724
7639,0.006652
7640,0.036998
7641,0.076080
7642,0.120796
7643,0.065440
7644,0.010966
7645,0.165013
7646,0.024647
7647,0.073071
7648,0.002469
7649,0.020427
7650,0.980316
7651,0.984888
7652,0.739105
7653,0.015850
7654,0.037807
7655,0.979940
7656,0.496689
7657,0.679162
7658,0.065328
7659,0.347620
7660,0.104326
7661,0.017053
7662,0.040409
7663,0.226544
7664,0.622434
7665,0.003044
7666,0.017001
7667,0.025143
7668,0.020723
7669,0.118638
7670,0.241145
7671,0.650751
7672,0.806401
7673,0.966481
7674,0.057192
7675,0.268563
7676,0.186743
7677,0.097182
7678,0.814312
7679,0.018210
7680,0.006043
7681,0.001603
7682,0.007367
7683,0.969081
7684,0.021015
7685,0.955932
7686,0.996471
7687,0.006467
7688,0.060586
7689,0.879391
7690,0.018520
7691,0.028564
7692,0.208679
7693,0.139485
7694,0.438287
7695,0.007561
7696,0.172185
7697,0.471889
7698,0.003219
7699,0.083472
7700,0.015635
7701,0.107582
7702,0.390132
7703,0.955462
7704,0.856742
7705,0.003276
7706,0.155318
7707,0.265666
7708,0.052681
7709,0.045771
7710,0.009573
7711,0.060281
7712,0.008567
7713,0.559464
7714,0.010864
7715,0.443223
7716,0.003020
7717,0.072108
7718,0.359896
7719,0.838524
7720,0.197786
7721,0.024627
7722,0.080876
7723,0.261628
7724,0.047073
7725,0.030924
7726,0.622355
7727,0.946674
7728,0.026969
7729,0.781864
7730,0.708218
7731,0.127826
7732,0.981023
7733,0.023315
7734,0.038967
7735,0.070491
7736,0.015129
7737,0.225657
7738,0.203779
7739,0.118028
7740,0.993890
7741,0.996999
7742,0.009595
7743,0.362815
7744,0.941479
7745,0.943611
7746,0.043392
7747,0.889469
7748,0.304275
7749,0.549015
7750,0.027317
7751,0.085288
7752,0.980176
7753,0.187737
7754,0.013063
7755,0.558495
7756,0.472367
7757,0.120706
7758,0.858793
7759,0.034678
7760,0.062877
7761,0.638548
7762,0.072200
7763,0.192502
7764,0.038832
7765,0.072861
7766,0.006935
7767,0.043560
7768,0.996854
7769,0.791704
7770,0.496311
7771,0.224727
7772,0.015823
7773,0.184445
7774,0.922623
7775,0.868182
7776,0.010704
7777,0.255652
7778,0.992638
7779,0.851353
7780,0.047628
7781,0.082295
7782,0.789269
7783,0.082474
7784,0.088683
7785,0.998178
7786,0.835306
7787,0.938679
7788,0.975236
7789,0.357369
7790,0.954676
7791,0.993310
7792,0.942845
7793,0.137281
7794,0.984153
7795,0.645641
7796,0.041306
7797,0.022120
7798,0.046392
7799,0.998458
7800,0.459607
7801,0.360507
7802,0.011317
7803,0.007041
7804,0.010478
7805,0.103933
7806,0.889065
7807,0.957695
7808,0.672587
7809,0.012137
7810,0.981490
7811,0.945880
7812,0.049735
7813,0.955373
7814,0.993645
7815,0.327117
7816,0.341555
7817,0.002393
7818,0.001974
7819,0.123880
7820,0.041018
7821,0.006224
7822,0.054222
7823,0.968356
7824,0.006974
7825,0.936457
7826,0.685942
7827,0.119532
7828,0.982257
7829,0.902700
7830,0.468831
7831,0.903375
7832,0.064567
7833,0.998314
7834,0.009325
7835,0.058492
7836,0.967361
7837,0.022107
7838,0.015050
7839,0.018009
7840,0.954509
7841,0.032061
7842,0.221530
7843,0.024768
7844,0.929131
7845,0.013470
7846,0.614602
7847,0.003233
7848,0.409175
7849,0.842208
7850,0.160301
7851,0.004716
7852,0.680559
7853,0.009357
7854,0.207942
7855,0.967759
7856,0.037248
7857,0.036326
7858,0.024298
7859,0.980870
7860,0.318720
7861,0.512571
7862,0.187790
7863,0.080486
7864,0.098797
7865,0.011953
7866,0.924355
7867,0.017178
7868,0.737267
7869,0.790147
7870,0.391788
7871,0.059512
7872,0.240937
7873,0.963416
7874,0.952863
7875,0.025254
7876,0.158654
7877,0.848589
7878,0.996846
7879,0.861088
7880,0.991861
7881,0.319412
7882,0.995288
7883,0.491931
7884,0.011621
7885,0.051336
7886,0.005063
7887,0.023061
7888,0.956859
7889,0.033351
7890,0.962702
7891,0.024347
7892,0.273816
7893,0.592470
7894,0.004304
7895,0.174322
7896,0.028483
7897,0.062912
7898,0.039608
7899,0.162745
7900,0.355278
7901,0.058760
7902,0.011238
7903,0.844047
7904,0.005985
7905,0.080450
7906,0.306013
7907,0.588664
7908,0.588810
7909,0.174180
7910,0.014780
7911,0.988440
7912,0.028621
7913,0.022008
7914,0.012037
7915,0.889338
7916,0.026943
7917,0.861205
7918,0.118255
7919,0.168690
7920,0.929482
7921,0.107373
7922,0.029842
7923,0.007712
7924,0.023119
7925,0.203160
7926,0.233591
7927,0.115132
7928,0.198904
7929,0.171869
7930,0.817763
7931,0.004042
7932,0.014601
7933,0.051020
7934,0.003897
7935,0.474659
7936,0.085077
7937,0.199776
7938,0.133389
7939,0.078032
7940,0.274417
7941,0.017825
7942,0.011661
7943,0.297851
7944,0.053272
7945,0.006410
7946,0.295687
7947,0.133556
7948,0.103357
7949,0.912152
7950,0.065251
7951,0.876617
7952,0.902624
7953,0.473614
7954,0.092115
7955,0.091493
7956,0.111777
7957,0.020777
7958,0.238570
7959,0.117709
7960,0.028103
7961,0.062067
7962,0.007740
7963,0.514132
7964,0.310531
7965,0.030092
7966,0.923971
7967,0.025172
7968,0.612589
7969,0.007224
7970,0.994468
7971,0.002018
7972,0.006565
7973,0.014223
7974,0.005623
7975,0.315689
7976,0.539959
7977,0.012608
7978,0.838590
7979,0.029411
7980,0.845907
7981,0.063570
7982,0.049208
7983,0.220030
7984,0.007288
7985,0.012583
7986,0.029527
7987,0.046756
7988,0.082994
7989,0.005434
7990,0.316839
7991,0.973531
7992,0.360489
7993,0.214508
7994,0.944775
7995,0.023520
7996,0.827462
7997,0.958798
7998,0.093420
7999,0.971011
8000,0.005497
8001,0.015363
8002,0.678351
8003,0.050412
8004,0.057241
8005,0.179205
8006,0.204835
8007,0.145622
8008,0.372520
8009,0.003936
8010,0.098111
8011,0.265870
8012,0.233088
8013,0.353354
8014,0.984896
8015,0.068108
8016,0.077335
8017,0.161624
8018,0.749160
8019,0.024503
8020,0.003002
8021,0.020831
8022,0.084938
8023,0.075824
8024,0.799691
8025,0.010631
8026,0.826880
8027,0.004309
8028,0.306814
8029,0.122390
8030,0.294999
8031,0.838964
8032,0.023668
8033,0.004196
8034,0.128651
8035,0.287758
8036,0.002511
8037,0.016556
8038,0.057311
8039,0.005316
8040,0.010633
8041,0.122115
8042,0.840934
8043,0.862177
8044,0.015138
8045,0.066654
8046,0.032211
8047,0.209690
8048,0.996592
8049,0.044818
8050,0.326172
8051,0.898198
8052,0.003889
8053,0.980425
8054,0.007608
8055,0.051410
8056,0.968599
8057,0.974432
8058,0.041453
8059,0.036841
8060,0.001409
8061,0.037016
8062,0.486851
8063,0.023746
8064,0.045481
8065,0.572205
8066,0.261408
8067,0.817889
8068,0.025038
8069,0.090849
8070,0.419128
8071,0.905669
8072,0.199840
8073,0.979073
8074,0.875690
8075,0.004894
8076,0.984841
8077,0.982786
8078,0.090811
8079,0.984915
8080,0.069866
8081,0.059180
8082,0.002699
8083,0.925088
8084,0.002110
8085,0.576443
8086,0.006427
8087,0.003938
8088,0.048508
8089,0.918160
8090,0.021776
8091,0.995391
8092,0.953884
8093,0.047061
8094,0.770686
8095,0.019698
8096,0.991849
8097,0.025628
8098,0.003987
8099,0.466539
8100,0.117959
8101,0.235614
8102,0.002794
8103,0.005741
8104,0.944699
8105,0.293004
8106,0.005573
8107,0.191715
8108,0.841423
8109,0.939690
8110,0.136483
8111,0.005146
8112,0.928299
8113,0.041500
8114,0.031137
8115,0.143913
8116,0.984345
8117,0.874527
8118,0.179070
8119,0.041150
8120,0.028484
8121,0.003062
8122,0.982219
8123,0.040362
8124,0.118574
8125,0.016268
8126,0.588605
8127,0.975321
8128,0.083653
8129,0.022299
8130,0.677168
8131,0.085119
8132,0.007152
8133,0.072986
8134,0.929608
8135,0.733274
8136,0.106111
8137,0.057279
8138,0.005457
8139,0.031427
8140,0.010348
8141,0.031280
8142,0.592257
8143,0.135529
8144,0.142389
8145,0.320654
8146,0.012261
8147,0.070433
8148,0.067591
8149,0.399879
8150,0.038106
8151,0.984330
8152,0.639834
8153,0.014523
8154,0.049888
8155,0.265373
8156,0.067568
8157,0.036968
8158,0.139889
8159,0.005454
8160,0.532324
8161,0.229788
8162,0.009508
8163,0.016962
8164,0.259338
8165,0.009601
8166,0.119834
8167,0.986360
8168,0.062398
8169,0.917448
8170,0.202790
8171,0.030077
8172,0.269056
8173,0.784646
8174,0.018500
8175,0.746434
8176,0.124111
8177,0.045630
8178,0.531732
8179,0.058214
8180,0.003778
8181,0.224845
8182,0.960359
8183,0.464364
8184,0.024919
8185,0.049801
8186,0.324876
8187,0.592606
8188,0.975514
8189,0.235537
8190,0.125054
8191,0.072574
8192,0.953702
8193,0.034625
8194,0.017236
8195,0.035767
8196,0.958876
8197,0.189592
8198,0.305082
8199,0.077091
8200,0.492887
8201,0.144842
8202,0.008937
8203,0.227573
8204,0.780753
8205,0.086821
8206,0.030300
8207,0.156063
8208,0.986734
8209,0.663297
8210,0.493748
8211,0.048390
8212,0.006117
8213,0.004391
8214,0.856828
8215,0.084314
8216,0.038206
8217,0.481104
8218,0.251006
8219,0.007826
8220,0.099157
8221,0.985904
8222,0.017583
8223,0.164255
8224,0.134655
8225,0.415340
8226,0.245200
8227,0.010461
8228,0.029937
8229,0.002034
8230,0.212220
8231,0.004960
8232,0.997159
8233,0.021846
8234,0.322885
8235,0.880706
8236,0.995729
8237,0.006494
8238,0.018062
8239,0.017042
8240,0.927936
8241,0.992142
8242,0.017685
8243,0.063670
8244,0.090821
8245,0.292120
8246,0.087813
8247,0.985137
8248,0.250967
8249,0.517391
8250,0.400149
8251,0.053902
8252,0.363880
8253,0.280587
8254,0.392047
8255,0.989203
8256,0.183970
8257,0.002462
8258,0.720165
8259,0.191909
8260,0.002804
8261,0.008357
8262,0.115956
8263,0.079560
8264,0.003395
8265,0.038642
8266,0.223951
8267,0.962870
8268,0.104368
8269,0.575836
8270,0.050701
8271,0.444962
8272,0.056968
8273,0.085822
8274,0.067730
8275,0.965473
8276,0.075416
8277,0.311359
8278,0.105060
8279,0.073059
8280,0.176784
8281,0.005043
8282,0.032250
8283,0.996567
8284,0.311398
8285,0.944497
8286,0.032744
8287,0.013213
8288,0.762124
8289,0.433213
8290,0.014135
8291,0.016042
8292,0.002412
8293,0.148826
8294,0.472511
8295,0.506503
8296,0.020424
8297,0.902117
8298,0.372313
8299,0.984736
8300,0.031270
8301,0.014895
8302,0.047324
8303,0.043706
8304,0.061369
8305,0.010165
8306,0.529599
8307,0.979223
8308,0.002651
8309,0.214396
8310,0.128788
8311,0.969148
8312,0.826996
8313,0.336038
8314,0.036050
8315,0.983168
8316,0.955100
8317,0.053351
8318,0.013461
8319,0.016852
8320,0.006772
8321,0.006657
8322,0.170656
8323,0.086211
8324,0.017183
8325,0.004441
8326,0.668713
8327,0.021621
8328,0.026843
8329,0.204714
8330,0.983259
8331,0.232002
8332,0.311217
8333,0.002368
8334,0.688825
8335,0.949962
8336,0.699241
8337,0.081978
8338,0.004701
8339,0.031365
8340,0.072979
8341,0.217616
8342,0.960531
8343,0.042606
8344,0.993762
8345,0.012653
8346,0.909019
8347,0.182009
8348,0.097796
8349,0.282334
8350,0.181308
8351,0.025776
8352,0.953300
8353,0.676107
8354,0.002930
8355,0.932915
8356,0.078091
8357,0.310105
8358,0.195593
8359,0.901549
8360,0.984373
8361,0.249904
8362,0.932633
8363,0.121399
8364,0.996946
8365,0.725020
8366,0.011258
8367,0.335510
8368,0.834392
8369,0.004467
8370,0.063290
8371,0.811543
8372,0.065057
8373,0.502722
8374,0.333650
8375,0.214850
8376,0.143873
8377,0.007098
8378,0.258588
8379,0.012986
8380,0.685826
8381,0.552177
8382,0.997201
8383,0.016856
8384,0.004670
8385,0.057903
8386,0.917624
8387,0.990637
8388,0.215211
8389,0.076884
8390,0.002281
8391,0.077115
8392,0.004835
8393,0.774011
8394,0.403841
8395,0.150608
8396,0.084054
8397,0.997990
8398,0.963489
8399,0.076763
8400,0.051269
8401,0.649521
8402,0.943004
8403,0.569829
8404,0.023736
8405,0.923121
8406,0.191948
8407,0.967064
8408,0.004025
8409,0.022172
8410,0.049632
8411,0.115084
8412,0.092784
8413,0.096097
8414,0.018231
8415,0.317806
8416,0.002996
8417,0.056459
8418,0.012401
8419,0.800728
8420,0.005899
8421,0.996770
8422,0.039016
8423,0.280143
8424,0.003679
8425,0.465834
8426,0.996455
8427,0.419952
8428,0.970396
8429,0.128269
8430,0.014088
8431,0.389433
8432,0.013907
8433,0.892827
8434,0.151875
8435,0.092315
8436,0.845739
8437,0.850938
8438,0.015388
8439,0.091538
8440,0.022406
8441,0.408985
8442,0.009332
8443,0.183554
8444,0.037489
8445,0.007278
8446,0.038381
8447,0.122877
8448,0.061093
8449,0.638536
8450,0.022365
8451,0.067536
8452,0.002295
8453,0.997950
8454,0.718324
8455,0.112728
8456,0.527513
8457,0.089972
8458,0.996206
8459,0.392605
8460,0.212580
8461,0.064346
8462,0.031728
8463,0.010633
8464,0.077811
8465,0.023519
8466,0.823139
8467,0.004722
8468,0.666832
8469,0.059896
8470,0.096272
8471,0.978880
8472,0.989823
8473,0.090005
8474,0.008836
8475,0.935524
8476,0.157367
8477,0.376372
8478,0.614203
8479,0.003408
8480,0.005207
8481,0.004141
8482,0.012314
8483,0.004548
8484,0.345231
8485,0.154695
8486,0.142175
8487,0.031718
8488,0.003237
8489,0.858798
8490,0.088546
8491,0.866956
8492,0.565165
8493,0.013252
8494,0.032927
8495,0.933110
8496,0.185758
8497,0.050766
8498,0.059665
8499,0.420931
8500,0.008864
8501,0.145907
8502,0.061416
8503,0.884782
8504,0.031967
8505,0.015500
8506,0.030191
8507,0.051338
8508,0.026804
8509,0.010823
8510,0.043045
8511,0.011047
8512,0.022178
8513,0.004601
8514,0.021786
8515,0.285146
8516,0.046396
8517,0.049719
8518,0.248660
8519,0.019580
8520,0.005217
8521,0.113543
8522,0.876203
8523,0.116938
8524,0.979523
8525,0.007957
8526,0.653432
8527,0.009578
8528,0.063080
8529,0.748993
8530,0.866323
8531,0.863589
8532,0.565339
8533,0.014128
8534,0.013910
8535,0.993992
8536,0.109725
8537,0.054581
8538,0.401653
8539,0.041910
8540,0.214876
8541,0.321250
8542,0.054124
8543,0.977281
8544,0.971998
8545,0.089923
8546,0.041334
8547,0.140579
8548,0.848053
8549,0.022364
8550,0.028972
8551,0.032639
8552,0.053484
8553,0.137449
8554,0.195690
8555,0.037644
8556,0.194228
8557,0.852105
8558,0.974812
8559,0.806121
8560,0.989016
8561,0.680284
8562,0.081188
8563,0.042936
8564,0.017004
8565,0.025781
8566,0.923580
8567,0.625859
8568,0.953878
8569,0.183996
8570,0.807348
8571,0.010405
8572,0.996463
8573,0.383970
8574,0.026671
8575,0.062602
8576,0.002716
8577,0.851590
8578,0.975538
8579,0.055124
8580,0.619429
8581,0.658100
8582,0.011408
8583,0.614013
8584,0.721304
8585,0.006833
8586,0.063344
8587,0.032158
8588,0.122140
8589,0.007788
8590,0.640065
8591,0.979145
8592,0.094202
8593,0.097265
8594,0.003956
8595,0.944361
8596,0.249117
8597,0.006655
8598,0.889218
8599,0.943419
8600,0.073812
8601,0.086301
8602,0.062238
8603,0.099636
8604,0.834803
8605,0.027194
8606,0.052606
8607,0.206911
8608,0.982047
8609,0.030715
8610,0.038270
8611,0.656735
8612,0.170469
8613,0.972111
8614,0.919079
8615,0.418965
8616,0.077660
8617,0.075383
8618,0.704915
8619,0.023732
8620,0.097662
8621,0.925193
8622,0.055301
8623,0.873266
8624,0.010733
8625,0.125643
8626,0.011786
8627,0.029517
8628,0.369376
8629,0.004190
8630,0.895939
8631,0.063023
8632,0.073469
8633,0.919972
8634,0.245354
8635,0.725680
8636,0.931980
8637,0.990727
8638,0.011236
8639,0.527880
8640,0.008146
8641,0.476256
8642,0.002549
8643,0.778461
8644,0.004029
8645,0.004049
8646,0.304989
8647,0.384503
8648,0.055394
8649,0.225532
8650,0.007437
8651,0.009034
8652,0.863249
8653,0.004196
8654,0.009942
8655,0.004053
8656,0.008272
8657,0.354306
8658,0.435550
8659,0.047566
8660,0.002733
8661,0.217193
8662,0.006347
8663,0.086772
8664,0.002297
8665,0.008319
8666,0.975924
8667,0.025274
8668,0.058546
8669,0.105271
8670,0.003691
8671,0.254755
8672,0.963017
8673,0.024334
8674,0.026760
8675,0.966663
8676,0.905783
8677,0.004246
8678,0.037954
8679,0.094762
8680,0.445136
8681,0.081081
8682,0.942102
8683,0.470654
8684,0.478437
8685,0.005177
8686,0.062550
8687,0.007672
8688,0.959095
8689,0.057474
8690,0.048041
8691,0.959958
8692,0.138145
8693,0.032824
8694,0.998570
8695,0.985671
8696,0.013850
8697,0.961898
8698,0.083252
8699,0.051775
8700,0.043539
8701,0.947307
8702,0.009543
8703,0.045287
8704,0.002800
8705,0.681353
8706,0.997037
8707,0.012162
8708,0.012922
8709,0.024247
8710,0.121762
8711,0.017051
8712,0.047570
8713,0.115348
8714,0.768946
8715,0.019512
8716,0.009519
8717,0.498384
8718,0.932042
8719,0.035054
8720,0.030482
8721,0.032667
8722,0.986611
8723,0.004749
8724,0.006904
8725,0.023856
8726,0.026879
8727,0.014696
8728,0.290348
8729,0.998333
8730,0.690307
8731,0.632539
8732,0.807754
8733,0.701945
8734,0.003541
8735,0.079631
8736,0.758480
8737,0.899314
8738,0.125871
8739,0.146276
8740,0.965583
8741,0.973128
8742,0.994686
8743,0.026314
8744,0.002170
8745,0.238103
8746,0.170886
8747,0.058712
8748,0.017360
8749,0.061936
8750,0.055456
8751,0.125099
8752,0.577114
8753,0.721728
8754,0.183558
8755,0.959771
8756,0.209287
8757,0.210043
8758,0.023119
8759,0.330526
8760,0.002853
8761,0.829504
8762,0.018020
8763,0.969315
8764,0.210538
8765,0.287869
8766,0.009932
8767,0.072708
8768,0.014789
8769,0.067960
8770,0.035349
8771,0.004460
8772,0.013827
8773,0.022673
8774,0.598576
8775,0.012421
8776,0.022663
8777,0.229132
8778,0.133992
8779,0.010705
8780,0.007048
8781,0.958255
8782,0.050966
8783,0.042548
8784,0.002885
8785,0.009307
8786,0.097375
8787,0.003550
8788,0.979361
8789,0.036734
8790,0.975772
8791,0.081547
8792,0.017888
8793,0.067147
8794,0.909706
8795,0.729732
8796,0.006762
8797,0.633879
8798,0.931657
8799,0.065367
8800,0.022362
8801,0.034163
8802,0.015480
8803,0.614167
8804,0.020182
8805,0.100964
8806,0.222437
8807,0.019767
8808,0.436731
8809,0.339435
8810,0.023051
8811,0.322006
8812,0.925038
8813,0.006072
8814,0.606058
8815,0.926087
8816,0.895309
8817,0.983267
8818,0.880528
8819,0.269532
8820,0.386678
8821,0.154112
8822,0.758070
8823,0.949505
8824,0.007350
8825,0.062427
8826,0.351292
8827,0.654859
8828,0.171072
8829,0.041354
8830,0.010192
8831,0.037972
8832,0.234443
8833,0.021270
8834,0.830517
8835,0.005771
8836,0.090390
8837,0.173009
8838,0.316190
8839,0.118208
8840,0.074454
8841,0.983138
8842,0.938015
8843,0.043352
8844,0.639579
8845,0.114683
8846,0.006594
8847,0.023223
8848,0.989640
8849,0.036895
8850,0.921318
8851,0.076591
8852,0.912592
8853,0.186566
8854,0.002037
8855,0.018693
8856,0.016772
8857,0.027285
8858,0.091151
8859,0.552113
8860,0.060803
8861,0.052042
8862,0.044109
8863,0.370446
8864,0.009189
8865,0.691484
8866,0.967328
8867,0.049966
8868,0.956828
8869,0.194215
8870,0.079657
8871,0.345168
8872,0.021981
8873,0.010226
8874,0.327264
8875,0.071098
8876,0.004816
8877,0.998393
8878,0.002220
8879,0.053345
8880,0.012048
8881,0.348015
8882,0.185260
8883,0.203187
8884,0.941597
8885,0.274243
8886,0.111559
8887,0.016353
8888,0.045784
8889,0.021847
8890,0.076252
8891,0.242707
8892,0.151700
8893,0.283147
8894,0.157758
8895,0.957513
8896,0.341188
8897,0.294335
8898,0.529499
8899,0.098884
8900,0.171788
8901,0.494401
8902,0.997526
8903,0.406921
8904,0.541897
8905,0.436028
8906,0.959393
8907,0.065035
8908,0.075381
8909,0.729473
8910,0.660866
8911,0.033110
8912,0.256964
8913,0.041479
8914,0.039073
8915,0.046485
8916,0.005462
8917,0.067304
8918,0.045762
8919,0.145981
8920,0.082468
8921,0.043728
8922,0.956770
8923,0.023813
8924,0.776373
8925,0.408670
8926,0.015236
8927,0.656543
8928,0.954364
8929,0.306395
8930,0.643302
8931,0.075714
8932,0.949553
8933,0.033634
8934,0.102466
8935,0.834259
8936,0.895968
8937,0.012501
8938,0.946381
8939,0.155350
8940,0.324029
8941,0.004961
8942,0.213633
8943,0.307049
8944,0.775276
8945,0.855790
8946,0.124310
8947,0.956912
8948,0.127987
8949,0.272966
8950,0.464036
8951,0.995636
8952,0.018191
8953,0.021367
8954,0.036431
8955,0.927078
8956,0.623395
8957,0.942494
8958,0.882987
8959,0.248948
8960,0.017452
8961,0.699947
8962,0.010860
8963,0.956256
8964,0.255073
8965,0.022918
8966,0.296789
8967,0.015075
8968,0.013651
8969,0.006573
8970,0.006375
8971,0.011166
8972,0.004919
8973,0.379262
8974,0.018578
8975,0.868473
8976,0.146935
8977,0.048905
8978,0.462792
8979,0.002047
8980,0.008467
8981,0.758913
8982,0.074609
8983,0.549276
8984,0.007891
8985,0.018720
8986,0.008438
8987,0.011183
8988,0.010451
8989,0.219060
8990,0.010772
8991,0.081916
8992,0.007803
8993,0.108905
8994,0.974088
8995,0.482670
8996,0.044303
8997,0.970719
8998,0.011897
8999,0.074564
9000,0.094683
9001,0.250402
9002,0.003868
9003,0.988647
9004,0.186970
9005,0.881037
9006,0.921683
9007,0.095477
9008,0.065409
9009,0.061023
9010,0.810531
9011,0.832164
9012,0.013243
9013,0.011262
9014,0.109560
9015,0.007660
9016,0.329837
9017,0.084440
9018,0.838811
9019,0.199446
9020,0.015786
9021,0.409850
9022,0.027074
9023,0.187523
9024,0.036022
9025,0.536971
9026,0.152068
9027,0.995997
9028,0.160940
9029,0.006947
9030,0.636959
9031,0.144283
9032,0.145852
9033,0.978916
9034,0.038476
9035,0.008508
9036,0.039131
9037,0.021217
9038,0.189364
9039,0.153505
9040,0.021909
9041,0.294319
9042,0.088295
9043,0.298135
9044,0.006175
9045,0.033943
9046,0.015779
9047,0.068375
9048,0.184679
9049,0.975177
9050,0.071170
9051,0.967670
9052,0.024876
9053,0.008471
9054,0.063073
9055,0.327037
9056,0.296845
9057,0.059895
9058,0.997190
9059,0.056488
9060,0.012378
9061,0.277691
9062,0.900580
9063,0.011918
9064,0.011541
9065,0.486323
9066,0.109872
9067,0.246305
9068,0.026330
9069,0.007383
9070,0.041295
9071,0.086537
9072,0.878021
9073,0.754545
9074,0.924061
9075,0.004682
9076,0.867082
9077,0.007028
9078,0.123351
9079,0.707532
9080,0.630389
9081,0.724534
9082,0.554544
9083,0.447442
9084,0.052482
9085,0.975535
9086,0.893018
9087,0.977934
9088,0.664664
9089,0.167634
9090,0.353136
9091,0.386423
9092,0.399061
9093,0.009259
9094,0.020425
9095,0.591889
9096,0.932778
9097,0.002535
9098,0.044480
9099,0.172955
9100,0.005206
9101,0.864807
9102,0.032489
9103,0.703464
9104,0.167154
9105,0.062177
9106,0.173699
9107,0.009343
9108,0.455893
9109,0.306326
9110,0.001521
9111,0.853663
9112,0.010052
9113,0.667615
9114,0.014868
9115,0.813717
9116,0.106644
9117,0.915740
9118,0.211642
9119,0.618626
9120,0.039604
9121,0.581932
9122,0.072711
9123,0.165593
9124,0.005411
9125,0.521998
9126,0.151253
9127,0.030113
9128,0.004692
9129,0.011238
9130,0.397146
9131,0.979695
9132,0.091492
9133,0.009717
9134,0.071783
9135,0.381732
9136,0.010234
9137,0.052698
9138,0.016637
9139,0.024468
9140,0.948819
9141,0.076273
9142,0.049532
9143,0.822725
9144,0.238030
9145,0.020103
9146,0.003406
9147,0.089259
9148,0.216465
9149,0.053164
9150,0.151810
9151,0.007479
9152,0.588763
9153,0.211844
9154,0.742538
9155,0.993738
9156,0.636773
9157,0.894957
9158,0.251177
9159,0.006380
9160,0.100832
9161,0.005371
9162,0.078023
9163,0.003775
9164,0.022684
9165,0.019111
9166,0.970273
9167,0.012644
9168,0.189933
9169,0.961377
9170,0.704250
9171,0.979085
9172,0.916531
9173,0.451652
9174,0.089964
9175,0.071140
9176,0.002136
9177,0.337817
9178,0.533779
9179,0.016954
9180,0.007304
9181,0.515362
9182,0.003952
9183,0.009851
9184,0.173057
9185,0.023305
9186,0.091509
9187,0.033049
9188,0.030217
9189,0.760024
9190,0.005577
9191,0.049150
9192,0.968301
9193,0.002414
9194,0.007527
9195,0.009939
9196,0.900350
9197,0.057759
9198,0.005331
9199,0.046241
9200,0.063182
9201,0.997888
9202,0.042470
9203,0.035018
9204,0.142615
9205,0.003319
9206,0.290748
9207,0.387611
9208,0.004425
9209,0.012984
9210,0.934985
9211,0.845051
9212,0.208739
9213,0.075489
9214,0.033229
9215,0.054909
9216,0.146775
9217,0.040770
9218,0.262182
9219,0.048731
9220,0.016130
9221,0.491773
9222,0.056643
9223,0.992399
9224,0.092207
9225,0.988995
9226,0.993526
9227,0.037905
9228,0.010508
9229,0.012142
9230,0.112529
9231,0.032903
9232,0.915113
9233,0.005139
9234,0.087264
9235,0.066982
9236,0.006971
9237,0.085825
9238,0.137497
9239,0.232726
9240,0.539501
9241,0.159579
9242,0.001675
9243,0.994757
9244,0.006712
9245,0.024376
9246,0.206209
9247,0.039203
9248,0.993385
9249,0.995036
9250,0.034711
9251,0.549173
9252,0.004874
9253,0.005828
9254,0.094556
9255,0.998380
9256,0.123000
9257,0.258525
9258,0.913789
9259,0.033783
9260,0.049434
9261,0.940224
9262,0.778208
9263,0.015086
9264,0.014395
9265,0.012203
9266,0.855643
9267,0.347471
9268,0.065342
9269,0.737378
9270,0.004862
9271,0.002634
9272,0.046602
9273,0.042512
9274,0.038169
9275,0.012588
9276,0.009187
9277,0.145787
9278,0.987665
9279,0.080246
9280,0.649955
9281,0.973377
9282,0.244174
9283,0.872320
9284,0.098509
9285,0.226708
9286,0.089788
9287,0.396375
9288,0.097091
9289,0.079411
9290,0.043499
9291,0.073592
9292,0.474272
9293,0.362715
9294,0.113447
9295,0.486950
9296,0.123394
9297,0.964154
9298,0.068060
9299,0.006212
9300,0.059106
9301,0.194341
9302,0.031477
9303,0.048969
9304,0.051573
9305,0.007659
9306,0.092254
9307,0.675265
9308,0.967476
9309,0.963501
9310,0.044002
9311,0.882388
9312,0.860565
9313,0.812382
9314,0.013482
9315,0.352288
9316,0.907508
9317,0.486570
9318,0.006635
9319,0.031109
9320,0.017798
9321,0.812376
9322,0.640429
9323,0.491455
9324,0.009602
9325,0.007116
9326,0.161131
9327,0.032368
9328,0.544833
9329,0.093120
9330,0.848235
9331,0.187247
9332,0.035907
9333,0.031681
9334,0.367125
9335,0.008260
9336,0.070905
9337,0.775561
9338,0.120240
9339,0.287899
9340,0.116757
9341,0.025607
9342,0.032851
9343,0.023741
9344,0.082309
9345,0.003812
9346,0.094151
9347,0.027865
9348,0.027905
9349,0.039695
9350,0.057873
9351,0.013958
9352,0.063106
9353,0.026341
9354,0.027706
9355,0.400006
9356,0.225334
9357,0.009159
9358,0.211747
9359,0.972520
9360,0.067865
9361,0.002463
9362,0.026618
9363,0.023847
9364,0.373881
9365,0.003758
9366,0.099790
9367,0.961560
9368,0.114011
9369,0.054692
9370,0.957010
9371,0.497036
9372,0.014550
9373,0.003211
9374,0.041918
9375,0.244215
9376,0.879000
9377,0.068474
9378,0.998415
9379,0.091377
9380,0.028684
9381,0.984504
9382,0.072843
9383,0.977833
9384,0.928056
9385,0.967747
9386,0.002888
9387,0.393912
9388,0.182913
9389,0.647248
9390,0.013018
9391,0.177495
9392,0.043886
9393,0.033968
9394,0.457924
9395,0.844268
9396,0.014831
9397,0.996635
9398,0.006028
9399,0.003534
9400,0.519360
9401,0.047127
9402,0.090858
9403,0.011594
9404,0.979891
9405,0.509048
9406,0.003066
9407,0.005991
9408,0.439651
9409,0.210051
9410,0.938754
9411,0.220725
9412,0.024878
9413,0.046709
9414,0.006605
9415,0.211626
9416,0.017647
9417,0.022991
9418,0.042493
9419,0.245034
9420,0.978004
9421,0.083756
9422,0.995799
9423,0.037152
9424,0.752779
9425,0.981745
9426,0.271732
9427,0.061000
9428,0.050899
9429,0.615163
9430,0.002135
9431,0.928046
9432,0.013422
9433,0.929440
9434,0.009056
9435,0.997942
9436,0.983723
9437,0.006025
9438,0.319993
9439,0.006210
9440,0.382432
9441,0.844456
9442,0.063664
9443,0.057906
9444,0.060244
9445,0.924585
9446,0.006583
9447,0.983728
9448,0.024958
9449,0.044263
9450,0.048323
9451,0.003416
9452,0.980867
9453,0.507467
9454,0.018683
9455,0.018404
9456,0.004012
9457,0.503936
9458,0.011702
9459,0.286071
9460,0.015690
9461,0.916606
9462,0.329767
9463,0.052821
9464,0.097807
9465,0.001738
9466,0.592126
9467,0.931182
9468,0.075322
9469,0.001648
9470,0.965084
9471,0.007644
9472,0.965989
9473,0.107242
9474,0.967156
9475,0.024493
9476,0.025467
9477,0.066534
9478,0.848797
9479,0.054837
9480,0.899796
9481,0.927879
9482,0.187668
9483,0.933458
9484,0.041915
9485,0.201611
9486,0.941580
9487,0.715008
9488,0.979758
9489,0.223692
9490,0.011892
9491,0.036678
9492,0.990519
9493,0.070756
9494,0.134976
9495,0.002670
9496,0.013516
9497,0.069912
9498,0.304544
9499,0.958616
9500,0.228886
9501,0.089204
9502,0.977574
9503,0.982262
9504,0.252286
9505,0.743357
9506,0.991233
9507,0.041217
9508,0.031726
9509,0.041845
9510,0.011184
9511,0.224221
9512,0.147766
9513,0.766218
9514,0.151128
9515,0.064600
9516,0.207991
9517,0.039253
9518,0.013389
9519,0.015706
9520,0.003036
9521,0.022281
9522,0.419796
9523,0.022960
9524,0.042316
9525,0.002093
9526,0.679990
9527,0.020974
9528,0.083304
9529,0.202575
9530,0.034720
9531,0.039024
9532,0.016193
9533,0.440218
9534,0.806163
9535,0.813464
9536,0.010323
9537,0.990124
9538,0.034643
9539,0.439719
9540,0.984359
9541,0.200467
9542,0.271553
9543,0.004226
9544,0.022514
9545,0.080571
9546,0.973531
9547,0.841839
9548,0.019502
9549,0.214933
9550,0.716799
9551,0.673889
9552,0.952763
9553,0.653847
9554,0.978911
9555,0.495559
9556,0.016990
9557,0.966519
9558,0.056233
9559,0.069976
9560,0.001898
9561,0.079973
9562,0.994203
9563,0.203955
9564,0.970437
9565,0.004119
9566,0.071793
9567,0.990868
9568,0.033225
9569,0.085684
9570,0.368501
9571,0.083291
9572,0.162062
9573,0.809947
9574,0.922108
9575,0.049277
9576,0.976759
9577,0.207568
9578,0.005601
9579,0.004339
9580,0.921418
9581,0.855466
9582,0.011045
9583,0.848257
9584,0.921752
9585,0.027207
9586,0.004447
9587,0.016789
9588,0.955884
9589,0.019726
9590,0.138435
9591,0.217501
9592,0.535753
9593,0.018960
9594,0.960118
9595,0.978374
9596,0.040844
9597,0.920557
9598,0.978685
9599,0.068535
9600,0.725066
9601,0.653552
9602,0.004973
9603,0.065668
9604,0.068186
9605,0.089474
9606,0.002438
9607,0.233920
9608,0.715699
9609,0.539968
9610,0.006212
9611,0.004133
9612,0.007115
9613,0.034589
9614,0.438480
9615,0.143967
9616,0.886356
9617,0.027841
9618,0.604295
9619,0.176199
9620,0.004069
9621,0.295322
9622,0.011138
9623,0.615307
9624,0.145924
9625,0.006151
9626,0.038325
9627,0.056354
9628,0.975413
9629,0.498207
9630,0.939093
9631,0.997220
9632,0.993756
9633,0.043670
9634,0.068787
9635,0.997940
9636,0.983181
9637,0.008020
9638,0.060532
9639,0.062799
9640,0.126387
9641,0.006520
9642,0.102114
9643,0.120552
9644,0.977734
9645,0.115355
9646,0.361139
9647,0.485423
9648,0.001864
9649,0.719336
9650,0.010441
9651,0.986519
9652,0.764842
9653,0.237360
9654,0.186787
9655,0.020043
9656,0.425066
9657,0.973057
9658,0.998557
9659,0.032325
9660,0.039353
9661,0.053033
9662,0.968412
9663,0.012465
9664,0.005148
9665,0.105755
9666,0.047184
9667,0.113646
9668,0.228351
9669,0.067919
9670,0.759377
9671,0.252156
9672,0.064729
9673,0.069584
9674,0.588311
9675,0.118756
9676,0.112286
9677,0.002877
9678,0.948689
9679,0.021713
9680,0.460882
9681,0.392566
9682,0.189272
9683,0.948027
9684,0.029692
9685,0.880222
9686,0.112070
9687,0.081964
9688,0.030238
9689,0.015518
9690,0.185167
9691,0.838172
9692,0.051524
9693,0.028590
9694,0.722968
9695,0.009589
9696,0.968088
9697,0.185825
9698,0.065669
9699,0.006393
9700,0.042612
9701,0.132611
9702,0.996143
9703,0.117484
9704,0.040276
9705,0.139183
9706,0.721881
9707,0.094118
9708,0.018757
9709,0.079171
9710,0.522481
9711,0.054376
9712,0.452390
9713,0.542311
9714,0.024373
9715,0.059054
9716,0.331931
9717,0.020193
9718,0.040627
9719,0.100447
9720,0.995569
9721,0.979041
9722,0.072929
9723,0.015241
9724,0.059184
9725,0.864885
9726,0.114212
9727,0.124137
9728,0.339490
9729,0.020668
9730,0.974466
9731,0.016889
9732,0.003760
9733,0.012699
9734,0.029467
9735,0.640302
9736,0.196522
9737,0.031927
9738,0.050057
9739,0.963427
9740,0.052932
9741,0.078699
9742,0.043671
9743,0.809707
9744,0.032957
9745,0.875688
9746,0.004727
9747,0.443508
9748,0.745110
9749,0.977615
9750,0.005079
9751,0.976894
9752,0.012277
9753,0.969007
9754,0.324732
9755,0.995956
9756,0.112593
9757,0.969532
9758,0.223485
9759,0.017803
9760,0.009350
9761,0.212146
9762,0.002026
9763,0.065524
9764,0.879707
9765,0.196428
9766,0.118686
9767,0.989776
9768,0.358239
9769,0.013100
9770,0.552806
9771,0.086342
9772,0.061517
9773,0.741316
9774,0.008693
9775,0.100167
9776,0.004426
9777,0.117215
9778,0.104289
9779,0.125479
9780,0.994122
9781,0.092710
9782,0.804307
9783,0.164346
9784,0.457778
9785,0.962074
9786,0.546079
9787,0.033064
9788,0.004623
9789,0.305523
9790,0.181451
9791,0.041542
9792,0.118586
9793,0.111232
9794,0.761852
9795,0.066258
9796,0.050711
9797,0.924655
9798,0.471970
9799,0.040854
9800,0.039167
9801,0.020077
9802,0.179272
9803,0.004729
9804,0.775926
9805,0.008706
9806,0.744111
9807,0.046836
9808,0.031471
9809,0.050268
9810,0.007064
9811,0.030594
9812,0.054121
9813,0.004459
9814,0.047555
9815,0.210593
9816,0.201869
9817,0.036495
9818,0.330413
9819,0.917340
9820,0.043920
9821,0.078508
9822,0.009042
9823,0.928149
9824,0.405265
9825,0.977372
9826,0.006586
9827,0.992403
9828,0.504645
9829,0.655667
9830,0.990199
9831,0.019822
9832,0.065830
9833,0.160356
9834,0.025589
9835,0.635060
9836,0.979712
9837,0.995680
9838,0.001894
9839,0.040229
9840,0.996029
9841,0.044563
9842,0.332328
9843,0.776204
9844,0.065715
9845,0.003667
9846,0.813422
9847,0.390477
9848,0.026735
9849,0.004354
9850,0.203031
9851,0.042246
9852,0.015900
9853,0.022513
9854,0.099060
9855,0.249145
9856,0.040425
9857,0.959307
9858,0.038593
9859,0.911079
9860,0.070826
9861,0.085039
9862,0.113809
9863,0.004364
9864,0.867635
9865,0.994528
9866,0.049051
9867,0.002837
9868,0.486820
9869,0.160388
9870,0.871077
9871,0.941882
9872,0.083774
9873,0.017540
9874,0.854529
9875,0.170731
9876,0.070453
9877,0.126599
9878,0.025831
9879,0.882956
9880,0.011810
9881,0.925818
9882,0.940007
9883,0.029463
9884,0.018261
9885,0.048503
9886,0.175932
9887,0.018791
9888,0.944197
9889,0.997209
9890,0.294913
9891,0.010856
9892,0.068119
9893,0.229596
9894,0.057926
9895,0.076783
9896,0.871699
9897,0.144807
9898,0.071752
9899,0.092789
9900,0.160080
9901,0.038160
9902,0.052657
9903,0.044509
9904,0.820854
9905,0.012470
9906,0.103883
9907,0.296183
9908,0.004812
9909,0.959630
9910,0.968519
9911,0.077582
9912,0.041597
9913,0.012990
9914,0.157130
9915,0.995239
9916,0.105963
9917,0.088980
9918,0.012148
9919,0.651013
9920,0.005282
9921,0.441541
9922,0.001625
9923,0.386513
9924,0.189501
9925,0.252203
9926,0.144756
9927,0.137407
9928,0.004914
9929,0.936689
9930,0.964549
9931,0.472254
9932,0.153505
9933,0.150534
9934,0.026983
9935,0.838771
9936,0.981460
9937,0.213133
9938,0.331145
9939,0.055960
9940,0.108603
9941,0.029217
9942,0.082619
9943,0.012771
9944,0.046812
9945,0.963356
9946,0.036893
9947,0.105928
9948,0.027729
9949,0.004463
9950,0.040928
9951,0.166865
9952,0.006620
9953,0.995796
9954,0.759450
9955,0.136681
9956,0.850651
9957,0.011798
9958,0.992743
9959,0.219283
9960,0.695693
9961,0.011481
9962,0.051393
9963,0.019596
9964,0.179616
9965,0.041485
9966,0.009069
9967,0.004555
9968,0.076185
9969,0.004638
9970,0.098605
9971,0.991652
9972,0.028816
9973,0.012203
9974,0.029077
9975,0.970270
9976,0.311456
9977,0.147310
9978,0.173302
9979,0.002108
9980,0.097366
9981,0.078027
9982,0.003759
9983,0.150213
9984,0.014144
9985,0.005928
9986,0.029092
9987,0.091583
9988,0.075717
9989,0.018740
9990,0.088577
9991,0.950486
9992,0.045487
9993,0.050888
9994,0.749807
9995,0.002294
9996,0.257357
9997,0.507871
9998,0.987034
9999,0.079690
10000,0.509856
10001,0.923077
10002,0.407170
10003,0.299404
10004,0.010464
10005,0.964886
10006,0.964980
10007,0.032069
10008,0.981089
10009,0.961878
10010,0.110810
10011,0.042176
10012,0.925307
10013,0.036181
10014,0.287618
10015,0.077071
10016,0.030821
10017,0.006748
10018,0.003326
10019,0.051386
10020,0.015877
10021,0.036252
10022,0.984754
10023,0.986549
10024,0.606234
10025,0.015292
10026,0.019512
10027,0.068883
10028,0.836643
10029,0.012154
10030,0.004389
10031,0.063862
10032,0.662879
10033,0.883039
10034,0.007727
10035,0.014000
10036,0.062576
10037,0.947405
10038,0.011748
10039,0.328855
10040,0.139331
10041,0.013074
10042,0.944643
10043,0.015886
10044,0.199673
10045,0.014808
10046,0.005351
10047,0.860569
10048,0.116827
10049,0.835796
10050,0.011783
10051,0.531427
10052,0.915907
10053,0.111521
10054,0.611737
10055,0.222165
10056,0.003844
10057,0.972034
10058,0.976376
10059,0.047585
10060,0.881318
10061,0.171099
10062,0.002715
10063,0.055038
10064,0.980582
10065,0.173654
10066,0.049164
10067,0.015508
10068,0.016162
10069,0.078971
10070,0.025926
10071,0.662846
10072,0.883361
10073,0.653523
10074,0.255278
10075,0.910589
10076,0.947613
10077,0.099936
10078,0.006793
10079,0.074081
10080,0.101949
10081,0.105206
10082,0.367253
10083,0.015319
10084,0.140814
10085,0.379145
10086,0.086209
10087,0.795103
10088,0.047712
10089,0.806291
10090,0.002540
10091,0.032819
10092,0.003196
10093,0.027062
10094,0.409537
10095,0.061847
10096,0.024856
10097,0.981194
10098,0.167113
10099,0.222077
10100,0.012744
10101,0.009201
10102,0.034131
10103,0.023659
10104,0.955658
10105,0.003050
10106,0.178739
10107,0.005063
10108,0.314861
10109,0.077076
10110,0.129058
10111,0.017622
10112,0.036540
10113,0.069230
10114,0.024182
10115,0.007891
10116,0.579970
10117,0.051343
10118,0.087833
10119,0.437721
10120,0.286019
10121,0.153942
10122,0.158467
10123,0.122721
10124,0.005447
10125,0.086635
10126,0.955263
10127,0.028862
10128,0.042315
10129,0.039403
10130,0.095358
10131,0.629319
10132,0.383402
10133,0.098361
10134,0.978646
10135,0.027967
10136,0.017936
10137,0.006371
10138,0.547157
10139,0.883129
10140,0.206263
10141,0.103970
10142,0.005826
10143,0.081297
10144,0.002564
10145,0.017617
10146,0.075107
10147,0.346004
10148,0.668694
10149,0.732323
10150,0.117499
10151,0.026479
10152,0.010544
10153,0.927941
10154,0.046911
10155,0.033161
10156,0.564045
10157,0.220472
10158,0.914703
10159,0.188895
10160,0.986144
10161,0.024715
10162,0.928630
10163,0.996823
10164,0.003829
10165,0.021442
10166,0.003932
10167,0.809100
10168,0.232076
10169,0.865873
10170,0.007255
10171,0.131971
10172,0.308821
10173,0.109196
10174,0.003616
10175,0.410364
10176,0.002877
10177,0.997052
10178,0.006582
10179,0.029872
10180,0.171272
10181,0.004936
10182,0.033299
10183,0.942559
10184,0.996437
10185,0.939929
10186,0.241729
10187,0.009159
10188,0.038401
10189,0.010458
10190,0.001698
10191,0.977189
10192,0.962653
10193,0.095829
10194,0.043312
10195,0.034148
10196,0.642095
10197,0.032400
10198,0.045406
10199,0.061049
10200,0.006744
10201,0.009979
10202,0.041947
10203,0.018321
10204,0.925721
10205,0.007562
10206,0.995774
10207,0.019174
10208,0.973139
10209,0.909830
10210,0.976152
10211,0.579019
10212,0.889705
10213,0.535552
10214,0.152127
10215,0.011708
10216,0.443473
10217,0.908906
10218,0.010384
10219,0.034818
10220,0.098820
10221,0.002799
10222,0.004023
10223,0.951561
10224,0.830631
10225,0.079426
10226,0.017875
10227,0.998407
10228,0.006362
10229,0.522883
10230,0.998249
10231,0.023755
10232,0.148835
10233,0.251343
10234,0.055712
10235,0.013022
10236,0.024630
10237,0.476877
10238,0.071302
10239,0.929380
10240,0.031259
10241,0.014423
10242,0.224339
10243,0.083950
10244,0.003589
10245,0.928707
10246,0.017193
10247,0.539643
10248,0.660644
10249,0.753512
10250,0.008560
10251,0.059115
10252,0.017086
10253,0.888658
10254,0.141121
10255,0.151349
10256,0.971815
10257,0.838596
10258,0.027555
10259,0.028203
10260,0.970972
10261,0.009549
10262,0.002325
10263,0.740493
10264,0.658125
10265,0.019899
10266,0.559726
10267,0.878156
10268,0.012311
10269,0.033179
10270,0.523545
10271,0.010772
10272,0.067494
10273,0.854469
10274,0.573968
10275,0.192119
10276,0.110701
10277,0.157630
10278,0.133134
10279,0.979384
10280,0.019061
10281,0.657907
10282,0.018843
10283,0.493772
10284,0.287431
10285,0.042461
10286,0.128255
10287,0.188613
10288,0.895615
10289,0.824997
10290,0.040032
10291,0.059966
10292,0.016770
10293,0.073067
10294,0.385913
10295,0.107292
10296,0.968638
10297,0.193439
10298,0.043401
10299,0.124325
10300,0.932985
10301,0.003409
10302,0.813684
10303,0.067664
10304,0.180353
10305,0.046111
10306,0.918983
10307,0.115003
10308,0.125222
10309,0.052385
10310,0.111431
10311,0.069474
10312,0.974586
10313,0.054484
10314,0.001395
10315,0.730199
10316,0.176621
10317,0.063324
10318,0.327452
10319,0.007786
10320,0.084642
10321,0.053399
10322,0.103343
10323,0.097380
10324,0.002161
10325,0.339553
10326,0.474680
10327,0.008615
10328,0.724189
10329,0.308669
10330,0.032848
10331,0.057227
10332,0.046163
10333,0.190248
10334,0.967163
10335,0.935173
10336,0.220388
10337,0.608575
10338,0.431670
10339,0.378494
10340,0.600765
10341,0.058725
10342,0.757023
10343,0.892171
10344,0.836350
10345,0.015374
10346,0.976727
10347,0.888504
10348,0.012661
10349,0.763745
10350,0.093198
10351,0.968991
10352,0.039974
10353,0.934120
10354,0.475094
10355,0.184773
10356,0.109766
10357,0.101978
10358,0.967170
10359,0.028705
10360,0.929352
10361,0.958198
10362,0.008112
10363,0.013865
10364,0.355890
10365,0.008768
10366,0.052721
10367,0.010675
10368,0.982183
10369,0.011570
10370,0.005168
10371,0.137097
10372,0.031379
10373,0.453627
10374,0.968039
10375,0.002534
10376,0.030302
10377,0.172141
10378,0.473227
10379,0.031405
10380,0.179147
10381,0.047786
10382,0.957842
10383,0.998158
10384,0.019469
10385,0.100234
10386,0.063588
10387,0.008837
10388,0.098875
10389,0.023523
10390,0.423016
10391,0.003138
10392,0.329744
10393,0.023775
10394,0.786433
10395,0.144611
10396,0.434571
10397,0.158430
10398,0.938050
10399,0.123400
10400,0.648930
10401,0.653049
10402,0.574962
10403,0.027227
10404,0.024775
10405,0.778197
10406,0.550935
10407,0.007312
10408,0.955184
10409,0.169598
10410,0.353762
10411,0.062212
10412,0.057539
10413,0.023721
10414,0.981035
10415,0.185519
10416,0.538750
10417,0.052310
10418,0.976844
10419,0.079088
10420,0.530647
10421,0.959954
10422,0.693802
10423,0.103619
10424,0.791534
10425,0.250831
10426,0.013568
10427,0.064715
10428,0.023762
10429,0.043344
10430,0.139476
10431,0.648226
10432,0.961456
10433,0.100399
10434,0.007477
10435,0.023321
10436,0.015428
10437,0.005962
10438,0.008948
10439,0.002238
10440,0.001655
10441,0.903178
10442,0.950458
10443,0.496975
10444,0.227980
10445,0.037765
10446,0.006715
10447,0.879948
10448,0.009984
10449,0.978235
10450,0.995010
10451,0.316172
10452,0.978092
10453,0.786904
10454,0.295077
10455,0.009392
10456,0.010879
10457,0.007129
10458,0.959387
10459,0.034276
10460,0.046195
10461,0.407285
10462,0.121046
10463,0.053101
10464,0.950793
10465,0.013583
10466,0.156250
10467,0.036002
10468,0.529059
10469,0.849750
10470,0.881059
10471,0.017732
10472,0.781859
10473,0.122728
10474,0.123348
10475,0.011965
10476,0.076159
10477,0.991050
10478,0.889025
10479,0.070363
10480,0.971082
10481,0.964423
10482,0.132020
10483,0.046994
10484,0.970497
10485,0.100307
10486,0.086027
10487,0.078062
10488,0.460776
10489,0.355003
10490,0.648482
10491,0.030861
10492,0.002283
10493,0.983194
10494,0.196662
10495,0.968257
10496,0.064381
10497,0.032468
10498,0.230628
10499,0.035394
10500,0.978416
10501,0.492577
10502,0.566614
10503,0.908131
10504,0.208369
10505,0.096199
10506,0.353145
10507,0.247665
10508,0.025857
10509,0.019486
10510,0.963964
10511,0.173104
10512,0.025551
10513,0.082362
10514,0.805671
10515,0.016475
10516,0.872834
10517,0.048626
10518,0.372549
10519,0.706069
10520,0.993523
10521,0.211804
10522,0.004135
10523,0.018373
10524,0.911962
10525,0.632783
10526,0.234001
10527,0.395812
10528,0.776207
10529,0.953172
10530,0.071986
10531,0.067813
10532,0.010719
10533,0.051358
10534,0.066574
10535,0.539840
10536,0.995939
10537,0.072089
10538,0.027786
10539,0.058741
10540,0.291070
10541,0.923248
10542,0.085904
10543,0.936501
10544,0.722901
10545,0.944568
10546,0.996906
10547,0.803939
10548,0.021163
10549,0.972691
10550,0.162562
10551,0.012447
10552,0.025396
10553,0.037658
10554,0.949000
10555,0.026450
10556,0.151960
10557,0.072597
10558,0.901252
10559,0.909866
10560,0.055258
10561,0.002488
10562,0.215509
10563,0.834329
10564,0.713710
10565,0.008279
10566,0.461385
10567,0.039013
10568,0.063139
10569,0.079631
10570,0.420229
10571,0.117853
10572,0.131103
10573,0.307906
10574,0.967359
10575,0.013234
10576,0.019623
10577,0.964586
10578,0.849564
10579,0.038855
10580,0.003112
10581,0.021548
10582,0.934282
10583,0.977231
10584,0.038941
10585,0.967181
10586,0.154227
10587,0.931785
10588,0.014763
10589,0.156904
10590,0.374320
10591,0.008933
10592,0.778125
10593,0.069298
10594,0.030094
10595,0.004196
10596,0.180506
10597,0.940582
10598,0.095872
10599,0.131178
10600,0.033491
10601,0.844651
10602,0.074125
10603,0.938292
10604,0.001955
10605,0.679267
10606,0.986171
10607,0.010994
10608,0.008964
10609,0.104310
10610,0.037028
10611,0.940960
10612,0.012559
10613,0.047294
10614,0.031348
10615,0.039517
10616,0.168784
10617,0.605740
10618,0.961087
10619,0.005837
10620,0.950349
10621,0.051849
10622,0.441341
10623,0.140925
10624,0.110126
10625,0.158842
10626,0.118014
10627,0.085913
10628,0.388305
10629,0.005639
10630,0.981401
10631,0.003131
10632,0.055313
10633,0.020304
10634,0.508750
10635,0.905934
10636,0.869006
10637,0.996636
10638,0.083155
10639,0.745872
10640,0.161089
10641,0.180560
10642,0.502891
10643,0.004306
10644,0.019766
10645,0.997016
10646,0.006509
10647,0.005476
10648,0.004118
10649,0.934515
10650,0.238020
10651,0.126701
10652,0.996027
10653,0.327066
10654,0.880800
10655,0.175705
10656,0.977120
10657,0.247093
10658,0.207371
10659,0.019824
10660,0.003717
10661,0.971340
10662,0.037935
10663,0.145002
10664,0.097760
10665,0.006383
10666,0.494192
10667,0.402801
10668,0.682483
10669,0.004942
10670,0.033370
10671,0.003201
10672,0.002917
10673,0.060873
10674,0.393140
10675,0.710730
10676,0.030670
10677,0.976677
10678,0.077290
10679,0.032361
10680,0.002214
10681,0.440560
10682,0.029663
10683,0.483927
10684,0.032044
10685,0.937800
10686,0.992807
10687,0.022639
10688,0.010750
10689,0.876709
10690,0.007061
10691,0.492419
10692,0.936987
10693,0.820673
10694,0.006748
10695,0.502478
10696,0.095492
10697,0.021763
10698,0.810470
10699,0.997857
10700,0.918443
10701,0.142654
10702,0.013482
10703,0.945860
10704,0.472288
10705,0.979091
10706,0.701223
10707,0.951002
10708,0.005530
10709,0.085466
10710,0.008253
10711,0.002395
10712,0.165592
10713,0.036064
10714,0.003274
10715,0.244077
10716,0.713638
10717,0.114240
10718,0.001925
10719,0.532859
10720,0.766389
10721,0.979524
10722,0.949897
10723,0.942769
10724,0.004698
10725,0.122528
10726,0.932711
10727,0.996316
10728,0.030872
10729,0.104989
10730,0.005429
10731,0.996189
10732,0.084192
10733,0.065337
10734,0.135906
10735,0.971624
10736,0.006296
10737,0.436910
10738,0.003330
10739,0.864333
10740,0.316973
10741,0.264933
10742,0.957197
10743,0.006641
10744,0.832536
10745,0.267885
10746,0.781386
10747,0.009751
10748,0.990200
10749,0.996783
10750,0.791126
10751,0.016378
10752,0.058001
10753,0.082373
10754,0.741548
10755,0.017547
10756,0.125742
10757,0.971290
10758,0.521567
10759,0.091306
10760,0.181444
10761,0.005585
10762,0.059225
10763,0.404511
10764,0.962001
10765,0.899546
10766,0.043399
10767,0.170766
10768,0.003951
10769,0.278867
10770,0.990875
10771,0.046368
10772,0.014579
10773,0.002691
10774,0.018910
10775,0.467284
10776,0.556229
10777,0.030670
10778,0.062499
10779,0.907794
10780,0.003316
10781,0.031601
10782,0.002947
10783,0.832310
10784,0.097485
10785,0.443189
10786,0.972147
10787,0.082244
10788,0.005746
10789,0.997946
10790,0.351351
10791,0.064009
10792,0.007889
10793,0.654652
10794,0.246121
10795,0.337747
10796,0.060467
10797,0.036830
10798,0.818663
10799,0.214325
10800,0.092978
10801,0.018055
10802,0.003656
10803,0.051361
10804,0.981900
10805,0.843044
10806,0.045878
10807,0.108770
10808,0.053937
10809,0.176927
10810,0.942336
10811,0.037325
10812,0.024608
10813,0.053065
10814,0.087561
10815,0.414451
10816,0.091504
10817,0.965508
10818,0.056493
10819,0.084617
10820,0.003500
10821,0.055561
10822,0.030102
10823,0.043937
10824,0.004153
10825,0.086674
10826,0.132762
10827,0.004843
10828,0.915506
10829,0.073814
10830,0.038971
10831,0.241116
10832,0.333467
10833,0.030123
10834,0.126412
10835,0.295848
10836,0.018423
10837,0.547844
10838,0.496203
10839,0.233666
10840,0.019066
10841,0.113770
10842,0.857245
10843,0.975271
10844,0.243368
10845,0.035827
10846,0.103819
10847,0.025833
10848,0.222409
10849,0.041706
10850,0.160646
10851,0.298054
10852,0.920160
10853,0.026671
10854,0.001727
10855,0.043654
10856,0.067490
10857,0.044376
10858,0.206839
10859,0.970640
10860,0.237883
10861,0.063323
10862,0.041061
10863,0.121762
10864,0.927509
10865,0.287795
10866,0.076769
10867,0.042888
10868,0.019779
10869,0.970655
10870,0.318249
10871,0.023947
10872,0.071934
10873,0.068021
10874,0.995967
10875,0.245463
10876,0.078034
10877,0.038902
10878,0.003313
10879,0.951768
10880,0.030145
10881,0.946451
10882,0.926281
10883,0.800732
10884,0.964412
10885,0.006574
10886,0.881367
10887,0.039318
10888,0.971900
10889,0.100819
10890,0.872707
10891,0.008051
10892,0.009207
10893,0.990162
10894,0.978496
10895,0.962812
10896,0.087505
10897,0.072341
10898,0.011021
10899,0.006675
10900,0.032853
10901,0.480733
10902,0.069491
10903,0.154513
10904,0.009873
10905,0.479127
10906,0.125835
10907,0.055097
10908,0.817798
10909,0.005666
10910,0.943734
10911,0.976247
10912,0.008198
10913,0.885992
10914,0.998290
10915,0.833069
10916,0.950037
10917,0.124503
10918,0.387104
10919,0.123397
10920,0.972593
10921,0.983482
10922,0.936438
10923,0.844532
10924,0.539849
10925,0.051801
10926,0.509213
10927,0.007566
10928,0.438393
10929,0.943674
10930,0.525042
10931,0.102651
10932,0.014634
10933,0.239098
10934,0.166248
10935,0.985034
10936,0.397730
10937,0.118126
10938,0.977213
10939,0.235571
10940,0.911528
10941,0.996428
10942,0.643765
10943,0.014181
10944,0.035840
10945,0.236695
10946,0.022766
10947,0.041462
10948,0.004097
10949,0.030707
10950,0.009596
10951,0.933474
10952,0.061783
10953,0.015216
10954,0.059285
10955,0.225135
10956,0.420650
10957,0.002716
10958,0.018329
10959,0.002894
10960,0.948918
10961,0.280783
10962,0.725814
10963,0.242979
10964,0.002462
10965,0.743430
10966,0.953399
10967,0.949035
10968,0.188887
10969,0.187417
10970,0.043566
10971,0.081800
10972,0.473102
10973,0.599504
10974,0.247528
10975,0.523627
10976,0.183762
10977,0.964213
10978,0.107360
10979,0.003938
10980,0.903022
10981,0.558287
10982,0.979246
10983,0.057499
10984,0.024710
10985,0.982521
10986,0.050669
10987,0.041819
10988,0.101516
10989,0.050054
10990,0.110820
10991,0.063252
10992,0.029356
10993,0.090764
10994,0.005247
10995,0.129781
10996,0.473256
10997,0.043914
10998,0.035657
10999,0.067653
11000,0.030402
11001,0.017897
11002,0.317963
11003,0.504441
11004,0.977531
11005,0.004900
11006,0.005273
11007,0.170981
11008,0.129417
11009,0.035900
11010,0.078845
11011,0.002239
11012,0.172653
11013,0.519788
11014,0.039269
11015,0.081189
11016,0.006305
11017,0.924860
11018,0.009638
11019,0.094816
11020,0.900130
11021,0.007920
11022,0.237808
11023,0.002523
11024,0.781179
11025,0.118151
11026,0.757074
11027,0.080877
11028,0.905647
11029,0.005767
11030,0.006040
11031,0.021167
11032,0.891844
11033,0.050489
11034,0.015664
11035,0.987366
11036,0.071153
11037,0.991095
11038,0.235332
11039,0.987222
11040,0.007204
11041,0.052860
11042,0.959241
11043,0.031160
11044,0.143642
11045,0.877293
11046,0.023247
11047,0.469860
11048,0.023423
11049,0.010202
11050,0.828849
11051,0.212096
11052,0.201742
11053,0.686477
11054,0.982672
11055,0.857928
11056,0.083031
11057,0.022101
11058,0.063648
11059,0.026608
11060,0.333839
11061,0.636150
11062,0.961840
11063,0.002264
11064,0.887657
11065,0.967425
11066,0.046674
11067,0.053300
11068,0.919746
11069,0.937444
11070,0.035275
11071,0.024623
11072,0.945242
11073,0.013158
11074,0.993360
11075,0.076474
11076,0.117094
11077,0.018918
11078,0.635672
11079,0.012808
11080,0.003049
11081,0.016993
11082,0.765126
11083,0.084185
11084,0.052156
11085,0.083355
11086,0.167046
11087,0.004966
11088,0.007582
11089,0.983639
11090,0.979614
11091,0.018288
11092,0.942793
11093,0.742325
11094,0.081487
11095,0.956098
11096,0.454276
11097,0.037534
11098,0.091995
11099,0.954536
11100,0.079081
11101,0.191366
11102,0.027037
11103,0.922266
11104,0.013999
11105,0.097363
11106,0.966118
11107,0.979035
11108,0.403863
11109,0.977230
11110,0.042640
11111,0.952292
11112,0.045118
11113,0.002460
11114,0.096758
11115,0.371211
11116,0.163384
11117,0.955878
11118,0.085632
11119,0.950373
11120,0.003265
11121,0.117632
11122,0.012469
11123,0.996810
11124,0.773977
11125,0.982586
11126,0.048457
11127,0.041451
11128,0.955715
11129,0.004889
11130,0.073265
11131,0.877891
11132,0.060985
11133,0.469686
11134,0.093528
11135,0.941829
11136,0.253928
11137,0.011573
11138,0.964089
11139,0.036239
11140,0.946608
11141,0.025948
11142,0.129789
11143,0.965247
11144,0.023734
11145,0.165419
11146,0.961801
11147,0.009533
11148,0.974930
11149,0.070515
11150,0.711114
11151,0.021623
11152,0.020068
11153,0.762640
11154,0.041298
11155,0.157826
11156,0.038395
11157,0.528473
11158,0.993792
11159,0.015787
11160,0.892681
11161,0.979620
11162,0.195179
11163,0.853162
11164,0.033356
11165,0.255354
11166,0.094884
11167,0.022390
11168,0.994066
11169,0.704142
11170,0.015954
11171,0.879713
11172,0.028248
11173,0.005108
11174,0.154987
11175,0.177561
11176,0.027927
11177,0.986485
11178,0.005143
11179,0.007066
11180,0.867084
11181,0.238684
11182,0.965641
11183,0.512152
11184,0.002555
11185,0.896028
11186,0.052151
11187,0.990870
11188,0.070606
11189,0.090403
11190,0.054715
11191,0.997445
11192,0.221892
11193,0.060181
11194,0.071920
11195,0.098026
11196,0.023693
11197,0.101118
11198,0.683548
11199,0.900127
11200,0.299895
11201,0.008193
11202,0.002336
11203,0.119005
11204,0.005208
11205,0.029595
11206,0.007240
11207,0.217632
11208,0.016473
11209,0.961300
11210,0.026983
11211,0.051570
11212,0.070604
11213,0.004538
11214,0.848143
11215,0.052409
11216,0.287392
11217,0.214157
11218,0.077741
11219,0.991659
11220,0.074475
11221,0.317014
11222,0.157832
11223,0.002471
11224,0.070560
11225,0.996871
11226,0.010022
11227,0.109878
11228,0.519180
11229,0.070227
11230,0.003367
11231,0.982074
