index,target
0,0.005075
1,0.829995
2,0.051368
3,0.040648
4,0.998310
5,0.003995
6,0.957206
7,0.133376
8,0.061830
9,0.851973
10,0.010012
11,0.001901
12,0.079422
13,0.545921
14,0.794629
15,0.370951
16,0.133434
17,0.980201
18,0.811513
19,0.976799
20,0.094984
21,0.719603
22,0.993813
23,0.121768
24,0.964366
25,0.004466
26,0.002830
27,0.012458
28,0.034048
29,0.002680
30,0.028435
31,0.004003
32,0.007530
33,0.284919
34,0.116036
35,0.228813
36,0.872470
37,0.009128
38,0.058577
39,0.174204
40,0.265770
41,0.934523
42,0.003508
43,0.290583
44,0.787028
45,0.033967
46,0.798898
47,0.082517
48,0.577746
49,0.095938
50,0.092163
51,0.005375
52,0.196876
53,0.012062
54,0.151013
55,0.024522
56,0.048144
57,0.938460
58,0.034056
59,0.760024
60,0.389333
61,0.008751
62,0.827300
63,0.724079
64,0.119312
65,0.004862
66,0.010663
67,0.895638
68,0.976677
69,0.161291
70,0.089923
71,0.377818
72,0.088208
73,0.077809
74,0.129808
75,0.007953
76,0.002813
77,0.005713
78,0.019142
79,0.858353
80,0.245327
81,0.172032
82,0.177287
83,0.110893
84,0.110371
85,0.565877
86,0.740689
87,0.020536
88,0.270189
89,0.003456
90,0.666782
91,0.048487
92,0.085933
93,0.071078
94,0.051938
95,0.699118
96,0.458219
97,0.037630
98,0.969923
99,0.309446
100,0.003050
101,0.061937
102,0.124006
103,0.112640
104,0.584410
105,0.086689
106,0.854219
107,0.612586
108,0.187126
109,0.155487
110,0.914138
111,0.034248
112,0.248357
113,0.023274
114,0.009345
115,0.189165
116,0.975767
117,0.296796
118,0.314592
119,0.970458
120,0.923267
121,0.002285
122,0.469613
123,0.115901
124,0.084866
125,0.143841
126,0.028642
127,0.137139
128,0.070185
129,0.166800
130,0.005215
131,0.051562
132,0.976980
133,0.082305
134,0.957229
135,0.913014
136,0.974449
137,0.942332
138,0.868381
139,0.080550
140,0.018325
141,0.473074
142,0.007267
143,0.050468
144,0.006934
145,0.977854
146,0.575830
147,0.930390
148,0.958433
149,0.027159
150,0.518712
151,0.071900
152,0.077788
153,0.017913
154,0.057916
155,0.050181
156,0.401728
157,0.827917
158,0.117806
159,0.065524
160,0.007022
161,0.508888
162,0.037910
163,0.602999
164,0.029079
165,0.066318
166,0.139589
167,0.017964
168,0.975074
169,0.005396
170,0.021123
171,0.038715
172,0.130941
173,0.879603
174,0.004380
175,0.004227
176,0.974714
177,0.972827
178,0.003638
179,0.879790
180,0.124438
181,0.025862
182,0.894132
183,0.146618
184,0.912221
185,0.081635
186,0.435119
187,0.012293
188,0.261617
189,0.015006
190,0.004721
191,0.909362
192,0.085860
193,0.063788
194,0.159761
195,0.974659
196,0.050665
197,0.979894
198,0.160561
199,0.361902
200,0.143567
201,0.041914
202,0.940799
203,0.003145
204,0.027609
205,0.005905
206,0.085870
207,0.889041
208,0.047948
209,0.999093
210,0.092990
211,0.003671
212,0.416830
213,0.003448
214,0.037325
215,0.182427
216,0.042356
217,0.313023
218,0.721999
219,0.302713
220,0.136897
221,0.075023
222,0.005493
223,0.024987
224,0.297370
225,0.985251
226,0.913301
227,0.029965
228,0.890404
229,0.004612
230,0.032279
231,0.982356
232,0.220701
233,0.048488
234,0.152881
235,0.067964
236,0.242943
237,0.647250
238,0.021300
239,0.950628
240,0.057020
241,0.040031
242,0.179673
243,0.215990
244,0.852616
245,0.092540
246,0.094102
247,0.006513
248,0.609268
249,0.993566
250,0.245011
251,0.060128
252,0.051972
253,0.127741
254,0.012041
255,0.202164
256,0.368482
257,0.816220
258,0.007267
259,0.016829
260,0.204393
261,0.025436
262,0.994983
263,0.857304
264,0.008403
265,0.080201
266,0.744332
267,0.150503
268,0.005413
269,0.005060
270,0.372928
271,0.548607
272,0.033074
273,0.015805
274,0.994682
275,0.999022
276,0.101383
277,0.012250
278,0.012641
279,0.032720
280,0.968059
281,0.951204
282,0.964907
283,0.010206
284,0.109798
285,0.087551
286,0.011572
287,0.012460
288,0.991547
289,0.290484
290,0.157993
291,0.968438
292,0.882748
293,0.978621
294,0.002981
295,0.103322
296,0.120664
297,0.075608
298,0.006534
299,0.989637
300,0.077063
301,0.878670
302,0.769857
303,0.062783
304,0.672503
305,0.827715
306,0.090588
307,0.071756
308,0.524704
309,0.610009
310,0.972936
311,0.043836
312,0.417944
313,0.006281
314,0.496571
315,0.024102
316,0.973053
317,0.028147
318,0.002024
319,0.541688
320,0.186635
321,0.045212
322,0.001749
323,0.025726
324,0.115327
325,0.789586
326,0.058956
327,0.805528
328,0.012661
329,0.012110
330,0.742293
331,0.061741
332,0.184511
333,0.061421
334,0.485917
335,0.067899
336,0.048137
337,0.967875
338,0.011671
339,0.010902
340,0.004485
341,0.983003
342,0.825258
343,0.120619
344,0.024032
345,0.963810
346,0.408627
347,0.119421
348,0.005187
349,0.334565
350,0.995318
351,0.019654
352,0.034077
353,0.044815
354,0.042044
355,0.034914
356,0.938576
357,0.044659
358,0.931169
359,0.325813
360,0.104965
361,0.618658
362,0.009224
363,0.156886
364,0.009386
365,0.631544
366,0.019031
367,0.589716
368,0.374617
369,0.888847
370,0.708429
371,0.944096
372,0.023810
373,0.161371
374,0.047270
375,0.800202
376,0.183939
377,0.030959
378,0.006935
379,0.013489
380,0.034346
381,0.107382
382,0.930797
383,0.040681
384,0.224825
385,0.181446
386,0.027084
387,0.580886
388,0.105960
389,0.041373
390,0.787002
391,0.036467
392,0.015788
393,0.780088
394,0.974204
395,0.695347
396,0.957211
397,0.378444
398,0.126765
399,0.003572
400,0.069199
401,0.004203
402,0.007611
403,0.200117
404,0.006447
405,0.047127
406,0.979034
407,0.651908
408,0.034185
409,0.167309
410,0.085720
411,0.824736
412,0.119377
413,0.449586
414,0.060321
415,0.009809
416,0.948674
417,0.218212
418,0.061940
419,0.974882
420,0.243445
421,0.004298
422,0.019472
423,0.753101
424,0.921622
425,0.020163
426,0.178124
427,0.016489
428,0.984667
429,0.996559
430,0.991599
431,0.135752
432,0.422324
433,0.015131
434,0.785863
435,0.026925
436,0.962735
437,0.045425
438,0.047408
439,0.991839
440,0.820587
441,0.134471
442,0.065384
443,0.011196
444,0.270274
445,0.023919
446,0.983847
447,0.187876
448,0.016511
449,0.349977
450,0.019002
451,0.790785
452,0.915896
453,0.388324
454,0.094542
455,0.883328
456,0.922862
457,0.028354
458,0.242458
459,0.473629
460,0.217453
461,0.652753
462,0.268374
463,0.889644
464,0.021793
465,0.974146
466,0.995418
467,0.006634
468,0.803458
469,0.968641
470,0.093730
471,0.316223
472,0.959311
473,0.014960
474,0.023790
475,0.007055
476,0.018806
477,0.071112
478,0.129698
479,0.652477
480,0.008184
481,0.980715
482,0.110890
483,0.972159
484,0.930345
485,0.033216
486,0.034799
487,0.091831
488,0.011412
489,0.007248
490,0.036197
491,0.033499
492,0.003667
493,0.034444
494,0.427978
495,0.157679
496,0.014181
497,0.834945
498,0.365157
499,0.054161
500,0.981562
501,0.073297
502,0.068691
503,0.234672
504,0.733529
505,0.198277
506,0.020164
507,0.981792
508,0.610432
509,0.069677
510,0.032696
511,0.488268
512,0.007768
513,0.969143
514,0.951837
515,0.942878
516,0.991428
517,0.426058
518,0.091385
519,0.083324
520,0.457400
521,0.155184
522,0.939929
523,0.805554
524,0.198497
525,0.947176
526,0.466059
527,0.008339
528,0.366661
529,0.978457
530,0.009269
531,0.004005
532,0.025833
533,0.038710
534,0.004332
535,0.085691
536,0.091620
537,0.833709
538,0.028932
539,0.952086
540,0.434034
541,0.052237
542,0.002669
543,0.390127
544,0.910941
545,0.020704
546,0.420634
547,0.012352
548,0.098985
549,0.034819
550,0.970265
551,0.728026
552,0.342829
553,0.016909
554,0.095887
555,0.986653
556,0.020064
557,0.088283
558,0.436256
559,0.006327
560,0.025411
561,0.323320
562,0.998548
563,0.620537
564,0.003334
565,0.760755
566,0.039584
567,0.003197
568,0.470316
569,0.213847
570,0.340320
571,0.208498
572,0.639189
573,0.026372
574,0.351001
575,0.097621
576,0.965666
577,0.008827
578,0.025993
579,0.158046
580,0.045227
581,0.153352
582,0.005860
583,0.008143
584,0.002770
585,0.418962
586,0.786636
587,0.566117
588,0.005681
589,0.097844
590,0.060929
591,0.008650
592,0.129393
593,0.035695
594,0.094379
595,0.174013
596,0.102643
597,0.023825
598,0.245281
599,0.948422
600,0.029375
601,0.015402
602,0.024869
603,0.040159
604,0.866165
605,0.057732
606,0.083592
607,0.006173
608,0.004048
609,0.004476
610,0.077497
611,0.178588
612,0.019790
613,0.006944
614,0.110546
615,0.347962
616,0.003347
617,0.033743
618,0.002960
619,0.028914
620,0.013770
621,0.006220
622,0.297657
623,0.016179
624,0.071513
625,0.380198
626,0.823603
627,0.976612
628,0.006054
629,0.915240
630,0.003578
631,0.048156
632,0.579908
633,0.963980
634,0.048241
635,0.580820
636,0.008544
637,0.006663
638,0.003805
639,0.961098
640,0.102323
641,0.860914
642,0.031538
643,0.027519
644,0.885535
645,0.005955
646,0.024069
647,0.071355
648,0.205136
649,0.312182
650,0.066973
651,0.967742
652,0.942490
653,0.020555
654,0.073351
655,0.002057
656,0.286403
657,0.944741
658,0.726087
659,0.092218
660,0.005211
661,0.340726
662,0.055199
663,0.136692
664,0.365150
665,0.020545
666,0.040687
667,0.957007
668,0.349346
669,0.660708
670,0.039863
671,0.380982
672,0.011440
673,0.054622
674,0.993952
675,0.027566
676,0.030094
677,0.540365
678,0.092828
679,0.681824
680,0.174237
681,0.057119
682,0.929571
683,0.108703
684,0.239962
685,0.191343
686,0.061365
687,0.034044
688,0.952601
689,0.073369
690,0.961488
691,0.064581
692,0.002904
693,0.834113
694,0.016809
695,0.829130
696,0.010789
697,0.161032
698,0.988853
699,0.029819
700,0.007917
701,0.188898
702,0.002567
703,0.003573
704,0.010799
705,0.017040
706,0.059469
707,0.444181
708,0.081970
709,0.017476
710,0.049083
711,0.113635
712,0.995823
713,0.060685
714,0.987152
715,0.119432
716,0.038661
717,0.243661
718,0.200158
719,0.010848
720,0.023055
721,0.145430
722,0.303603
723,0.619341
724,0.938634
725,0.624419
726,0.029881
727,0.973553
728,0.170840
729,0.176948
730,0.115818
731,0.008877
732,0.981922
733,0.940772
734,0.131334
735,0.168218
736,0.998401
737,0.006838
738,0.190944
739,0.400706
740,0.990904
741,0.755974
742,0.230716
743,0.179021
744,0.104199
745,0.014179
746,0.963861
747,0.942428
748,0.088585
749,0.557543
750,0.011902
751,0.128981
752,0.105560
753,0.298254
754,0.010964
755,0.009467
756,0.256638
757,0.052847
758,0.003366
759,0.029706
760,0.858940
761,0.046495
762,0.792796
763,0.021096
764,0.004241
765,0.973966
766,0.177012
767,0.797767
768,0.517036
769,0.806213
770,0.148003
771,0.031089
772,0.978826
773,0.007051
774,0.361832
775,0.996282
776,0.272104
777,0.019445
778,0.687586
779,0.289012
780,0.007962
781,0.009014
782,0.520713
783,0.049572
784,0.529557
785,0.963308
786,0.725453
787,0.002816
788,0.906928
789,0.013423
790,0.686751
791,0.035566
792,0.074232
793,0.056671
794,0.304221
795,0.167184
796,0.055827
797,0.003190
798,0.643363
799,0.264712
800,0.470753
801,0.759681
802,0.007231
803,0.005369
804,0.031978
805,0.074217
806,0.023597
807,0.030715
808,0.105594
809,0.253795
810,0.066162
811,0.114576
812,0.941744
813,0.290658
814,0.949532
815,0.020210
816,0.183790
817,0.937177
818,0.563295
819,0.012085
820,0.973562
821,0.994992
822,0.164456
823,0.019111
824,0.346428
825,0.003860
826,0.218004
827,0.058138
828,0.035658
829,0.970460
830,0.858369
831,0.015114
832,0.981741
833,0.455007
834,0.878685
835,0.002742
836,0.178465
837,0.186034
838,0.205946
839,0.992885
840,0.129262
841,0.013280
842,0.266552
843,0.005095
844,0.185626
845,0.994367
846,0.995352
847,0.013524
848,0.006617
849,0.693196
850,0.423773
851,0.866236
852,0.222124
853,0.026526
854,0.972593
855,0.009185
856,0.739609
857,0.971453
858,0.042679
859,0.987414
860,0.006937
861,0.672721
862,0.318472
863,0.875136
864,0.002715
865,0.530408
866,0.890923
867,0.019075
868,0.145544
869,0.800713
870,0.029052
871,0.996383
872,0.052969
873,0.030742
874,0.935481
875,0.691700
876,0.008272
877,0.105748
878,0.161337
879,0.901832
880,0.081717
881,0.049638
882,0.767411
883,0.227346
884,0.028531
885,0.963959
886,0.011890
887,0.948702
888,0.062577
889,0.006887
890,0.088792
891,0.385603
892,0.187060
893,0.094244
894,0.623143
895,0.359778
896,0.899277
897,0.156796
898,0.005580
899,0.725350
900,0.170277
901,0.009442
902,0.434871
903,0.851884
904,0.029533
905,0.958110
906,0.044731
907,0.011562
908,0.985085
909,0.033561
910,0.056418
911,0.102637
912,0.029891
913,0.099861
914,0.037944
915,0.064272
916,0.181718
917,0.688725
918,0.057898
919,0.489180
920,0.009230
921,0.034813
922,0.056047
923,0.998992
924,0.961805
925,0.868353
926,0.044892
927,0.109407
928,0.004641
929,0.622620
930,0.169756
931,0.024206
932,0.934722
933,0.010675
934,0.014241
935,0.017741
936,0.991180
937,0.038068
938,0.008304
939,0.498541
940,0.007197
941,0.991161
942,0.831874
943,0.995523
944,0.470875
945,0.214046
946,0.029024
947,0.800048
948,0.045419
949,0.024714
950,0.996818
951,0.238624
952,0.269580
953,0.038588
954,0.053248
955,0.474003
956,0.889537
957,0.370602
958,0.005752
959,0.430877
960,0.005171
961,0.967831
962,0.046214
963,0.624929
964,0.445847
965,0.075407
966,0.426039
967,0.005619
968,0.012431
969,0.003231
970,0.173181
971,0.157042
972,0.994093
973,0.110758
974,0.698614
975,0.014297
976,0.010522
977,0.768604
978,0.049639
979,0.989117
980,0.927654
981,0.967565
982,0.408643
983,0.024288
984,0.965259
985,0.014433
986,0.957814
987,0.172907
988,0.439082
989,0.867820
990,0.912423
991,0.076310
992,0.011181
993,0.081698
994,0.017537
995,0.993785
996,0.033406
997,0.026175
998,0.169519
999,0.866807
1000,0.927254
1001,0.983706
1002,0.008444
1003,0.017249
1004,0.648449
1005,0.889366
1006,0.994753
1007,0.367071
1008,0.039296
1009,0.317581
1010,0.030605
1011,0.221660
1012,0.075313
1013,0.236738
1014,0.215395
1015,0.022128
1016,0.016281
1017,0.677843
1018,0.688102
1019,0.003005
1020,0.035992
1021,0.962408
1022,0.634191
1023,0.648009
1024,0.012834
1025,0.006459
1026,0.008841
1027,0.090809
1028,0.024195
1029,0.261189
1030,0.003151
1031,0.076145
1032,0.364544
1033,0.006055
1034,0.693735
1035,0.023785
1036,0.172588
1037,0.975806
1038,0.020930
1039,0.921549
1040,0.385058
1041,0.031895
1042,0.048075
1043,0.600185
1044,0.002617
1045,0.131680
1046,0.006428
1047,0.077472
1048,0.747913
1049,0.641815
1050,0.004992
1051,0.074638
1052,0.037496
1053,0.977415
1054,0.586430
1055,0.084742
1056,0.241418
1057,0.311266
1058,0.004477
1059,0.939601
1060,0.228832
1061,0.051144
1062,0.010952
1063,0.098493
1064,0.926874
1065,0.055412
1066,0.009367
1067,0.198755
1068,0.204060
1069,0.978970
1070,0.296588
1071,0.429008
1072,0.027246
1073,0.937287
1074,0.008750
1075,0.005690
1076,0.003499
1077,0.015970
1078,0.039694
1079,0.945190
1080,0.015128
1081,0.043025
1082,0.872392
1083,0.074090
1084,0.893212
1085,0.508145
1086,0.719871
1087,0.637926
1088,0.004535
1089,0.919339
1090,0.049427
1091,0.948650
1092,0.038100
1093,0.091265
1094,0.999014
1095,0.846031
1096,0.026520
1097,0.670098
1098,0.026135
1099,0.353620
1100,0.203735
1101,0.017273
1102,0.101210
1103,0.124333
1104,0.048466
1105,0.146944
1106,0.204305
1107,0.051223
1108,0.011922
1109,0.274775
1110,0.851872
1111,0.010731
1112,0.068688
1113,0.451014
1114,0.447928
1115,0.222596
1116,0.063459
1117,0.773489
1118,0.111801
1119,0.005760
1120,0.039115
1121,0.065207
1122,0.020846
1123,0.563908
1124,0.018970
1125,0.149684
1126,0.951812
1127,0.283108
1128,0.013277
1129,0.052212
1130,0.007748
1131,0.023334
1132,0.013314
1133,0.002322
1134,0.993107
1135,0.007727
1136,0.025992
1137,0.002733
1138,0.922000
1139,0.066461
1140,0.491892
1141,0.971615
1142,0.008338
1143,0.098419
1144,0.902511
1145,0.946677
1146,0.998038
1147,0.077000
1148,0.005189
1149,0.380632
1150,0.901689
1151,0.003265
1152,0.172921
1153,0.995518
1154,0.299855
1155,0.013643
1156,0.246113
1157,0.233490
1158,0.544059
1159,0.811427
1160,0.012440
1161,0.019424
1162,0.259573
1163,0.009158
1164,0.166702
1165,0.037298
1166,0.358378
1167,0.938527
1168,0.945506
1169,0.662881
1170,0.006044
1171,0.015903
1172,0.935883
1173,0.025050
1174,0.032645
1175,0.138135
1176,0.041540
1177,0.005637
1178,0.011734
1179,0.007405
1180,0.958872
1181,0.143256
1182,0.024017
1183,0.065834
1184,0.648440
1185,0.051031
1186,0.835644
1187,0.020992
1188,0.007552
1189,0.226684
1190,0.021589
1191,0.045169
1192,0.964698
1193,0.085910
1194,0.027865
1195,0.015915
1196,0.434549
1197,0.887159
1198,0.102658
1199,0.959080
1200,0.214602
1201,0.160805
1202,0.110742
1203,0.031624
1204,0.693713
1205,0.027665
1206,0.756088
1207,0.018352
1208,0.216826
1209,0.034983
1210,0.960364
1211,0.618880
1212,0.007483
1213,0.006907
1214,0.022824
1215,0.024476
1216,0.020061
1217,0.445436
1218,0.028706
1219,0.027801
1220,0.918128
1221,0.071512
1222,0.410895
1223,0.059726
1224,0.299191
1225,0.798444
1226,0.187052
1227,0.954002
1228,0.088377
1229,0.785185
1230,0.014422
1231,0.895468
1232,0.879133
1233,0.010305
1234,0.034385
1235,0.801475
1236,0.441931
1237,0.210239
1238,0.088077
1239,0.390076
1240,0.568738
1241,0.028755
1242,0.017060
1243,0.328349
1244,0.362254
1245,0.037254
1246,0.003049
1247,0.019430
1248,0.102743
1249,0.994822
1250,0.343694
1251,0.027749
1252,0.949529
1253,0.960373
1254,0.993797
1255,0.783690
1256,0.075532
1257,0.931616
1258,0.005055
1259,0.995396
1260,0.518709
1261,0.088794
1262,0.001572
1263,0.004403
1264,0.074369
1265,0.974563
1266,0.013882
1267,0.964233
1268,0.198599
1269,0.039867
1270,0.462874
1271,0.022043
1272,0.093773
1273,0.102958
1274,0.920216
1275,0.344188
1276,0.048888
1277,0.339940
1278,0.313163
1279,0.011691
1280,0.945511
1281,0.023348
1282,0.845856
1283,0.007875
1284,0.152773
1285,0.314463
1286,0.073970
1287,0.464182
1288,0.276795
1289,0.002855
1290,0.327842
1291,0.104684
1292,0.149334
1293,0.061277
1294,0.191661
1295,0.526539
1296,0.702777
1297,0.071232
1298,0.040366
1299,0.004448
1300,0.226096
1301,0.019198
1302,0.110608
1303,0.967227
1304,0.048621
1305,0.995786
1306,0.174849
1307,0.008627
1308,0.006607
1309,0.977552
1310,0.051465
1311,0.043027
1312,0.673349
1313,0.006207
1314,0.943574
1315,0.011619
1316,0.062266
1317,0.608111
1318,0.264687
1319,0.191845
1320,0.329554
1321,0.849232
1322,0.020968
1323,0.043030
1324,0.043809
1325,0.020606
1326,0.962955
1327,0.869577
1328,0.011819
1329,0.353181
1330,0.966598
1331,0.197981
1332,0.015071
1333,0.011732
1334,0.818729
1335,0.434080
1336,0.007512
1337,0.014910
1338,0.015114
1339,0.060791
1340,0.479372
1341,0.731716
1342,0.941920
1343,0.112052
1344,0.278167
1345,0.075933
1346,0.994874
1347,0.869480
1348,0.063718
1349,0.009822
1350,0.106483
1351,0.146983
1352,0.147633
1353,0.027029
1354,0.106287
1355,0.972833
1356,0.041318
1357,0.270858
1358,0.092053
1359,0.037048
1360,0.938436
1361,0.142528
1362,0.903233
1363,0.887385
1364,0.008758
1365,0.965982
1366,0.070268
1367,0.936711
1368,0.849946
1369,0.324783
1370,0.298745
1371,0.111618
1372,0.024353
1373,0.194996
1374,0.016285
1375,0.881355
1376,0.046173
1377,0.998281
1378,0.033008
1379,0.011794
1380,0.882746
1381,0.789856
1382,0.002837
1383,0.976463
1384,0.010977
1385,0.446702
1386,0.795121
1387,0.942147
1388,0.758072
1389,0.994598
1390,0.008670
1391,0.992639
1392,0.276225
1393,0.787043
1394,0.005066
1395,0.439861
1396,0.071860
1397,0.027564
1398,0.019450
1399,0.988541
1400,0.046078
1401,0.035318
1402,0.003102
1403,0.352916
1404,0.009997
1405,0.142106
1406,0.048517
1407,0.248129
1408,0.012758
1409,0.002066
1410,0.007169
1411,0.060031
1412,0.749209
1413,0.965424
1414,0.014707
1415,0.134949
1416,0.978059
1417,0.050272
1418,0.223877
1419,0.514654
1420,0.178023
1421,0.964815
1422,0.021522
1423,0.003101
1424,0.010044
1425,0.030314
1426,0.014810
1427,0.013778
1428,0.017997
1429,0.015966
1430,0.104459
1431,0.643654
1432,0.052150
1433,0.624685
1434,0.820221
1435,0.015495
1436,0.003096
1437,0.934077
1438,0.016581
1439,0.966141
1440,0.006396
1441,0.024089
1442,0.364956
1443,0.006379
1444,0.076682
1445,0.787237
1446,0.887602
1447,0.099547
1448,0.058976
1449,0.842141
1450,0.125845
1451,0.003603
1452,0.180117
1453,0.954074
1454,0.981575
1455,0.079651
1456,0.049460
1457,0.020328
1458,0.959470
1459,0.952788
1460,0.019739
1461,0.035514
1462,0.038946
1463,0.944951
1464,0.161439
1465,0.013179
1466,0.783956
1467,0.423669
1468,0.952489
1469,0.981672
1470,0.980995
1471,0.317592
1472,0.226482
1473,0.910198
1474,0.230004
1475,0.116706
1476,0.976830
1477,0.723177
1478,0.230501
1479,0.028193
1480,0.347150
1481,0.019351
1482,0.995727
1483,0.017257
1484,0.013327
1485,0.046957
1486,0.210574
1487,0.255045
1488,0.072129
1489,0.027810
1490,0.909931
1491,0.004261
1492,0.970102
1493,0.994370
1494,0.991546
1495,0.122741
1496,0.591069
1497,0.022426
1498,0.851876
1499,0.878321
1500,0.052470
1501,0.078344
1502,0.125348
1503,0.041952
1504,0.089345
1505,0.234867
1506,0.159895
1507,0.904165
1508,0.047631
1509,0.007945
1510,0.157556
1511,0.426916
1512,0.036725
1513,0.403419
1514,0.774479
1515,0.009335
1516,0.129134
1517,0.005509
1518,0.259297
1519,0.111610
1520,0.013617
1521,0.012774
1522,0.157318
1523,0.041771
1524,0.876629
1525,0.014278
1526,0.002726
1527,0.549298
1528,0.088543
1529,0.811325
1530,0.040586
1531,0.283701
1532,0.961613
1533,0.123897
1534,0.065208
1535,0.007010
1536,0.050183
1537,0.700746
1538,0.153846
1539,0.226730
1540,0.930127
1541,0.803209
1542,0.052076
1543,0.003699
1544,0.045140
1545,0.050569
1546,0.721006
1547,0.518480
1548,0.050292
1549,0.889698
1550,0.685766
1551,0.100785
1552,0.002695
1553,0.869310
1554,0.008131
1555,0.004828
1556,0.006278
1557,0.121468
1558,0.016935
1559,0.144839
1560,0.021593
1561,0.064920
1562,0.259822
1563,0.327694
1564,0.064433
1565,0.022570
1566,0.008417
1567,0.058047
1568,0.499300
1569,0.225644
1570,0.067015
1571,0.499974
1572,0.385496
1573,0.519378
1574,0.501904
1575,0.043883
1576,0.809557
1577,0.110631
1578,0.003416
1579,0.650132
1580,0.976784
1581,0.963477
1582,0.064513
1583,0.022430
1584,0.042349
1585,0.965720
1586,0.040846
1587,0.008644
1588,0.897176
1589,0.929151
1590,0.034055
1591,0.011365
1592,0.020323
1593,0.082178
1594,0.004878
1595,0.304881
1596,0.098709
1597,0.943915
1598,0.345261
1599,0.094306
1600,0.077593
1601,0.215258
1602,0.255402
1603,0.857803
1604,0.831337
1605,0.970614
1606,0.027272
1607,0.029274
1608,0.035918
1609,0.768733
1610,0.913211
1611,0.843871
1612,0.115000
1613,0.033402
1614,0.067836
1615,0.922937
1616,0.162989
1617,0.005241
1618,0.017601
1619,0.046909
1620,0.048761
1621,0.884140
1622,0.030577
1623,0.027425
1624,0.955681
1625,0.007622
1626,0.012235
1627,0.200373
1628,0.984699
1629,0.021589
1630,0.044812
1631,0.017306
1632,0.054607
1633,0.801088
1634,0.450402
1635,0.017245
1636,0.197833
1637,0.191513
1638,0.995877
1639,0.190064
1640,0.138544
1641,0.068324
1642,0.018793
1643,0.035531
1644,0.042684
1645,0.005650
1646,0.147672
1647,0.161087
1648,0.006785
1649,0.007183
1650,0.133964
1651,0.222412
1652,0.085783
1653,0.038128
1654,0.217623
1655,0.069154
1656,0.527978
1657,0.154498
1658,0.211501
1659,0.153387
1660,0.006383
1661,0.600863
1662,0.097460
1663,0.276430
1664,0.006262
1665,0.661041
1666,0.460663
1667,0.936344
1668,0.056986
1669,0.008774
1670,0.008616
1671,0.045276
1672,0.128448
1673,0.003018
1674,0.973668
1675,0.010142
1676,0.005740
1677,0.531604
1678,0.063240
1679,0.075494
1680,0.208353
1681,0.074428
1682,0.003727
1683,0.028630
1684,0.005402
1685,0.089736
1686,0.078048
1687,0.064934
1688,0.043161
1689,0.991407
1690,0.173616
1691,0.946914
1692,0.976495
1693,0.976723
1694,0.594163
1695,0.912120
1696,0.935576
1697,0.058956
1698,0.190123
1699,0.479121
1700,0.239881
1701,0.011995
1702,0.022317
1703,0.997917
1704,0.009955
1705,0.515302
1706,0.045710
1707,0.150434
1708,0.022287
1709,0.944648
1710,0.002205
1711,0.072401
1712,0.034701
1713,0.105478
1714,0.165222
1715,0.005210
1716,0.006356
1717,0.459026
1718,0.082991
1719,0.081098
1720,0.024071
1721,0.046452
1722,0.087457
1723,0.877080
1724,0.003412
1725,0.073117
1726,0.015166
1727,0.335354
1728,0.363755
1729,0.007472
1730,0.983596
1731,0.589617
1732,0.008160
1733,0.983133
1734,0.954074
1735,0.091250
1736,0.083848
1737,0.998306
1738,0.156620
1739,0.783731
1740,0.009621
1741,0.968718
1742,0.019121
1743,0.016056
1744,0.011266
1745,0.098244
1746,0.088099
1747,0.007098
1748,0.017879
1749,0.991766
1750,0.055942
1751,0.002098
1752,0.750228
1753,0.141663
1754,0.310474
1755,0.887533
1756,0.631535
1757,0.014555
1758,0.194838
1759,0.060785
1760,0.658618
1761,0.011085
1762,0.914174
1763,0.200077
1764,0.079864
1765,0.079208
1766,0.014023
1767,0.909619
1768,0.980635
1769,0.003852
1770,0.030974
1771,0.811600
1772,0.901649
1773,0.997751
1774,0.712183
1775,0.897616
1776,0.751970
1777,0.004840
1778,0.070439
1779,0.493412
1780,0.005283
1781,0.972186
1782,0.011385
1783,0.846093
1784,0.277569
1785,0.005317
1786,0.622887
1787,0.654888
1788,0.011419
1789,0.019653
1790,0.076887
1791,0.007532
1792,0.170075
1793,0.102380
1794,0.005418
1795,0.043416
1796,0.191718
1797,0.322765
1798,0.071630
1799,0.055818
1800,0.048170
1801,0.034850
1802,0.126576
1803,0.578238
1804,0.008386
1805,0.069732
1806,0.767420
1807,0.005827
1808,0.036648
1809,0.302525
1810,0.015550
1811,0.024274
1812,0.035113
1813,0.089563
1814,0.170738
1815,0.052455
1816,0.075498
1817,0.291736
1818,0.031497
1819,0.066198
1820,0.991680
1821,0.007067
1822,0.262257
1823,0.182853
1824,0.039740
1825,0.974365
1826,0.029407
1827,0.968548
1828,0.003600
1829,0.114759
1830,0.303906
1831,0.070882
1832,0.046881
1833,0.981474
1834,0.113649
1835,0.017752
1836,0.037598
1837,0.062284
1838,0.052032
1839,0.023261
1840,0.065442
1841,0.963393
1842,0.084104
1843,0.323202
1844,0.006665
1845,0.969474
1846,0.048711
1847,0.017822
1848,0.859964
1849,0.354732
1850,0.164672
1851,0.053865
1852,0.100806
1853,0.107703
1854,0.064078
1855,0.020076
1856,0.898376
1857,0.022822
1858,0.030074
1859,0.145640
1860,0.091402
1861,0.009748
1862,0.159263
1863,0.004503
1864,0.813685
1865,0.006662
1866,0.084513
1867,0.051937
1868,0.590157
1869,0.977408
1870,0.017206
1871,0.288531
1872,0.128834
1873,0.009987
1874,0.478907
1875,0.310835
1876,0.034067
1877,0.004745
1878,0.003613
1879,0.067292
1880,0.110921
1881,0.054265
1882,0.006652
1883,0.995721
1884,0.954923
1885,0.006344
1886,0.440463
1887,0.545170
1888,0.084812
1889,0.005751
1890,0.006840
1891,0.492664
1892,0.750729
1893,0.918887
1894,0.071465
1895,0.006082
1896,0.775557
1897,0.002567
1898,0.827144
1899,0.077004
1900,0.062293
1901,0.123690
1902,0.037756
1903,0.032957
1904,0.021330
1905,0.050260
1906,0.997654
1907,0.100392
1908,0.004062
1909,0.217132
1910,0.949728
1911,0.022837
1912,0.042605
1913,0.750785
1914,0.091939
1915,0.952490
1916,0.188085
1917,0.983308
1918,0.631263
1919,0.376597
1920,0.134533
1921,0.952524
1922,0.359446
1923,0.005625
1924,0.996212
1925,0.115620
1926,0.913085
1927,0.971740
1928,0.554399
1929,0.431049
1930,0.926598
1931,0.010966
1932,0.015576
1933,0.389612
1934,0.233173
1935,0.997449
1936,0.136158
1937,0.026972
1938,0.058269
1939,0.054249
1940,0.655097
1941,0.012699
1942,0.904667
1943,0.279607
1944,0.008305
1945,0.002455
1946,0.405725
1947,0.058011
1948,0.499367
1949,0.012887
1950,0.709395
1951,0.797480
1952,0.945289
1953,0.228746
1954,0.032020
1955,0.019311
1956,0.040015
1957,0.805647
1958,0.205619
1959,0.179083
1960,0.046678
1961,0.228276
1962,0.207851
1963,0.201920
1964,0.171920
1965,0.099674
1966,0.977562
1967,0.012760
1968,0.047867
1969,0.313004
1970,0.161585
1971,0.951702
1972,0.761800
1973,0.011445
1974,0.920771
1975,0.730573
1976,0.012917
1977,0.998150
1978,0.109450
1979,0.997399
1980,0.953159
1981,0.580167
1982,0.144040
1983,0.048243
1984,0.422191
1985,0.058386
1986,0.101455
1987,0.497454
1988,0.003895
1989,0.031055
1990,0.240177
1991,0.977796
1992,0.136557
1993,0.008005
1994,0.916672
1995,0.427235
1996,0.591472
1997,0.571857
1998,0.650170
1999,0.885105
2000,0.143307
2001,0.039505
2002,0.042013
2003,0.974210
2004,0.055970
2005,0.056564
2006,0.887502
2007,0.081749
2008,0.310125
2009,0.017732
2010,0.934408
2011,0.890952
2012,0.710995
2013,0.902712
2014,0.994682
2015,0.014761
2016,0.876308
2017,0.789007
2018,0.004909
2019,0.064524
2020,0.004685
2021,0.851958
2022,0.133024
2023,0.185840
2024,0.979788
2025,0.850429
2026,0.633596
2027,0.005820
2028,0.121654
2029,0.002094
2030,0.982280
2031,0.143074
2032,0.984044
2033,0.285145
2034,0.948695
2035,0.977550
2036,0.023835
2037,0.011305
2038,0.046104
2039,0.979577
2040,0.004705
2041,0.676508
2042,0.169903
2043,0.990468
2044,0.825032
2045,0.002546
2046,0.007043
2047,0.193121
2048,0.084319
2049,0.938405
2050,0.908573
2051,0.731791
2052,0.015306
2053,0.322766
2054,0.571494
2055,0.004437
2056,0.020581
2057,0.738164
2058,0.005238
2059,0.005661
2060,0.012925
2061,0.265119
2062,0.128055
2063,0.123416
2064,0.757031
2065,0.759079
2066,0.246752
2067,0.975328
2068,0.687979
2069,0.360238
2070,0.165787
2071,0.267361
2072,0.210154
2073,0.012403
2074,0.090087
2075,0.523107
2076,0.004848
2077,0.122282
2078,0.005174
2079,0.047857
2080,0.011865
2081,0.616481
2082,0.199213
2083,0.037068
2084,0.646502
2085,0.100779
2086,0.012865
2087,0.019306
2088,0.952298
2089,0.039270
2090,0.775541
2091,0.142357
2092,0.048124
2093,0.025446
2094,0.417316
2095,0.996330
2096,0.247616
2097,0.004095
2098,0.783556
2099,0.557322
2100,0.979660
2101,0.020951
2102,0.744506
2103,0.135690
2104,0.026933
2105,0.003746
2106,0.042132
2107,0.830366
2108,0.033391
2109,0.007800
2110,0.019167
2111,0.533253
2112,0.038016
2113,0.463126
2114,0.256931
2115,0.108672
2116,0.837728
2117,0.846800
2118,0.016403
2119,0.978016
2120,0.106035
2121,0.031071
2122,0.152463
2123,0.908014
2124,0.036754
2125,0.842865
2126,0.025074
2127,0.063805
2128,0.077640
2129,0.090500
2130,0.031064
2131,0.088765
2132,0.972005
2133,0.025477
2134,0.030220
2135,0.195780
2136,0.003628
2137,0.993697
2138,0.002775
2139,0.032559
2140,0.009155
2141,0.212786
2142,0.179979
2143,0.813246
2144,0.757750
2145,0.996917
2146,0.210100
2147,0.994730
2148,0.013913
2149,0.975729
2150,0.557173
2151,0.909027
2152,0.807737
2153,0.159437
2154,0.081352
2155,0.256999
2156,0.979685
2157,0.011479
2158,0.657320
2159,0.890585
2160,0.824634
2161,0.007330
2162,0.021821
2163,0.022275
2164,0.045387
2165,0.127146
2166,0.176922
2167,0.235470
2168,0.079682
2169,0.047161
2170,0.965407
2171,0.012795
2172,0.587143
2173,0.975223
2174,0.232741
2175,0.011945
2176,0.050819
2177,0.029589
2178,0.018469
2179,0.063309
2180,0.834661
2181,0.010858
2182,0.002781
2183,0.259067
2184,0.092222
2185,0.102022
2186,0.389302
2187,0.038293
2188,0.053915
2189,0.579428
2190,0.001727
2191,0.972584
2192,0.968458
2193,0.019322
2194,0.047026
2195,0.058348
2196,0.069522
2197,0.931919
2198,0.938978
2199,0.081555
2200,0.013459
2201,0.123149
2202,0.003529
2203,0.914239
2204,0.940946
2205,0.490021
2206,0.153157
2207,0.307023
2208,0.935815
2209,0.218400
2210,0.095626
2211,0.047557
2212,0.257734
2213,0.012673
2214,0.006082
2215,0.026328
2216,0.432161
2217,0.233695
2218,0.027378
2219,0.007291
2220,0.011360
2221,0.050026
2222,0.005333
2223,0.974755
2224,0.195384
2225,0.009323
2226,0.248124
2227,0.653966
2228,0.145826
2229,0.003135
2230,0.827196
2231,0.085214
2232,0.360824
2233,0.004628
2234,0.993112
2235,0.072207
2236,0.208793
2237,0.054390
2238,0.219593
2239,0.860192
2240,0.267602
2241,0.008000
2242,0.004373
2243,0.143295
2244,0.002713
2245,0.017089
2246,0.052840
2247,0.013624
2248,0.036852
2249,0.495207
2250,0.121005
2251,0.598498
2252,0.621482
2253,0.974437
2254,0.005314
2255,0.032518
2256,0.120094
2257,0.006230
2258,0.007893
2259,0.012610
2260,0.449179
2261,0.495018
2262,0.763533
2263,0.418378
2264,0.056786
2265,0.004279
2266,0.355405
2267,0.936857
2268,0.119186
2269,0.261572
2270,0.090260
2271,0.111126
2272,0.145588
2273,0.998100
2274,0.951504
2275,0.002623
2276,0.014782
2277,0.961712
2278,0.792406
2279,0.025685
2280,0.064874
2281,0.386346
2282,0.082979
2283,0.104628
2284,0.688129
2285,0.058202
2286,0.978234
2287,0.087098
2288,0.007879
2289,0.005163
2290,0.004153
2291,0.946817
2292,0.309840
2293,0.015714
2294,0.026051
2295,0.962546
2296,0.899714
2297,0.323688
2298,0.016697
2299,0.035331
2300,0.035400
2301,0.035379
2302,0.079223
2303,0.253700
2304,0.860947
2305,0.020242
2306,0.074305
2307,0.162505
2308,0.287605
2309,0.006382
2310,0.017913
2311,0.006565
2312,0.005761
2313,0.008547
2314,0.971457
2315,0.056361
2316,0.088707
2317,0.788363
2318,0.152789
2319,0.002976
2320,0.129571
2321,0.999079
2322,0.298661
2323,0.127614
2324,0.896866
2325,0.171074
2326,0.456919
2327,0.004749
2328,0.978611
2329,0.087082
2330,0.082110
2331,0.006174
2332,0.128838
2333,0.984281
2334,0.003406
2335,0.077709
2336,0.033265
2337,0.985854
2338,0.033404
2339,0.970187
2340,0.038197
2341,0.006584
2342,0.293899
2343,0.979333
2344,0.124658
2345,0.011932
2346,0.051229
2347,0.347715
2348,0.002079
2349,0.379710
2350,0.036164
2351,0.848182
2352,0.505152
2353,0.966973
2354,0.017001
2355,0.127030
2356,0.208388
2357,0.950388
2358,0.006833
2359,0.025370
2360,0.263129
2361,0.219538
2362,0.003984
2363,0.042660
2364,0.048783
2365,0.566733
2366,0.449693
2367,0.171755
2368,0.029504
2369,0.012063
2370,0.117892
2371,0.986212
2372,0.283743
2373,0.023967
2374,0.004896
2375,0.931878
2376,0.028742
2377,0.322843
2378,0.946456
2379,0.028268
2380,0.010437
2381,0.016765
2382,0.812606
2383,0.396151
2384,0.997149
2385,0.247578
2386,0.035205
2387,0.112741
2388,0.979959
2389,0.002495
2390,0.088615
2391,0.260301
2392,0.034996
2393,0.052004
2394,0.981870
2395,0.114487
2396,0.030155
2397,0.479359
2398,0.054264
2399,0.306383
2400,0.014211
2401,0.025235
2402,0.095710
2403,0.122094
2404,0.963733
2405,0.103264
2406,0.082504
2407,0.728126
2408,0.452050
2409,0.066660
2410,0.081718
2411,0.031719
2412,0.003648
2413,0.971934
2414,0.019895
2415,0.978568
2416,0.597032
2417,0.826424
2418,0.040881
2419,0.016577
2420,0.965107
2421,0.287723
2422,0.007332
2423,0.016581
2424,0.026841
2425,0.645510
2426,0.848271
2427,0.992703
2428,0.004738
2429,0.932769
2430,0.557424
2431,0.439569
2432,0.977066
2433,0.086090
2434,0.138667
2435,0.162381
2436,0.249209
2437,0.971577
2438,0.206692
2439,0.232783
2440,0.244998
2441,0.992147
2442,0.166169
2443,0.066350
2444,0.849946
2445,0.261819
2446,0.357770
2447,0.033723
2448,0.015791
2449,0.899213
2450,0.492058
2451,0.018609
2452,0.599148
2453,0.561638
2454,0.032108
2455,0.316012
2456,0.013540
2457,0.974205
2458,0.482732
2459,0.808873
2460,0.068919
2461,0.015483
2462,0.010207
2463,0.916745
2464,0.010421
2465,0.070382
2466,0.031239
2467,0.016758
2468,0.911312
2469,0.510044
2470,0.998405
2471,0.014104
2472,0.183476
2473,0.026333
2474,0.003280
2475,0.003081
2476,0.742238
2477,0.062864
2478,0.010455
2479,0.196278
2480,0.974096
2481,0.019918
2482,0.194711
2483,0.535287
2484,0.008393
2485,0.738646
2486,0.095496
2487,0.959984
2488,0.769943
2489,0.031138
2490,0.205358
2491,0.003196
2492,0.324449
2493,0.181953
2494,0.014983
2495,0.752182
2496,0.056886
2497,0.082884
2498,0.132971
2499,0.998187
2500,0.010077
2501,0.037554
2502,0.079789
2503,0.323586
2504,0.997444
2505,0.068516
2506,0.025085
2507,0.553277
2508,0.101521
2509,0.036207
2510,0.084575
2511,0.076206
2512,0.052796
2513,0.173069
2514,0.058593
2515,0.082691
2516,0.049135
2517,0.787356
2518,0.259201
2519,0.156046
2520,0.042162
2521,0.142944
2522,0.192980
2523,0.067598
2524,0.025973
2525,0.042516
2526,0.083907
2527,0.753536
2528,0.275890
2529,0.188141
2530,0.762995
2531,0.015982
2532,0.858500
2533,0.141848
2534,0.030377
2535,0.974260
2536,0.042061
2537,0.004106
2538,0.036354
2539,0.561350
2540,0.021694
2541,0.147290
2542,0.179864
2543,0.197459
2544,0.982194
2545,0.003591
2546,0.097031
2547,0.016134
2548,0.481230
2549,0.002180
2550,0.821811
2551,0.222566
2552,0.084370
2553,0.010668
2554,0.004735
2555,0.801640
2556,0.961833
2557,0.287434
2558,0.017185
2559,0.216287
2560,0.130520
2561,0.015776
2562,0.650906
2563,0.133406
2564,0.882483
2565,0.798349
2566,0.082189
2567,0.964688
2568,0.158001
2569,0.005138
2570,0.017600
2571,0.506484
2572,0.047565
2573,0.046039
2574,0.025967
2575,0.940056
2576,0.999024
2577,0.124803
2578,0.023693
2579,0.280897
2580,0.057251
2581,0.914751
2582,0.029004
2583,0.041673
2584,0.156725
2585,0.073788
2586,0.003718
2587,0.131831
2588,0.728386
2589,0.005964
2590,0.003902
2591,0.028261
2592,0.244698
2593,0.072875
2594,0.132533
2595,0.063202
2596,0.065171
2597,0.946056
2598,0.939488
2599,0.095583
2600,0.166585
2601,0.023573
2602,0.068994
2603,0.940732
2604,0.923633
2605,0.014146
2606,0.113618
2607,0.246990
2608,0.995175
2609,0.037344
2610,0.950999
2611,0.741003
2612,0.007868
2613,0.453305
2614,0.006611
2615,0.004725
2616,0.006481
2617,0.013095
2618,0.005259
2619,0.964228
2620,0.015874
2621,0.984206
2622,0.235646
2623,0.029928
2624,0.065509
2625,0.059299
2626,0.831616
2627,0.006026
2628,0.225002
2629,0.964429
2630,0.475715
2631,0.771630
2632,0.967660
2633,0.242256
2634,0.955058
2635,0.728239
2636,0.995399
2637,0.134286
2638,0.011778
2639,0.033138
2640,0.011782
2641,0.019553
2642,0.306802
2643,0.993504
2644,0.944417
2645,0.002823
2646,0.001866
2647,0.402127
2648,0.007495
2649,0.913951
2650,0.130140
2651,0.007495
2652,0.599288
2653,0.695961
2654,0.014969
2655,0.043726
2656,0.122046
2657,0.823272
2658,0.616031
2659,0.325874
2660,0.975930
2661,0.007355
2662,0.003890
2663,0.013040
2664,0.034747
2665,0.944569
2666,0.977414
2667,0.069115
2668,0.398933
2669,0.403241
2670,0.610101
2671,0.273112
2672,0.032718
2673,0.046862
2674,0.065195
2675,0.073387
2676,0.948849
2677,0.999004
2678,0.133767
2679,0.046293
2680,0.967595
2681,0.010321
2682,0.004754
2683,0.622872
2684,0.002693
2685,0.348825
2686,0.936391
2687,0.010206
2688,0.807978
2689,0.091333
2690,0.019163
2691,0.044873
2692,0.004578
2693,0.175248
2694,0.105330
2695,0.094881
2696,0.082766
2697,0.990573
2698,0.431474
2699,0.083763
2700,0.270050
2701,0.951152
2702,0.910051
2703,0.977545
2704,0.888874
2705,0.119089
2706,0.022371
2707,0.996151
2708,0.004029
2709,0.919360
2710,0.386663
2711,0.009719
2712,0.047928
2713,0.031417
2714,0.935412
2715,0.096173
2716,0.002071
2717,0.946614
2718,0.143530
2719,0.091779
2720,0.374654
2721,0.047293
2722,0.955720
2723,0.014558
2724,0.126950
2725,0.004850
2726,0.872264
2727,0.965773
2728,0.010692
2729,0.426435
2730,0.195031
2731,0.010348
2732,0.165597
2733,0.006816
2734,0.011647
2735,0.014000
2736,0.427509
2737,0.018134
2738,0.753339
2739,0.130073
2740,0.845459
2741,0.997434
2742,0.997000
2743,0.138517
2744,0.258820
2745,0.870743
2746,0.951889
2747,0.275706
2748,0.156157
2749,0.095649
2750,0.008864
2751,0.060597
2752,0.143629
2753,0.050113
2754,0.088998
2755,0.733711
2756,0.217708
2757,0.010172
2758,0.143701
2759,0.063982
2760,0.228929
2761,0.788829
2762,0.961272
2763,0.423926
2764,0.013517
2765,0.055454
2766,0.058380
2767,0.470992
2768,0.004319
2769,0.996047
2770,0.006101
2771,0.084203
2772,0.139903
2773,0.948868
2774,0.125068
2775,0.196483
2776,0.544784
2777,0.061821
2778,0.103518
2779,0.030994
2780,0.326475
2781,0.960027
2782,0.003626
2783,0.004475
2784,0.093084
2785,0.011645
2786,0.002884
2787,0.003290
2788,0.056047
2789,0.037119
2790,0.012271
2791,0.027243
2792,0.806400
2793,0.927074
2794,0.576299
2795,0.248349
2796,0.006607
2797,0.007498
2798,0.694334
2799,0.824122
2800,0.055579
2801,0.859508
2802,0.032851
2803,0.957496
2804,0.027378
2805,0.062211
2806,0.008789
2807,0.045074
2808,0.038460
2809,0.110705
2810,0.012145
2811,0.002569
2812,0.967213
2813,0.011258
2814,0.002619
2815,0.644324
2816,0.067721
2817,0.036462
2818,0.509841
2819,0.956493
2820,0.989862
2821,0.044797
2822,0.055593
2823,0.300266
2824,0.267773
2825,0.055945
2826,0.972023
2827,0.014179
2828,0.018117
2829,0.808294
2830,0.011622
2831,0.012063
2832,0.096835
2833,0.844026
2834,0.942318
2835,0.010590
2836,0.034828
2837,0.101008
2838,0.041630
2839,0.109998
2840,0.018040
2841,0.968842
2842,0.991397
2843,0.925019
2844,0.021336
2845,0.019114
2846,0.215096
2847,0.010642
2848,0.034502
2849,0.170975
2850,0.055801
2851,0.818995
2852,0.014479
2853,0.884347
2854,0.007104
2855,0.555603
2856,0.004015
2857,0.110156
2858,0.014389
2859,0.103245
2860,0.006549
2861,0.169659
2862,0.353801
2863,0.028803
2864,0.546064
2865,0.943859
2866,0.006645
2867,0.083655
2868,0.003536
2869,0.066320
2870,0.017432
2871,0.031993
2872,0.308330
2873,0.088331
2874,0.053911
2875,0.032819
2876,0.009864
2877,0.084682
2878,0.222322
2879,0.074027
2880,0.964006
2881,0.452487
2882,0.249961
2883,0.012648
2884,0.798813
2885,0.931959
2886,0.991726
2887,0.793639
2888,0.034551
2889,0.066521
2890,0.344240
2891,0.961542
2892,0.011126
2893,0.564966
2894,0.209515
2895,0.936536
2896,0.012204
2897,0.009640
2898,0.512034
2899,0.020461
2900,0.050175
2901,0.058822
2902,0.104873
2903,0.002482
2904,0.016549
2905,0.642866
2906,0.184067
2907,0.006099
2908,0.125692
2909,0.026615
2910,0.319789
2911,0.059903
2912,0.542358
2913,0.017391
2914,0.968968
2915,0.117783
2916,0.058790
2917,0.090748
2918,0.439402
2919,0.089349
2920,0.040823
2921,0.102728
2922,0.130932
2923,0.015528
2924,0.701501
2925,0.802123
2926,0.554581
2927,0.125497
2928,0.737660
2929,0.974706
2930,0.093013
2931,0.992309
2932,0.976243
2933,0.117870
2934,0.009231
2935,0.153269
2936,0.011239
2937,0.024870
2938,0.705733
2939,0.947534
2940,0.395783
2941,0.006672
2942,0.880290
2943,0.024604
2944,0.553213
2945,0.096809
2946,0.129746
2947,0.019287
2948,0.040122
2949,0.022246
2950,0.016210
2951,0.009273
2952,0.357640
2953,0.969061
2954,0.125977
2955,0.041764
2956,0.992883
2957,0.599238
2958,0.064082
2959,0.098651
2960,0.020304
2961,0.004418
2962,0.684117
2963,0.132050
2964,0.759409
2965,0.916463
2966,0.032699
2967,0.414108
2968,0.008077
2969,0.296653
2970,0.031172
2971,0.078026
2972,0.003722
2973,0.359603
2974,0.844084
2975,0.254140
2976,0.070769
2977,0.958776
2978,0.006833
2979,0.025829
2980,0.005860
2981,0.027254
2982,0.675791
2983,0.785027
2984,0.053253
2985,0.141442
2986,0.021873
2987,0.058688
2988,0.066162
2989,0.053521
2990,0.028218
2991,0.808510
2992,0.927773
2993,0.331665
2994,0.161031
2995,0.058328
2996,0.091661
2997,0.282215
2998,0.107980
2999,0.585610
3000,0.067599
3001,0.004343
3002,0.951128
3003,0.001519
3004,0.348037
3005,0.849389
3006,0.127520
3007,0.207462
3008,0.366108
3009,0.141008
3010,0.009408
3011,0.013516
3012,0.957274
3013,0.207379
3014,0.003716
3015,0.007495
3016,0.016535
3017,0.717698
3018,0.025799
3019,0.413337
3020,0.036171
3021,0.465071
3022,0.997831
3023,0.004192
3024,0.036209
3025,0.167664
3026,0.924516
3027,0.108929
3028,0.181244
3029,0.146611
3030,0.008722
3031,0.011534
3032,0.082591
3033,0.660028
3034,0.168435
3035,0.573504
3036,0.217457
3037,0.145150
3038,0.283016
3039,0.010173
3040,0.038032
3041,0.045671
3042,0.827181
3043,0.025318
3044,0.091072
3045,0.646226
3046,0.028677
3047,0.011217
3048,0.979478
3049,0.725892
3050,0.993253
3051,0.953405
3052,0.015060
3053,0.920490
3054,0.074143
3055,0.040176
3056,0.626203
3057,0.005985
3058,0.990458
3059,0.001974
3060,0.932078
3061,0.995521
3062,0.126305
3063,0.478469
3064,0.051342
3065,0.005568
3066,0.580595
3067,0.136180
3068,0.520802
3069,0.070159
3070,0.006270
3071,0.004324
3072,0.018793
3073,0.428527
3074,0.366887
3075,0.127571
3076,0.002841
3077,0.972038
3078,0.974385
3079,0.098481
3080,0.006067
3081,0.140786
3082,0.800562
3083,0.017847
3084,0.723498
3085,0.662402
3086,0.023382
3087,0.009762
3088,0.050762
3089,0.075038
3090,0.020140
3091,0.050014
3092,0.003149
3093,0.818236
3094,0.007540
3095,0.128785
3096,0.058342
3097,0.019108
3098,0.996986
3099,0.012447
3100,0.006964
3101,0.006071
3102,0.007697
3103,0.022805
3104,0.169150
3105,0.373963
3106,0.087012
3107,0.994675
3108,0.019088
3109,0.008176
3110,0.003152
3111,0.020929
3112,0.002553
3113,0.016055
3114,0.012407
3115,0.795578
3116,0.066233
3117,0.003889
3118,0.311051
3119,0.595086
3120,0.001823
3121,0.005761
3122,0.012995
3123,0.978891
3124,0.020567
3125,0.378776
3126,0.014176
3127,0.974736
3128,0.008064
3129,0.062198
3130,0.779599
3131,0.825722
3132,0.011346
3133,0.037108
3134,0.008856
3135,0.008671
3136,0.105917
3137,0.040191
3138,0.021863
3139,0.975533
3140,0.132528
3141,0.006501
3142,0.905467
3143,0.603188
3144,0.975930
3145,0.020192
3146,0.055525
3147,0.044122
3148,0.265531
3149,0.958157
3150,0.001320
3151,0.360080
3152,0.005605
3153,0.014292
3154,0.041409
3155,0.015172
3156,0.022091
3157,0.198621
3158,0.002875
3159,0.025401
3160,0.773618
3161,0.021536
3162,0.989332
3163,0.015065
3164,0.182757
3165,0.039758
3166,0.045586
3167,0.052060
3168,0.025110
3169,0.958253
3170,0.022590
3171,0.234817
3172,0.069016
3173,0.014881
3174,0.994793
3175,0.830789
3176,0.002976
3177,0.257388
3178,0.255895
3179,0.003705
3180,0.031197
3181,0.037730
3182,0.153175
3183,0.581190
3184,0.006552
3185,0.341601
3186,0.117751
3187,0.978061
3188,0.017940
3189,0.057631
3190,0.996577
3191,0.369078
3192,0.025148
3193,0.041842
3194,0.030313
3195,0.927170
3196,0.876766
3197,0.011779
3198,0.003736
3199,0.524699
3200,0.974482
3201,0.024651
3202,0.004192
3203,0.118574
3204,0.412154
3205,0.864320
3206,0.652713
3207,0.025075
3208,0.072412
3209,0.960572
3210,0.005177
3211,0.982233
3212,0.073276
3213,0.807049
3214,0.029514
3215,0.057896
3216,0.936751
3217,0.949258
3218,0.923017
3219,0.873155
3220,0.655612
3221,0.114130
3222,0.110973
3223,0.893292
3224,0.011363
3225,0.003281
3226,0.152311
3227,0.995755
3228,0.965156
3229,0.737112
3230,0.023048
3231,0.029610
3232,0.423185
3233,0.172510
3234,0.169610
3235,0.022597
3236,0.247816
3237,0.824210
3238,0.003882
3239,0.348754
3240,0.025735
3241,0.009717
3242,0.736686
3243,0.166302
3244,0.127599
3245,0.862334
3246,0.226777
3247,0.202739
3248,0.045770
3249,0.023452
3250,0.512072
3251,0.005991
3252,0.019756
3253,0.004960
3254,0.274013
3255,0.006372
3256,0.012274
3257,0.007553
3258,0.851205
3259,0.045880
3260,0.393252
3261,0.184552
3262,0.016844
3263,0.445416
3264,0.006227
3265,0.142309
3266,0.094182
3267,0.776472
3268,0.980711
3269,0.050817
3270,0.095724
3271,0.866479
3272,0.507333
3273,0.088840
3274,0.006061
3275,0.184138
3276,0.257979
3277,0.204917
3278,0.965713
3279,0.701347
3280,0.126559
3281,0.015819
3282,0.236901
3283,0.006226
3284,0.944776
3285,0.007451
3286,0.562052
3287,0.653646
3288,0.731181
3289,0.004486
3290,0.185934
3291,0.024026
3292,0.095200
3293,0.639759
3294,0.750927
3295,0.874227
3296,0.021180
3297,0.700256
3298,0.696719
3299,0.972291
3300,0.002614
3301,0.026410
3302,0.787138
3303,0.007877
3304,0.313925
3305,0.997216
3306,0.999047
3307,0.503150
3308,0.297259
3309,0.065536
3310,0.994159
3311,0.695472
3312,0.292069
3313,0.175623
3314,0.348753
3315,0.189829
3316,0.911917
3317,0.976665
3318,0.767567
3319,0.979584
3320,0.004119
3321,0.017971
3322,0.004950
3323,0.015957
3324,0.863507
3325,0.099204
3326,0.005425
3327,0.068436
3328,0.031421
3329,0.883817
3330,0.971966
3331,0.144567
3332,0.872976
3333,0.680324
3334,0.323900
3335,0.948445
3336,0.957011
3337,0.738026
3338,0.463388
3339,0.013374
3340,0.939666
3341,0.948970
3342,0.534222
3343,0.032339
3344,0.552109
3345,0.274522
3346,0.960481
3347,0.972880
3348,0.667988
3349,0.019359
3350,0.066664
3351,0.427992
3352,0.694311
3353,0.011280
3354,0.007789
3355,0.235408
3356,0.009917
3357,0.190023
3358,0.002322
3359,0.020839
3360,0.003507
3361,0.004644
3362,0.080370
3363,0.081844
3364,0.034219
3365,0.028894
3366,0.912365
3367,0.084010
3368,0.080785
3369,0.015804
3370,0.678807
3371,0.275665
3372,0.025365
3373,0.007414
3374,0.751345
3375,0.054483
3376,0.041362
3377,0.762076
3378,0.928514
3379,0.066200
3380,0.179236
3381,0.008656
3382,0.133505
3383,0.195770
3384,0.953592
3385,0.959008
3386,0.023500
3387,0.013503
3388,0.226782
3389,0.163701
3390,0.335939
3391,0.995044
3392,0.002745
3393,0.094044
3394,0.100868
3395,0.189148
3396,0.997974
3397,0.990128
3398,0.005399
3399,0.041393
3400,0.090797
3401,0.041915
3402,0.027799
3403,0.922387
3404,0.099800
3405,0.031418
3406,0.307404
3407,0.897923
3408,0.022634
3409,0.008607
3410,0.998548
3411,0.253684
3412,0.971390
3413,0.908626
3414,0.197117
3415,0.422864
3416,0.010454
3417,0.067548
3418,0.005301
3419,0.028465
3420,0.812861
3421,0.012142
3422,0.035517
3423,0.116134
3424,0.031676
3425,0.033227
3426,0.032210
3427,0.013930
3428,0.034116
3429,0.949334
3430,0.005423
3431,0.385533
3432,0.254183
3433,0.030176
3434,0.966967
3435,0.085764
3436,0.151308
3437,0.123364
3438,0.163575
3439,0.267804
3440,0.920534
3441,0.344046
3442,0.005537
3443,0.329578
3444,0.403174
3445,0.171163
3446,0.455798
3447,0.063111
3448,0.030571
3449,0.030253
3450,0.057258
3451,0.026015
3452,0.188831
3453,0.820178
3454,0.994872
3455,0.907829
3456,0.518103
3457,0.035335
3458,0.160262
3459,0.004673
3460,0.021232
3461,0.981146
3462,0.291974
3463,0.042593
3464,0.010724
3465,0.020442
3466,0.011968
3467,0.009628
3468,0.625126
3469,0.906286
3470,0.003549
3471,0.470990
3472,0.033034
3473,0.004994
3474,0.004845
3475,0.608686
3476,0.116910
3477,0.026211
3478,0.008576
3479,0.967636
3480,0.946957
3481,0.085468
3482,0.056207
3483,0.827413
3484,0.006381
3485,0.844428
3486,0.950529
3487,0.042598
3488,0.026113
3489,0.440974
3490,0.030702
3491,0.034767
3492,0.041586
3493,0.121737
3494,0.144589
3495,0.236592
3496,0.569875
3497,0.850920
3498,0.001627
3499,0.562166
3500,0.955913
3501,0.725959
3502,0.007032
3503,0.093147
3504,0.061833
3505,0.007880
3506,0.010821
3507,0.173677
3508,0.807863
3509,0.006145
3510,0.002877
3511,0.939006
3512,0.011794
3513,0.009412
3514,0.041499
3515,0.020001
3516,0.005249
3517,0.968886
3518,0.440661
3519,0.979481
3520,0.050856
3521,0.032177
3522,0.168642
3523,0.062024
3524,0.294865
3525,0.255869
3526,0.320062
3527,0.068763
3528,0.021820
3529,0.761433
3530,0.016389
3531,0.025257
3532,0.984091
3533,0.020489
3534,0.127083
3535,0.016697
3536,0.041375
3537,0.033376
3538,0.005966
3539,0.950887
3540,0.003579
3541,0.091065
3542,0.019889
3543,0.733942
3544,0.083458
3545,0.069320
3546,0.019915
3547,0.003357
3548,0.034985
3549,0.041876
3550,0.031950
3551,0.996547
3552,0.994941
3553,0.404759
3554,0.437047
3555,0.967326
3556,0.194692
3557,0.551647
3558,0.004498
3559,0.165954
3560,0.003913
3561,0.261978
3562,0.062506
3563,0.910476
3564,0.197656
3565,0.952220
3566,0.937480
3567,0.064036
3568,0.002551
3569,0.708001
3570,0.170315
3571,0.845552
3572,0.874721
3573,0.004720
3574,0.043298
3575,0.277986
3576,0.994764
3577,0.013402
3578,0.991375
3579,0.928935
3580,0.325014
3581,0.004479
3582,0.592403
3583,0.108445
3584,0.983305
3585,0.417117
3586,0.879637
3587,0.004048
3588,0.162152
3589,0.978461
3590,0.076968
3591,0.303083
3592,0.935046
3593,0.891640
3594,0.972328
3595,0.043955
3596,0.042270
3597,0.897037
3598,0.003343
3599,0.012160
3600,0.994511
3601,0.005954
3602,0.002895
3603,0.024906
3604,0.043370
3605,0.271811
3606,0.964778
3607,0.001868
3608,0.236368
3609,0.001901
3610,0.152931
3611,0.592471
3612,0.034508
3613,0.944468
3614,0.747934
3615,0.039793
3616,0.016503
3617,0.068831
3618,0.983767
3619,0.668845
3620,0.074452
3621,0.554564
3622,0.005994
3623,0.966538
3624,0.014130
3625,0.522929
3626,0.716043
3627,0.554353
3628,0.305292
3629,0.063484
3630,0.946429
3631,0.083660
3632,0.037842
3633,0.018390
3634,0.047928
3635,0.010157
3636,0.060049
3637,0.034145
3638,0.922997
3639,0.008407
3640,0.104647
3641,0.086720
3642,0.004828
3643,0.004653
3644,0.988506
3645,0.665591
3646,0.912508
3647,0.020588
3648,0.611945
3649,0.947073
3650,0.011161
3651,0.021565
3652,0.008763
3653,0.055169
3654,0.635933
3655,0.403401
3656,0.011447
3657,0.003802
3658,0.015483
3659,0.909520
3660,0.284849
3661,0.655551
3662,0.024162
3663,0.156307
3664,0.011229
3665,0.452748
3666,0.935642
3667,0.032472
3668,0.921514
3669,0.634067
3670,0.109077
3671,0.008346
3672,0.008459
3673,0.890792
3674,0.122318
3675,0.943324
3676,0.025927
3677,0.126604
3678,0.958416
3679,0.916417
3680,0.007393
3681,0.091447
3682,0.014752
3683,0.150740
3684,0.485879
3685,0.242654
3686,0.995109
3687,0.182304
3688,0.183725
3689,0.817632
3690,0.013511
3691,0.874034
3692,0.361810
3693,0.991316
3694,0.006835
3695,0.901383
3696,0.020751
3697,0.742367
3698,0.003744
3699,0.034559
3700,0.239155
3701,0.078901
3702,0.983474
3703,0.195907
3704,0.976517
3705,0.986716
3706,0.154294
3707,0.292860
3708,0.477243
3709,0.009895
3710,0.020207
3711,0.997775
3712,0.078308
3713,0.075808
3714,0.159056
3715,0.006079
3716,0.166717
3717,0.629025
3718,0.971814
3719,0.114904
3720,0.822756
3721,0.346246
3722,0.965953
3723,0.987644
3724,0.010546
3725,0.121294
3726,0.028104
3727,0.160081
3728,0.182885
3729,0.426845
3730,0.915201
3731,0.011365
3732,0.142545
3733,0.050734
3734,0.015949
3735,0.159324
3736,0.003581
3737,0.006444
3738,0.993235
3739,0.991113
3740,0.395448
3741,0.804922
3742,0.954270
3743,0.089244
3744,0.653762
3745,0.202338
3746,0.508611
3747,0.072505
3748,0.640324
3749,0.007937
3750,0.089427
3751,0.027741
3752,0.018160
3753,0.242852
3754,0.930739
3755,0.004431
3756,0.051128
3757,0.039200
3758,0.005841
3759,0.865431
3760,0.616579
3761,0.931700
3762,0.664701
3763,0.259257
3764,0.022374
3765,0.249987
3766,0.010195
3767,0.290359
3768,0.077187
3769,0.952325
3770,0.056958
3771,0.963301
3772,0.411197
3773,0.016820
3774,0.007063
3775,0.117208
3776,0.092567
3777,0.143660
3778,0.003725
3779,0.025991
3780,0.151076
3781,0.147278
3782,0.633410
3783,0.108659
3784,0.088273
3785,0.909135
3786,0.038421
3787,0.430656
3788,0.017264
3789,0.648803
3790,0.955490
3791,0.983392
3792,0.958393
3793,0.085039
3794,0.367067
3795,0.687570
3796,0.874492
3797,0.085908
3798,0.165070
3799,0.057812
3800,0.004437
3801,0.027987
3802,0.970193
3803,0.163762
3804,0.636918
3805,0.009811
3806,0.117710
3807,0.992888
3808,0.272654
3809,0.069349
3810,0.042079
3811,0.283175
3812,0.042486
3813,0.025629
3814,0.923565
3815,0.046715
3816,0.617079
3817,0.094461
3818,0.971494
3819,0.946120
3820,0.679595
3821,0.066844
3822,0.914806
3823,0.075694
3824,0.043170
3825,0.994869
3826,0.329782
3827,0.040409
3828,0.815462
3829,0.054281
3830,0.059975
3831,0.994812
3832,0.016835
3833,0.103811
3834,0.528448
3835,0.255088
3836,0.527637
3837,0.994277
3838,0.593656
3839,0.996925
3840,0.122905
3841,0.141783
3842,0.100608
3843,0.083294
3844,0.040317
3845,0.994038
3846,0.004377
3847,0.962450
3848,0.005269
3849,0.004943
3850,0.384429
3851,0.963952
3852,0.045502
3853,0.560837
3854,0.892413
3855,0.003223
3856,0.027208
3857,0.006174
3858,0.064893
3859,0.039657
3860,0.019167
3861,0.057138
3862,0.005884
3863,0.972921
3864,0.997738
3865,0.312285
3866,0.996112
3867,0.007704
3868,0.497224
3869,0.031120
3870,0.672452
3871,0.050970
3872,0.569400
3873,0.266448
3874,0.173440
3875,0.993340
3876,0.134877
3877,0.980951
3878,0.030621
3879,0.005664
3880,0.992924
3881,0.983956
3882,0.327842
3883,0.367545
3884,0.005650
3885,0.028803
3886,0.880278
3887,0.147192
3888,0.102701
3889,0.115836
3890,0.086522
3891,0.931534
3892,0.008701
3893,0.696347
3894,0.121461
3895,0.320265
3896,0.121310
3897,0.948440
3898,0.426476
3899,0.332988
3900,0.030702
3901,0.003814
3902,0.948890
3903,0.656973
3904,0.026696
3905,0.082308
3906,0.976849
3907,0.041646
3908,0.148393
3909,0.993933
3910,0.003943
3911,0.008542
3912,0.183052
3913,0.029639
3914,0.854696
3915,0.026198
3916,0.792705
3917,0.036284
3918,0.063591
3919,0.012297
3920,0.081774
3921,0.005356
3922,0.506032
3923,0.016291
3924,0.012285
3925,0.991050
3926,0.383206
3927,0.017425
3928,0.025452
3929,0.904325
3930,0.982122
3931,0.002953
3932,0.380933
3933,0.009393
3934,0.930797
3935,0.006331
3936,0.102341
3937,0.261280
3938,0.955253
3939,0.083251
3940,0.158006
3941,0.967481
3942,0.022480
3943,0.143381
3944,0.785383
3945,0.760769
3946,0.105861
3947,0.005959
3948,0.078571
3949,0.964726
3950,0.052703
3951,0.028667
3952,0.971249
3953,0.032241
3954,0.994180
3955,0.005759
3956,0.103941
3957,0.308150
3958,0.037967
3959,0.921184
3960,0.075912
3961,0.009280
3962,0.007042
3963,0.804177
3964,0.226377
3965,0.145880
3966,0.600336
3967,0.012417
3968,0.006407
3969,0.143408
3970,0.278024
3971,0.956246
3972,0.521967
3973,0.391743
3974,0.004350
3975,0.860136
3976,0.992611
3977,0.143858
3978,0.033632
3979,0.712414
3980,0.748908
3981,0.959865
3982,0.953179
3983,0.003895
3984,0.616944
3985,0.025572
3986,0.571125
3987,0.002325
3988,0.873264
3989,0.007069
3990,0.396288
3991,0.771008
3992,0.005783
3993,0.184816
3994,0.725543
3995,0.956127
3996,0.702146
3997,0.005074
3998,0.215887
3999,0.057929
4000,0.007334
4001,0.031694
4002,0.003970
4003,0.147973
4004,0.775320
4005,0.273251
4006,0.113824
4007,0.006667
4008,0.995309
4009,0.085946
4010,0.997347
4011,0.883851
4012,0.039560
4013,0.053807
4014,0.995579
4015,0.939604
4016,0.108364
4017,0.115972
4018,0.125863
4019,0.023594
4020,0.019582
4021,0.054646
4022,0.018796
4023,0.008754
4024,0.006689
4025,0.730703
4026,0.866475
4027,0.004353
4028,0.036025
4029,0.024309
4030,0.007842
4031,0.875484
4032,0.124005
4033,0.011037
4034,0.045345
4035,0.058856
4036,0.021984
4037,0.010503
4038,0.972614
4039,0.003726
4040,0.327938
4041,0.988206
4042,0.056424
4043,0.103032
4044,0.036339
4045,0.002235
4046,0.010464
4047,0.147492
4048,0.116115
4049,0.038857
4050,0.074507
4051,0.070693
4052,0.194054
4053,0.892000
4054,0.024757
4055,0.011639
4056,0.064774
4057,0.232996
4058,0.519520
4059,0.015871
4060,0.194243
4061,0.942962
4062,0.148891
4063,0.429805
4064,0.297437
4065,0.168217
4066,0.014350
4067,0.532684
4068,0.016028
4069,0.009566
4070,0.069569
4071,0.975281
4072,0.003003
4073,0.040512
4074,0.032884
4075,0.010865
4076,0.558296
4077,0.072995
4078,0.527278
4079,0.136646
4080,0.002580
4081,0.816247
4082,0.936716
4083,0.149750
4084,0.014646
4085,0.222438
4086,0.258438
4087,0.003716
4088,0.122037
4089,0.006795
4090,0.190105
4091,0.003780
4092,0.166783
4093,0.303406
4094,0.009838
4095,0.047930
4096,0.020706
4097,0.225814
4098,0.003810
4099,0.934998
4100,0.589731
4101,0.055650
4102,0.138429
4103,0.134003
4104,0.971146
4105,0.531434
4106,0.178895
4107,0.505243
4108,0.978185
4109,0.969477
4110,0.121230
4111,0.002884
4112,0.972478
4113,0.312439
4114,0.127878
4115,0.009672
4116,0.026529
4117,0.998174
4118,0.112107
4119,0.108554
4120,0.973772
4121,0.160430
4122,0.773188
4123,0.006949
4124,0.488020
4125,0.010556
4126,0.058913
4127,0.039915
4128,0.116717
4129,0.404973
4130,0.032910
4131,0.339351
4132,0.894668
4133,0.958401
4134,0.017210
4135,0.262292
4136,0.030794
4137,0.904094
4138,0.002907
4139,0.248346
4140,0.996638
4141,0.879406
4142,0.084386
4143,0.068489
4144,0.973874
4145,0.124346
4146,0.119838
4147,0.221973
4148,0.021521
4149,0.022923
4150,0.173154
4151,0.023737
4152,0.039075
4153,0.124001
4154,0.563283
4155,0.847840
4156,0.071001
4157,0.004134
4158,0.911369
4159,0.244061
4160,0.273212
4161,0.326652
4162,0.009642
4163,0.009476
4164,0.931668
4165,0.222771
4166,0.006717
4167,0.979920
4168,0.170519
4169,0.091141
4170,0.998998
4171,0.029725
4172,0.869943
4173,0.058606
4174,0.004788
4175,0.206226
4176,0.026342
4177,0.005047
4178,0.753345
4179,0.141638
4180,0.956986
4181,0.272799
4182,0.002907
4183,0.832159
4184,0.981427
4185,0.852088
4186,0.962072
4187,0.064077
4188,0.003726
4189,0.046686
4190,0.002624
4191,0.107689
4192,0.931611
4193,0.087856
4194,0.877824
4195,0.137926
4196,0.996768
4197,0.738328
4198,0.081493
4199,0.894134
4200,0.005580
4201,0.514365
4202,0.098041
4203,0.099385
4204,0.063361
4205,0.058898
4206,0.430407
4207,0.054594
4208,0.458331
4209,0.306800
4210,0.300665
4211,0.149344
4212,0.220720
4213,0.390467
4214,0.037184
4215,0.008590
4216,0.014025
4217,0.988692
4218,0.997129
4219,0.008307
4220,0.132049
4221,0.981403
4222,0.195843
4223,0.409883
4224,0.066473
4225,0.032269
4226,0.996459
4227,0.372135
4228,0.020451
4229,0.862751
4230,0.796369
4231,0.033426
4232,0.010655
4233,0.113522
4234,0.004683
4235,0.339530
4236,0.067967
4237,0.079371
4238,0.040052
4239,0.053061
4240,0.494143
4241,0.996604
4242,0.004593
4243,0.027775
4244,0.946857
4245,0.046331
4246,0.024470
4247,0.006724
4248,0.016141
4249,0.470732
4250,0.754545
4251,0.125590
4252,0.004035
4253,0.833660
4254,0.108219
4255,0.031798
4256,0.158982
4257,0.003169
4258,0.844542
4259,0.008214
4260,0.976190
4261,0.970567
4262,0.627868
4263,0.922828
4264,0.005160
4265,0.381469
4266,0.900387
4267,0.004213
4268,0.964052
4269,0.207767
4270,0.162792
4271,0.008477
4272,0.146336
4273,0.006864
4274,0.020635
4275,0.952987
4276,0.595250
4277,0.024372
4278,0.014317
4279,0.176641
4280,0.969933
4281,0.531121
4282,0.222053
4283,0.006176
4284,0.018959
4285,0.394516
4286,0.088401
4287,0.443876
4288,0.736200
4289,0.014129
4290,0.810340
4291,0.045033
4292,0.017975
4293,0.739120
4294,0.909487
4295,0.334884
4296,0.203955
4297,0.997842
4298,0.306684
4299,0.008875
4300,0.122598
4301,0.996552
4302,0.053319
4303,0.105090
4304,0.308284
4305,0.010541
4306,0.030758
4307,0.050644
4308,0.929537
4309,0.958857
4310,0.059910
4311,0.010230
4312,0.979630
4313,0.954140
4314,0.008767
4315,0.008763
4316,0.904981
4317,0.916917
4318,0.817600
4319,0.005620
4320,0.807375
4321,0.004630
4322,0.200185
4323,0.135966
4324,0.465134
4325,0.442801
4326,0.002428
4327,0.746773
4328,0.975843
4329,0.007245
4330,0.120060
4331,0.100136
4332,0.033917
4333,0.034856
4334,0.150707
4335,0.161201
4336,0.039300
4337,0.082437
4338,0.074181
4339,0.460422
4340,0.146220
4341,0.074676
4342,0.086989
4343,0.974105
4344,0.756841
4345,0.049517
4346,0.004311
4347,0.020247
4348,0.153072
4349,0.003078
4350,0.019566
4351,0.015218
4352,0.982007
4353,0.266754
4354,0.088962
4355,0.078338
4356,0.934145
4357,0.030072
4358,0.082767
4359,0.008519
4360,0.961402
4361,0.385915
4362,0.832059
4363,0.019583
4364,0.887962
4365,0.133699
4366,0.159735
4367,0.951489
4368,0.005371
4369,0.031806
4370,0.155551
4371,0.047529
4372,0.996766
4373,0.042981
4374,0.105312
4375,0.495612
4376,0.037182
4377,0.123897
4378,0.976513
4379,0.998196
4380,0.326375
4381,0.027098
4382,0.085627
4383,0.268062
4384,0.884479
4385,0.065988
4386,0.118002
4387,0.001307
4388,0.142698
4389,0.026573
4390,0.757724
4391,0.043121
4392,0.885615
4393,0.067014
4394,0.445052
4395,0.031728
4396,0.627673
4397,0.003325
4398,0.995057
4399,0.134917
4400,0.947981
4401,0.058595
4402,0.114356
4403,0.007495
4404,0.045746
4405,0.105389
4406,0.003748
4407,0.044192
4408,0.285451
4409,0.081001
4410,0.005820
4411,0.003479
4412,0.023319
4413,0.061970
4414,0.688655
4415,0.059767
4416,0.417021
4417,0.054309
4418,0.031318
4419,0.206881
4420,0.015189
4421,0.111913
4422,0.002487
4423,0.120213
4424,0.005325
4425,0.084237
4426,0.015049
4427,0.004574
4428,0.029606
4429,0.112158
4430,0.038507
4431,0.086422
4432,0.004994
4433,0.040595
4434,0.028173
4435,0.109412
4436,0.007705
4437,0.138227
4438,0.033156
4439,0.431768
4440,0.862431
4441,0.005620
4442,0.634160
4443,0.094313
4444,0.115383
4445,0.119600
4446,0.027313
4447,0.607271
4448,0.038440
4449,0.634776
4450,0.062416
4451,0.895315
4452,0.940171
4453,0.188514
4454,0.843313
4455,0.031813
4456,0.039863
4457,0.996129
4458,0.028541
4459,0.177527
4460,0.629020
4461,0.071071
4462,0.017766
4463,0.007212
4464,0.027877
4465,0.015593
4466,0.094326
4467,0.994911
4468,0.950052
4469,0.030510
4470,0.038141
4471,0.005387
4472,0.312813
4473,0.273705
4474,0.293570
4475,0.988560
4476,0.132369
4477,0.042696
4478,0.875538
4479,0.170062
4480,0.261211
4481,0.089197
4482,0.004493
4483,0.950980
4484,0.028193
4485,0.035618
4486,0.997471
4487,0.054306
4488,0.078675
4489,0.012438
4490,0.073125
4491,0.003713
4492,0.003475
4493,0.310520
4494,0.368892
4495,0.126670
4496,0.073114
4497,0.369805
4498,0.004901
4499,0.045269
4500,0.195224
4501,0.031897
4502,0.212096
4503,0.976757
4504,0.409884
4505,0.091119
4506,0.504949
4507,0.085433
4508,0.009274
4509,0.016260
4510,0.303581
4511,0.362232
4512,0.023089
4513,0.001924
4514,0.072437
4515,0.561807
4516,0.908309
4517,0.099541
4518,0.976776
4519,0.094282
4520,0.156872
4521,0.614838
4522,0.589186
4523,0.955866
4524,0.814685
4525,0.956445
4526,0.158570
4527,0.027560
4528,0.003433
4529,0.972514
4530,0.567697
4531,0.030538
4532,0.014096
4533,0.206379
4534,0.793972
4535,0.006666
4536,0.470965
4537,0.035761
4538,0.041863
4539,0.556558
4540,0.362934
4541,0.016201
4542,0.019319
4543,0.968629
4544,0.977267
4545,0.038231
4546,0.193551
4547,0.080239
4548,0.796950
4549,0.073546
4550,0.185657
4551,0.929035
4552,0.877086
4553,0.275341
4554,0.032173
4555,0.236506
4556,0.044084
4557,0.694229
4558,0.947794
4559,0.692178
4560,0.001872
4561,0.030253
4562,0.970468
4563,0.009175
4564,0.040976
4565,0.121763
4566,0.107010
4567,0.240594
4568,0.005547
4569,0.014972
4570,0.005845
4571,0.007835
4572,0.081750
4573,0.012906
4574,0.296208
4575,0.002552
4576,0.162017
4577,0.243279
4578,0.049813
4579,0.021507
4580,0.252609
4581,0.164441
4582,0.872332
4583,0.015540
4584,0.989371
4585,0.940567
4586,0.262973
4587,0.281846
4588,0.021681
4589,0.012305
4590,0.060393
4591,0.005017
4592,0.026796
4593,0.015442
4594,0.950389
4595,0.018863
4596,0.071399
4597,0.979045
4598,0.186891
4599,0.585743
4600,0.013875
4601,0.009980
4602,0.056835
4603,0.246289
4604,0.011137
4605,0.178627
4606,0.031953
4607,0.115413
4608,0.976775
4609,0.016561
4610,0.963377
4611,0.062806
4612,0.118925
4613,0.099308
4614,0.969411
4615,0.987165
4616,0.030403
4617,0.226956
4618,0.971506
4619,0.635400
4620,0.971445
4621,0.043557
4622,0.623462
4623,0.026522
4624,0.285508
4625,0.003168
4626,0.112116
4627,0.049552
4628,0.966965
4629,0.064795
4630,0.028668
4631,0.994817
4632,0.042734
4633,0.830551
4634,0.074912
4635,0.094118
4636,0.025082
4637,0.956860
4638,0.077254
4639,0.047366
4640,0.064280
4641,0.089703
4642,0.973049
4643,0.997169
4644,0.994363
4645,0.009500
4646,0.428713
4647,0.043772
4648,0.035365
4649,0.150339
4650,0.005672
4651,0.783601
4652,0.025038
4653,0.364592
4654,0.101434
4655,0.014493
4656,0.705660
4657,0.968991
4658,0.028980
4659,0.776330
4660,0.093370
4661,0.098259
4662,0.040264
4663,0.069119
4664,0.192270
4665,0.003265
4666,0.474300
4667,0.013485
4668,0.117127
4669,0.010237
4670,0.130912
4671,0.996991
4672,0.057681
4673,0.006256
4674,0.042420
4675,0.942333
4676,0.028038
4677,0.041034
4678,0.011786
4679,0.989887
4680,0.069786
4681,0.005892
4682,0.021554
4683,0.651845
4684,0.013147
4685,0.308436
4686,0.419903
4687,0.017245
4688,0.042792
4689,0.098496
4690,0.027693
4691,0.249211
4692,0.026209
4693,0.989828
4694,0.020432
4695,0.489243
4696,0.118937
4697,0.570305
4698,0.992439
4699,0.069781
4700,0.559329
4701,0.066387
4702,0.005100
4703,0.277401
4704,0.011265
4705,0.029774
4706,0.124178
4707,0.008472
4708,0.030458
4709,0.024242
4710,0.203963
4711,0.960921
4712,0.360784
4713,0.013522
4714,0.015628
4715,0.125914
4716,0.003051
4717,0.052104
4718,0.929497
4719,0.370474
4720,0.018483
4721,0.094339
4722,0.971984
4723,0.813629
4724,0.025162
4725,0.006414
4726,0.056684
4727,0.131962
4728,0.210267
4729,0.045382
4730,0.002191
4731,0.005329
4732,0.071977
4733,0.955508
4734,0.041275
4735,0.019522
4736,0.989330
4737,0.326997
4738,0.841467
4739,0.579229
4740,0.996312
4741,0.076405
4742,0.923026
4743,0.058347
4744,0.024436
4745,0.458644
4746,0.058575
4747,0.043151
4748,0.009958
4749,0.220665
4750,0.497117
4751,0.996069
4752,0.037540
4753,0.334757
4754,0.092964
4755,0.199810
4756,0.009878
4757,0.049032
4758,0.094042
4759,0.120909
4760,0.870838
4761,0.588155
4762,0.037982
4763,0.007897
4764,0.003681
4765,0.050750
4766,0.243531
4767,0.706418
4768,0.918679
4769,0.451660
4770,0.009932
4771,0.014946
4772,0.018485
4773,0.005423
4774,0.659273
4775,0.002739
4776,0.010686
4777,0.036714
4778,0.010969
4779,0.983697
4780,0.992254
4781,0.207874
4782,0.994263
4783,0.074223
4784,0.309689
4785,0.199728
4786,0.014934
4787,0.871643
4788,0.112456
4789,0.005340
4790,0.005579
4791,0.011225
4792,0.921234
4793,0.984567
4794,0.071493
4795,0.003422
4796,0.994072
4797,0.004699
4798,0.858511
4799,0.603854
4800,0.406339
4801,0.667037
4802,0.005883
4803,0.018666
4804,0.030958
4805,0.004767
4806,0.442032
4807,0.929057
4808,0.082565
4809,0.043748
4810,0.021620
4811,0.098055
4812,0.132894
4813,0.798312
4814,0.957258
4815,0.293072
4816,0.194013
4817,0.037175
4818,0.072383
4819,0.219563
4820,0.998316
4821,0.920049
4822,0.010448
4823,0.338979
4824,0.229458
4825,0.659126
4826,0.022558
4827,0.082863
4828,0.010923
4829,0.032888
4830,0.031556
4831,0.249846
4832,0.131258
4833,0.211432
4834,0.016092
4835,0.045808
4836,0.038325
4837,0.035904
4838,0.016862
4839,0.008450
4840,0.974838
4841,0.260698
4842,0.978775
4843,0.060732
4844,0.154616
4845,0.116124
4846,0.006288
4847,0.959788
4848,0.440707
4849,0.002831
4850,0.265919
4851,0.044981
4852,0.548258
4853,0.797475
4854,0.593204
4855,0.275926
4856,0.649913
4857,0.041579
4858,0.148724
4859,0.019422
4860,0.079733
4861,0.780599
4862,0.042502
4863,0.012709
4864,0.553523
4865,0.188256
4866,0.004276
4867,0.311777
4868,0.175703
4869,0.004402
4870,0.136097
4871,0.261209
4872,0.373174
4873,0.093778
4874,0.994985
4875,0.268440
4876,0.028913
4877,0.018855
4878,0.799481
4879,0.758233
4880,0.869028
4881,0.909239
4882,0.037996
4883,0.075163
4884,0.076065
4885,0.814215
4886,0.946967
4887,0.010119
4888,0.050277
4889,0.101903
4890,0.022344
4891,0.580779
4892,0.977958
4893,0.905952
4894,0.084708
4895,0.058759
4896,0.541393
4897,0.871534
4898,0.143679
4899,0.892795
4900,0.012755
4901,0.868742
4902,0.247842
4903,0.057089
4904,0.066250
4905,0.284996
4906,0.004646
4907,0.415491
4908,0.044319
4909,0.048547
4910,0.946175
4911,0.157494
4912,0.034914
4913,0.872702
4914,0.032760
4915,0.965860
4916,0.550657
4917,0.671825
4918,0.964311
4919,0.532747
4920,0.029856
4921,0.945266
4922,0.979909
4923,0.003681
4924,0.940924
4925,0.123535
4926,0.018368
4927,0.839809
4928,0.534357
4929,0.048488
4930,0.965429
4931,0.870011
4932,0.672011
4933,0.996314
4934,0.057494
4935,0.100828
4936,0.060594
4937,0.509235
4938,0.003580
4939,0.964898
4940,0.022326
4941,0.007095
4942,0.243980
4943,0.010155
4944,0.045719
4945,0.185887
4946,0.110669
4947,0.110977
4948,0.220556
4949,0.913220
4950,0.455740
4951,0.059407
4952,0.220496
4953,0.164651
4954,0.794717
4955,0.461677
4956,0.249118
4957,0.197298
4958,0.977130
4959,0.591543
4960,0.003387
4961,0.830952
4962,0.080220
4963,0.329963
4964,0.905232
4965,0.018897
4966,0.009395
4967,0.295535
4968,0.008832
4969,0.180306
4970,0.978516
4971,0.154088
4972,0.057381
4973,0.004726
4974,0.023007
4975,0.641165
4976,0.141110
4977,0.480237
4978,0.009315
4979,0.877560
4980,0.362177
4981,0.007217
4982,0.069372
4983,0.886462
4984,0.414714
4985,0.681081
4986,0.979777
4987,0.965455
4988,0.017656
4989,0.002053
4990,0.003880
4991,0.770037
4992,0.005515
4993,0.066013
4994,0.112714
4995,0.007002
4996,0.962409
4997,0.013326
4998,0.306228
4999,0.474311
5000,0.006708
5001,0.022326
5002,0.078335
5003,0.464519
5004,0.249362
5005,0.044771
5006,0.024468
5007,0.836137
5008,0.956589
5009,0.047000
5010,0.004311
5011,0.587623
5012,0.040441
5013,0.111497
5014,0.210596
5015,0.740852
5016,0.886535
5017,0.670667
5018,0.981270
5019,0.979906
5020,0.011269
5021,0.298875
5022,0.011537
5023,0.003144
5024,0.331404
5025,0.046378
5026,0.053399
5027,0.088705
5028,0.997430
5029,0.841481
5030,0.004714
5031,0.038127
5032,0.245808
5033,0.944789
5034,0.915487
5035,0.038193
5036,0.021556
5037,0.002210
5038,0.009499
5039,0.254968
5040,0.909759
5041,0.349267
5042,0.967252
5043,0.062026
5044,0.007877
5045,0.364737
5046,0.047486
5047,0.002448
5048,0.401396
5049,0.039303
5050,0.096767
5051,0.830925
5052,0.007777
5053,0.107964
5054,0.046248
5055,0.025062
5056,0.905259
5057,0.023410
5058,0.940436
5059,0.075177
5060,0.124611
5061,0.073112
5062,0.011658
5063,0.007367
5064,0.019515
5065,0.457174
5066,0.398895
5067,0.036599
5068,0.949212
5069,0.606377
5070,0.961782
5071,0.066269
5072,0.058467
5073,0.008106
5074,0.012939
5075,0.317121
5076,0.317172
5077,0.059509
5078,0.031084
5079,0.966285
5080,0.034663
5081,0.003486
5082,0.031924
5083,0.094216
5084,0.002560
5085,0.960592
5086,0.997384
5087,0.003717
5088,0.022580
5089,0.017253
5090,0.666829
5091,0.037188
5092,0.990196
5093,0.368305
5094,0.120493
5095,0.132049
5096,0.007005
5097,0.028795
5098,0.367452
5099,0.003467
5100,0.043987
5101,0.285303
5102,0.557624
5103,0.004958
5104,0.009662
5105,0.067652
5106,0.993413
5107,0.971287
5108,0.540682
5109,0.931581
5110,0.018907
5111,0.995803
5112,0.912232
5113,0.442079
5114,0.968193
5115,0.877754
5116,0.957953
5117,0.871385
5118,0.940349
5119,0.018062
5120,0.996992
5121,0.023520
5122,0.006904
5123,0.827308
5124,0.015714
5125,0.949434
5126,0.098753
5127,0.345737
5128,0.038181
5129,0.554904
5130,0.022323
5131,0.007794
5132,0.190371
5133,0.234935
5134,0.724371
5135,0.513959
5136,0.004052
5137,0.742137
5138,0.028502
5139,0.348679
5140,0.079761
5141,0.246565
5142,0.113384
5143,0.003587
5144,0.005920
5145,0.004885
5146,0.024380
5147,0.027831
5148,0.013880
5149,0.007160
5150,0.322654
5151,0.811037
5152,0.159692
5153,0.024839
5154,0.996449
5155,0.080587
5156,0.002662
5157,0.013936
5158,0.002505
5159,0.029325
5160,0.189990
5161,0.045874
5162,0.002991
5163,0.085454
5164,0.016367
5165,0.107404
5166,0.639614
5167,0.029053
5168,0.095511
5169,0.047922
5170,0.122043
5171,0.819578
5172,0.675410
5173,0.185786
5174,0.019548
5175,0.997813
5176,0.452448
5177,0.946340
5178,0.875485
5179,0.898267
5180,0.032912
5181,0.285553
5182,0.387672
5183,0.005106
5184,0.133913
5185,0.114226
5186,0.002504
5187,0.113582
5188,0.975655
5189,0.051220
5190,0.058917
5191,0.145924
5192,0.237885
5193,0.168785
5194,0.427122
5195,0.319491
5196,0.038157
5197,0.019272
5198,0.038492
5199,0.012962
5200,0.002954
5201,0.094281
5202,0.221029
5203,0.014372
5204,0.162304
5205,0.004881
5206,0.046149
5207,0.694794
5208,0.015196
5209,0.826593
5210,0.868652
5211,0.909012
5212,0.295181
5213,0.157608
5214,0.022974
5215,0.612858
5216,0.745181
5217,0.014051
5218,0.518288
5219,0.002624
5220,0.998151
5221,0.026812
5222,0.079295
5223,0.238294
5224,0.531751
5225,0.006407
5226,0.983002
5227,0.855555
5228,0.842608
5229,0.990240
5230,0.106042
5231,0.367983
5232,0.979482
5233,0.012004
5234,0.081448
5235,0.022133
5236,0.004968
5237,0.948723
5238,0.146069
5239,0.016705
5240,0.031720
5241,0.154472
5242,0.028089
5243,0.069588
5244,0.981514
5245,0.455610
5246,0.195102
5247,0.052453
5248,0.076806
5249,0.319191
5250,0.163672
5251,0.285620
5252,0.482909
5253,0.016833
5254,0.017151
5255,0.341412
5256,0.005125
5257,0.538484
5258,0.969813
5259,0.708021
5260,0.044426
5261,0.012157
5262,0.829265
5263,0.003981
5264,0.285372
5265,0.100203
5266,0.969265
5267,0.002511
5268,0.105316
5269,0.032479
5270,0.127176
5271,0.142240
5272,0.938414
5273,0.011005
5274,0.633480
5275,0.924579
5276,0.107630
5277,0.845573
5278,0.250599
5279,0.007909
5280,0.007538
5281,0.006100
5282,0.972960
5283,0.068064
5284,0.021801
5285,0.005495
5286,0.020919
5287,0.081358
5288,0.055131
5289,0.011165
5290,0.006581
5291,0.990800
5292,0.641790
5293,0.109490
5294,0.742217
5295,0.023415
5296,0.211572
5297,0.002547
5298,0.385232
5299,0.003263
5300,0.011598
5301,0.164803
5302,0.383800
5303,0.149348
5304,0.081778
5305,0.064406
5306,0.135501
5307,0.889641
5308,0.087559
5309,0.163228
5310,0.029574
5311,0.788592
5312,0.345309
5313,0.040179
5314,0.776960
5315,0.161525
5316,0.091874
5317,0.086160
5318,0.005580
5319,0.749662
5320,0.019842
5321,0.085121
5322,0.122888
5323,0.045154
5324,0.894997
5325,0.302751
5326,0.002554
5327,0.008869
5328,0.063444
5329,0.915592
5330,0.014041
5331,0.101684
5332,0.006822
5333,0.041852
5334,0.959907
5335,0.420688
5336,0.009172
5337,0.069649
5338,0.305717
5339,0.021148
5340,0.007642
5341,0.005953
5342,0.978976
5343,0.076351
5344,0.017270
5345,0.016632
5346,0.263911
5347,0.942443
5348,0.017148
5349,0.026514
5350,0.805210
5351,0.998546
5352,0.782830
5353,0.017992
5354,0.399275
5355,0.813126
5356,0.014004
5357,0.111231
5358,0.993823
5359,0.009521
5360,0.057343
5361,0.720844
5362,0.134870
5363,0.016334
5364,0.007813
5365,0.971079
5366,0.003561
5367,0.002988
5368,0.885215
5369,0.726151
5370,0.026510
5371,0.012101
5372,0.010659
5373,0.206509
5374,0.005525
5375,0.049421
5376,0.042703
5377,0.013680
5378,0.030681
5379,0.140602
5380,0.494460
5381,0.050787
5382,0.262097
5383,0.092534
5384,0.130140
5385,0.054238
5386,0.017543
5387,0.758242
5388,0.006454
5389,0.996235
5390,0.642463
5391,0.005540
5392,0.002650
5393,0.998309
5394,0.010817
5395,0.845098
5396,0.031893
5397,0.130067
5398,0.175242
5399,0.244873
5400,0.032952
5401,0.560945
5402,0.008226
5403,0.065101
5404,0.040526
5405,0.058034
5406,0.881741
5407,0.842044
5408,0.034688
5409,0.015114
5410,0.177316
5411,0.157100
5412,0.901444
5413,0.068323
5414,0.007682
5415,0.997108
5416,0.049782
5417,0.104499
5418,0.127851
5419,0.242760
5420,0.033371
5421,0.082622
5422,0.034783
5423,0.045382
5424,0.720214
5425,0.943991
5426,0.018755
5427,0.030068
5428,0.008027
5429,0.003379
5430,0.722195
5431,0.037313
5432,0.740432
5433,0.166861
5434,0.966334
5435,0.565570
5436,0.978088
5437,0.041534
5438,0.342699
5439,0.292109
5440,0.906503
5441,0.003702
5442,0.092734
5443,0.561551
5444,0.012818
5445,0.977308
5446,0.219310
5447,0.125952
5448,0.021034
5449,0.005168
5450,0.948196
5451,0.005020
5452,0.993277
5453,0.261472
5454,0.047179
5455,0.942461
5456,0.009233
5457,0.097725
5458,0.003814
5459,0.944724
5460,0.979931
5461,0.011474
5462,0.015496
5463,0.073058
5464,0.012717
5465,0.128728
5466,0.794773
5467,0.993525
5468,0.065714
5469,0.091420
5470,0.995192
5471,0.259231
5472,0.232410
5473,0.003924
5474,0.317283
5475,0.005714
5476,0.041813
5477,0.895283
5478,0.273503
5479,0.940723
5480,0.053215
5481,0.028834
5482,0.003030
5483,0.367490
5484,0.696728
5485,0.114726
5486,0.043684
5487,0.547669
5488,0.132459
5489,0.344993
5490,0.036832
5491,0.570739
5492,0.041435
5493,0.007787
5494,0.839789
5495,0.964693
5496,0.021672
5497,0.210223
5498,0.102376
5499,0.002946
5500,0.001890
5501,0.226280
5502,0.042142
5503,0.093387
5504,0.973400
5505,0.977592
5506,0.017083
5507,0.364427
5508,0.031796
5509,0.950656
5510,0.011739
5511,0.996883
5512,0.005730
5513,0.040118
5514,0.291766
5515,0.006847
5516,0.072677
5517,0.136642
5518,0.213643
5519,0.067095
5520,0.031183
5521,0.997320
5522,0.851315
5523,0.223413
5524,0.975473
5525,0.178106
5526,0.167418
5527,0.755260
5528,0.003428
5529,0.038469
5530,0.110168
5531,0.066301
5532,0.066846
5533,0.046442
5534,0.058385
5535,0.006519
5536,0.031886
5537,0.029104
5538,0.006685
5539,0.060111
5540,0.805232
5541,0.008312
5542,0.346580
5543,0.004273
5544,0.006120
5545,0.980533
5546,0.286998
5547,0.040896
5548,0.089211
5549,0.982547
5550,0.020381
5551,0.092695
5552,0.046947
5553,0.059466
5554,0.396439
5555,0.091165
5556,0.112670
5557,0.704499
5558,0.975734
5559,0.051302
5560,0.994771
5561,0.558682
5562,0.005301
5563,0.104398
5564,0.004058
5565,0.989091
5566,0.444835
5567,0.018465
5568,0.072631
5569,0.082786
5570,0.969807
5571,0.023602
5572,0.004612
5573,0.066035
5574,0.799405
5575,0.326011
5576,0.025172
5577,0.028041
5578,0.190536
5579,0.023059
5580,0.998694
5581,0.278062
5582,0.007571
5583,0.017321
5584,0.523099
5585,0.013299
5586,0.419476
5587,0.802983
5588,0.145483
5589,0.036379
5590,0.073910
5591,0.018841
5592,0.620330
5593,0.004327
5594,0.029167
5595,0.043460
5596,0.712596
5597,0.878149
5598,0.028827
5599,0.879454
5600,0.971711
5601,0.074653
5602,0.119257
5603,0.588720
5604,0.004517
5605,0.834610
5606,0.141634
5607,0.005881
5608,0.372292
5609,0.782413
5610,0.047356
5611,0.066654
5612,0.042577
5613,0.201670
5614,0.157464
5615,0.003551
5616,0.041235
5617,0.907158
5618,0.995433
5619,0.165632
5620,0.018552
5621,0.240351
5622,0.003915
5623,0.004769
5624,0.128772
5625,0.758691
5626,0.119324
5627,0.994054
5628,0.056352
5629,0.127008
5630,0.994317
5631,0.038315
5632,0.015914
5633,0.008950
5634,0.610912
5635,0.048841
5636,0.009714
5637,0.101956
5638,0.683222
5639,0.004372
5640,0.019346
5641,0.155884
5642,0.022240
5643,0.796097
5644,0.082353
5645,0.013992
5646,0.812602
5647,0.090935
5648,0.014971
5649,0.048991
5650,0.018409
5651,0.113096
5652,0.010795
5653,0.032835
5654,0.011447
5655,0.950155
5656,0.127176
5657,0.233507
5658,0.034257
5659,0.133744
5660,0.014487
5661,0.812629
5662,0.015515
5663,0.199761
5664,0.031171
5665,0.933640
5666,0.123599
5667,0.951803
5668,0.995669
5669,0.307468
5670,0.904482
5671,0.155686
5672,0.059152
5673,0.205607
5674,0.840234
5675,0.123162
5676,0.995281
5677,0.022758
5678,0.057037
5679,0.962780
5680,0.003663
5681,0.056875
5682,0.506029
5683,0.182871
5684,0.050736
5685,0.084369
5686,0.093454
5687,0.124729
5688,0.018257
5689,0.038070
5690,0.030575
5691,0.006046
5692,0.022843
5693,0.173055
5694,0.075676
5695,0.337116
5696,0.120422
5697,0.198460
5698,0.015303
5699,0.279911
5700,0.041229
5701,0.965701
5702,0.075412
5703,0.221660
5704,0.830911
5705,0.570872
5706,0.071308
5707,0.029379
5708,0.150995
5709,0.922890
5710,0.970345
5711,0.063584
5712,0.003242
5713,0.025545
5714,0.245348
5715,0.031885
5716,0.003557
5717,0.941352
5718,0.931464
5719,0.005244
5720,0.449046
5721,0.005627
5722,0.997074
5723,0.347969
5724,0.020583
5725,0.051189
5726,0.453721
5727,0.954800
5728,0.849555
5729,0.011591
5730,0.489670
5731,0.966856
5732,0.011729
5733,0.177644
5734,0.991696
5735,0.017721
5736,0.003322
5737,0.961137
5738,0.863726
5739,0.010008
5740,0.251732
5741,0.084356
5742,0.067579
5743,0.815738
5744,0.367752
5745,0.004661
5746,0.052312
5747,0.104616
5748,0.115954
5749,0.278354
5750,0.977320
5751,0.003895
5752,0.100471
5753,0.018493
5754,0.003031
5755,0.044319
5756,0.009340
5757,0.141919
5758,0.937470
5759,0.164241
5760,0.014942
5761,0.008272
5762,0.635994
5763,0.895753
5764,0.002038
5765,0.801024
5766,0.981764
5767,0.029571
5768,0.830415
5769,0.004281
5770,0.051146
5771,0.993193
5772,0.249434
5773,0.571084
5774,0.994897
5775,0.070289
5776,0.874418
5777,0.005072
5778,0.011182
5779,0.003064
5780,0.022896
5781,0.351470
5782,0.010254
5783,0.644015
5784,0.953313
5785,0.844434
5786,0.002396
5787,0.052768
5788,0.997026
5789,0.085283
5790,0.978288
5791,0.996184
5792,0.047238
5793,0.198592
5794,0.243654
5795,0.071264
5796,0.090067
5797,0.959446
5798,0.998062
5799,0.031454
5800,0.401259
5801,0.133189
5802,0.948555
5803,0.158279
5804,0.071026
5805,0.126612
5806,0.988810
5807,0.108441
5808,0.997898
5809,0.029440
5810,0.201326
5811,0.942915
5812,0.979670
5813,0.870505
5814,0.944966
5815,0.933148
5816,0.970305
5817,0.802710
5818,0.022513
5819,0.998795
5820,0.133915
5821,0.087184
5822,0.996586
5823,0.004318
5824,0.854761
5825,0.059685
5826,0.015906
5827,0.012485
5828,0.911215
5829,0.265852
5830,0.052582
5831,0.106894
5832,0.335303
5833,0.380050
5834,0.034989
5835,0.901831
5836,0.110273
5837,0.714043
5838,0.007598
5839,0.005954
5840,0.005753
5841,0.947750
5842,0.056854
5843,0.189332
5844,0.287048
5845,0.529288
5846,0.951249
5847,0.113043
5848,0.054433
5849,0.036775
5850,0.979124
5851,0.957020
5852,0.876718
5853,0.162824
5854,0.867373
5855,0.007505
5856,0.182555
5857,0.058260
5858,0.613157
5859,0.068742
5860,0.949094
5861,0.045837
5862,0.603994
5863,0.096494
5864,0.165007
5865,0.315926
5866,0.088983
5867,0.166549
5868,0.051662
5869,0.083727
5870,0.004551
5871,0.116377
5872,0.005356
5873,0.074642
5874,0.984591
5875,0.995731
5876,0.093330
5877,0.953188
5878,0.150019
5879,0.047742
5880,0.125193
5881,0.153359
5882,0.012025
5883,0.170278
5884,0.822107
5885,0.012031
5886,0.435691
5887,0.898568
5888,0.502484
5889,0.908817
5890,0.001781
5891,0.051258
5892,0.560306
5893,0.071156
5894,0.066486
5895,0.040849
5896,0.015435
5897,0.029707
5898,0.695836
5899,0.072596
5900,0.086143
5901,0.834494
5902,0.503338
5903,0.931233
5904,0.979801
5905,0.420343
5906,0.027069
5907,0.972266
5908,0.027217
5909,0.054491
5910,0.084573
5911,0.119421
5912,0.996534
5913,0.004698
5914,0.050401
5915,0.229572
5916,0.003422
5917,0.005692
5918,0.953647
5919,0.200316
5920,0.980810
5921,0.067839
5922,0.085135
5923,0.090419
5924,0.367253
5925,0.115863
5926,0.978096
5927,0.117742
5928,0.028315
5929,0.008218
5930,0.120839
5931,0.925447
5932,0.047895
5933,0.923592
5934,0.501055
5935,0.229489
5936,0.002808
5937,0.089037
5938,0.388547
5939,0.004852
5940,0.960338
5941,0.047960
5942,0.164350
5943,0.078027
5944,0.298889
5945,0.979601
5946,0.125844
5947,0.077240
5948,0.091396
5949,0.696626
5950,0.018101
5951,0.450519
5952,0.139958
5953,0.474484
5954,0.430388
5955,0.016811
5956,0.895161
5957,0.854902
5958,0.775906
5959,0.278094
5960,0.047690
5961,0.005993
5962,0.280823
5963,0.005937
5964,0.875914
5965,0.173470
5966,0.045680
5967,0.005144
5968,0.036604
5969,0.434076
5970,0.949037
5971,0.041656
5972,0.934203
5973,0.130027
5974,0.870728
5975,0.562383
5976,0.013298
5977,0.307718
5978,0.469874
5979,0.914131
5980,0.129448
5981,0.316100
5982,0.011410
5983,0.011248
5984,0.932028
5985,0.013980
5986,0.112601
5987,0.014933
5988,0.642686
5989,0.858898
5990,0.022510
5991,0.998171
5992,0.041971
5993,0.145003
5994,0.007152
5995,0.088920
5996,0.034762
5997,0.938677
5998,0.845355
5999,0.796853
6000,0.017145
6001,0.686553
6002,0.802789
6003,0.337011
6004,0.048685
6005,0.001027
6006,0.702949
6007,0.971844
6008,0.507582
6009,0.906989
6010,0.006521
6011,0.948557
6012,0.141525
6013,0.178249
6014,0.103340
6015,0.074738
6016,0.038713
6017,0.028483
6018,0.993481
6019,0.025978
6020,0.966112
6021,0.334068
6022,0.961248
6023,0.757618
6024,0.028650
6025,0.020578
6026,0.040513
6027,0.492247
6028,0.076689
6029,0.730144
6030,0.007976
6031,0.020861
6032,0.030671
6033,0.023765
6034,0.662673
6035,0.131166
6036,0.940875
6037,0.548783
6038,0.902952
6039,0.007201
6040,0.057372
6041,0.963241
6042,0.988767
6043,0.872408
6044,0.951163
6045,0.923659
6046,0.009488
6047,0.070669
6048,0.183891
6049,0.603926
6050,0.016161
6051,0.203945
6052,0.128400
6053,0.002768
6054,0.016464
6055,0.125422
6056,0.118347
6057,0.020223
6058,0.166219
6059,0.740364
6060,0.029970
6061,0.559559
6062,0.080276
6063,0.945480
6064,0.007150
6065,0.020055
6066,0.109175
6067,0.002973
6068,0.612910
6069,0.002541
6070,0.062040
6071,0.072779
6072,0.994838
6073,0.037203
6074,0.197801
6075,0.045282
6076,0.118680
6077,0.050636
6078,0.270461
6079,0.029177
6080,0.709144
6081,0.005077
6082,0.749728
6083,0.031307
6084,0.974263
6085,0.132138
6086,0.050462
6087,0.059165
6088,0.040453
6089,0.151153
6090,0.055576
6091,0.022473
6092,0.953483
6093,0.309816
6094,0.032505
6095,0.391014
6096,0.965226
6097,0.093658
6098,0.005201
6099,0.895693
6100,0.958957
6101,0.829230
6102,0.076903
6103,0.293654
6104,0.061906
6105,0.019838
6106,0.016279
6107,0.656956
6108,0.968450
6109,0.006614
6110,0.287550
6111,0.943467
6112,0.017413
6113,0.008510
6114,0.118293
6115,0.952084
6116,0.733795
6117,0.002440
6118,0.032077
6119,0.495110
6120,0.357888
6121,0.016109
6122,0.048723
6123,0.909151
6124,0.089788
6125,0.464692
6126,0.004041
6127,0.935583
6128,0.017506
6129,0.940672
6130,0.007981
6131,0.051683
6132,0.950603
6133,0.069318
6134,0.607838
6135,0.024006
6136,0.829008
6137,0.083747
6138,0.017256
6139,0.142316
6140,0.024476
6141,0.993812
6142,0.992843
6143,0.849530
6144,0.044964
6145,0.943955
6146,0.701363
6147,0.018576
6148,0.782246
6149,0.232865
6150,0.008658
6151,0.036094
6152,0.040127
6153,0.032146
6154,0.931677
6155,0.022819
6156,0.538546
6157,0.014891
6158,0.101587
6159,0.033382
6160,0.746461
6161,0.355765
6162,0.964179
6163,0.827697
6164,0.030738
6165,0.223534
6166,0.958049
6167,0.997894
6168,0.687444
6169,0.489048
6170,0.744254
6171,0.173352
6172,0.844305
6173,0.218406
6174,0.352716
6175,0.502089
6176,0.023356
6177,0.049344
6178,0.927367
6179,0.085992
6180,0.830208
6181,0.961693
6182,0.126180
6183,0.019824
6184,0.159888
6185,0.629881
6186,0.536511
6187,0.011735
6188,0.057447
6189,0.111058
6190,0.103318
6191,0.994668
6192,0.194949
6193,0.016989
6194,0.967780
6195,0.025123
6196,0.966915
6197,0.975600
6198,0.871480
6199,0.016542
6200,0.952983
6201,0.008448
6202,0.024139
6203,0.018672
6204,0.098590
6205,0.022587
6206,0.198979
6207,0.027208
6208,0.975234
6209,0.132317
6210,0.604258
6211,0.956367
6212,0.018193
6213,0.021731
6214,0.446739
6215,0.029170
6216,0.016893
6217,0.042309
6218,0.117336
6219,0.128447
6220,0.016679
6221,0.824365
6222,0.004843
6223,0.011422
6224,0.010839
6225,0.004524
6226,0.006078
6227,0.008453
6228,0.030969
6229,0.961543
6230,0.002395
6231,0.036765
6232,0.086540
6233,0.037903
6234,0.998904
6235,0.213187
6236,0.160234
6237,0.292317
6238,0.028123
6239,0.725775
6240,0.009102
6241,0.345878
6242,0.004894
6243,0.035746
6244,0.002495
6245,0.006472
6246,0.949782
6247,0.074134
6248,0.008140
6249,0.222831
6250,0.273674
6251,0.114587
6252,0.864760
6253,0.823262
6254,0.895817
6255,0.967419
6256,0.974793
6257,0.500824
6258,0.993808
6259,0.003318
6260,0.006810
6261,0.122238
6262,0.177122
6263,0.175562
6264,0.266755
6265,0.026214
6266,0.932263
6267,0.088144
6268,0.065377
6269,0.013270
6270,0.061765
6271,0.008959
6272,0.100848
6273,0.043033
6274,0.052019
6275,0.016369
6276,0.987510
6277,0.066069
6278,0.050929
6279,0.977758
6280,0.131734
6281,0.004409
6282,0.114188
6283,0.227487
6284,0.685703
6285,0.323005
6286,0.010993
6287,0.035050
6288,0.977789
6289,0.760504
6290,0.046225
6291,0.083168
6292,0.015727
6293,0.159336
6294,0.893593
6295,0.195480
6296,0.745704
6297,0.021446
6298,0.052158
6299,0.963654
6300,0.928662
6301,0.025457
6302,0.041470
6303,0.014153
6304,0.638007
6305,0.924065
6306,0.684449
6307,0.146502
6308,0.614707
6309,0.012420
6310,0.784710
6311,0.583347
6312,0.861138
6313,0.993837
6314,0.041898
6315,0.456207
6316,0.559675
6317,0.074198
6318,0.230865
6319,0.040327
6320,0.084022
6321,0.004503
6322,0.995333
6323,0.004161
6324,0.277472
6325,0.004185
6326,0.013319
6327,0.144413
6328,0.002584
6329,0.008809
6330,0.714810
6331,0.024828
6332,0.997783
6333,0.874309
6334,0.005688
6335,0.983807
6336,0.255069
6337,0.694888
6338,0.141503
6339,0.087098
6340,0.004422
6341,0.023462
6342,0.849212
6343,0.038204
6344,0.065086
6345,0.009983
6346,0.112214
6347,0.153969
6348,0.064434
6349,0.929470
6350,0.842814
6351,0.412770
6352,0.568393
6353,0.038326
6354,0.015064
6355,0.073141
6356,0.135542
6357,0.281968
6358,0.004569
6359,0.234082
6360,0.153206
6361,0.195704
6362,0.041250
6363,0.969345
6364,0.011470
6365,0.116317
6366,0.006816
6367,0.048674
6368,0.291870
6369,0.925909
6370,0.237049
6371,0.028370
6372,0.006750
6373,0.568090
6374,0.039718
6375,0.513816
6376,0.534431
6377,0.189540
6378,0.014580
6379,0.018543
6380,0.009968
6381,0.394897
6382,0.079017
6383,0.035667
6384,0.026932
6385,0.999032
6386,0.087852
6387,0.012043
6388,0.695985
6389,0.913237
6390,0.676176
6391,0.916399
6392,0.056482
6393,0.023690
6394,0.009337
6395,0.812080
6396,0.199339
6397,0.977772
6398,0.919029
6399,0.980098
6400,0.975799
6401,0.976999
6402,0.926490
6403,0.007497
6404,0.006242
6405,0.530903
6406,0.961657
6407,0.891384
6408,0.371189
6409,0.704704
6410,0.018597
6411,0.202731
6412,0.156889
6413,0.965081
6414,0.002414
6415,0.997224
6416,0.094354
6417,0.582190
6418,0.050138
6419,0.083432
6420,0.265826
6421,0.016493
6422,0.025293
6423,0.053029
6424,0.898727
6425,0.680116
6426,0.237414
6427,0.093974
6428,0.088627
6429,0.968328
6430,0.977956
6431,0.054000
6432,0.028540
6433,0.002271
6434,0.052301
6435,0.051997
6436,0.095825
6437,0.962518
6438,0.054245
6439,0.084857
6440,0.036095
6441,0.016158
6442,0.025373
6443,0.010951
6444,0.945623
6445,0.936309
6446,0.273549
6447,0.034945
6448,0.005486
6449,0.615957
6450,0.032095
6451,0.554187
6452,0.095037
6453,0.013015
6454,0.216359
6455,0.069891
6456,0.783664
6457,0.016712
6458,0.608010
6459,0.013141
6460,0.013026
6461,0.108319
6462,0.040246
6463,0.005104
6464,0.964110
6465,0.363166
6466,0.168023
6467,0.320335
6468,0.074025
6469,0.971481
6470,0.918125
6471,0.269704
6472,0.028840
6473,0.022183
6474,0.322175
6475,0.047462
6476,0.148563
6477,0.011067
6478,0.084620
6479,0.711170
6480,0.009690
6481,0.017225
6482,0.609016
6483,0.061309
6484,0.035636
6485,0.109003
6486,0.267777
6487,0.015608
6488,0.040727
6489,0.007415
6490,0.184830
6491,0.207284
6492,0.968638
6493,0.019451
6494,0.167956
6495,0.204977
6496,0.118367
6497,0.963332
6498,0.790679
6499,0.241890
6500,0.995351
6501,0.995160
6502,0.004503
6503,0.935459
6504,0.005827
6505,0.989136
6506,0.995637
6507,0.131771
6508,0.072117
6509,0.110527
6510,0.084205
6511,0.957383
6512,0.046190
6513,0.929267
6514,0.010382
6515,0.083590
6516,0.005968
6517,0.019074
6518,0.043222
6519,0.129878
6520,0.897654
6521,0.077985
6522,0.002645
6523,0.352528
6524,0.063085
6525,0.389994
6526,0.077334
6527,0.005017
6528,0.004073
6529,0.026027
6530,0.009646
6531,0.988541
6532,0.313516
6533,0.419206
6534,0.820120
6535,0.143146
6536,0.768423
6537,0.027389
6538,0.009334
6539,0.125231
6540,0.021175
6541,0.966939
6542,0.034645
6543,0.011691
6544,0.013241
6545,0.039154
6546,0.054073
6547,0.936057
6548,0.164251
6549,0.995419
6550,0.046751
6551,0.156320
6552,0.671198
6553,0.087677
6554,0.056339
6555,0.549964
6556,0.988518
6557,0.303026
6558,0.971845
6559,0.589354
6560,0.807151
6561,0.206578
6562,0.472356
6563,0.933716
6564,0.013176
6565,0.324053
6566,0.973802
6567,0.533079
6568,0.220440
6569,0.489294
6570,0.091822
6571,0.019638
6572,0.015132
6573,0.965830
6574,0.055680
6575,0.804024
6576,0.021675
6577,0.066185
6578,0.154071
6579,0.142807
6580,0.003146
6581,0.002143
6582,0.165777
6583,0.199062
6584,0.684332
6585,0.271435
6586,0.499888
6587,0.882812
6588,0.008838
6589,0.050741
6590,0.016917
6591,0.015875
6592,0.041226
6593,0.129855
6594,0.191068
6595,0.552944
6596,0.041141
6597,0.016363
6598,0.329714
6599,0.900049
6600,0.237202
6601,0.357945
6602,0.034485
6603,0.493253
6604,0.003520
6605,0.048688
6606,0.715776
6607,0.005044
6608,0.841302
6609,0.004978
6610,0.021102
6611,0.035288
6612,0.963285
6613,0.038463
6614,0.246898
6615,0.066961
6616,0.013457
6617,0.021575
6618,0.993477
6619,0.025718
6620,0.238244
6621,0.991339
6622,0.943757
6623,0.005856
6624,0.021321
6625,0.056940
6626,0.057054
6627,0.016184
6628,0.008638
6629,0.034550
6630,0.068329
6631,0.018801
6632,0.025188
6633,0.138642
6634,0.024355
6635,0.235432
6636,0.012621
6637,0.085672
6638,0.053604
6639,0.917059
6640,0.024156
6641,0.052742
6642,0.925477
6643,0.093480
6644,0.173956
6645,0.280832
6646,0.912878
6647,0.205662
6648,0.925671
6649,0.942686
6650,0.090644
6651,0.967949
6652,0.278835
6653,0.142715
6654,0.117839
6655,0.054771
6656,0.005419
6657,0.671076
6658,0.039989
6659,0.983402
6660,0.030960
6661,0.172289
6662,0.976205
6663,0.009042
6664,0.051831
6665,0.947751
6666,0.039549
6667,0.474128
6668,0.017309
6669,0.083690
6670,0.170701
6671,0.954663
6672,0.064106
6673,0.003927
6674,0.041658
6675,0.530162
6676,0.625694
6677,0.024896
6678,0.098764
6679,0.018948
6680,0.283526
6681,0.459472
6682,0.008419
6683,0.192104
6684,0.128292
6685,0.949833
6686,0.568738
6687,0.002918
6688,0.004222
6689,0.932499
6690,0.979685
6691,0.998997
6692,0.035504
6693,0.292962
6694,0.043602
6695,0.991383
6696,0.079203
6697,0.031018
6698,0.969395
6699,0.834942
6700,0.338033
6701,0.009703
6702,0.933910
6703,0.866983
6704,0.087518
6705,0.971940
6706,0.010254
6707,0.021665
6708,0.021611
6709,0.199964
6710,0.101640
6711,0.064110
6712,0.006645
6713,0.461876
6714,0.947920
6715,0.015789
6716,0.004211
6717,0.847163
6718,0.965198
6719,0.055116
6720,0.002962
6721,0.002164
6722,0.711147
6723,0.071723
6724,0.009509
6725,0.994166
6726,0.863822
6727,0.991662
6728,0.028633
6729,0.919141
6730,0.294786
6731,0.114094
6732,0.069261
6733,0.926601
6734,0.010869
6735,0.998496
6736,0.350700
6737,0.998745
6738,0.966793
6739,0.003819
6740,0.010596
6741,0.003953
6742,0.147604
6743,0.074048
6744,0.046949
6745,0.002849
6746,0.717315
6747,0.803262
6748,0.901827
6749,0.137881
6750,0.963646
6751,0.280230
6752,0.017463
6753,0.378474
6754,0.007882
6755,0.190381
6756,0.969949
6757,0.025826
6758,0.652473
6759,0.021570
6760,0.197336
6761,0.036247
6762,0.920042
6763,0.008643
6764,0.038288
6765,0.088300
6766,0.853804
6767,0.979005
6768,0.949916
6769,0.033041
6770,0.015844
6771,0.024978
6772,0.966282
6773,0.031845
6774,0.009311
6775,0.031505
6776,0.200544
6777,0.055437
6778,0.067075
6779,0.128518
6780,0.985732
6781,0.005415
6782,0.297344
6783,0.108028
6784,0.002218
6785,0.800735
6786,0.660382
6787,0.853201
6788,0.909029
6789,0.124734
6790,0.012668
6791,0.744533
6792,0.967686
6793,0.087873
6794,0.330430
6795,0.958789
6796,0.695816
6797,0.079607
6798,0.156007
6799,0.033977
6800,0.804886
6801,0.534210
6802,0.556061
6803,0.080098
6804,0.922757
6805,0.005367
6806,0.760016
6807,0.006206
6808,0.020760
6809,0.054270
6810,0.861666
6811,0.040680
6812,0.021537
6813,0.924002
6814,0.040384
6815,0.084506
6816,0.030887
6817,0.024201
6818,0.976543
6819,0.007634
6820,0.042581
6821,0.930652
6822,0.008466
6823,0.138955
6824,0.031280
6825,0.032485
6826,0.041247
6827,0.004071
6828,0.929297
6829,0.003984
6830,0.984507
6831,0.071983
6832,0.013204
6833,0.072836
6834,0.046946
6835,0.521669
6836,0.348495
6837,0.994681
6838,0.335785
6839,0.169000
6840,0.855901
6841,0.072602
6842,0.864204
6843,0.003510
6844,0.066834
6845,0.981118
6846,0.285057
6847,0.005645
6848,0.720597
6849,0.008583
6850,0.009263
6851,0.623325
6852,0.200317
6853,0.766925
6854,0.021110
6855,0.023128
6856,0.084943
6857,0.797090
6858,0.964893
6859,0.964401
6860,0.914829
6861,0.028553
6862,0.073355
6863,0.047295
6864,0.056292
6865,0.006421
6866,0.161959
6867,0.420915
6868,0.789029
6869,0.131849
6870,0.808730
6871,0.927043
6872,0.017812
6873,0.095658
6874,0.091808
6875,0.311103
6876,0.952642
6877,0.837641
6878,0.008516
6879,0.026140
6880,0.071016
6881,0.137537
6882,0.925555
6883,0.278985
6884,0.111439
6885,0.066856
6886,0.984614
6887,0.883516
6888,0.604823
6889,0.113685
6890,0.916154
6891,0.030667
6892,0.007874
6893,0.042462
6894,0.303358
6895,0.123425
6896,0.996264
6897,0.115567
6898,0.967532
6899,0.011287
6900,0.592946
6901,0.004718
6902,0.063664
6903,0.057126
6904,0.013002
6905,0.981524
6906,0.860541
6907,0.104414
6908,0.047441
6909,0.002804
6910,0.815328
6911,0.013536
6912,0.971938
6913,0.942887
6914,0.006103
6915,0.028372
6916,0.968735
6917,0.400382
6918,0.833348
6919,0.023529
6920,0.024824
6921,0.564016
6922,0.004185
6923,0.029254
6924,0.036472
6925,0.010584
6926,0.619416
6927,0.007069
6928,0.002600
6929,0.004983
6930,0.342863
6931,0.093447
6932,0.079878
6933,0.812027
6934,0.101363
6935,0.165124
6936,0.004596
6937,0.003454
6938,0.229177
6939,0.128500
6940,0.925059
6941,0.005328
6942,0.848971
6943,0.094986
6944,0.924835
6945,0.579526
6946,0.005581
6947,0.855702
6948,0.022450
6949,0.162864
6950,0.891603
6951,0.784593
6952,0.094231
6953,0.003616
6954,0.011417
6955,0.966031
6956,0.032078
6957,0.994815
6958,0.938481
6959,0.074815
6960,0.136000
6961,0.152344
6962,0.562541
6963,0.033876
6964,0.673577
6965,0.005077
6966,0.050242
6967,0.015276
6968,0.971425
6969,0.991782
6970,0.004592
6971,0.003087
6972,0.059205
6973,0.012563
6974,0.412774
6975,0.117680
6976,0.018135
6977,0.040892
6978,0.011085
6979,0.036241
6980,0.525191
6981,0.151574
6982,0.998294
6983,0.198257
6984,0.021273
6985,0.313783
6986,0.835006
6987,0.189277
6988,0.035156
6989,0.006833
6990,0.011918
6991,0.002897
6992,0.041142
6993,0.910327
6994,0.699175
6995,0.058839
6996,0.252066
6997,0.897686
6998,0.007592
6999,0.067844
7000,0.465469
7001,0.156035
7002,0.106837
7003,0.114786
7004,0.003567
7005,0.155998
7006,0.005780
7007,0.977090
7008,0.016648
7009,0.040646
7010,0.165219
7011,0.919433
7012,0.002596
7013,0.365851
7014,0.719093
7015,0.001493
7016,0.918117
7017,0.036870
7018,0.327463
7019,0.006560
7020,0.038368
7021,0.003471
7022,0.424513
7023,0.241462
7024,0.943696
7025,0.046190
7026,0.016443
7027,0.001807
7028,0.017505
7029,0.008371
7030,0.105755
7031,0.950976
7032,0.009015
7033,0.848809
7034,0.175478
7035,0.502039
7036,0.700771
7037,0.926545
7038,0.020566
7039,0.003145
7040,0.085547
7041,0.949924
7042,0.004801
7043,0.614501
7044,0.041939
7045,0.285223
7046,0.455707
7047,0.926190
7048,0.917853
7049,0.152616
7050,0.109236
7051,0.043634
7052,0.025086
7053,0.144010
7054,0.017231
7055,0.109400
7056,0.174678
7057,0.284656
7058,0.534415
7059,0.049570
7060,0.017672
7061,0.820784
7062,0.946104
7063,0.067423
7064,0.016765
7065,0.081333
7066,0.181943
7067,0.026582
7068,0.010456
7069,0.959540
7070,0.983223
7071,0.079532
7072,0.011503
7073,0.057093
7074,0.081658
7075,0.997079
7076,0.556921
7077,0.897761
7078,0.960918
7079,0.473300
7080,0.031077
7081,0.110372
7082,0.031887
7083,0.801266
7084,0.094744
7085,0.592477
7086,0.347595
7087,0.036948
7088,0.021374
7089,0.938973
7090,0.394238
7091,0.186610
7092,0.017984
7093,0.742759
7094,0.820811
7095,0.605019
7096,0.214277
7097,0.016678
7098,0.976902
7099,0.004519
7100,0.995929
7101,0.827551
7102,0.419024
7103,0.996432
7104,0.005557
7105,0.045926
7106,0.011486
7107,0.073507
7108,0.151435
7109,0.003849
7110,0.004613
7111,0.621119
7112,0.102073
7113,0.139924
7114,0.978298
7115,0.066329
7116,0.058669
7117,0.473096
7118,0.028254
7119,0.327362
7120,0.191504
7121,0.016127
7122,0.015600
7123,0.068256
7124,0.830228
7125,0.052026
7126,0.345489
7127,0.147644
7128,0.247853
7129,0.931716
7130,0.057308
7131,0.972487
7132,0.624956
7133,0.010807
7134,0.947369
7135,0.192604
7136,0.058101
7137,0.061884
7138,0.603038
7139,0.041573
7140,0.038393
7141,0.006091
7142,0.060343
7143,0.002086
7144,0.991239
7145,0.138523
7146,0.036098
7147,0.002607
7148,0.997273
7149,0.033394
7150,0.010345
7151,0.003825
7152,0.075047
7153,0.374921
7154,0.049931
7155,0.189245
7156,0.002579
7157,0.090013
7158,0.019090
7159,0.035775
7160,0.168613
7161,0.965591
7162,0.004626
7163,0.924618
7164,0.994150
7165,0.021500
7166,0.049662
7167,0.556868
7168,0.985650
7169,0.190645
7170,0.982439
7171,0.369066
7172,0.990259
7173,0.880370
7174,0.021072
7175,0.098328
7176,0.401307
7177,0.880774
7178,0.387509
7179,0.004941
7180,0.054152
7181,0.172090
7182,0.085935
7183,0.935540
7184,0.009442
7185,0.499074
7186,0.867223
7187,0.031834
7188,0.857451
7189,0.671389
7190,0.026709
7191,0.140270
7192,0.020867
7193,0.629983
7194,0.041408
7195,0.969494
7196,0.048806
7197,0.006744
7198,0.038681
7199,0.213738
7200,0.057502
7201,0.023103
7202,0.126029
7203,0.017369
7204,0.078300
7205,0.059104
7206,0.858076
7207,0.973072
7208,0.642094
7209,0.688085
7210,0.797492
7211,0.005272
7212,0.231913
7213,0.981562
7214,0.055400
7215,0.065194
7216,0.003676
7217,0.348876
7218,0.063136
7219,0.003902
7220,0.551427
7221,0.501145
7222,0.002791
7223,0.968588
7224,0.927965
7225,0.152396
7226,0.012302
7227,0.009476
7228,0.396328
7229,0.137158
7230,0.928260
7231,0.030507
7232,0.209491
7233,0.088883
7234,0.971465
7235,0.102248
7236,0.040862
7237,0.423693
7238,0.546945
7239,0.419610
7240,0.004645
7241,0.329547
7242,0.258738
7243,0.023460
7244,0.917027
7245,0.107019
7246,0.051989
7247,0.155793
7248,0.956227
7249,0.065138
7250,0.004734
7251,0.535216
7252,0.329527
7253,0.266399
7254,0.032662
7255,0.091407
7256,0.548129
7257,0.577592
7258,0.100506
7259,0.048376
7260,0.695641
7261,0.965072
7262,0.049485
7263,0.936122
7264,0.032387
7265,0.252680
7266,0.051364
7267,0.008934
7268,0.002925
7269,0.068959
7270,0.028351
7271,0.016532
7272,0.341745
7273,0.185760
7274,0.003711
7275,0.930674
7276,0.004199
7277,0.037721
7278,0.239955
7279,0.064783
7280,0.054279
7281,0.834988
7282,0.940847
7283,0.083352
7284,0.393477
7285,0.101320
7286,0.164930
7287,0.006467
7288,0.907686
7289,0.914061
7290,0.012409
7291,0.147816
7292,0.082320
7293,0.633041
7294,0.443528
7295,0.049239
7296,0.012013
7297,0.393588
7298,0.886670
7299,0.837814
7300,0.343792
7301,0.835786
7302,0.948178
7303,0.376059
7304,0.054489
7305,0.148604
7306,0.170177
7307,0.100959
7308,0.039409
7309,0.002924
7310,0.073680
7311,0.950235
7312,0.039305
7313,0.638778
7314,0.068009
7315,0.008696
7316,0.088762
7317,0.097346
7318,0.099681
7319,0.514664
7320,0.053334
7321,0.948860
7322,0.002938
7323,0.033053
7324,0.912797
7325,0.091509
7326,0.024749
7327,0.401154
7328,0.969965
7329,0.004890
7330,0.970593
7331,0.057024
7332,0.023069
7333,0.096374
7334,0.164692
7335,0.025646
7336,0.212262
7337,0.046858
7338,0.050383
7339,0.022985
7340,0.055060
7341,0.657989
7342,0.012374
7343,0.997748
7344,0.037408
7345,0.012249
7346,0.948126
7347,0.197057
7348,0.004566
7349,0.943870
7350,0.450341
7351,0.995640
7352,0.381699
7353,0.041892
7354,0.112067
7355,0.029583
7356,0.839361
7357,0.004932
7358,0.070195
7359,0.137240
7360,0.204446
7361,0.030423
7362,0.003872
7363,0.794009
7364,0.018995
7365,0.042137
7366,0.011493
7367,0.567663
7368,0.046599
7369,0.005767
7370,0.104916
7371,0.046879
7372,0.016809
7373,0.019971
7374,0.573437
7375,0.962451
7376,0.406501
7377,0.003005
7378,0.931704
7379,0.779901
7380,0.478921
7381,0.013086
7382,0.016285
7383,0.006691
7384,0.022439
7385,0.983281
7386,0.040324
7387,0.972299
7388,0.001643
7389,0.901813
7390,0.655513
7391,0.078988
7392,0.097394
7393,0.026197
7394,0.012881
7395,0.776861
7396,0.994557
7397,0.006999
7398,0.252797
7399,0.017779
7400,0.014785
7401,0.047626
7402,0.007401
7403,0.171174
7404,0.009724
7405,0.140384
7406,0.889159
7407,0.018359
7408,0.125805
7409,0.024930
7410,0.142137
7411,0.199991
7412,0.992241
7413,0.116889
7414,0.019663
7415,0.995298
7416,0.680414
7417,0.973454
7418,0.009532
7419,0.872935
7420,0.935927
7421,0.891972
7422,0.059727
7423,0.394844
7424,0.041945
7425,0.110738
7426,0.037094
7427,0.980045
7428,0.146089
7429,0.792928
7430,0.966439
7431,0.026322
7432,0.021868
7433,0.448605
7434,0.338655
7435,0.792327
7436,0.920057
7437,0.058143
7438,0.959096
7439,0.021691
7440,0.003433
7441,0.853105
7442,0.090051
7443,0.124623
7444,0.033277
7445,0.951298
7446,0.266004
7447,0.988840
7448,0.545716
7449,0.664321
7450,0.271466
7451,0.213770
7452,0.014930
7453,0.996700
7454,0.010465
7455,0.147531
7456,0.166326
7457,0.037516
7458,0.123428
7459,0.162562
7460,0.061295
7461,0.058944
7462,0.683749
7463,0.276704
7464,0.036424
7465,0.004366
7466,0.002792
7467,0.759061
7468,0.265146
7469,0.031452
7470,0.199424
7471,0.880875
7472,0.314440
7473,0.009865
7474,0.024480
7475,0.038632
7476,0.004706
7477,0.041211
7478,0.005514
7479,0.006138
7480,0.699018
7481,0.051661
7482,0.006590
7483,0.996865
7484,0.014033
7485,0.008535
7486,0.090853
7487,0.114836
7488,0.036294
7489,0.049184
7490,0.001551
7491,0.316959
7492,0.043839
7493,0.035457
7494,0.009100
7495,0.012903
7496,0.103916
7497,0.048444
7498,0.061928
7499,0.004692
7500,0.049201
7501,0.378054
7502,0.100352
7503,0.800495
7504,0.004785
7505,0.077646
7506,0.041804
7507,0.024009
7508,0.768724
7509,0.253684
7510,0.937845
7511,0.097731
7512,0.075409
7513,0.002947
7514,0.037192
7515,0.380794
7516,0.070206
7517,0.019514
7518,0.023880
7519,0.965166
7520,0.134460
7521,0.004966
7522,0.004440
7523,0.969539
7524,0.087470
7525,0.973730
7526,0.003026
7527,0.998147
7528,0.088309
7529,0.421268
7530,0.075537
7531,0.007540
7532,0.951214
7533,0.082590
7534,0.013224
7535,0.847720
7536,0.820642
7537,0.217328
7538,0.008088
7539,0.011781
7540,0.495336
7541,0.025380
7542,0.924303
7543,0.192894
7544,0.033337
7545,0.964830
7546,0.999008
7547,0.069701
7548,0.082767
7549,0.237553
7550,0.028716
7551,0.966571
7552,0.263832
7553,0.315457
7554,0.481991
7555,0.859923
7556,0.210819
7557,0.008949
7558,0.288948
7559,0.318571
7560,0.621144
7561,0.110415
7562,0.062824
7563,0.036203
7564,0.382325
7565,0.057272
7566,0.313191
7567,0.833618
7568,0.079839
7569,0.969723
7570,0.129499
7571,0.006592
7572,0.049022
7573,0.017823
7574,0.008803
7575,0.389972
7576,0.014989
7577,0.331455
7578,0.016515
7579,0.701711
7580,0.971843
7581,0.184079
7582,0.688116
7583,0.883665
7584,0.008368
7585,0.530319
7586,0.092313
7587,0.811793
7588,0.006593
7589,0.993969
7590,0.402008
7591,0.082117
7592,0.004741
7593,0.019271
7594,0.009764
7595,0.994591
7596,0.007031
7597,0.600645
7598,0.534520
7599,0.022839
7600,0.015882
7601,0.007475
7602,0.020686
7603,0.875939
7604,0.022500
7605,0.209980
7606,0.858814
7607,0.151908
7608,0.025323
7609,0.004173
7610,0.279400
7611,0.007601
7612,0.074589
7613,0.050612
7614,0.072023
7615,0.827203
7616,0.379912
7617,0.023172
7618,0.445005
7619,0.118683
7620,0.017228
7621,0.101841
7622,0.960245
7623,0.981571
7624,0.049672
7625,0.098438
7626,0.247354
7627,0.972267
7628,0.900550
7629,0.129815
7630,0.966261
7631,0.047722
7632,0.285870
7633,0.419278
7634,0.002234
7635,0.611115
7636,0.203743
7637,0.610829
7638,0.927313
7639,0.007662
7640,0.056917
7641,0.088966
7642,0.133795
7643,0.107705
7644,0.006962
7645,0.090468
7646,0.022437
7647,0.059790
7648,0.002280
7649,0.019111
7650,0.964638
7651,0.983868
7652,0.632176
7653,0.030715
7654,0.047969
7655,0.980004
7656,0.553975
7657,0.744184
7658,0.070483
7659,0.431980
7660,0.103307
7661,0.023962
7662,0.055361
7663,0.179792
7664,0.622671
7665,0.004924
7666,0.029134
7667,0.031515
7668,0.015239
7669,0.139112
7670,0.142431
7671,0.784260
7672,0.857686
7673,0.962471
7674,0.082596
7675,0.185754
7676,0.197892
7677,0.086999
7678,0.829569
7679,0.027478
7680,0.004733
7681,0.002398
7682,0.009171
7683,0.991360
7684,0.024640
7685,0.942447
7686,0.991723
7687,0.007139
7688,0.075533
7689,0.884175
7690,0.021865
7691,0.021550
7692,0.161757
7693,0.289880
7694,0.591927
7695,0.007874
7696,0.153159
7697,0.564530
7698,0.004182
7699,0.151666
7700,0.021374
7701,0.096595
7702,0.541084
7703,0.945904
7704,0.916966
7705,0.004386
7706,0.120219
7707,0.381727
7708,0.054850
7709,0.030040
7710,0.014306
7711,0.034363
7712,0.006611
7713,0.525009
7714,0.006919
7715,0.424119
7716,0.005272
7717,0.068489
7718,0.286323
7719,0.844480
7720,0.199800
7721,0.028602
7722,0.130477
7723,0.314072
7724,0.063823
7725,0.020579
7726,0.513576
7727,0.945544
7728,0.014029
7729,0.783914
7730,0.669687
7731,0.079941
7732,0.978502
7733,0.042904
7734,0.065949
7735,0.085178
7736,0.025960
7737,0.283220
7738,0.183504
7739,0.123816
7740,0.990376
7741,0.993336
7742,0.016431
7743,0.465138
7744,0.940669
7745,0.925999
7746,0.032525
7747,0.871727
7748,0.292727
7749,0.511679
7750,0.036913
7751,0.046241
7752,0.974863
7753,0.210748
7754,0.023058
7755,0.480842
7756,0.495214
7757,0.075752
7758,0.858312
7759,0.078091
7760,0.102921
7761,0.531579
7762,0.122768
7763,0.207807
7764,0.020375
7765,0.057369
7766,0.005622
7767,0.037413
7768,0.996918
7769,0.811725
7770,0.511709
7771,0.284385
7772,0.018900
7773,0.137954
7774,0.902141
7775,0.791767
7776,0.016796
7777,0.186733
7778,0.993855
7779,0.883243
7780,0.038778
7781,0.112056
7782,0.761133
7783,0.114736
7784,0.133241
7785,0.999051
7786,0.805826
7787,0.951714
7788,0.982370
7789,0.473991
7790,0.956618
7791,0.991238
7792,0.939744
7793,0.150689
7794,0.976328
7795,0.689446
7796,0.067281
7797,0.044194
7798,0.037828
7799,0.999041
7800,0.514041
7801,0.512878
7802,0.021180
7803,0.009753
7804,0.029735
7805,0.103206
7806,0.847820
7807,0.948364
7808,0.613355
7809,0.027240
7810,0.979176
7811,0.946481
7812,0.041138
7813,0.968289
7814,0.997082
7815,0.317902
7816,0.414131
7817,0.003178
7818,0.001869
7819,0.130297
7820,0.018492
7821,0.003881
7822,0.047417
7823,0.933541
7824,0.010380
7825,0.916643
7826,0.787942
7827,0.202651
7828,0.979570
7829,0.929678
7830,0.440424
7831,0.934380
7832,0.062171
7833,0.998476
7834,0.014886
7835,0.044211
7836,0.976340
7837,0.034299
7838,0.011599
7839,0.011763
7840,0.957878
7841,0.032152
7842,0.185418
7843,0.029053
7844,0.832953
7845,0.014575
7846,0.647323
7847,0.002856
7848,0.369652
7849,0.892774
7850,0.157331
7851,0.006235
7852,0.807843
7853,0.023104
7854,0.272716
7855,0.947240
7856,0.045499
7857,0.027865
7858,0.031176
7859,0.978679
7860,0.465191
7861,0.505835
7862,0.284755
7863,0.057699
7864,0.085518
7865,0.016479
7866,0.926056
7867,0.016441
7868,0.524054
7869,0.793851
7870,0.407210
7871,0.083730
7872,0.253027
7873,0.947934
7874,0.953806
7875,0.038518
7876,0.230298
7877,0.799072
7878,0.994710
7879,0.895507
7880,0.992405
7881,0.351738
7882,0.998379
7883,0.433245
7884,0.017803
7885,0.033897
7886,0.002558
7887,0.030295
7888,0.908322
7889,0.036197
7890,0.977824
7891,0.009238
7892,0.221987
7893,0.569200
7894,0.004921
7895,0.121905
7896,0.045642
7897,0.060065
7898,0.038709
7899,0.134915
7900,0.318909
7901,0.058503
7902,0.008646
7903,0.770268
7904,0.005315
7905,0.070861
7906,0.308233
7907,0.512029
7908,0.512983
7909,0.308195
7910,0.013677
7911,0.983945
7912,0.023510
7913,0.024305
7914,0.009432
7915,0.865413
7916,0.039472
7917,0.823829
7918,0.049180
7919,0.079757
7920,0.944324
7921,0.113226
7922,0.025089
7923,0.011998
7924,0.015192
7925,0.190479
7926,0.152099
7927,0.038334
7928,0.233226
7929,0.093937
7930,0.837606
7931,0.002029
7932,0.014501
7933,0.045412
7934,0.007163
7935,0.660160
7936,0.094330
7937,0.139005
7938,0.114295
7939,0.116319
7940,0.358175
7941,0.019680
7942,0.012557
7943,0.360576
7944,0.080754
7945,0.007175
7946,0.263185
7947,0.161641
7948,0.115462
7949,0.911230
7950,0.060437
7951,0.912467
7952,0.871687
7953,0.639919
7954,0.053168
7955,0.069032
7956,0.179729
7957,0.023516
7958,0.204622
7959,0.092923
7960,0.038957
7961,0.151634
7962,0.007581
7963,0.564950
7964,0.450804
7965,0.045610
7966,0.911622
7967,0.036679
7968,0.475331
7969,0.006808
7970,0.995122
7971,0.002425
7972,0.011333
7973,0.022037
7974,0.006708
7975,0.369379
7976,0.634887
7977,0.017255
7978,0.852650
7979,0.031288
7980,0.813127
7981,0.095781
7982,0.055523
7983,0.194600
7984,0.004328
7985,0.010769
7986,0.035288
7987,0.110706
7988,0.094901
7989,0.006448
7990,0.331342
7991,0.970120
7992,0.250776
7993,0.211943
7994,0.931690
7995,0.047926
7996,0.714152
7997,0.948899
7998,0.096494
7999,0.982387
8000,0.003725
8001,0.037806
8002,0.757365
8003,0.054660
8004,0.049305
8005,0.168021
8006,0.186875
8007,0.149427
8008,0.352063
8009,0.002377
8010,0.098371
8011,0.188770
8012,0.309481
8013,0.300518
8014,0.980534
8015,0.058815
8016,0.120534
8017,0.206535
8018,0.679782
8019,0.025446
8020,0.003056
8021,0.022726
8022,0.052608
8023,0.096209
8024,0.867091
8025,0.007812
8026,0.799842
8027,0.004956
8028,0.240435
8029,0.088883
8030,0.272580
8031,0.814600
8032,0.025387
8033,0.003741
8034,0.098619
8035,0.450612
8036,0.001820
8037,0.032180
8038,0.076354
8039,0.004293
8040,0.008098
8041,0.177077
8042,0.941231
8043,0.888342
8044,0.012304
8045,0.072319
8046,0.026067
8047,0.273106
8048,0.993798
8049,0.063898
8050,0.257923
8051,0.871528
8052,0.008986
8053,0.978443
8054,0.013377
8055,0.019378
8056,0.957969
8057,0.978671
8058,0.043512
8059,0.053532
8060,0.002417
8061,0.029532
8062,0.481316
8063,0.033131
8064,0.028590
8065,0.420242
8066,0.237740
8067,0.931256
8068,0.029432
8069,0.067693
8070,0.424061
8071,0.879115
8072,0.194102
8073,0.975381
8074,0.855282
8075,0.003747
8076,0.980783
8077,0.978928
8078,0.095606
8079,0.983861
8080,0.081258
8081,0.124018
8082,0.005358
8083,0.870629
8084,0.002778
8085,0.494441
8086,0.008143
8087,0.006091
8088,0.041436
8089,0.920995
8090,0.016789
8091,0.997089
8092,0.958710
8093,0.040747
8094,0.704032
8095,0.022353
8096,0.990970
8097,0.025452
8098,0.008008
8099,0.616037
8100,0.161955
8101,0.165702
8102,0.003459
8103,0.005518
8104,0.940695
8105,0.276690
8106,0.043120
8107,0.182687
8108,0.859959
8109,0.940410
8110,0.104786
8111,0.005359
8112,0.922457
8113,0.047875
8114,0.041082
8115,0.095406
8116,0.981833
8117,0.880901
8118,0.182799
8119,0.041679
8120,0.018657
8121,0.002662
8122,0.987535
8123,0.047399
8124,0.155281
8125,0.010226
8126,0.414777
8127,0.930969
8128,0.068839
8129,0.016542
8130,0.654232
8131,0.092565
8132,0.004571
8133,0.202309
8134,0.905142
8135,0.767243
8136,0.083795
8137,0.064530
8138,0.007581
8139,0.038180
8140,0.004650
8141,0.033076
8142,0.658881
8143,0.222115
8144,0.146595
8145,0.267917
8146,0.016855
8147,0.031054
8148,0.052165
8149,0.362975
8150,0.025477
8151,0.978195
8152,0.484133
8153,0.015694
8154,0.062521
8155,0.215676
8156,0.100287
8157,0.032314
8158,0.097863
8159,0.003979
8160,0.705151
8161,0.287990
8162,0.014919
8163,0.010750
8164,0.457908
8165,0.006995
8166,0.123088
8167,0.982780
8168,0.054024
8169,0.918468
8170,0.151371
8171,0.029157
8172,0.242454
8173,0.719597
8174,0.011523
8175,0.715144
8176,0.208654
8177,0.054095
8178,0.274252
8179,0.052753
8180,0.006083
8181,0.254086
8182,0.916761
8183,0.468114
8184,0.020471
8185,0.022249
8186,0.326437
8187,0.715971
8188,0.968214
8189,0.259009
8190,0.091569
8191,0.079734
8192,0.922394
8193,0.033448
8194,0.026313
8195,0.046888
8196,0.955411
8197,0.218256
8198,0.394016
8199,0.094704
8200,0.458275
8201,0.185471
8202,0.016842
8203,0.192241
8204,0.757544
8205,0.088730
8206,0.043339
8207,0.166502
8208,0.981541
8209,0.718581
8210,0.460871
8211,0.046046
8212,0.004770
8213,0.005091
8214,0.810022
8215,0.135439
8216,0.045971
8217,0.562608
8218,0.183567
8219,0.006648
8220,0.094040
8221,0.989444
8222,0.035477
8223,0.118613
8224,0.142855
8225,0.476814
8226,0.291064
8227,0.014256
8228,0.035450
8229,0.002204
8230,0.224773
8231,0.007711
8232,0.997761
8233,0.017109
8234,0.415173
8235,0.891766
8236,0.997955
8237,0.006348
8238,0.015515
8239,0.018006
8240,0.949947
8241,0.987883
8242,0.028105
8243,0.087191
8244,0.105205
8245,0.444107
8246,0.107972
8247,0.980159
8248,0.249191
8249,0.468407
8250,0.429161
8251,0.089266
8252,0.354547
8253,0.177567
8254,0.360772
8255,0.996014
8256,0.166012
8257,0.003090
8258,0.729453
8259,0.165601
8260,0.004772
8261,0.010109
8262,0.131883
8263,0.077533
8264,0.002378
8265,0.054136
8266,0.239467
8267,0.963340
8268,0.117117
8269,0.560585
8270,0.033951
8271,0.424213
8272,0.039113
8273,0.049781
8274,0.041133
8275,0.958458
8276,0.081641
8277,0.283208
8278,0.107906
8279,0.043500
8280,0.205878
8281,0.004854
8282,0.050054
8283,0.996619
8284,0.322692
8285,0.922884
8286,0.030649
8287,0.010733
8288,0.768927
8289,0.400405
8290,0.008011
8291,0.026461
8292,0.002343
8293,0.174361
8294,0.694533
8295,0.569284
8296,0.025778
8297,0.854282
8298,0.442638
8299,0.978357
8300,0.020001
8301,0.025157
8302,0.045805
8303,0.055154
8304,0.086095
8305,0.007681
8306,0.391880
8307,0.973054
8308,0.002233
8309,0.244480
8310,0.129099
8311,0.970799
8312,0.812402
8313,0.301234
8314,0.038632
8315,0.979106
8316,0.980356
8317,0.036458
8318,0.009315
8319,0.018018
8320,0.003670
8321,0.004746
8322,0.099224
8323,0.045044
8324,0.019346
8325,0.004204
8326,0.705405
8327,0.029126
8328,0.025624
8329,0.164323
8330,0.981527
8331,0.365590
8332,0.225690
8333,0.004034
8334,0.726844
8335,0.947699
8336,0.607773
8337,0.093746
8338,0.003786
8339,0.051737
8340,0.042792
8341,0.197746
8342,0.945908
8343,0.090419
8344,0.996991
8345,0.009364
8346,0.888123
8347,0.117205
8348,0.148255
8349,0.249032
8350,0.095999
8351,0.012871
8352,0.948601
8353,0.718734
8354,0.002615
8355,0.935658
8356,0.134597
8357,0.312344
8358,0.162663
8359,0.866640
8360,0.984754
8361,0.338182
8362,0.923920
8363,0.088064
8364,0.996352
8365,0.719079
8366,0.012067
8367,0.366612
8368,0.841936
8369,0.004096
8370,0.073004
8371,0.750279
8372,0.056709
8373,0.346031
8374,0.246321
8375,0.133512
8376,0.092838
8377,0.005552
8378,0.352449
8379,0.013320
8380,0.518803
8381,0.664011
8382,0.995119
8383,0.028802
8384,0.004631
8385,0.055365
8386,0.914505
8387,0.993824
8388,0.210353
8389,0.069323
8390,0.002857
8391,0.082518
8392,0.004478
8393,0.834411
8394,0.473024
8395,0.195664
8396,0.071883
8397,0.998665
8398,0.957688
8399,0.073347
8400,0.092062
8401,0.707344
8402,0.865475
8403,0.444369
8404,0.022393
8405,0.869535
8406,0.197792
8407,0.972816
8408,0.006094
8409,0.022296
8410,0.051689
8411,0.110914
8412,0.098133
8413,0.093144
8414,0.014063
8415,0.312345
8416,0.003702
8417,0.033877
8418,0.024957
8419,0.854607
8420,0.007184
8421,0.994472
8422,0.039821
8423,0.278614
8424,0.003720
8425,0.495621
8426,0.993753
8427,0.395467
8428,0.954141
8429,0.078310
8430,0.007221
8431,0.243890
8432,0.018643
8433,0.896446
8434,0.241394
8435,0.231517
8436,0.808962
8437,0.838334
8438,0.011636
8439,0.088608
8440,0.026839
8441,0.361888
8442,0.006623
8443,0.224333
8444,0.053154
8445,0.006062
8446,0.039806
8447,0.103580
8448,0.090425
8449,0.623546
8450,0.017791
8451,0.077220
8452,0.002658
8453,0.997524
8454,0.743690
8455,0.193639
8456,0.512120
8457,0.103109
8458,0.996116
8459,0.534467
8460,0.172531
8461,0.104041
8462,0.036678
8463,0.006610
8464,0.084975
8465,0.036990
8466,0.854094
8467,0.007468
8468,0.595624
8469,0.027363
8470,0.127145
8471,0.977112
8472,0.983370
8473,0.064243
8474,0.015863
8475,0.948200
8476,0.117626
8477,0.289435
8478,0.612014
8479,0.001804
8480,0.008627
8481,0.003703
8482,0.019628
8483,0.006431
8484,0.249315
8485,0.247551
8486,0.182689
8487,0.032189
8488,0.004812
8489,0.845666
8490,0.102213
8491,0.914622
8492,0.427282
8493,0.011399
8494,0.027229
8495,0.901568
8496,0.149181
8497,0.082950
8498,0.072707
8499,0.355627
8500,0.010163
8501,0.146759
8502,0.073205
8503,0.887554
8504,0.040843
8505,0.011227
8506,0.062420
8507,0.053164
8508,0.031613
8509,0.012886
8510,0.048841
8511,0.009857
8512,0.028279
8513,0.003446
8514,0.023674
8515,0.200142
8516,0.050485
8517,0.037244
8518,0.187180
8519,0.014492
8520,0.004534
8521,0.155319
8522,0.921042
8523,0.119233
8524,0.971192
8525,0.012488
8526,0.645412
8527,0.015423
8528,0.062068
8529,0.775623
8530,0.858537
8531,0.878899
8532,0.508083
8533,0.015265
8534,0.008928
8535,0.990810
8536,0.093252
8537,0.067154
8538,0.281559
8539,0.050560
8540,0.222137
8541,0.285923
8542,0.067559
8543,0.977438
8544,0.963215
8545,0.042217
8546,0.038049
8547,0.082599
8548,0.931523
8549,0.026439
8550,0.035178
8551,0.050888
8552,0.054305
8553,0.227937
8554,0.191082
8555,0.033898
8556,0.137045
8557,0.805043
8558,0.971470
8559,0.756164
8560,0.991667
8561,0.605809
8562,0.079089
8563,0.057575
8564,0.017959
8565,0.021739
8566,0.906322
8567,0.533046
8568,0.952081
8569,0.170885
8570,0.793123
8571,0.016722
8572,0.994681
8573,0.364109
8574,0.033657
8575,0.071449
8576,0.002456
8577,0.826631
8578,0.978912
8579,0.096560
8580,0.501508
8581,0.874429
8582,0.014732
8583,0.552747
8584,0.725294
8585,0.002885
8586,0.083096
8587,0.031179
8588,0.106104
8589,0.006782
8590,0.697693
8591,0.976883
8592,0.090382
8593,0.089430
8594,0.005600
8595,0.932864
8596,0.356875
8597,0.008077
8598,0.782880
8599,0.937493
8600,0.126627
8601,0.130745
8602,0.051415
8603,0.066075
8604,0.818598
8605,0.022058
8606,0.096855
8607,0.173746
8608,0.966548
8609,0.048688
8610,0.040074
8611,0.563973
8612,0.144617
8613,0.958646
8614,0.928842
8615,0.282147
8616,0.132103
8617,0.080415
8618,0.631735
8619,0.020579
8620,0.163722
8621,0.931952
8622,0.067114
8623,0.930804
8624,0.010478
8625,0.156613
8626,0.011229
8627,0.034127
8628,0.373970
8629,0.005642
8630,0.840108
8631,0.054710
8632,0.060445
8633,0.913767
8634,0.259752
8635,0.720963
8636,0.924461
8637,0.989749
8638,0.012233
8639,0.290752
8640,0.005912
8641,0.640018
8642,0.002333
8643,0.722856
8644,0.004204
8645,0.005501
8646,0.398801
8647,0.503630
8648,0.068965
8649,0.215968
8650,0.007486
8651,0.007248
8652,0.862303
8653,0.003803
8654,0.021413
8655,0.006075
8656,0.004274
8657,0.358945
8658,0.499149
8659,0.065924
8660,0.002587
8661,0.241356
8662,0.008772
8663,0.159288
8664,0.003819
8665,0.005197
8666,0.984372
8667,0.031626
8668,0.034681
8669,0.033863
8670,0.005432
8671,0.335695
8672,0.946105
8673,0.031380
8674,0.036688
8675,0.949205
8676,0.892606
8677,0.002935
8678,0.067189
8679,0.107328
8680,0.453661
8681,0.108695
8682,0.959031
8683,0.746307
8684,0.648941
8685,0.007546
8686,0.081029
8687,0.005042
8688,0.954751
8689,0.079516
8690,0.042476
8691,0.961446
8692,0.117126
8693,0.032289
8694,0.999032
8695,0.981468
8696,0.006797
8697,0.944699
8698,0.098747
8699,0.031319
8700,0.044977
8701,0.926388
8702,0.011905
8703,0.053026
8704,0.003753
8705,0.758553
8706,0.992771
8707,0.021171
8708,0.010725
8709,0.019653
8710,0.077735
8711,0.025875
8712,0.054469
8713,0.102757
8714,0.710757
8715,0.028304
8716,0.012122
8717,0.606507
8718,0.927022
8719,0.031281
8720,0.034319
8721,0.042780
8722,0.979621
8723,0.006418
8724,0.031439
8725,0.051227
8726,0.024730
8727,0.027371
8728,0.371379
8729,0.998837
8730,0.847574
8731,0.660668
8732,0.823054
8733,0.663506
8734,0.004311
8735,0.083681
8736,0.676985
8737,0.872262
8738,0.130726
8739,0.113417
8740,0.961984
8741,0.965411
8742,0.989120
8743,0.037078
8744,0.003887
8745,0.176738
8746,0.124067
8747,0.057902
8748,0.014471
8749,0.070744
8750,0.053131
8751,0.296300
8752,0.525705
8753,0.835441
8754,0.213419
8755,0.935480
8756,0.439939
8757,0.216000
8758,0.025576
8759,0.290774
8760,0.002347
8761,0.827987
8762,0.016341
8763,0.938652
8764,0.248808
8765,0.239048
8766,0.008899
8767,0.091912
8768,0.019879
8769,0.082770
8770,0.058615
8771,0.003093
8772,0.017482
8773,0.012599
8774,0.631954
8775,0.019528
8776,0.032722
8777,0.339617
8778,0.096942
8779,0.010321
8780,0.009161
8781,0.951021
8782,0.074155
8783,0.053101
8784,0.002789
8785,0.012453
8786,0.076906
8787,0.004822
8788,0.974382
8789,0.038479
8790,0.991330
8791,0.083091
8792,0.020859
8793,0.119812
8794,0.897087
8795,0.629462
8796,0.005030
8797,0.662740
8798,0.918843
8799,0.043103
8800,0.010549
8801,0.032489
8802,0.012255
8803,0.668936
8804,0.037286
8805,0.125755
8806,0.235416
8807,0.018779
8808,0.500070
8809,0.459871
8810,0.036809
8811,0.218793
8812,0.910379
8813,0.007310
8814,0.592444
8815,0.939645
8816,0.935355
8817,0.972516
8818,0.866772
8819,0.214502
8820,0.392832
8821,0.127390
8822,0.602422
8823,0.922740
8824,0.010638
8825,0.086946
8826,0.299655
8827,0.614459
8828,0.243131
8829,0.046833
8830,0.013597
8831,0.066735
8832,0.267846
8833,0.019760
8834,0.858768
8835,0.009726
8836,0.074152
8837,0.145989
8838,0.336824
8839,0.098798
8840,0.116254
8841,0.979458
8842,0.893237
8843,0.043921
8844,0.633580
8845,0.099913
8846,0.003475
8847,0.023682
8848,0.988696
8849,0.025892
8850,0.884070
8851,0.133939
8852,0.946255
8853,0.249573
8854,0.005395
8855,0.014417
8856,0.023606
8857,0.020249
8858,0.146231
8859,0.416065
8860,0.057456
8861,0.048480
8862,0.068421
8863,0.354226
8864,0.015144
8865,0.646489
8866,0.976737
8867,0.071412
8868,0.982996
8869,0.186415
8870,0.075748
8871,0.218647
8872,0.021703
8873,0.025496
8874,0.271873
8875,0.116144
8876,0.007203
8877,0.999072
8878,0.003461
8879,0.090046
8880,0.015420
8881,0.362381
8882,0.294250
8883,0.307664
8884,0.931276
8885,0.234497
8886,0.078678
8887,0.016038
8888,0.037824
8889,0.013740
8890,0.074233
8891,0.268313
8892,0.197318
8893,0.250978
8894,0.089939
8895,0.965588
8896,0.366424
8897,0.293728
8898,0.593960
8899,0.157697
8900,0.196548
8901,0.402398
8902,0.996468
8903,0.498237
8904,0.581973
8905,0.466359
8906,0.948538
8907,0.173719
8908,0.065301
8909,0.666155
8910,0.715377
8911,0.037684
8912,0.188560
8913,0.046339
8914,0.048391
8915,0.074497
8916,0.005902
8917,0.041507
8918,0.027927
8919,0.152396
8920,0.078588
8921,0.055178
8922,0.948627
8923,0.034572
8924,0.727302
8925,0.444202
8926,0.039445
8927,0.803839
8928,0.979743
8929,0.352256
8930,0.628601
8931,0.084273
8932,0.937311
8933,0.046477
8934,0.092808
8935,0.786128
8936,0.881607
8937,0.007064
8938,0.960773
8939,0.114532
8940,0.273719
8941,0.005560
8942,0.302134
8943,0.261627
8944,0.842484
8945,0.834216
8946,0.183434
8947,0.958302
8948,0.114823
8949,0.334291
8950,0.660091
8951,0.994754
8952,0.011123
8953,0.016513
8954,0.049579
8955,0.935884
8956,0.740686
8957,0.923796
8958,0.876696
8959,0.266259
8960,0.023958
8961,0.795951
8962,0.020337
8963,0.943246
8964,0.152528
8965,0.025147
8966,0.350961
8967,0.020312
8968,0.016900
8969,0.006939
8970,0.011376
8971,0.015933
8972,0.003865
8973,0.469343
8974,0.013037
8975,0.667875
8976,0.185303
8977,0.050884
8978,0.370921
8979,0.003032
8980,0.009213
8981,0.833525
8982,0.111692
8983,0.514621
8984,0.011679
8985,0.014500
8986,0.008726
8987,0.012536
8988,0.011170
8989,0.327500
8990,0.015844
8991,0.092025
8992,0.010886
8993,0.134089
8994,0.942429
8995,0.608963
8996,0.014796
8997,0.967547
8998,0.011275
8999,0.065263
9000,0.117705
9001,0.223350
9002,0.005145
9003,0.988891
9004,0.355810
9005,0.829795
9006,0.928119
9007,0.101603
9008,0.093686
9009,0.040804
9010,0.806862
9011,0.828026
9012,0.008780
9013,0.014010
9014,0.137377
9015,0.005612
9016,0.252421
9017,0.148164
9018,0.895922
9019,0.231482
9020,0.006397
9021,0.417383
9022,0.034157
9023,0.217322
9024,0.021411
9025,0.612174
9026,0.220613
9027,0.993839
9028,0.241690
9029,0.008493
9030,0.514692
9031,0.186319
9032,0.107474
9033,0.970799
9034,0.084948
9035,0.010317
9036,0.033080
9037,0.010196
9038,0.147129
9039,0.085774
9040,0.044792
9041,0.377710
9042,0.078346
9043,0.369364
9044,0.008566
9045,0.022427
9046,0.012732
9047,0.104324
9048,0.279043
9049,0.967875
9050,0.076016
9051,0.954822
9052,0.034440
9053,0.018222
9054,0.062834
9055,0.524759
9056,0.406267
9057,0.071728
9058,0.997748
9059,0.063686
9060,0.007403
9061,0.265020
9062,0.902406
9063,0.016884
9064,0.018750
9065,0.469987
9066,0.168339
9067,0.467063
9068,0.024542
9069,0.011757
9070,0.048310
9071,0.080229
9072,0.852275
9073,0.782495
9074,0.893242
9075,0.005716
9076,0.824538
9077,0.005068
9078,0.229130
9079,0.748043
9080,0.620345
9081,0.823734
9082,0.601266
9083,0.398005
9084,0.060436
9085,0.961431
9086,0.872137
9087,0.970726
9088,0.693665
9089,0.135482
9090,0.346774
9091,0.376686
9092,0.425663
9093,0.012174
9094,0.022185
9095,0.869210
9096,0.928477
9097,0.002575
9098,0.080816
9099,0.237977
9100,0.008601
9101,0.904321
9102,0.047349
9103,0.743680
9104,0.156666
9105,0.035226
9106,0.193403
9107,0.008303
9108,0.397667
9109,0.219717
9110,0.003172
9111,0.870469
9112,0.012820
9113,0.745634
9114,0.020034
9115,0.697751
9116,0.108242
9117,0.940316
9118,0.190452
9119,0.539217
9120,0.044019
9121,0.444127
9122,0.116254
9123,0.169019
9124,0.004976
9125,0.536198
9126,0.155846
9127,0.033749
9128,0.005559
9129,0.008914
9130,0.446097
9131,0.970371
9132,0.106427
9133,0.012653
9134,0.096086
9135,0.347905
9136,0.010895
9137,0.036515
9138,0.017124
9139,0.027587
9140,0.932938
9141,0.095845
9142,0.073010
9143,0.771514
9144,0.227592
9145,0.016836
9146,0.001579
9147,0.088643
9148,0.454374
9149,0.052312
9150,0.158839
9151,0.010321
9152,0.690386
9153,0.227640
9154,0.773851
9155,0.994234
9156,0.680043
9157,0.861981
9158,0.258637
9159,0.005113
9160,0.095751
9161,0.004260
9162,0.077595
9163,0.002948
9164,0.028881
9165,0.017261
9166,0.974702
9167,0.008617
9168,0.151719
9169,0.943447
9170,0.667515
9171,0.977805
9172,0.924842
9173,0.461020
9174,0.202387
9175,0.033099
9176,0.001716
9177,0.361796
9178,0.467429
9179,0.011600
9180,0.005571
9181,0.500323
9182,0.004137
9183,0.018761
9184,0.194491
9185,0.014218
9186,0.170182
9187,0.030834
9188,0.041970
9189,0.694366
9190,0.004268
9191,0.041327
9192,0.943158
9193,0.002772
9194,0.007605
9195,0.007130
9196,0.921604
9197,0.038258
9198,0.003424
9199,0.039007
9200,0.073639
9201,0.997760
9202,0.039320
9203,0.053173
9204,0.175654
9205,0.006528
9206,0.216120
9207,0.590233
9208,0.003725
9209,0.015402
9210,0.966092
9211,0.894858
9212,0.144927
9213,0.076838
9214,0.047353
9215,0.050323
9216,0.139221
9217,0.044247
9218,0.250973
9219,0.065101
9220,0.027158
9221,0.473939
9222,0.054363
9223,0.996019
9224,0.063952
9225,0.991951
9226,0.996079
9227,0.051629
9228,0.014632
9229,0.014691
9230,0.088607
9231,0.027555
9232,0.844364
9233,0.007084
9234,0.091466
9235,0.071453
9236,0.005302
9237,0.062044
9238,0.136856
9239,0.261881
9240,0.608608
9241,0.102010
9242,0.002057
9243,0.997196
9244,0.006498
9245,0.035836
9246,0.300463
9247,0.038265
9248,0.993297
9249,0.996291
9250,0.051328
9251,0.466122
9252,0.006621
9253,0.004137
9254,0.140817
9255,0.999025
9256,0.092698
9257,0.210996
9258,0.913379
9259,0.031269
9260,0.068034
9261,0.934667
9262,0.747283
9263,0.021742
9264,0.007894
9265,0.009749
9266,0.753925
9267,0.481190
9268,0.091087
9269,0.582023
9270,0.004311
9271,0.005067
9272,0.041352
9273,0.051614
9274,0.053499
9275,0.015710
9276,0.015965
9277,0.208279
9278,0.986505
9279,0.087274
9280,0.712245
9281,0.956618
9282,0.282802
9283,0.907251
9284,0.175555
9285,0.282062
9286,0.088203
9287,0.262875
9288,0.149741
9289,0.145242
9290,0.057456
9291,0.107278
9292,0.378781
9293,0.305329
9294,0.103188
9295,0.366212
9296,0.087998
9297,0.958870
9298,0.073080
9299,0.005879
9300,0.057511
9301,0.147182
9302,0.064867
9303,0.071697
9304,0.057684
9305,0.008254
9306,0.168180
9307,0.723007
9308,0.953196
9309,0.963434
9310,0.046375
9311,0.872441
9312,0.795920
9313,0.789930
9314,0.010496
9315,0.383458
9316,0.904232
9317,0.570892
9318,0.004527
9319,0.025514
9320,0.026325
9321,0.611173
9322,0.552745
9323,0.594683
9324,0.009358
9325,0.003902
9326,0.055878
9327,0.027006
9328,0.630347
9329,0.088873
9330,0.846060
9331,0.208374
9332,0.054792
9333,0.047171
9334,0.359856
9335,0.007157
9336,0.069804
9337,0.708155
9338,0.181162
9339,0.179419
9340,0.098586
9341,0.032228
9342,0.029205
9343,0.032038
9344,0.077005
9345,0.003123
9346,0.152989
9347,0.023240
9348,0.057719
9349,0.048948
9350,0.084245
9351,0.015601
9352,0.091607
9353,0.018011
9354,0.049260
9355,0.406240
9356,0.174991
9357,0.008782
9358,0.136519
9359,0.974502
9360,0.126821
9361,0.002797
9362,0.028565
9363,0.037850
9364,0.418362
9365,0.004176
9366,0.101619
9367,0.946990
9368,0.127189
9369,0.093530
9370,0.947583
9371,0.530718
9372,0.017590
9373,0.006183
9374,0.026056
9375,0.149577
9376,0.748488
9377,0.058382
9378,0.999085
9379,0.101974
9380,0.032080
9381,0.980216
9382,0.086400
9383,0.977368
9384,0.967894
9385,0.960538
9386,0.005618
9387,0.321841
9388,0.228915
9389,0.593225
9390,0.015395
9391,0.134777
9392,0.047393
9393,0.019026
9394,0.570066
9395,0.869374
9396,0.023269
9397,0.993082
9398,0.005434
9399,0.002910
9400,0.531739
9401,0.039241
9402,0.100905
9403,0.010012
9404,0.981131
9405,0.388393
9406,0.003626
9407,0.004159
9408,0.469032
9409,0.195070
9410,0.945931
9411,0.332313
9412,0.040696
9413,0.055512
9414,0.005453
9415,0.256922
9416,0.009633
9417,0.013253
9418,0.039210
9419,0.405173
9420,0.962359
9421,0.109720
9422,0.993086
9423,0.089165
9424,0.726516
9425,0.973756
9426,0.184384
9427,0.069207
9428,0.070457
9429,0.519102
9430,0.003237
9431,0.907218
9432,0.006782
9433,0.930673
9434,0.009403
9435,0.997864
9436,0.980537
9437,0.006021
9438,0.318421
9439,0.006069
9440,0.445843
9441,0.854616
9442,0.098317
9443,0.033808
9444,0.043991
9445,0.930999
9446,0.011746
9447,0.975974
9448,0.019818
9449,0.045895
9450,0.046507
9451,0.003640
9452,0.982325
9453,0.352276
9454,0.021065
9455,0.022013
9456,0.003676
9457,0.452218
9458,0.006216
9459,0.378195
9460,0.010622
9461,0.921089
9462,0.375881
9463,0.044246
9464,0.137525
9465,0.002102
9466,0.673763
9467,0.902582
9468,0.065467
9469,0.001817
9470,0.966907
9471,0.011270
9472,0.971738
9473,0.075845
9474,0.954055
9475,0.040461
9476,0.018764
9477,0.052219
9478,0.872835
9479,0.066609
9480,0.908090
9481,0.935768
9482,0.248500
9483,0.929153
9484,0.056016
9485,0.207092
9486,0.927639
9487,0.751491
9488,0.971667
9489,0.273541
9490,0.013271
9491,0.046009
9492,0.986749
9493,0.047341
9494,0.076629
9495,0.004900
9496,0.008517
9497,0.101218
9498,0.462689
9499,0.934427
9500,0.205714
9501,0.121719
9502,0.964902
9503,0.986802
9504,0.430497
9505,0.774606
9506,0.981841
9507,0.029505
9508,0.035101
9509,0.046650
9510,0.025195
9511,0.166788
9512,0.136819
9513,0.823485
9514,0.160322
9515,0.070773
9516,0.236870
9517,0.027521
9518,0.028476
9519,0.021585
9520,0.004489
9521,0.012118
9522,0.502954
9523,0.011485
9524,0.044163
9525,0.002615
9526,0.568751
9527,0.041591
9528,0.075863
9529,0.242402
9530,0.043411
9531,0.054499
9532,0.027740
9533,0.424983
9534,0.812326
9535,0.773986
9536,0.011463
9537,0.986748
9538,0.017980
9539,0.527551
9540,0.986237
9541,0.173394
9542,0.263965
9543,0.005505
9544,0.058404
9545,0.079514
9546,0.961844
9547,0.843802
9548,0.016760
9549,0.209752
9550,0.641947
9551,0.684204
9552,0.959624
9553,0.556596
9554,0.977824
9555,0.426480
9556,0.019913
9557,0.965958
9558,0.056016
9559,0.069531
9560,0.002806
9561,0.100461
9562,0.989300
9563,0.253890
9564,0.966869
9565,0.004609
9566,0.095446
9567,0.991001
9568,0.030845
9569,0.101353
9570,0.347991
9571,0.087177
9572,0.100322
9573,0.865336
9574,0.936963
9575,0.074827
9576,0.970501
9577,0.165324
9578,0.004227
9579,0.008204
9580,0.912862
9581,0.832080
9582,0.009900
9583,0.823212
9584,0.937350
9585,0.023580
9586,0.006725
9587,0.031330
9588,0.961744
9589,0.021425
9590,0.205293
9591,0.266807
9592,0.726786
9593,0.027217
9594,0.940846
9595,0.975016
9596,0.033213
9597,0.908420
9598,0.965058
9599,0.110621
9600,0.733496
9601,0.555321
9602,0.002520
9603,0.070698
9604,0.058076
9605,0.095739
9606,0.003390
9607,0.179624
9608,0.654283
9609,0.500815
9610,0.003381
9611,0.004180
9612,0.006703
9613,0.022491
9614,0.322762
9615,0.105712
9616,0.880161
9617,0.049869
9618,0.418259
9619,0.254187
9620,0.006172
9621,0.502134
9622,0.011990
9623,0.748156
9624,0.125537
9625,0.008819
9626,0.045277
9627,0.035860
9628,0.970434
9629,0.693297
9630,0.919507
9631,0.998103
9632,0.990546
9633,0.041104
9634,0.077833
9635,0.998274
9636,0.975993
9637,0.009881
9638,0.098708
9639,0.062968
9640,0.165633
9641,0.004538
9642,0.093925
9643,0.072020
9644,0.986185
9645,0.119997
9646,0.457496
9647,0.578108
9648,0.002177
9649,0.797340
9650,0.018638
9651,0.979066
9652,0.768652
9653,0.237299
9654,0.131885
9655,0.013335
9656,0.494804
9657,0.963311
9658,0.999044
9659,0.021921
9660,0.048153
9661,0.075638
9662,0.968637
9663,0.017086
9664,0.008037
9665,0.130512
9666,0.045710
9667,0.159496
9668,0.129237
9669,0.059719
9670,0.823327
9671,0.336327
9672,0.030677
9673,0.068213
9674,0.419940
9675,0.130877
9676,0.143031
9677,0.004237
9678,0.925029
9679,0.015852
9680,0.485958
9681,0.181041
9682,0.169730
9683,0.934826
9684,0.045078
9685,0.845506
9686,0.133487
9687,0.086704
9688,0.040515
9689,0.015384
9690,0.212913
9691,0.812445
9692,0.038980
9693,0.051781
9694,0.710383
9695,0.009725
9696,0.942001
9697,0.227600
9698,0.062553
9699,0.008595
9700,0.057203
9701,0.234359
9702,0.996887
9703,0.090365
9704,0.066420
9705,0.143668
9706,0.803728
9707,0.080669
9708,0.016210
9709,0.079762
9710,0.349197
9711,0.043983
9712,0.429361
9713,0.590464
9714,0.014752
9715,0.056263
9716,0.479085
9717,0.019145
9718,0.021242
9719,0.112995
9720,0.998487
9721,0.983619
9722,0.065352
9723,0.016785
9724,0.048979
9725,0.925575
9726,0.125994
9727,0.135120
9728,0.228706
9729,0.029124
9730,0.966210
9731,0.015696
9732,0.005274
9733,0.013262
9734,0.022734
9735,0.672010
9736,0.251452
9737,0.039772
9738,0.025885
9739,0.963018
9740,0.046969
9741,0.060851
9742,0.047635
9743,0.837269
9744,0.028184
9745,0.822611
9746,0.007928
9747,0.419132
9748,0.809213
9749,0.972042
9750,0.008005
9751,0.960308
9752,0.026367
9753,0.963370
9754,0.308089
9755,0.993828
9756,0.105261
9757,0.959904
9758,0.197621
9759,0.017473
9760,0.008001
9761,0.147487
9762,0.003864
9763,0.060499
9764,0.876941
9765,0.189658
9766,0.075553
9767,0.995939
9768,0.361062
9769,0.022546
9770,0.618629
9771,0.088424
9772,0.058062
9773,0.824639
9774,0.004815
9775,0.084103
9776,0.007430
9777,0.086009
9778,0.178302
9779,0.125737
9780,0.997465
9781,0.083317
9782,0.788974
9783,0.143810
9784,0.427512
9785,0.958708
9786,0.570446
9787,0.026879
9788,0.005957
9789,0.382440
9790,0.233387
9791,0.035474
9792,0.140910
9793,0.106061
9794,0.582041
9795,0.052856
9796,0.049961
9797,0.974335
9798,0.449967
9799,0.053031
9800,0.045314
9801,0.031750
9802,0.205914
9803,0.003329
9804,0.693029
9805,0.009617
9806,0.797618
9807,0.074341
9808,0.018769
9809,0.041732
9810,0.012092
9811,0.021378
9812,0.048016
9813,0.004825
9814,0.048985
9815,0.254521
9816,0.175747
9817,0.057857
9818,0.349694
9819,0.913963
9820,0.037983
9821,0.097942
9822,0.005156
9823,0.847875
9824,0.496921
9825,0.973561
9826,0.007117
9827,0.989946
9828,0.535043
9829,0.615619
9830,0.995366
9831,0.016672
9832,0.045481
9833,0.160079
9834,0.029216
9835,0.691754
9836,0.966301
9837,0.991452
9838,0.002894
9839,0.041950
9840,0.993407
9841,0.036627
9842,0.376278
9843,0.779436
9844,0.030680
9845,0.003398
9846,0.845450
9847,0.341760
9848,0.040914
9849,0.004340
9850,0.168051
9851,0.050125
9852,0.012941
9853,0.018788
9854,0.069511
9855,0.125168
9856,0.048353
9857,0.960226
9858,0.034502
9859,0.885619
9860,0.052749
9861,0.046842
9862,0.088329
9863,0.006489
9864,0.886110
9865,0.993909
9866,0.073906
9867,0.002790
9868,0.431798
9869,0.166969
9870,0.915887
9871,0.904658
9872,0.124037
9873,0.010689
9874,0.787217
9875,0.151938
9876,0.099461
9877,0.270164
9878,0.038973
9879,0.889945
9880,0.024371
9881,0.907942
9882,0.914323
9883,0.032152
9884,0.011965
9885,0.053016
9886,0.179257
9887,0.028361
9888,0.954194
9889,0.994661
9890,0.453838
9891,0.010419
9892,0.056694
9893,0.127034
9894,0.090229
9895,0.046752
9896,0.853824
9897,0.158602
9898,0.044931
9899,0.024482
9900,0.160695
9901,0.037632
9902,0.041268
9903,0.031002
9904,0.802425
9905,0.009829
9906,0.113641
9907,0.281879
9908,0.005118
9909,0.948401
9910,0.958306
9911,0.061596
9912,0.064398
9913,0.013660
9914,0.184053
9915,0.997848
9916,0.154554
9917,0.097365
9918,0.012109
9919,0.624105
9920,0.003558
9921,0.483141
9922,0.001253
9923,0.319059
9924,0.239292
9925,0.243561
9926,0.093437
9927,0.167451
9928,0.007371
9929,0.926709
9930,0.953881
9931,0.501540
9932,0.128972
9933,0.141577
9934,0.024512
9935,0.834678
9936,0.979695
9937,0.269858
9938,0.378038
9939,0.062574
9940,0.072171
9941,0.019236
9942,0.067458
9943,0.015597
9944,0.056381
9945,0.953293
9946,0.046637
9947,0.093448
9948,0.039176
9949,0.004324
9950,0.026748
9951,0.176795
9952,0.008662
9953,0.996678
9954,0.785364
9955,0.144158
9956,0.866519
9957,0.015248
9958,0.998490
9959,0.198319
9960,0.721994
9961,0.012193
9962,0.085716
9963,0.017567
9964,0.232030
9965,0.067418
9966,0.006528
9967,0.005221
9968,0.081209
9969,0.002866
9970,0.084428
9971,0.989814
9972,0.045206
9973,0.011639
9974,0.032685
9975,0.969463
9976,0.315906
9977,0.235253
9978,0.163304
9979,0.002652
9980,0.145867
9981,0.091147
9982,0.002500
9983,0.089820
9984,0.007178
9985,0.004868
9986,0.036873
9987,0.084725
9988,0.058028
9989,0.011544
9990,0.117511
9991,0.950420
9992,0.027599
9993,0.064235
9994,0.719828
9995,0.004560
9996,0.320891
9997,0.594866
9998,0.985502
9999,0.070568
10000,0.492261
10001,0.929691
10002,0.301314
10003,0.242496
10004,0.007790
10005,0.956696
10006,0.935124
10007,0.029471
10008,0.970409
10009,0.925325
10010,0.152163
10011,0.049010
10012,0.913894
10013,0.086097
10014,0.275368
10015,0.095611
10016,0.053213
10017,0.008532
10018,0.004349
10019,0.052907
10020,0.016226
10021,0.025919
10022,0.979297
10023,0.985126
10024,0.740041
10025,0.008725
10026,0.012494
10027,0.083516
10028,0.858805
10029,0.010398
10030,0.004921
10031,0.052120
10032,0.660849
10033,0.921604
10034,0.006902
10035,0.015697
10036,0.067547
10037,0.932557
10038,0.020597
10039,0.338429
10040,0.112995
10041,0.033747
10042,0.943331
10043,0.015260
10044,0.176829
10045,0.013228
10046,0.006018
10047,0.892134
10048,0.076855
10049,0.850024
10050,0.017488
10051,0.453682
10052,0.928399
10053,0.094626
10054,0.434904
10055,0.340402
10056,0.004126
10057,0.944017
10058,0.988565
10059,0.074738
10060,0.894172
10061,0.097132
10062,0.004347
10063,0.104968
10064,0.972264
10065,0.246126
10066,0.047075
10067,0.010718
10068,0.012910
10069,0.144942
10070,0.030611
10071,0.351681
10072,0.849929
10073,0.692845
10074,0.354339
10075,0.861082
10076,0.935135
10077,0.079772
10078,0.007045
10079,0.097995
10080,0.094252
10081,0.114580
10082,0.287178
10083,0.017621
10084,0.138587
10085,0.238825
10086,0.094255
10087,0.844016
10088,0.046660
10089,0.822231
10090,0.003321
10091,0.024002
10092,0.002661
10093,0.046690
10094,0.546172
10095,0.038535
10096,0.041182
10097,0.969033
10098,0.212988
10099,0.275671
10100,0.009658
10101,0.005319
10102,0.021033
10103,0.029085
10104,0.952913
10105,0.004610
10106,0.137709
10107,0.015705
10108,0.443892
10109,0.096533
10110,0.134627
10111,0.046907
10112,0.017149
10113,0.068127
10114,0.019405
10115,0.007625
10116,0.589557
10117,0.040460
10118,0.083832
10119,0.505845
10120,0.352488
10121,0.210548
10122,0.159275
10123,0.115656
10124,0.005948
10125,0.102152
10126,0.949474
10127,0.038654
10128,0.050872
10129,0.058056
10130,0.094678
10131,0.765755
10132,0.484529
10133,0.098572
10134,0.971736
10135,0.023383
10136,0.020100
10137,0.011154
10138,0.435159
10139,0.801321
10140,0.226404
10141,0.253499
10142,0.003830
10143,0.079948
10144,0.004203
10145,0.026091
10146,0.076361
10147,0.286636
10148,0.482026
10149,0.732253
10150,0.099969
10151,0.028108
10152,0.005850
10153,0.914777
10154,0.066491
10155,0.064956
10156,0.499716
10157,0.298895
10158,0.969193
10159,0.165700
10160,0.990099
10161,0.022424
10162,0.924606
10163,0.996349
10164,0.006755
10165,0.023149
10166,0.003810
10167,0.903918
10168,0.262271
10169,0.869277
10170,0.005049
10171,0.099174
10172,0.336995
10173,0.156162
10174,0.004248
10175,0.449082
10176,0.005311
10177,0.994742
10178,0.003244
10179,0.045829
10180,0.133390
10181,0.003566
10182,0.044676
10183,0.969651
10184,0.993896
10185,0.933325
10186,0.248346
10187,0.009857
10188,0.043200
10189,0.011300
10190,0.002040
10191,0.973636
10192,0.953579
10193,0.071285
10194,0.094278
10195,0.014837
10196,0.544137
10197,0.045028
10198,0.075674
10199,0.062304
10200,0.007525
10201,0.005764
10202,0.044824
10203,0.034300
10204,0.916728
10205,0.011293
10206,0.992649
10207,0.011533
10208,0.968537
10209,0.915368
10210,0.969233
10211,0.638564
10212,0.926692
10213,0.480452
10214,0.169614
10215,0.047662
10216,0.463654
10217,0.949490
10218,0.014506
10219,0.060929
10220,0.056462
10221,0.003686
10222,0.005616
10223,0.943546
10224,0.861166
10225,0.040895
10226,0.036594
10227,0.999100
10228,0.010432
10229,0.277180
10230,0.998816
10231,0.029033
10232,0.204467
10233,0.302946
10234,0.075852
10235,0.011167
10236,0.030874
10237,0.505740
10238,0.072987
10239,0.898844
10240,0.029641
10241,0.024951
10242,0.193048
10243,0.101658
10244,0.004504
10245,0.936921
10246,0.019846
10247,0.654500
10248,0.761450
10249,0.792241
10250,0.008892
10251,0.106723
10252,0.023357
10253,0.897008
10254,0.125257
10255,0.079164
10256,0.986955
10257,0.821920
10258,0.031800
10259,0.035842
10260,0.973557
10261,0.010665
10262,0.002353
10263,0.700103
10264,0.697002
10265,0.023555
10266,0.565249
10267,0.905379
10268,0.033137
10269,0.034684
10270,0.536220
10271,0.010127
10272,0.062669
10273,0.826313
10274,0.663821
10275,0.233738
10276,0.054497
10277,0.117331
10278,0.086255
10279,0.974502
10280,0.023177
10281,0.671942
10282,0.028591
10283,0.417218
10284,0.236219
10285,0.043357
10286,0.069713
10287,0.144515
10288,0.909038
10289,0.824414
10290,0.052108
10291,0.069093
10292,0.024478
10293,0.056888
10294,0.371112
10295,0.117015
10296,0.952889
10297,0.129316
10298,0.092539
10299,0.157269
10300,0.940158
10301,0.001866
10302,0.792797
10303,0.052725
10304,0.123990
10305,0.042173
10306,0.860992
10307,0.148304
10308,0.072369
10309,0.066725
10310,0.080416
10311,0.101426
10312,0.968817
10313,0.028779
10314,0.001916
10315,0.820866
10316,0.158320
10317,0.073432
10318,0.272188
10319,0.010161
10320,0.112165
10321,0.053129
10322,0.099874
10323,0.068168
10324,0.002001
10325,0.271280
10326,0.485666
10327,0.011389
10328,0.700223
10329,0.286208
10330,0.037856
10331,0.110655
10332,0.043585
10333,0.353257
10334,0.975751
10335,0.931204
10336,0.129874
10337,0.642407
10338,0.550718
10339,0.415528
10340,0.607589
10341,0.054218
10342,0.841634
10343,0.876761
10344,0.892190
10345,0.021037
10346,0.965911
10347,0.904712
10348,0.009020
10349,0.794420
10350,0.101252
10351,0.960845
10352,0.032091
10353,0.946213
10354,0.412233
10355,0.272746
10356,0.095709
10357,0.143269
10358,0.955441
10359,0.025837
10360,0.935815
10361,0.945126
10362,0.010121
10363,0.016081
10364,0.477568
10365,0.008479
10366,0.066186
10367,0.017449
10368,0.979570
10369,0.008712
10370,0.004318
10371,0.141761
10372,0.072677
10373,0.572940
10374,0.945815
10375,0.004633
10376,0.050054
10377,0.179162
10378,0.439233
10379,0.037256
10380,0.097655
10381,0.064790
10382,0.908500
10383,0.998218
10384,0.036853
10385,0.029662
10386,0.088034
10387,0.018587
10388,0.138897
10389,0.021977
10390,0.461566
10391,0.002268
10392,0.336508
10393,0.011538
10394,0.760862
10395,0.191624
10396,0.554978
10397,0.165455
10398,0.922851
10399,0.139934
10400,0.662742
10401,0.674896
10402,0.518768
10403,0.040725
10404,0.012695
10405,0.708036
10406,0.541889
10407,0.008654
10408,0.917003
10409,0.289687
10410,0.406543
10411,0.074373
10412,0.043128
10413,0.037612
10414,0.972568
10415,0.164083
10416,0.521785
10417,0.051493
10418,0.970459
10419,0.084517
10420,0.699381
10421,0.972713
10422,0.670313
10423,0.150633
10424,0.805850
10425,0.219899
10426,0.012411
10427,0.049079
10428,0.025241
10429,0.062532
10430,0.179584
10431,0.650480
10432,0.939254
10433,0.098441
10434,0.007365
10435,0.019213
10436,0.007697
10437,0.008135
10438,0.008055
10439,0.002633
10440,0.002038
10441,0.786312
10442,0.940976
10443,0.408721
10444,0.281206
10445,0.040442
10446,0.009453
10447,0.904684
10448,0.015209
10449,0.982742
10450,0.997546
10451,0.329074
10452,0.972779
10453,0.808946
10454,0.253460
10455,0.013071
10456,0.010526
10457,0.006957
10458,0.984332
10459,0.021505
10460,0.046503
10461,0.508431
10462,0.134058
10463,0.044862
10464,0.957998
10465,0.012821
10466,0.102886
10467,0.026382
10468,0.442594
10469,0.822918
10470,0.854462
10471,0.013645
10472,0.828336
10473,0.181911
10474,0.181271
10475,0.010436
10476,0.113572
10477,0.989223
10478,0.884206
10479,0.098571
10480,0.963560
10481,0.937779
10482,0.084832
10483,0.032122
10484,0.959110
10485,0.086835
10486,0.093472
10487,0.080570
10488,0.492297
10489,0.287971
10490,0.688437
10491,0.050371
10492,0.003220
10493,0.978562
10494,0.247336
10495,0.961478
10496,0.034193
10497,0.031032
10498,0.269051
10499,0.049845
10500,0.968671
10501,0.374283
10502,0.573895
10503,0.942448
10504,0.168097
10505,0.052953
10506,0.264875
10507,0.327238
10508,0.024435
10509,0.015119
10510,0.972332
10511,0.180468
10512,0.011650
10513,0.105176
10514,0.713084
10515,0.033721
10516,0.863887
10517,0.060571
10518,0.316130
10519,0.675566
10520,0.986686
10521,0.199594
10522,0.007324
10523,0.019645
10524,0.907835
10525,0.500809
10526,0.155278
10527,0.405001
10528,0.813157
10529,0.945673
10530,0.099661
10531,0.070165
10532,0.009504
10533,0.040375
10534,0.085788
10535,0.539337
10536,0.998231
10537,0.067858
10538,0.047846
10539,0.043695
10540,0.364182
10541,0.902598
10542,0.228420
10543,0.908245
10544,0.760204
10545,0.933437
10546,0.993773
10547,0.756841
10548,0.025795
10549,0.968171
10550,0.087347
10551,0.009937
10552,0.016622
10553,0.024176
10554,0.973388
10555,0.014462
10556,0.149380
10557,0.056368
10558,0.891975
10559,0.866699
10560,0.062353
10561,0.004449
10562,0.185497
10563,0.857332
10564,0.647451
10565,0.010640
10566,0.453126
10567,0.043852
10568,0.088962
10569,0.111964
10570,0.419127
10571,0.106742
10572,0.044489
10573,0.210227
10574,0.967895
10575,0.016390
10576,0.021549
10577,0.955538
10578,0.835723
10579,0.027121
10580,0.004371
10581,0.034037
10582,0.923780
10583,0.981046
10584,0.025565
10585,0.957452
10586,0.124857
10587,0.897838
10588,0.014895
10589,0.172224
10590,0.546224
10591,0.008775
10592,0.840087
10593,0.025032
10594,0.022658
10595,0.005318
10596,0.225284
10597,0.926565
10598,0.125168
10599,0.094470
10600,0.031784
10601,0.893059
10602,0.053877
10603,0.927719
10604,0.002136
10605,0.719428
10606,0.980071
10607,0.013924
10608,0.004235
10609,0.141288
10610,0.028041
10611,0.942842
10612,0.009877
10613,0.056324
10614,0.030996
10615,0.036677
10616,0.182736
10617,0.766769
10618,0.942903
10619,0.008393
10620,0.935891
10621,0.042105
10622,0.623647
10623,0.097249
10624,0.077205
10625,0.138179
10626,0.186360
10627,0.107364
10628,0.380143
10629,0.004779
10630,0.974209
10631,0.002654
10632,0.041192
10633,0.021978
10634,0.573667
10635,0.864156
10636,0.937617
10637,0.996042
10638,0.075132
10639,0.850963
10640,0.229733
10641,0.195889
10642,0.454374
10643,0.005314
10644,0.019092
10645,0.995797
10646,0.005528
10647,0.003293
10648,0.006997
10649,0.925164
10650,0.219717
10651,0.128886
10652,0.993730
10653,0.372553
10654,0.876153
10655,0.151876
10656,0.979172
10657,0.288758
10658,0.300165
10659,0.030851
10660,0.004302
10661,0.970938
10662,0.025718
10663,0.180251
10664,0.097562
10665,0.006973
10666,0.543062
10667,0.249002
10668,0.698708
10669,0.004076
10670,0.032501
10671,0.003938
10672,0.004896
10673,0.087378
10674,0.338540
10675,0.716959
10676,0.044244
10677,0.964991
10678,0.094862
10679,0.040316
10680,0.003206
10681,0.380021
10682,0.040446
10683,0.571995
10684,0.021189
10685,0.950389
10686,0.988244
10687,0.043389
10688,0.021219
10689,0.900661
10690,0.008639
10691,0.394111
10692,0.925828
10693,0.838971
10694,0.006384
10695,0.339802
10696,0.044551
10697,0.018466
10698,0.821929
10699,0.997549
10700,0.866727
10701,0.117663
10702,0.044937
10703,0.961641
10704,0.522533
10705,0.974158
10706,0.708852
10707,0.939745
10708,0.009407
10709,0.069073
10710,0.013805
10711,0.004098
10712,0.198655
10713,0.047450
10714,0.004687
10715,0.334874
10716,0.681314
10717,0.127086
10718,0.002202
10719,0.463670
10720,0.767926
10721,0.976373
10722,0.933842
10723,0.942643
10724,0.002889
10725,0.093418
10726,0.935329
10727,0.997958
10728,0.032279
10729,0.134343
10730,0.008934
10731,0.993753
10732,0.071391
10733,0.070919
10734,0.224961
10735,0.971329
10736,0.004018
10737,0.273915
10738,0.004542
10739,0.809110
10740,0.354240
10741,0.159366
10742,0.980984
10743,0.007658
10744,0.761191
10745,0.234916
10746,0.814722
10747,0.016928
10748,0.992180
10749,0.997466
10750,0.783509
10751,0.020689
10752,0.167548
10753,0.138469
10754,0.757152
10755,0.014987
10756,0.136366
10757,0.986085
10758,0.591833
10759,0.094335
10760,0.379321
10761,0.004180
10762,0.055881
10763,0.627385
10764,0.928515
10765,0.838829
10766,0.075704
10767,0.201892
10768,0.004018
10769,0.464467
10770,0.986738
10771,0.072763
10772,0.013474
10773,0.003679
10774,0.011775
10775,0.598556
10776,0.524105
10777,0.038325
10778,0.061801
10779,0.940325
10780,0.004609
10781,0.037420
10782,0.003384
10783,0.840748
10784,0.160800
10785,0.403050
10786,0.983306
10787,0.144156
10788,0.006857
10789,0.998469
10790,0.274349
10791,0.120921
10792,0.009833
10793,0.690295
10794,0.190676
10795,0.382204
10796,0.052308
10797,0.025059
10798,0.872975
10799,0.097591
10800,0.082347
10801,0.032124
10802,0.003547
10803,0.036438
10804,0.979618
10805,0.847654
10806,0.047656
10807,0.075376
10808,0.073501
10809,0.109669
10810,0.919812
10811,0.057335
10812,0.020151
10813,0.038630
10814,0.102026
10815,0.544237
10816,0.061023
10817,0.987703
10818,0.095136
10819,0.084099
10820,0.002360
10821,0.068473
10822,0.023597
10823,0.039786
10824,0.004179
10825,0.044813
10826,0.071168
10827,0.008179
10828,0.964442
10829,0.086517
10830,0.032708
10831,0.337590
10832,0.351638
10833,0.023404
10834,0.081457
10835,0.370672
10836,0.033929
10837,0.420904
10838,0.294981
10839,0.182978
10840,0.021794
10841,0.091481
10842,0.842677
10843,0.980695
10844,0.299598
10845,0.048946
10846,0.113074
10847,0.018224
10848,0.180060
10849,0.045017
10850,0.172411
10851,0.377287
10852,0.920398
10853,0.042679
10854,0.002601
10855,0.076638
10856,0.067722
10857,0.048230
10858,0.122454
10859,0.972339
10860,0.123145
10861,0.049271
10862,0.068828
10863,0.111023
10864,0.929129
10865,0.320124
10866,0.089230
10867,0.047684
10868,0.019763
10869,0.953952
10870,0.217272
10871,0.036251
10872,0.154769
10873,0.048522
10874,0.998006
10875,0.195417
10876,0.103080
10877,0.043489
10878,0.002904
10879,0.968669
10880,0.054663
10881,0.956925
10882,0.917125
10883,0.810044
10884,0.952906
10885,0.005072
10886,0.849959
10887,0.049863
10888,0.951443
10889,0.110551
10890,0.893818
10891,0.005023
10892,0.011067
10893,0.994560
10894,0.957710
10895,0.945132
10896,0.092433
10897,0.068389
10898,0.010384
10899,0.005382
10900,0.061585
10901,0.385195
10902,0.109030
10903,0.210580
10904,0.011661
10905,0.516736
10906,0.143619
10907,0.089066
10908,0.768180
10909,0.006384
10910,0.955005
10911,0.985383
10912,0.005140
10913,0.875017
10914,0.999090
10915,0.850078
10916,0.921644
10917,0.140188
10918,0.475098
10919,0.175417
10920,0.954066
10921,0.980815
10922,0.938204
10923,0.844201
10924,0.601607
10925,0.040480
10926,0.394893
10927,0.006558
10928,0.387854
10929,0.916112
10930,0.444298
10931,0.126475
10932,0.013131
10933,0.143612
10934,0.198801
10935,0.989486
10936,0.286069
10937,0.092002
10938,0.976476
10939,0.297258
10940,0.881976
10941,0.998246
10942,0.555855
10943,0.010721
10944,0.026635
10945,0.174406
10946,0.019256
10947,0.048967
10948,0.004000
10949,0.013325
10950,0.008540
10951,0.934850
10952,0.095727
10953,0.020155
10954,0.096134
10955,0.290353
10956,0.464310
10957,0.003762
10958,0.016099
10959,0.004468
10960,0.960174
10961,0.182679
10962,0.686446
10963,0.331956
10964,0.004142
10965,0.843963
10966,0.922142
10967,0.943655
10968,0.150918
10969,0.193657
10970,0.044071
10971,0.101951
10972,0.535431
10973,0.613291
10974,0.202021
10975,0.594371
10976,0.187402
10977,0.963967
10978,0.084014
10979,0.002934
10980,0.913112
10981,0.561417
10982,0.973765
10983,0.060307
10984,0.014054
10985,0.990258
10986,0.052315
10987,0.060414
10988,0.063741
10989,0.053333
10990,0.054180
10991,0.090477
10992,0.033266
10993,0.131340
10994,0.008642
10995,0.130343
10996,0.468534
10997,0.031487
10998,0.056333
10999,0.073963
11000,0.034461
11001,0.015155
11002,0.501060
11003,0.546562
11004,0.976604
11005,0.008058
11006,0.008541
11007,0.122796
11008,0.112450
11009,0.031664
11010,0.090147
11011,0.001752
11012,0.171017
11013,0.544776
11014,0.052251
11015,0.097582
11016,0.004117
11017,0.916982
11018,0.010394
11019,0.130915
11020,0.902848
11021,0.003890
11022,0.154340
11023,0.002841
11024,0.781624
11025,0.132269
11026,0.781006
11027,0.130891
11028,0.877030
11029,0.003913
11030,0.005838
11031,0.018409
11032,0.850990
11033,0.059658
11034,0.012897
11035,0.995635
11036,0.048122
11037,0.989479
11038,0.219681
11039,0.979867
11040,0.007541
11041,0.063552
11042,0.962649
11043,0.040975
11044,0.194937
11045,0.857506
11046,0.009301
11047,0.476881
11048,0.016440
11049,0.011033
11050,0.790991
11051,0.214187
11052,0.205694
11053,0.731900
11054,0.984962
11055,0.832510
11056,0.101760
11057,0.022061
11058,0.044110
11059,0.017814
11060,0.299420
11061,0.612732
11062,0.948962
11063,0.003321
11064,0.823754
11065,0.956831
11066,0.055010
11067,0.051576
11068,0.906322
11069,0.941804
11070,0.026945
11071,0.033661
11072,0.953349
11073,0.006474
11074,0.993924
11075,0.062425
11076,0.094986
11077,0.023528
11078,0.547438
11079,0.028998
11080,0.003557
11081,0.015058
11082,0.749285
11083,0.148105
11084,0.044950
11085,0.100629
11086,0.131312
11087,0.005084
11088,0.006489
11089,0.976824
11090,0.976197
11091,0.022419
11092,0.927171
11093,0.730174
11094,0.055744
11095,0.929199
11096,0.551478
11097,0.058038
11098,0.089212
11099,0.928309
11100,0.108588
11101,0.168462
11102,0.031295
11103,0.898087
11104,0.009264
11105,0.136676
11106,0.940039
11107,0.984419
11108,0.364497
11109,0.963888
11110,0.030569
11111,0.944382
11112,0.026983
11113,0.002322
11114,0.177260
11115,0.297650
11116,0.161691
11117,0.955195
11118,0.084741
11119,0.943164
11120,0.003502
11121,0.169843
11122,0.015584
11123,0.996369
11124,0.742602
11125,0.975006
11126,0.041762
11127,0.023314
11128,0.974915
11129,0.003824
11130,0.076467
11131,0.784338
11132,0.052817
11133,0.471145
11134,0.107036
11135,0.891628
11136,0.162394
11137,0.006838
11138,0.958151
11139,0.033168
11140,0.925172
11141,0.023947
11142,0.137645
11143,0.949159
11144,0.019131
11145,0.078241
11146,0.964764
11147,0.016917
11148,0.973302
11149,0.089682
11150,0.667844
11151,0.013182
11152,0.018772
11153,0.645423
11154,0.060584
11155,0.249509
11156,0.039784
11157,0.622259
11158,0.996468
11159,0.016972
11160,0.850449
11161,0.974176
11162,0.286422
11163,0.846595
11164,0.036777
11165,0.224758
11166,0.077160
11167,0.027647
11168,0.997155
11169,0.702607
11170,0.010885
11171,0.896807
11172,0.029744
11173,0.007261
11174,0.171556
11175,0.195825
11176,0.049198
11177,0.992548
11178,0.004378
11179,0.004999
11180,0.891497
11181,0.362448
11182,0.946760
11183,0.457158
11184,0.004584
11185,0.911395
11186,0.048113
11187,0.989075
11188,0.116372
11189,0.104482
11190,0.066072
11191,0.998541
11192,0.064095
11193,0.052665
11194,0.060786
11195,0.112464
11196,0.027966
11197,0.202022
11198,0.703924
11199,0.918788
11200,0.302904
11201,0.008506
11202,0.002193
11203,0.097049
11204,0.008721
11205,0.023459
11206,0.007011
11207,0.247460
11208,0.013593
11209,0.943870
11210,0.023057
11211,0.048291
11212,0.076616
11213,0.018432
11214,0.819365
11215,0.046950
11216,0.262007
11217,0.179656
11218,0.101301
11219,0.991846
11220,0.048706
11221,0.262686
11222,0.109714
11223,0.003647
11224,0.076599
11225,0.998068
11226,0.011535
11227,0.127861
11228,0.661453
11229,0.133501
11230,0.007132
11231,0.977608
