index,target
0,0.021227
1,0.855427
2,0.046335
3,0.038719
4,0.924677
5,0.007471
6,0.963274
7,0.149502
8,0.027854
9,0.794864
10,0.007128
11,0.002784
12,0.066472
13,0.488451
14,0.562114
15,0.292607
16,0.211265
17,0.867855
18,0.739977
19,0.957092
20,0.193059
21,0.710717
22,0.967091
23,0.131900
24,0.963312
25,0.047081
26,0.035989
27,0.012750
28,0.022594
29,0.003324
30,0.029757
31,0.008198
32,0.008761
33,0.431318
34,0.109817
35,0.134201
36,0.877743
37,0.012940
38,0.096115
39,0.102237
40,0.113562
41,0.939189
42,0.006022
43,0.457074
44,0.801782
45,0.021302
46,0.754941
47,0.158632
48,0.617345
49,0.118436
50,0.070247
51,0.009571
52,0.397740
53,0.018619
54,0.142605
55,0.011569
56,0.039118
57,0.947386
58,0.034665
59,0.738744
60,0.305400
61,0.019604
62,0.864090
63,0.808463
64,0.231268
65,0.006003
66,0.067409
67,0.946548
68,0.959614
69,0.297699
70,0.101348
71,0.327127
72,0.058637
73,0.117739
74,0.107351
75,0.009760
76,0.003496
77,0.008018
78,0.024120
79,0.864755
80,0.226755
81,0.273612
82,0.216860
83,0.142668
84,0.154612
85,0.482462
86,0.678316
87,0.016934
88,0.132878
89,0.004703
90,0.832310
91,0.059583
92,0.063839
93,0.086990
94,0.080381
95,0.756869
96,0.474255
97,0.075930
98,0.962445
99,0.217072
100,0.012180
101,0.064027
102,0.035194
103,0.083284
104,0.419689
105,0.085225
106,0.891535
107,0.770973
108,0.310479
109,0.097224
110,0.903836
111,0.035555
112,0.222048
113,0.030087
114,0.014321
115,0.162791
116,0.964948
117,0.210086
118,0.358586
119,0.947114
120,0.942015
121,0.003099
122,0.465419
123,0.095555
124,0.225718
125,0.193629
126,0.024489
127,0.133127
128,0.053849
129,0.068885
130,0.011836
131,0.047145
132,0.980512
133,0.073023
134,0.972004
135,0.923036
136,0.971872
137,0.949434
138,0.850879
139,0.076979
140,0.015330
141,0.350508
142,0.021245
143,0.117721
144,0.004405
145,0.980110
146,0.777526
147,0.925168
148,0.949357
149,0.120944
150,0.532186
151,0.065482
152,0.085559
153,0.012306
154,0.042190
155,0.035581
156,0.399954
157,0.761394
158,0.045314
159,0.060889
160,0.009820
161,0.437832
162,0.060016
163,0.680106
164,0.061134
165,0.042444
166,0.102478
167,0.018334
168,0.975865
169,0.007090
170,0.033446
171,0.066691
172,0.133706
173,0.876203
174,0.022693
175,0.009003
176,0.960267
177,0.958965
178,0.005435
179,0.960931
180,0.213817
181,0.054251
182,0.857875
183,0.098662
184,0.939549
185,0.091969
186,0.781492
187,0.009339
188,0.161722
189,0.015548
190,0.006669
191,0.935890
192,0.144173
193,0.083645
194,0.156189
195,0.971610
196,0.057159
197,0.976275
198,0.145729
199,0.287690
200,0.205656
201,0.015412
202,0.955700
203,0.007213
204,0.026386
205,0.023661
206,0.092459
207,0.819599
208,0.032935
209,0.990851
210,0.160287
211,0.004527
212,0.505717
213,0.011892
214,0.027900
215,0.262713
216,0.039226
217,0.490384
218,0.969942
219,0.530992
220,0.088591
221,0.058954
222,0.056978
223,0.025077
224,0.331242
225,0.973695
226,0.933867
227,0.037087
228,0.885654
229,0.006063
230,0.036133
231,0.981704
232,0.164132
233,0.040751
234,0.216579
235,0.068367
236,0.291914
237,0.683579
238,0.102864
239,0.952967
240,0.081120
241,0.020912
242,0.173247
243,0.168035
244,0.914288
245,0.277884
246,0.082937
247,0.006975
248,0.633999
249,0.990931
250,0.094010
251,0.047788
252,0.064803
253,0.155733
254,0.127879
255,0.282237
256,0.322293
257,0.771220
258,0.009281
259,0.039557
260,0.291305
261,0.109536
262,0.977665
263,0.901557
264,0.006039
265,0.224965
266,0.718495
267,0.067361
268,0.004204
269,0.003102
270,0.392990
271,0.583968
272,0.060811
273,0.018577
274,0.991118
275,0.986171
276,0.097352
277,0.026448
278,0.024563
279,0.048354
280,0.901625
281,0.841865
282,0.800288
283,0.011396
284,0.095468
285,0.065446
286,0.024358
287,0.014580
288,0.929872
289,0.303811
290,0.555473
291,0.976563
292,0.873425
293,0.973863
294,0.012499
295,0.080386
296,0.147641
297,0.136747
298,0.011650
299,0.955945
300,0.127552
301,0.903323
302,0.808001
303,0.075494
304,0.756440
305,0.836287
306,0.121464
307,0.056797
308,0.433459
309,0.484517
310,0.948771
311,0.044120
312,0.413339
313,0.008674
314,0.634266
315,0.034055
316,0.967723
317,0.020038
318,0.006286
319,0.636371
320,0.142366
321,0.043725
322,0.006618
323,0.055616
324,0.186415
325,0.866644
326,0.119879
327,0.807231
328,0.015786
329,0.008476
330,0.756184
331,0.023662
332,0.210320
333,0.065494
334,0.146371
335,0.338689
336,0.064241
337,0.964405
338,0.006952
339,0.071636
340,0.007096
341,0.973580
342,0.849841
343,0.160858
344,0.117848
345,0.959789
346,0.302289
347,0.112676
348,0.005535
349,0.308570
350,0.989447
351,0.046333
352,0.036734
353,0.092872
354,0.124652
355,0.082294
356,0.943985
357,0.045921
358,0.958215
359,0.378210
360,0.175077
361,0.653174
362,0.010476
363,0.084294
364,0.007972
365,0.561647
366,0.012470
367,0.390583
368,0.518771
369,0.890669
370,0.726120
371,0.904670
372,0.082316
373,0.166439
374,0.050615
375,0.813425
376,0.106119
377,0.029376
378,0.030353
379,0.006163
380,0.094775
381,0.137603
382,0.951270
383,0.164522
384,0.129623
385,0.261697
386,0.023864
387,0.541980
388,0.103843
389,0.039719
390,0.782593
391,0.027860
392,0.020583
393,0.746569
394,0.978775
395,0.858113
396,0.964219
397,0.383302
398,0.097660
399,0.003620
400,0.102015
401,0.006408
402,0.009141
403,0.150815
404,0.018043
405,0.082496
406,0.953161
407,0.175779
408,0.030057
409,0.147834
410,0.080479
411,0.833698
412,0.135272
413,0.430589
414,0.119731
415,0.082983
416,0.961500
417,0.246891
418,0.107564
419,0.965905
420,0.147744
421,0.004245
422,0.023251
423,0.692804
424,0.901316
425,0.016422
426,0.044672
427,0.008257
428,0.913319
429,0.902413
430,0.967058
431,0.180094
432,0.337645
433,0.041043
434,0.770892
435,0.044436
436,0.963658
437,0.068764
438,0.045279
439,0.923461
440,0.827986
441,0.109468
442,0.048967
443,0.013540
444,0.165620
445,0.022340
446,0.942989
447,0.153976
448,0.027835
449,0.329004
450,0.056473
451,0.510905
452,0.924084
453,0.413590
454,0.053807
455,0.898880
456,0.864913
457,0.034414
458,0.378102
459,0.292506
460,0.157039
461,0.472924
462,0.326921
463,0.962057
464,0.076606
465,0.968016
466,0.934503
467,0.014498
468,0.794717
469,0.938206
470,0.131515
471,0.366691
472,0.954952
473,0.028327
474,0.052958
475,0.011621
476,0.014513
477,0.126820
478,0.075003
479,0.693137
480,0.009781
481,0.977680
482,0.108847
483,0.970507
484,0.951843
485,0.023329
486,0.049938
487,0.092367
488,0.010433
489,0.013025
490,0.065782
491,0.024787
492,0.005939
493,0.042746
494,0.424960
495,0.112815
496,0.025852
497,0.788999
498,0.274028
499,0.065789
500,0.967398
501,0.079386
502,0.110690
503,0.268261
504,0.694202
505,0.249127
506,0.023368
507,0.982276
508,0.670972
509,0.118717
510,0.146337
511,0.812302
512,0.053122
513,0.965605
514,0.972919
515,0.946010
516,0.796197
517,0.374723
518,0.107426
519,0.071458
520,0.608384
521,0.194034
522,0.852743
523,0.476235
524,0.221181
525,0.921281
526,0.437603
527,0.005665
528,0.481776
529,0.971504
530,0.012217
531,0.004082
532,0.028481
533,0.011131
534,0.008680
535,0.117454
536,0.091850
537,0.826481
538,0.033955
539,0.924229
540,0.399161
541,0.059318
542,0.002753
543,0.513083
544,0.931352
545,0.018895
546,0.331038
547,0.004749
548,0.124667
549,0.038787
550,0.901357
551,0.764491
552,0.333094
553,0.020928
554,0.079169
555,0.412649
556,0.026735
557,0.098238
558,0.741027
559,0.011551
560,0.034861
561,0.345722
562,0.960783
563,0.412485
564,0.004596
565,0.917136
566,0.113839
567,0.022766
568,0.574975
569,0.344054
570,0.207476
571,0.199988
572,0.590636
573,0.029699
574,0.452585
575,0.104975
576,0.927837
577,0.007038
578,0.053837
579,0.099975
580,0.188810
581,0.213079
582,0.004437
583,0.007296
584,0.003593
585,0.473474
586,0.630405
587,0.587258
588,0.014952
589,0.087090
590,0.103076
591,0.008825
592,0.086076
593,0.032249
594,0.050579
595,0.287587
596,0.045103
597,0.050904
598,0.126952
599,0.926879
600,0.027819
601,0.016993
602,0.023454
603,0.199867
604,0.956853
605,0.080925
606,0.037062
607,0.007069
608,0.010039
609,0.005984
610,0.114474
611,0.105962
612,0.016279
613,0.009990
614,0.079611
615,0.455342
616,0.012388
617,0.039977
618,0.005685
619,0.039011
620,0.010927
621,0.006257
622,0.265817
623,0.008522
624,0.287152
625,0.449495
626,0.808041
627,0.977958
628,0.005896
629,0.950744
630,0.012008
631,0.103980
632,0.640335
633,0.971889
634,0.050974
635,0.333929
636,0.008927
637,0.007342
638,0.008670
639,0.956964
640,0.131189
641,0.708174
642,0.029270
643,0.056933
644,0.887835
645,0.008799
646,0.026078
647,0.083263
648,0.182137
649,0.473040
650,0.036618
651,0.959336
652,0.948688
653,0.023463
654,0.061532
655,0.003565
656,0.218222
657,0.946355
658,0.736625
659,0.066055
660,0.020521
661,0.420264
662,0.050896
663,0.150676
664,0.695502
665,0.043907
666,0.036941
667,0.954829
668,0.117780
669,0.624951
670,0.040868
671,0.331945
672,0.073808
673,0.079273
674,0.992362
675,0.031054
676,0.024371
677,0.666206
678,0.063663
679,0.631238
680,0.135287
681,0.062453
682,0.906640
683,0.156252
684,0.274992
685,0.145179
686,0.119280
687,0.049226
688,0.953581
689,0.148888
690,0.970887
691,0.073780
692,0.002950
693,0.804314
694,0.015480
695,0.897298
696,0.013095
697,0.301884
698,0.985605
699,0.020025
700,0.017979
701,0.158975
702,0.006079
703,0.006053
704,0.023639
705,0.043671
706,0.073501
707,0.429094
708,0.099453
709,0.015232
710,0.048918
711,0.132151
712,0.989510
713,0.080461
714,0.918985
715,0.081562
716,0.010854
717,0.242369
718,0.197167
719,0.024824
720,0.021200
721,0.250725
722,0.321260
723,0.706989
724,0.432092
725,0.581850
726,0.031324
727,0.974782
728,0.081348
729,0.180040
730,0.212878
731,0.013132
732,0.974271
733,0.947934
734,0.201360
735,0.053726
736,0.622098
737,0.041617
738,0.178282
739,0.539208
740,0.970898
741,0.787792
742,0.284864
743,0.159254
744,0.062308
745,0.026164
746,0.939901
747,0.881183
748,0.122831
749,0.569239
750,0.072134
751,0.138654
752,0.112576
753,0.343901
754,0.026321
755,0.048600
756,0.207190
757,0.060743
758,0.003124
759,0.011128
760,0.782061
761,0.045713
762,0.667493
763,0.024200
764,0.005659
765,0.970409
766,0.157071
767,0.835848
768,0.269610
769,0.679272
770,0.313896
771,0.015175
772,0.967430
773,0.014225
774,0.432743
775,0.970018
776,0.323827
777,0.009704
778,0.270447
779,0.559709
780,0.007628
781,0.040898
782,0.512317
783,0.037630
784,0.583646
785,0.956657
786,0.763466
787,0.009428
788,0.928967
789,0.029164
790,0.714814
791,0.046801
792,0.090590
793,0.067919
794,0.194168
795,0.144432
796,0.072534
797,0.005980
798,0.709486
799,0.324031
800,0.421765
801,0.847203
802,0.007521
803,0.007493
804,0.110272
805,0.132386
806,0.011314
807,0.026387
808,0.084220
809,0.185580
810,0.054219
811,0.051404
812,0.963601
813,0.212651
814,0.958224
815,0.010662
816,0.237267
817,0.873149
818,0.387736
819,0.043596
820,0.965905
821,0.992173
822,0.220843
823,0.020208
824,0.368927
825,0.003698
826,0.243671
827,0.093846
828,0.044420
829,0.977677
830,0.863462
831,0.024927
832,0.978919
833,0.332372
834,0.844304
835,0.002324
836,0.227986
837,0.194051
838,0.268980
839,0.961230
840,0.065584
841,0.020020
842,0.221446
843,0.010321
844,0.372393
845,0.986133
846,0.992083
847,0.012117
848,0.008283
849,0.634799
850,0.449475
851,0.844667
852,0.372172
853,0.042777
854,0.952345
855,0.012370
856,0.760916
857,0.957742
858,0.030652
859,0.676320
860,0.010840
861,0.826299
862,0.231712
863,0.851222
864,0.011471
865,0.339772
866,0.920638
867,0.069303
868,0.147824
869,0.777338
870,0.023216
871,0.990333
872,0.050568
873,0.010722
874,0.975369
875,0.615037
876,0.015152
877,0.158786
878,0.109387
879,0.859786
880,0.075222
881,0.127347
882,0.902830
883,0.168255
884,0.022420
885,0.975238
886,0.033562
887,0.953546
888,0.034959
889,0.006430
890,0.228610
891,0.341453
892,0.194660
893,0.076156
894,0.764226
895,0.340097
896,0.920155
897,0.168231
898,0.006408
899,0.716670
900,0.108699
901,0.012637
902,0.598975
903,0.828065
904,0.048025
905,0.954037
906,0.061226
907,0.008008
908,0.976921
909,0.053330
910,0.048732
911,0.108681
912,0.048179
913,0.082187
914,0.032461
915,0.058987
916,0.143634
917,0.552816
918,0.069490
919,0.464452
920,0.006806
921,0.009525
922,0.045261
923,0.990702
924,0.974568
925,0.881010
926,0.061263
927,0.101021
928,0.048601
929,0.425454
930,0.482263
931,0.048043
932,0.926691
933,0.011627
934,0.033986
935,0.115523
936,0.926185
937,0.048602
938,0.052705
939,0.580960
940,0.045145
941,0.946821
942,0.931470
943,0.984576
944,0.524072
945,0.198987
946,0.024178
947,0.708712
948,0.036165
949,0.059787
950,0.961013
951,0.254258
952,0.358988
953,0.115558
954,0.064399
955,0.665829
956,0.971119
957,0.337974
958,0.022740
959,0.514974
960,0.003913
961,0.949702
962,0.041964
963,0.662530
964,0.512061
965,0.051476
966,0.312349
967,0.007911
968,0.009340
969,0.006489
970,0.148198
971,0.105397
972,0.991814
973,0.096009
974,0.630680
975,0.010826
976,0.015274
977,0.784406
978,0.058693
979,0.973648
980,0.897687
981,0.961529
982,0.387729
983,0.027880
984,0.950926
985,0.042707
986,0.952023
987,0.163364
988,0.425182
989,0.808502
990,0.930473
991,0.070683
992,0.052831
993,0.039363
994,0.019691
995,0.985122
996,0.036047
997,0.113057
998,0.212313
999,0.898204
1000,0.922139
1001,0.934259
1002,0.009530
1003,0.008584
1004,0.561126
1005,0.844334
1006,0.985509
1007,0.310335
1008,0.044831
1009,0.380680
1010,0.050096
1011,0.224615
1012,0.065018
1013,0.193489
1014,0.387316
1015,0.029987
1016,0.015306
1017,0.742919
1018,0.800899
1019,0.002598
1020,0.091881
1021,0.976716
1022,0.719508
1023,0.693791
1024,0.009385
1025,0.009398
1026,0.012726
1027,0.115594
1028,0.030964
1029,0.144116
1030,0.003976
1031,0.278408
1032,0.416787
1033,0.008345
1034,0.732815
1035,0.054590
1036,0.114365
1037,0.738228
1038,0.027509
1039,0.921037
1040,0.453367
1041,0.041298
1042,0.038169
1043,0.578748
1044,0.002561
1045,0.069296
1046,0.007384
1047,0.298411
1048,0.690841
1049,0.758836
1050,0.005694
1051,0.163035
1052,0.098385
1053,0.971968
1054,0.550915
1055,0.083976
1056,0.317124
1057,0.236200
1058,0.004068
1059,0.966665
1060,0.370516
1061,0.059274
1062,0.006067
1063,0.188704
1064,0.917601
1065,0.085785
1066,0.018909
1067,0.238992
1068,0.125777
1069,0.978829
1070,0.214657
1071,0.625786
1072,0.027153
1073,0.896899
1074,0.010619
1075,0.062905
1076,0.005260
1077,0.032890
1078,0.023746
1079,0.947256
1080,0.006131
1081,0.042154
1082,0.846872
1083,0.099768
1084,0.888682
1085,0.592729
1086,0.683142
1087,0.480878
1088,0.003243
1089,0.875251
1090,0.100644
1091,0.970713
1092,0.065252
1093,0.082328
1094,0.992002
1095,0.752365
1096,0.039087
1097,0.605874
1098,0.031435
1099,0.355231
1100,0.144279
1101,0.031064
1102,0.182542
1103,0.157686
1104,0.067057
1105,0.130662
1106,0.135218
1107,0.098186
1108,0.035801
1109,0.473944
1110,0.888726
1111,0.007508
1112,0.021037
1113,0.401630
1114,0.533880
1115,0.191116
1116,0.109000
1117,0.805975
1118,0.128455
1119,0.008444
1120,0.028022
1121,0.063267
1122,0.041494
1123,0.516957
1124,0.034502
1125,0.121053
1126,0.920478
1127,0.256223
1128,0.017935
1129,0.072376
1130,0.009273
1131,0.022853
1132,0.012989
1133,0.003344
1134,0.990584
1135,0.031301
1136,0.023254
1137,0.004467
1138,0.940211
1139,0.185046
1140,0.698624
1141,0.972819
1142,0.005801
1143,0.232452
1144,0.938275
1145,0.926879
1146,0.991046
1147,0.077581
1148,0.005936
1149,0.357033
1150,0.964687
1151,0.005124
1152,0.159719
1153,0.971717
1154,0.323476
1155,0.020444
1156,0.260944
1157,0.203850
1158,0.671608
1159,0.901098
1160,0.031874
1161,0.019284
1162,0.142228
1163,0.005638
1164,0.170683
1165,0.044285
1166,0.391437
1167,0.913724
1168,0.940555
1169,0.684639
1170,0.005210
1171,0.026587
1172,0.905818
1173,0.033252
1174,0.038528
1175,0.235284
1176,0.052536
1177,0.003986
1178,0.016036
1179,0.009062
1180,0.928985
1181,0.076667
1182,0.025154
1183,0.054982
1184,0.851068
1185,0.074916
1186,0.861229
1187,0.026164
1188,0.006093
1189,0.149605
1190,0.105947
1191,0.086694
1192,0.971002
1193,0.080911
1194,0.110454
1195,0.019581
1196,0.394319
1197,0.835725
1198,0.129891
1199,0.934769
1200,0.442523
1201,0.119477
1202,0.265799
1203,0.046014
1204,0.483584
1205,0.040369
1206,0.785965
1207,0.031943
1208,0.189200
1209,0.080027
1210,0.921490
1211,0.741948
1212,0.009560
1213,0.017587
1214,0.023248
1215,0.037962
1216,0.026312
1217,0.571015
1218,0.098269
1219,0.018924
1220,0.918351
1221,0.146891
1222,0.394352
1223,0.062790
1224,0.279024
1225,0.820720
1226,0.128490
1227,0.962152
1228,0.073845
1229,0.840033
1230,0.014673
1231,0.907929
1232,0.603805
1233,0.014855
1234,0.044605
1235,0.760512
1236,0.464818
1237,0.383948
1238,0.081754
1239,0.404453
1240,0.727278
1241,0.089363
1242,0.009209
1243,0.176259
1244,0.377340
1245,0.039040
1246,0.003295
1247,0.026400
1248,0.190578
1249,0.949297
1250,0.144627
1251,0.035326
1252,0.931272
1253,0.975614
1254,0.990044
1255,0.691573
1256,0.119260
1257,0.947192
1258,0.008319
1259,0.992173
1260,0.371767
1261,0.098481
1262,0.005443
1263,0.006959
1264,0.065674
1265,0.966557
1266,0.018338
1267,0.965511
1268,0.091817
1269,0.031577
1270,0.495532
1271,0.037895
1272,0.071491
1273,0.347689
1274,0.859222
1275,0.320850
1276,0.054632
1277,0.192811
1278,0.256505
1279,0.009445
1280,0.946483
1281,0.019764
1282,0.897591
1283,0.047665
1284,0.119237
1285,0.405501
1286,0.168398
1287,0.356850
1288,0.231245
1289,0.003017
1290,0.328014
1291,0.090518
1292,0.141779
1293,0.046159
1294,0.214721
1295,0.398283
1296,0.741151
1297,0.037397
1298,0.028789
1299,0.008102
1300,0.280526
1301,0.070106
1302,0.114566
1303,0.943063
1304,0.105961
1305,0.981232
1306,0.109961
1307,0.009418
1308,0.007316
1309,0.978886
1310,0.058311
1311,0.042683
1312,0.511664
1313,0.006277
1314,0.941040
1315,0.013437
1316,0.063316
1317,0.549583
1318,0.265567
1319,0.216293
1320,0.401551
1321,0.877745
1322,0.014675
1323,0.044321
1324,0.030293
1325,0.014605
1326,0.957240
1327,0.890041
1328,0.014579
1329,0.622837
1330,0.948635
1331,0.209090
1332,0.068827
1333,0.024072
1334,0.729675
1335,0.401046
1336,0.012884
1337,0.012281
1338,0.011616
1339,0.049199
1340,0.493406
1341,0.814812
1342,0.943914
1343,0.401889
1344,0.278942
1345,0.072549
1346,0.990642
1347,0.814697
1348,0.087042
1349,0.013578
1350,0.215473
1351,0.207496
1352,0.157384
1353,0.016433
1354,0.147488
1355,0.966050
1356,0.032397
1357,0.719216
1358,0.137965
1359,0.108166
1360,0.952798
1361,0.157753
1362,0.873762
1363,0.854496
1364,0.047733
1365,0.965315
1366,0.078174
1367,0.850577
1368,0.789420
1369,0.290379
1370,0.575395
1371,0.371285
1372,0.028929
1373,0.308723
1374,0.025516
1375,0.911804
1376,0.068632
1377,0.991084
1378,0.055089
1379,0.014051
1380,0.887656
1381,0.851167
1382,0.003303
1383,0.980229
1384,0.034444
1385,0.367980
1386,0.790429
1387,0.938539
1388,0.807181
1389,0.990926
1390,0.018552
1391,0.828043
1392,0.380181
1393,0.697271
1394,0.003358
1395,0.621769
1396,0.067543
1397,0.058089
1398,0.020284
1399,0.975416
1400,0.043198
1401,0.014444
1402,0.007314
1403,0.663359
1404,0.015191
1405,0.091526
1406,0.043595
1407,0.191782
1408,0.014695
1409,0.006331
1410,0.007743
1411,0.073604
1412,0.770368
1413,0.910836
1414,0.010602
1415,0.301399
1416,0.956973
1417,0.053620
1418,0.321228
1419,0.496432
1420,0.302344
1421,0.965055
1422,0.049166
1423,0.006176
1424,0.010613
1425,0.021653
1426,0.009874
1427,0.007329
1428,0.033991
1429,0.018710
1430,0.126494
1431,0.739765
1432,0.059458
1433,0.759256
1434,0.653621
1435,0.016785
1436,0.006903
1437,0.946057
1438,0.009388
1439,0.965389
1440,0.010784
1441,0.047614
1442,0.415243
1443,0.007315
1444,0.144759
1445,0.766250
1446,0.901619
1447,0.115626
1448,0.102600
1449,0.759616
1450,0.118071
1451,0.005227
1452,0.276522
1453,0.961750
1454,0.971550
1455,0.074934
1456,0.054403
1457,0.100780
1458,0.961374
1459,0.949111
1460,0.022772
1461,0.061612
1462,0.045557
1463,0.953753
1464,0.191350
1465,0.024841
1466,0.724858
1467,0.137204
1468,0.944863
1469,0.972456
1470,0.977477
1471,0.166691
1472,0.279290
1473,0.961722
1474,0.193509
1475,0.117784
1476,0.969467
1477,0.688947
1478,0.409918
1479,0.037597
1480,0.206510
1481,0.010762
1482,0.917110
1483,0.049146
1484,0.060252
1485,0.050997
1486,0.104665
1487,0.148005
1488,0.173797
1489,0.099713
1490,0.898222
1491,0.006631
1492,0.971178
1493,0.968123
1494,0.968493
1495,0.073667
1496,0.749619
1497,0.041769
1498,0.867806
1499,0.886100
1500,0.052014
1501,0.034996
1502,0.124384
1503,0.078122
1504,0.074705
1505,0.258119
1506,0.106126
1507,0.946413
1508,0.027339
1509,0.011630
1510,0.209019
1511,0.449145
1512,0.021926
1513,0.397947
1514,0.859503
1515,0.019086
1516,0.103983
1517,0.005353
1518,0.291543
1519,0.120112
1520,0.012099
1521,0.015073
1522,0.041094
1523,0.030389
1524,0.896989
1525,0.007407
1526,0.016333
1527,0.793569
1528,0.026225
1529,0.786233
1530,0.043514
1531,0.322537
1532,0.926571
1533,0.059335
1534,0.070663
1535,0.009797
1536,0.079161
1537,0.458291
1538,0.197519
1539,0.540556
1540,0.936896
1541,0.860194
1542,0.091488
1543,0.004284
1544,0.051147
1545,0.034026
1546,0.740285
1547,0.570440
1548,0.046427
1549,0.909780
1550,0.619740
1551,0.078938
1552,0.004189
1553,0.918156
1554,0.045244
1555,0.006853
1556,0.005964
1557,0.164271
1558,0.017956
1559,0.184074
1560,0.051656
1561,0.041389
1562,0.288239
1563,0.231898
1564,0.142749
1565,0.030553
1566,0.004637
1567,0.186668
1568,0.588847
1569,0.241888
1570,0.078605
1571,0.402093
1572,0.118364
1573,0.443195
1574,0.329196
1575,0.025957
1576,0.820573
1577,0.145184
1578,0.006570
1579,0.374123
1580,0.971928
1581,0.959529
1582,0.150516
1583,0.018272
1584,0.089627
1585,0.968334
1586,0.055999
1587,0.016759
1588,0.905762
1589,0.932765
1590,0.055044
1591,0.022484
1592,0.056680
1593,0.107393
1594,0.013170
1595,0.412147
1596,0.144400
1597,0.966263
1598,0.329355
1599,0.113158
1600,0.094051
1601,0.230044
1602,0.289416
1603,0.862475
1604,0.813703
1605,0.969725
1606,0.010030
1607,0.026750
1608,0.059180
1609,0.713204
1610,0.937435
1611,0.879500
1612,0.086086
1613,0.101711
1614,0.033625
1615,0.945554
1616,0.218548
1617,0.006168
1618,0.019645
1619,0.041514
1620,0.036200
1621,0.852781
1622,0.107794
1623,0.152785
1624,0.953742
1625,0.011413
1626,0.010552
1627,0.214125
1628,0.972671
1629,0.047078
1630,0.048299
1631,0.012577
1632,0.094901
1633,0.750271
1634,0.510656
1635,0.044892
1636,0.175633
1637,0.186640
1638,0.982229
1639,0.100036
1640,0.117332
1641,0.056393
1642,0.072509
1643,0.033033
1644,0.118440
1645,0.007791
1646,0.113071
1647,0.200765
1648,0.005991
1649,0.008869
1650,0.162401
1651,0.078227
1652,0.130825
1653,0.036753
1654,0.081273
1655,0.214270
1656,0.564601
1657,0.196272
1658,0.294844
1659,0.088173
1660,0.008088
1661,0.720665
1662,0.096318
1663,0.194266
1664,0.004662
1665,0.664770
1666,0.477561
1667,0.951060
1668,0.037185
1669,0.031356
1670,0.015947
1671,0.133801
1672,0.160662
1673,0.004794
1674,0.978216
1675,0.019032
1676,0.005485
1677,0.560445
1678,0.127801
1679,0.044972
1680,0.140499
1681,0.076099
1682,0.006085
1683,0.041701
1684,0.006633
1685,0.076220
1686,0.123016
1687,0.214765
1688,0.054043
1689,0.989898
1690,0.231795
1691,0.932807
1692,0.974021
1693,0.975254
1694,0.658433
1695,0.899816
1696,0.931063
1697,0.068838
1698,0.178523
1699,0.528069
1700,0.227878
1701,0.010967
1702,0.034093
1703,0.991991
1704,0.007783
1705,0.452465
1706,0.024965
1707,0.300282
1708,0.010324
1709,0.955460
1710,0.002768
1711,0.080745
1712,0.042241
1713,0.075039
1714,0.186547
1715,0.004192
1716,0.022484
1717,0.290603
1718,0.053077
1719,0.174789
1720,0.005794
1721,0.080033
1722,0.058435
1723,0.795758
1724,0.006109
1725,0.081404
1726,0.027002
1727,0.409458
1728,0.227058
1729,0.026369
1730,0.899787
1731,0.091282
1732,0.006543
1733,0.972363
1734,0.949882
1735,0.062911
1736,0.050046
1737,0.991938
1738,0.259620
1739,0.827960
1740,0.012365
1741,0.964077
1742,0.021518
1743,0.049535
1744,0.017506
1745,0.196507
1746,0.102552
1747,0.006940
1748,0.079869
1749,0.864552
1750,0.064663
1751,0.003652
1752,0.853961
1753,0.107231
1754,0.393290
1755,0.917500
1756,0.785920
1757,0.017764
1758,0.128361
1759,0.018078
1760,0.636033
1761,0.012138
1762,0.687423
1763,0.276285
1764,0.092005
1765,0.120290
1766,0.027783
1767,0.875880
1768,0.977248
1769,0.005865
1770,0.037117
1771,0.729679
1772,0.932432
1773,0.984292
1774,0.655675
1775,0.942109
1776,0.767478
1777,0.004650
1778,0.068646
1779,0.499636
1780,0.008359
1781,0.972604
1782,0.039754
1783,0.845408
1784,0.286595
1785,0.032066
1786,0.823976
1787,0.648019
1788,0.013302
1789,0.029150
1790,0.028166
1791,0.018956
1792,0.323037
1793,0.150271
1794,0.005162
1795,0.041666
1796,0.156571
1797,0.407632
1798,0.030058
1799,0.019418
1800,0.047789
1801,0.022929
1802,0.244011
1803,0.594680
1804,0.003407
1805,0.119756
1806,0.624644
1807,0.010562
1808,0.066619
1809,0.021657
1810,0.030358
1811,0.018387
1812,0.240852
1813,0.071532
1814,0.239545
1815,0.044419
1816,0.123229
1817,0.234602
1818,0.048394
1819,0.067998
1820,0.888868
1821,0.008862
1822,0.237871
1823,0.290288
1824,0.027116
1825,0.975701
1826,0.029837
1827,0.971084
1828,0.007106
1829,0.144150
1830,0.268072
1831,0.078222
1832,0.037418
1833,0.977996
1834,0.071976
1835,0.019894
1836,0.042733
1837,0.027282
1838,0.041931
1839,0.032404
1840,0.064280
1841,0.819795
1842,0.115668
1843,0.233399
1844,0.015540
1845,0.964415
1846,0.065730
1847,0.046357
1848,0.898274
1849,0.361782
1850,0.123379
1851,0.042435
1852,0.090442
1853,0.054366
1854,0.156930
1855,0.013969
1856,0.920880
1857,0.019178
1858,0.055437
1859,0.199065
1860,0.113770
1861,0.012595
1862,0.173830
1863,0.008290
1864,0.797614
1865,0.007321
1866,0.074675
1867,0.065696
1868,0.648976
1869,0.977078
1870,0.064838
1871,0.283796
1872,0.120095
1873,0.039813
1874,0.481549
1875,0.229138
1876,0.052219
1877,0.029423
1878,0.008715
1879,0.085023
1880,0.056132
1881,0.085600
1882,0.007562
1883,0.975866
1884,0.954950
1885,0.004773
1886,0.476813
1887,0.331966
1888,0.118402
1889,0.003794
1890,0.014636
1891,0.499986
1892,0.908738
1893,0.912319
1894,0.077547
1895,0.033599
1896,0.826728
1897,0.005026
1898,0.793868
1899,0.033804
1900,0.074185
1901,0.186897
1902,0.122129
1903,0.048710
1904,0.039798
1905,0.045515
1906,0.991991
1907,0.068873
1908,0.005509
1909,0.300384
1910,0.969375
1911,0.163359
1912,0.083889
1913,0.750930
1914,0.084774
1915,0.968571
1916,0.087694
1917,0.975341
1918,0.556235
1919,0.194402
1920,0.259051
1921,0.945002
1922,0.230638
1923,0.006436
1924,0.825007
1925,0.077342
1926,0.916259
1927,0.917747
1928,0.401544
1929,0.364904
1930,0.955424
1931,0.007861
1932,0.054412
1933,0.231380
1934,0.384397
1935,0.963490
1936,0.169956
1937,0.066922
1938,0.047260
1939,0.063251
1940,0.711684
1941,0.012917
1942,0.923385
1943,0.404185
1944,0.007853
1945,0.004910
1946,0.304091
1947,0.116532
1948,0.478720
1949,0.011567
1950,0.440175
1951,0.874665
1952,0.933310
1953,0.295161
1954,0.070013
1955,0.031552
1956,0.046321
1957,0.773224
1958,0.269084
1959,0.168066
1960,0.048743
1961,0.130232
1962,0.312756
1963,0.167653
1964,0.203516
1965,0.135688
1966,0.968916
1967,0.031850
1968,0.037462
1969,0.168249
1970,0.197662
1971,0.954493
1972,0.695159
1973,0.041278
1974,0.938820
1975,0.825142
1976,0.022679
1977,0.919781
1978,0.040286
1979,0.991297
1980,0.970189
1981,0.572071
1982,0.249725
1983,0.053331
1984,0.476118
1985,0.064591
1986,0.106588
1987,0.652532
1988,0.003992
1989,0.059647
1990,0.231996
1991,0.970456
1992,0.151399
1993,0.009838
1994,0.892960
1995,0.440056
1996,0.291497
1997,0.368655
1998,0.602923
1999,0.945164
2000,0.291566
2001,0.024440
2002,0.083935
2003,0.965556
2004,0.079603
2005,0.044321
2006,0.924596
2007,0.076183
2008,0.297913
2009,0.073852
2010,0.950872
2011,0.919080
2012,0.528391
2013,0.861486
2014,0.960869
2015,0.013608
2016,0.844243
2017,0.783170
2018,0.006171
2019,0.095809
2020,0.008426
2021,0.840906
2022,0.267287
2023,0.277945
2024,0.975163
2025,0.891214
2026,0.734848
2027,0.010367
2028,0.146245
2029,0.003319
2030,0.975785
2031,0.213075
2032,0.984679
2033,0.563914
2034,0.957894
2035,0.973923
2036,0.111087
2037,0.008972
2038,0.033459
2039,0.966330
2040,0.008003
2041,0.706642
2042,0.156264
2043,0.956855
2044,0.737632
2045,0.004814
2046,0.006709
2047,0.284675
2048,0.113679
2049,0.947120
2050,0.943548
2051,0.652949
2052,0.033909
2053,0.351570
2054,0.627398
2055,0.005918
2056,0.015508
2057,0.875587
2058,0.005487
2059,0.010472
2060,0.036069
2061,0.319659
2062,0.190425
2063,0.102171
2064,0.805012
2065,0.785293
2066,0.351263
2067,0.967815
2068,0.650386
2069,0.361486
2070,0.157993
2071,0.491235
2072,0.206237
2073,0.007296
2074,0.122943
2075,0.520987
2076,0.029665
2077,0.089221
2078,0.012446
2079,0.046167
2080,0.019112
2081,0.617064
2082,0.164466
2083,0.035529
2084,0.657856
2085,0.118840
2086,0.016669
2087,0.022996
2088,0.947882
2089,0.056898
2090,0.735050
2091,0.134692
2092,0.038991
2093,0.032496
2094,0.373907
2095,0.990818
2096,0.257442
2097,0.007911
2098,0.671247
2099,0.440278
2100,0.976859
2101,0.043885
2102,0.661335
2103,0.125931
2104,0.023308
2105,0.012862
2106,0.019688
2107,0.827359
2108,0.026028
2109,0.012862
2110,0.006651
2111,0.690218
2112,0.048440
2113,0.546452
2114,0.357567
2115,0.141933
2116,0.885906
2117,0.909708
2118,0.007878
2119,0.719900
2120,0.177557
2121,0.055859
2122,0.110561
2123,0.913500
2124,0.044638
2125,0.904696
2126,0.080938
2127,0.055625
2128,0.056874
2129,0.125708
2130,0.034437
2131,0.124828
2132,0.957678
2133,0.047363
2134,0.020582
2135,0.154976
2136,0.006856
2137,0.980183
2138,0.011702
2139,0.080017
2140,0.017919
2141,0.239278
2142,0.195737
2143,0.858252
2144,0.719220
2145,0.896767
2146,0.206799
2147,0.973583
2148,0.020637
2149,0.969211
2150,0.500603
2151,0.971547
2152,0.770321
2153,0.163788
2154,0.055591
2155,0.238183
2156,0.971211
2157,0.006460
2158,0.659092
2159,0.875575
2160,0.766483
2161,0.010390
2162,0.053679
2163,0.024413
2164,0.095262
2165,0.147534
2166,0.214781
2167,0.191919
2168,0.052674
2169,0.063836
2170,0.902375
2171,0.018051
2172,0.700102
2173,0.968100
2174,0.290176
2175,0.020888
2176,0.083327
2177,0.025189
2178,0.048165
2179,0.050717
2180,0.854707
2181,0.007162
2182,0.006896
2183,0.311366
2184,0.074479
2185,0.099344
2186,0.523627
2187,0.039612
2188,0.061532
2189,0.450092
2190,0.003275
2191,0.957477
2192,0.945315
2193,0.046526
2194,0.048697
2195,0.090952
2196,0.078153
2197,0.945770
2198,0.942501
2199,0.061277
2200,0.023948
2201,0.087085
2202,0.007374
2203,0.929760
2204,0.941751
2205,0.590413
2206,0.253462
2207,0.086288
2208,0.944874
2209,0.273020
2210,0.133788
2211,0.034600
2212,0.417877
2213,0.007522
2214,0.015540
2215,0.005677
2216,0.566824
2217,0.163850
2218,0.042371
2219,0.006703
2220,0.008858
2221,0.050543
2222,0.004758
2223,0.915483
2224,0.159565
2225,0.011187
2226,0.326873
2227,0.797812
2228,0.175504
2229,0.005788
2230,0.814124
2231,0.039641
2232,0.396721
2233,0.007489
2234,0.963126
2235,0.048191
2236,0.334270
2237,0.031109
2238,0.152511
2239,0.844035
2240,0.443884
2241,0.010744
2242,0.012843
2243,0.087968
2244,0.004307
2245,0.016482
2246,0.128352
2247,0.030204
2248,0.059028
2249,0.498982
2250,0.040295
2251,0.521964
2252,0.615477
2253,0.973892
2254,0.008245
2255,0.061395
2256,0.121778
2257,0.008235
2258,0.011498
2259,0.035824
2260,0.500829
2261,0.570122
2262,0.781217
2263,0.451248
2264,0.061331
2265,0.009101
2266,0.616152
2267,0.940002
2268,0.152440
2269,0.493430
2270,0.133144
2271,0.223404
2272,0.109282
2273,0.932693
2274,0.891348
2275,0.004026
2276,0.055279
2277,0.971549
2278,0.739072
2279,0.061006
2280,0.061291
2281,0.325087
2282,0.066025
2283,0.070454
2284,0.558041
2285,0.092038
2286,0.979065
2287,0.061373
2288,0.005829
2289,0.017004
2290,0.009603
2291,0.951410
2292,0.170118
2293,0.026641
2294,0.033838
2295,0.960835
2296,0.948629
2297,0.266892
2298,0.012819
2299,0.044244
2300,0.070581
2301,0.057742
2302,0.071841
2303,0.232554
2304,0.869116
2305,0.024257
2306,0.050344
2307,0.150219
2308,0.215229
2309,0.004885
2310,0.009426
2311,0.013923
2312,0.008056
2313,0.015070
2314,0.971895
2315,0.056768
2316,0.081617
2317,0.812326
2318,0.233197
2319,0.004638
2320,0.104458
2321,0.991241
2322,0.487412
2323,0.142409
2324,0.904511
2325,0.141217
2326,0.556463
2327,0.012716
2328,0.975553
2329,0.177645
2330,0.053430
2331,0.005337
2332,0.128935
2333,0.978312
2334,0.003677
2335,0.099253
2336,0.043038
2337,0.954158
2338,0.121955
2339,0.971800
2340,0.046669
2341,0.004223
2342,0.350714
2343,0.980671
2344,0.109267
2345,0.008004
2346,0.053994
2347,0.295912
2348,0.002522
2349,0.668302
2350,0.131944
2351,0.908563
2352,0.494872
2353,0.965636
2354,0.022647
2355,0.083013
2356,0.223397
2357,0.960379
2358,0.025950
2359,0.015495
2360,0.227768
2361,0.177738
2362,0.010852
2363,0.090352
2364,0.018331
2365,0.492116
2366,0.866948
2367,0.097085
2368,0.017654
2369,0.009791
2370,0.120524
2371,0.959161
2372,0.295985
2373,0.023170
2374,0.003929
2375,0.913074
2376,0.035974
2377,0.400940
2378,0.931842
2379,0.016937
2380,0.012833
2381,0.020357
2382,0.851579
2383,0.446088
2384,0.922089
2385,0.435223
2386,0.053409
2387,0.107192
2388,0.980839
2389,0.006506
2390,0.172014
2391,0.256910
2392,0.030455
2393,0.125063
2394,0.338656
2395,0.064962
2396,0.039785
2397,0.469294
2398,0.065854
2399,0.306380
2400,0.010638
2401,0.028557
2402,0.127125
2403,0.145816
2404,0.958826
2405,0.072597
2406,0.100826
2407,0.552710
2408,0.321687
2409,0.084830
2410,0.046752
2411,0.054927
2412,0.003456
2413,0.961198
2414,0.016595
2415,0.980856
2416,0.458616
2417,0.901628
2418,0.023131
2419,0.028197
2420,0.969953
2421,0.184819
2422,0.006020
2423,0.020880
2424,0.029817
2425,0.772058
2426,0.879376
2427,0.991352
2428,0.005920
2429,0.900330
2430,0.704283
2431,0.675728
2432,0.832147
2433,0.051502
2434,0.121889
2435,0.124006
2436,0.212861
2437,0.970456
2438,0.172564
2439,0.206725
2440,0.180055
2441,0.969677
2442,0.190948
2443,0.093624
2444,0.837889
2445,0.193628
2446,0.324159
2447,0.051497
2448,0.006593
2449,0.852948
2450,0.222702
2451,0.021441
2452,0.468720
2453,0.474961
2454,0.029275
2455,0.326274
2456,0.011144
2457,0.973613
2458,0.325377
2459,0.833479
2460,0.059517
2461,0.016362
2462,0.028671
2463,0.884334
2464,0.008219
2465,0.026436
2466,0.036563
2467,0.033888
2468,0.932590
2469,0.453950
2470,0.953340
2471,0.012213
2472,0.085114
2473,0.018001
2474,0.004937
2475,0.004844
2476,0.746628
2477,0.046414
2478,0.014074
2479,0.136033
2480,0.959721
2481,0.033793
2482,0.218451
2483,0.685579
2484,0.019594
2485,0.745946
2486,0.081533
2487,0.970705
2488,0.744669
2489,0.033823
2490,0.151513
2491,0.004620
2492,0.418058
2493,0.269636
2494,0.021383
2495,0.854595
2496,0.072466
2497,0.103342
2498,0.135505
2499,0.991046
2500,0.021466
2501,0.033909
2502,0.031235
2503,0.180537
2504,0.981208
2505,0.102088
2506,0.086158
2507,0.501426
2508,0.098796
2509,0.055016
2510,0.039552
2511,0.168663
2512,0.083980
2513,0.140011
2514,0.090780
2515,0.093525
2516,0.042799
2517,0.806552
2518,0.254727
2519,0.144156
2520,0.035248
2521,0.212023
2522,0.181736
2523,0.066984
2524,0.017731
2525,0.059315
2526,0.109210
2527,0.411889
2528,0.233949
2529,0.202221
2530,0.783222
2531,0.018012
2532,0.897844
2533,0.237845
2534,0.045267
2535,0.969371
2536,0.105861
2537,0.033458
2538,0.024461
2539,0.555466
2540,0.045522
2541,0.149579
2542,0.131869
2543,0.127980
2544,0.972159
2545,0.004751
2546,0.055591
2547,0.012152
2548,0.476728
2549,0.003230
2550,0.926704
2551,0.508036
2552,0.028365
2553,0.038450
2554,0.004168
2555,0.767360
2556,0.959324
2557,0.206762
2558,0.023214
2559,0.227193
2560,0.155254
2561,0.018593
2562,0.700965
2563,0.194852
2564,0.849088
2565,0.891281
2566,0.066719
2567,0.965766
2568,0.196693
2569,0.004433
2570,0.023520
2571,0.620660
2572,0.049595
2573,0.043474
2574,0.007749
2575,0.929011
2576,0.985357
2577,0.112704
2578,0.026462
2579,0.248883
2580,0.075183
2581,0.917965
2582,0.029632
2583,0.090395
2584,0.315003
2585,0.089776
2586,0.019583
2587,0.118912
2588,0.819988
2589,0.010691
2590,0.006101
2591,0.074304
2592,0.305491
2593,0.396604
2594,0.153401
2595,0.034039
2596,0.053109
2597,0.939785
2598,0.943178
2599,0.102226
2600,0.243173
2601,0.060148
2602,0.059569
2603,0.930703
2604,0.916408
2605,0.114636
2606,0.135537
2607,0.324233
2608,0.936914
2609,0.115093
2610,0.950572
2611,0.860531
2612,0.006047
2613,0.401753
2614,0.008135
2615,0.014565
2616,0.024245
2617,0.012366
2618,0.008997
2619,0.874839
2620,0.032647
2621,0.952098
2622,0.150692
2623,0.040101
2624,0.115164
2625,0.030051
2626,0.830186
2627,0.004782
2628,0.314027
2629,0.953021
2630,0.503518
2631,0.756229
2632,0.969029
2633,0.382499
2634,0.959895
2635,0.635088
2636,0.991132
2637,0.221464
2638,0.009711
2639,0.030543
2640,0.007240
2641,0.028189
2642,0.455770
2643,0.984376
2644,0.967850
2645,0.004303
2646,0.002369
2647,0.374034
2648,0.007820
2649,0.930478
2650,0.171610
2651,0.020769
2652,0.465662
2653,0.657617
2654,0.022326
2655,0.034464
2656,0.075352
2657,0.849668
2658,0.497547
2659,0.416643
2660,0.767888
2661,0.013616
2662,0.005323
2663,0.023277
2664,0.012965
2665,0.952893
2666,0.975019
2667,0.231283
2668,0.294177
2669,0.487072
2670,0.700751
2671,0.231149
2672,0.066823
2673,0.029232
2674,0.066823
2675,0.039865
2676,0.950161
2677,0.978711
2678,0.142329
2679,0.029472
2680,0.970170
2681,0.014857
2682,0.007053
2683,0.631020
2684,0.005771
2685,0.396401
2686,0.949066
2687,0.019626
2688,0.779266
2689,0.086682
2690,0.019382
2691,0.084183
2692,0.005893
2693,0.226117
2694,0.107707
2695,0.061941
2696,0.099815
2697,0.946057
2698,0.392710
2699,0.046191
2700,0.197347
2701,0.965257
2702,0.924176
2703,0.968358
2704,0.885783
2705,0.169586
2706,0.064568
2707,0.991991
2708,0.003909
2709,0.910164
2710,0.403620
2711,0.011702
2712,0.090890
2713,0.024848
2714,0.914180
2715,0.103321
2716,0.004089
2717,0.947353
2718,0.104910
2719,0.124299
2720,0.543379
2721,0.042908
2722,0.956259
2723,0.021912
2724,0.202407
2725,0.007264
2726,0.807428
2727,0.940565
2728,0.012038
2729,0.438261
2730,0.266054
2731,0.016518
2732,0.442094
2733,0.009809
2734,0.011611
2735,0.012144
2736,0.392002
2737,0.016289
2738,0.774439
2739,0.098177
2740,0.795554
2741,0.989645
2742,0.986491
2743,0.138570
2744,0.305227
2745,0.865452
2746,0.949210
2747,0.675020
2748,0.095001
2749,0.080022
2750,0.013919
2751,0.069041
2752,0.261664
2753,0.092376
2754,0.062712
2755,0.648317
2756,0.177352
2757,0.060675
2758,0.073611
2759,0.101896
2760,0.350263
2761,0.853329
2762,0.944949
2763,0.419085
2764,0.017896
2765,0.116775
2766,0.091098
2767,0.709121
2768,0.007779
2769,0.778296
2770,0.046809
2771,0.030079
2772,0.134737
2773,0.886450
2774,0.130139
2775,0.164396
2776,0.431888
2777,0.053011
2778,0.145039
2779,0.028859
2780,0.506923
2781,0.547113
2782,0.005850
2783,0.003724
2784,0.063536
2785,0.008622
2786,0.002446
2787,0.008135
2788,0.044222
2789,0.074376
2790,0.007982
2791,0.020043
2792,0.845972
2793,0.937583
2794,0.585707
2795,0.174255
2796,0.013143
2797,0.028977
2798,0.708933
2799,0.873480
2800,0.058153
2801,0.848097
2802,0.033250
2803,0.958838
2804,0.009416
2805,0.029629
2806,0.031133
2807,0.037413
2808,0.079168
2809,0.170205
2810,0.023804
2811,0.004065
2812,0.968013
2813,0.069913
2814,0.003665
2815,0.777046
2816,0.044645
2817,0.037775
2818,0.765167
2819,0.962071
2820,0.869246
2821,0.032580
2822,0.154321
2823,0.414208
2824,0.346568
2825,0.045168
2826,0.967779
2827,0.047214
2828,0.041928
2829,0.849597
2830,0.036742
2831,0.034956
2832,0.075596
2833,0.834991
2834,0.976658
2835,0.025986
2836,0.027556
2837,0.081180
2838,0.038969
2839,0.090966
2840,0.022116
2841,0.972488
2842,0.965503
2843,0.940461
2844,0.020302
2845,0.008659
2846,0.192762
2847,0.010112
2848,0.023507
2849,0.024933
2850,0.069444
2851,0.889078
2852,0.015827
2853,0.911617
2854,0.004478
2855,0.686946
2856,0.015952
2857,0.080355
2858,0.014014
2859,0.103080
2860,0.033810
2861,0.138144
2862,0.391095
2863,0.023699
2864,0.557165
2865,0.956241
2866,0.008696
2867,0.069345
2868,0.002777
2869,0.055203
2870,0.026999
2871,0.029025
2872,0.231059
2873,0.224815
2874,0.049531
2875,0.035328
2876,0.015678
2877,0.048694
2878,0.265664
2879,0.111358
2880,0.917533
2881,0.498376
2882,0.237087
2883,0.008810
2884,0.671680
2885,0.955663
2886,0.987695
2887,0.802394
2888,0.158948
2889,0.042265
2890,0.470270
2891,0.966295
2892,0.005340
2893,0.444052
2894,0.401483
2895,0.960013
2896,0.090842
2897,0.007280
2898,0.520607
2899,0.096766
2900,0.088345
2901,0.061024
2902,0.167338
2903,0.003303
2904,0.028955
2905,0.437515
2906,0.149942
2907,0.004474
2908,0.102460
2909,0.016036
2910,0.506426
2911,0.078536
2912,0.502421
2913,0.028197
2914,0.971913
2915,0.154723
2916,0.556688
2917,0.078619
2918,0.667662
2919,0.115345
2920,0.024288
2921,0.213954
2922,0.094350
2923,0.014707
2924,0.699047
2925,0.855200
2926,0.663067
2927,0.082462
2928,0.793948
2929,0.964649
2930,0.086808
2931,0.979777
2932,0.974379
2933,0.106122
2934,0.012764
2935,0.272395
2936,0.008206
2937,0.025329
2938,0.651806
2939,0.962742
2940,0.414897
2941,0.012883
2942,0.917359
2943,0.022608
2944,0.465206
2945,0.082600
2946,0.064769
2947,0.024713
2948,0.105026
2949,0.020437
2950,0.043719
2951,0.009325
2952,0.433213
2953,0.953043
2954,0.071343
2955,0.030925
2956,0.955239
2957,0.526508
2958,0.053187
2959,0.248093
2960,0.022810
2961,0.004920
2962,0.762232
2963,0.086212
2964,0.732426
2965,0.896734
2966,0.034868
2967,0.360991
2968,0.015770
2969,0.368772
2970,0.052278
2971,0.114515
2972,0.019257
2973,0.371288
2974,0.873661
2975,0.079044
2976,0.091760
2977,0.973169
2978,0.004458
2979,0.040062
2980,0.019878
2981,0.041002
2982,0.717142
2983,0.853598
2984,0.057092
2985,0.128949
2986,0.067491
2987,0.040610
2988,0.026852
2989,0.050241
2990,0.051520
2991,0.861105
2992,0.920344
2993,0.149879
2994,0.124154
2995,0.026585
2996,0.085120
2997,0.252628
2998,0.096009
2999,0.699181
3000,0.212445
3001,0.004765
3002,0.944297
3003,0.004221
3004,0.206132
3005,0.831180
3006,0.096647
3007,0.207041
3008,0.345217
3009,0.262576
3010,0.011361
3011,0.020462
3012,0.942310
3013,0.200935
3014,0.004774
3015,0.004504
3016,0.008221
3017,0.714719
3018,0.027413
3019,0.508416
3020,0.081492
3021,0.138737
3022,0.967952
3023,0.005247
3024,0.072467
3025,0.184901
3026,0.931882
3027,0.119619
3028,0.151101
3029,0.148019
3030,0.027767
3031,0.011317
3032,0.048229
3033,0.751077
3034,0.257442
3035,0.084031
3036,0.407222
3037,0.177134
3038,0.288621
3039,0.010368
3040,0.045730
3041,0.134653
3042,0.942740
3043,0.021393
3044,0.465983
3045,0.737682
3046,0.047556
3047,0.035055
3048,0.978063
3049,0.728872
3050,0.973353
3051,0.953012
3052,0.015470
3053,0.950204
3054,0.156703
3055,0.060683
3056,0.694708
3057,0.006703
3058,0.978341
3059,0.002943
3060,0.928872
3061,0.991494
3062,0.135034
3063,0.456587
3064,0.071226
3065,0.016361
3066,0.641224
3067,0.126194
3068,0.587986
3069,0.096296
3070,0.009712
3071,0.007806
3072,0.039979
3073,0.289075
3074,0.363331
3075,0.178852
3076,0.004067
3077,0.978500
3078,0.974323
3079,0.055153
3080,0.008497
3081,0.085786
3082,0.835679
3083,0.024779
3084,0.389946
3085,0.621841
3086,0.051033
3087,0.053926
3088,0.044211
3089,0.074340
3090,0.054220
3091,0.078863
3092,0.013842
3093,0.941235
3094,0.013282
3095,0.150186
3096,0.075141
3097,0.019722
3098,0.991070
3099,0.012486
3100,0.035983
3101,0.008149
3102,0.009537
3103,0.013898
3104,0.187960
3105,0.510947
3106,0.057563
3107,0.314612
3108,0.051923
3109,0.014742
3110,0.016043
3111,0.022391
3112,0.003302
3113,0.072745
3114,0.015279
3115,0.723686
3116,0.058159
3117,0.005596
3118,0.355696
3119,0.503562
3120,0.003126
3121,0.014630
3122,0.014640
3123,0.975736
3124,0.048826
3125,0.412160
3126,0.018552
3127,0.348225
3128,0.008691
3129,0.055964
3130,0.750565
3131,0.935370
3132,0.055108
3133,0.097137
3134,0.019001
3135,0.007368
3136,0.148805
3137,0.023142
3138,0.035422
3139,0.971429
3140,0.093077
3141,0.009622
3142,0.920252
3143,0.866166
3144,0.976870
3145,0.040403
3146,0.120358
3147,0.052778
3148,0.276668
3149,0.956963
3150,0.003213
3151,0.293310
3152,0.007394
3153,0.023101
3154,0.045146
3155,0.026082
3156,0.013398
3157,0.124496
3158,0.005758
3159,0.034246
3160,0.726329
3161,0.021970
3162,0.951192
3163,0.042065
3164,0.185733
3165,0.024661
3166,0.114823
3167,0.026866
3168,0.019717
3169,0.961462
3170,0.031775
3171,0.064237
3172,0.236059
3173,0.022627
3174,0.902625
3175,0.781275
3176,0.004153
3177,0.342970
3178,0.397750
3179,0.006862
3180,0.065913
3181,0.047617
3182,0.218308
3183,0.628510
3184,0.004349
3185,0.279700
3186,0.061337
3187,0.976663
3188,0.028665
3189,0.049371
3190,0.990997
3191,0.674562
3192,0.018765
3193,0.056370
3194,0.014981
3195,0.805633
3196,0.902648
3197,0.009403
3198,0.006326
3199,0.585138
3200,0.975258
3201,0.087723
3202,0.015157
3203,0.137006
3204,0.362882
3205,0.946970
3206,0.711207
3207,0.022883
3208,0.085218
3209,0.966997
3210,0.007888
3211,0.978765
3212,0.048084
3213,0.708713
3214,0.054499
3215,0.034289
3216,0.975549
3217,0.966471
3218,0.945243
3219,0.913078
3220,0.565652
3221,0.117868
3222,0.209393
3223,0.908169
3224,0.015045
3225,0.011427
3226,0.150213
3227,0.962229
3228,0.919138
3229,0.598952
3230,0.044731
3231,0.023952
3232,0.233876
3233,0.224548
3234,0.199819
3235,0.035396
3236,0.208357
3237,0.877353
3238,0.010714
3239,0.356631
3240,0.033876
3241,0.044672
3242,0.537068
3243,0.075468
3244,0.143399
3245,0.892386
3246,0.195177
3247,0.152912
3248,0.061212
3249,0.052949
3250,0.369546
3251,0.009524
3252,0.055671
3253,0.007456
3254,0.325385
3255,0.008984
3256,0.009676
3257,0.005347
3258,0.856583
3259,0.050194
3260,0.531823
3261,0.160741
3262,0.025032
3263,0.461320
3264,0.020533
3265,0.219403
3266,0.132674
3267,0.873697
3268,0.976875
3269,0.080675
3270,0.135409
3271,0.887191
3272,0.434669
3273,0.078535
3274,0.009362
3275,0.376442
3276,0.249374
3277,0.333375
3278,0.964382
3279,0.519470
3280,0.111143
3281,0.007725
3282,0.089523
3283,0.006885
3284,0.972092
3285,0.012531
3286,0.580484
3287,0.271764
3288,0.741206
3289,0.009140
3290,0.328559
3291,0.030189
3292,0.121489
3293,0.436409
3294,0.792899
3295,0.896680
3296,0.011474
3297,0.692620
3298,0.805228
3299,0.708369
3300,0.003185
3301,0.070572
3302,0.666115
3303,0.011210
3304,0.221769
3305,0.987694
3306,0.988512
3307,0.766608
3308,0.524439
3309,0.048229
3310,0.958938
3311,0.564667
3312,0.388449
3313,0.097000
3314,0.360991
3315,0.180676
3316,0.928360
3317,0.967222
3318,0.496656
3319,0.976308
3320,0.003074
3321,0.019923
3322,0.005591
3323,0.031247
3324,0.890497
3325,0.066007
3326,0.012075
3327,0.091558
3328,0.025280
3329,0.905275
3330,0.975714
3331,0.102912
3332,0.879420
3333,0.566996
3334,0.101526
3335,0.931066
3336,0.940319
3337,0.862539
3338,0.427735
3339,0.112074
3340,0.923693
3341,0.941241
3342,0.486877
3343,0.046576
3344,0.623903
3345,0.316081
3346,0.953863
3347,0.712278
3348,0.617167
3349,0.020694
3350,0.136942
3351,0.471697
3352,0.770804
3353,0.012830
3354,0.007965
3355,0.194270
3356,0.008485
3357,0.209942
3358,0.007595
3359,0.009364
3360,0.005238
3361,0.005743
3362,0.079645
3363,0.231617
3364,0.257965
3365,0.019341
3366,0.909809
3367,0.062379
3368,0.130489
3369,0.024137
3370,0.507730
3371,0.230251
3372,0.020464
3373,0.005884
3374,0.647663
3375,0.078630
3376,0.011549
3377,0.751956
3378,0.948955
3379,0.061443
3380,0.095032
3381,0.011805
3382,0.086332
3383,0.250515
3384,0.957415
3385,0.953269
3386,0.013347
3387,0.009366
3388,0.135345
3389,0.150723
3390,0.377592
3391,0.992190
3392,0.004929
3393,0.076375
3394,0.517758
3395,0.107228
3396,0.966109
3397,0.955883
3398,0.009656
3399,0.052560
3400,0.130875
3401,0.020335
3402,0.032148
3403,0.945274
3404,0.155031
3405,0.024578
3406,0.236369
3407,0.847603
3408,0.022503
3409,0.013640
3410,0.940502
3411,0.088743
3412,0.966871
3413,0.861000
3414,0.202590
3415,0.233644
3416,0.009064
3417,0.068717
3418,0.017331
3419,0.047580
3420,0.345973
3421,0.011780
3422,0.029601
3423,0.133738
3424,0.055688
3425,0.021869
3426,0.059051
3427,0.010004
3428,0.064869
3429,0.765723
3430,0.005367
3431,0.332724
3432,0.272398
3433,0.013519
3434,0.965795
3435,0.118923
3436,0.128492
3437,0.176258
3438,0.265892
3439,0.296904
3440,0.921248
3441,0.317152
3442,0.006149
3443,0.215284
3444,0.418312
3445,0.158263
3446,0.535828
3447,0.074959
3448,0.044681
3449,0.040053
3450,0.079877
3451,0.023448
3452,0.277769
3453,0.801249
3454,0.988967
3455,0.661284
3456,0.319972
3457,0.117078
3458,0.243081
3459,0.005260
3460,0.085798
3461,0.978579
3462,0.228062
3463,0.046490
3464,0.014759
3465,0.032874
3466,0.013482
3467,0.015926
3468,0.140653
3469,0.920927
3470,0.008892
3471,0.505210
3472,0.028778
3473,0.009076
3474,0.009718
3475,0.426759
3476,0.187603
3477,0.024957
3478,0.008737
3479,0.970627
3480,0.949460
3481,0.091092
3482,0.065569
3483,0.927668
3484,0.013628
3485,0.814575
3486,0.967526
3487,0.029274
3488,0.028880
3489,0.534639
3490,0.070631
3491,0.040227
3492,0.061918
3493,0.056264
3494,0.319342
3495,0.259209
3496,0.673996
3497,0.827946
3498,0.002562
3499,0.417300
3500,0.960515
3501,0.667740
3502,0.015884
3503,0.072664
3504,0.057588
3505,0.007476
3506,0.014760
3507,0.102580
3508,0.307269
3509,0.009683
3510,0.008260
3511,0.964783
3512,0.007296
3513,0.014786
3514,0.061373
3515,0.015418
3516,0.013010
3517,0.944301
3518,0.635784
3519,0.976151
3520,0.022362
3521,0.017395
3522,0.236834
3523,0.161600
3524,0.219922
3525,0.255679
3526,0.311362
3527,0.020992
3528,0.027454
3529,0.766912
3530,0.018917
3531,0.033458
3532,0.974375
3533,0.026304
3534,0.204360
3535,0.022024
3536,0.041685
3537,0.047457
3538,0.009771
3539,0.961956
3540,0.003862
3541,0.080716
3542,0.046001
3543,0.811667
3544,0.046782
3545,0.096235
3546,0.039973
3547,0.005886
3548,0.016272
3549,0.030552
3550,0.029172
3551,0.967928
3552,0.989485
3553,0.468443
3554,0.470830
3555,0.976400
3556,0.143603
3557,0.465967
3558,0.005927
3559,0.204361
3560,0.010266
3561,0.101110
3562,0.095530
3563,0.928438
3564,0.239464
3565,0.944954
3566,0.908251
3567,0.051186
3568,0.005560
3569,0.841331
3570,0.233139
3571,0.882542
3572,0.867027
3573,0.003044
3574,0.012557
3575,0.479394
3576,0.991115
3577,0.030360
3578,0.967073
3579,0.919387
3580,0.348485
3581,0.012477
3582,0.508810
3583,0.053315
3584,0.983269
3585,0.415002
3586,0.864656
3587,0.005819
3588,0.171068
3589,0.970732
3590,0.125265
3591,0.441253
3592,0.910620
3593,0.899338
3594,0.973913
3595,0.059941
3596,0.104937
3597,0.891632
3598,0.020165
3599,0.010631
3600,0.957810
3601,0.005901
3602,0.006576
3603,0.079688
3604,0.080178
3605,0.332257
3606,0.968720
3607,0.003641
3608,0.224511
3609,0.002916
3610,0.146782
3611,0.741936
3612,0.042015
3613,0.903307
3614,0.823557
3615,0.049159
3616,0.009516
3617,0.022964
3618,0.980646
3619,0.815955
3620,0.120638
3621,0.269493
3622,0.008801
3623,0.969676
3624,0.017496
3625,0.833208
3626,0.743312
3627,0.593491
3628,0.285769
3629,0.091955
3630,0.948290
3631,0.058085
3632,0.054293
3633,0.027155
3634,0.061908
3635,0.009951
3636,0.073027
3637,0.039652
3638,0.927770
3639,0.053407
3640,0.116906
3641,0.171655
3642,0.005176
3643,0.007618
3644,0.984844
3645,0.775494
3646,0.917204
3647,0.032024
3648,0.672314
3649,0.940112
3650,0.013598
3651,0.028093
3652,0.014087
3653,0.035518
3654,0.779357
3655,0.359449
3656,0.017325
3657,0.005324
3658,0.021002
3659,0.836569
3660,0.196972
3661,0.692524
3662,0.016482
3663,0.149679
3664,0.013964
3665,0.361897
3666,0.897123
3667,0.043900
3668,0.975509
3669,0.530348
3670,0.108276
3671,0.009686
3672,0.021716
3673,0.718082
3674,0.096037
3675,0.952042
3676,0.053911
3677,0.115013
3678,0.953860
3679,0.927482
3680,0.012138
3681,0.090683
3682,0.007418
3683,0.117576
3684,0.400830
3685,0.264498
3686,0.979290
3687,0.188059
3688,0.218402
3689,0.858088
3690,0.030267
3691,0.839784
3692,0.387421
3693,0.990224
3694,0.008648
3695,0.931421
3696,0.043902
3697,0.840084
3698,0.009775
3699,0.053719
3700,0.296556
3701,0.067863
3702,0.984154
3703,0.129280
3704,0.947092
3705,0.962780
3706,0.226290
3707,0.344413
3708,0.389998
3709,0.013494
3710,0.016999
3711,0.960266
3712,0.080358
3713,0.096090
3714,0.371540
3715,0.012853
3716,0.116212
3717,0.787170
3718,0.912210
3719,0.089928
3720,0.838873
3721,0.289786
3722,0.915774
3723,0.982307
3724,0.008836
3725,0.093295
3726,0.048047
3727,0.243561
3728,0.369766
3729,0.488874
3730,0.911065
3731,0.021034
3732,0.126343
3733,0.053436
3734,0.030209
3735,0.227705
3736,0.003018
3737,0.009258
3738,0.951859
3739,0.717064
3740,0.623583
3741,0.787266
3742,0.948943
3743,0.041461
3744,0.614064
3745,0.370820
3746,0.714031
3747,0.061287
3748,0.651440
3749,0.011597
3750,0.057498
3751,0.012402
3752,0.027736
3753,0.285053
3754,0.913496
3755,0.034967
3756,0.027201
3757,0.060344
3758,0.023203
3759,0.232859
3760,0.664808
3761,0.937039
3762,0.801455
3763,0.273087
3764,0.049968
3765,0.274824
3766,0.116797
3767,0.177589
3768,0.082501
3769,0.936650
3770,0.092964
3771,0.967416
3772,0.497845
3773,0.022796
3774,0.014893
3775,0.122418
3776,0.074972
3777,0.139394
3778,0.008183
3779,0.066423
3780,0.098137
3781,0.338028
3782,0.751250
3783,0.115411
3784,0.131820
3785,0.885407
3786,0.053373
3787,0.565526
3788,0.035352
3789,0.748363
3790,0.938248
3791,0.971535
3792,0.934194
3793,0.075439
3794,0.396480
3795,0.418371
3796,0.899177
3797,0.121535
3798,0.157161
3799,0.024060
3800,0.004745
3801,0.038219
3802,0.974046
3803,0.097223
3804,0.890220
3805,0.019557
3806,0.139457
3807,0.986230
3808,0.359345
3809,0.082502
3810,0.062391
3811,0.159994
3812,0.045830
3813,0.055465
3814,0.924023
3815,0.049955
3816,0.559677
3817,0.096927
3818,0.952495
3819,0.909127
3820,0.343172
3821,0.060885
3822,0.914917
3823,0.036135
3824,0.039009
3825,0.992242
3826,0.497188
3827,0.054870
3828,0.875938
3829,0.057658
3830,0.075421
3831,0.990605
3832,0.007151
3833,0.127591
3834,0.572798
3835,0.030182
3836,0.626094
3837,0.991412
3838,0.723481
3839,0.951353
3840,0.165358
3841,0.058282
3842,0.060516
3843,0.214811
3844,0.129195
3845,0.955702
3846,0.009808
3847,0.956192
3848,0.004043
3849,0.028637
3850,0.458821
3851,0.976554
3852,0.079713
3853,0.740577
3854,0.902651
3855,0.003880
3856,0.029128
3857,0.009751
3858,0.048811
3859,0.034237
3860,0.025360
3861,0.050488
3862,0.025442
3863,0.960001
3864,0.993613
3865,0.422438
3866,0.990928
3867,0.025911
3868,0.417528
3869,0.020595
3870,0.700686
3871,0.043818
3872,0.416545
3873,0.303510
3874,0.112167
3875,0.987110
3876,0.234999
3877,0.979517
3878,0.069997
3879,0.006070
3880,0.990690
3881,0.985022
3882,0.347377
3883,0.531312
3884,0.034305
3885,0.045615
3886,0.870616
3887,0.293618
3888,0.151152
3889,0.114837
3890,0.049048
3891,0.955107
3892,0.009217
3893,0.772180
3894,0.084720
3895,0.473418
3896,0.239602
3897,0.939163
3898,0.390463
3899,0.274019
3900,0.064522
3901,0.005191
3902,0.938740
3903,0.630341
3904,0.033922
3905,0.088211
3906,0.969930
3907,0.090540
3908,0.079021
3909,0.991939
3910,0.006064
3911,0.010375
3912,0.302328
3913,0.034064
3914,0.791892
3915,0.039805
3916,0.309670
3917,0.039392
3918,0.079333
3919,0.020576
3920,0.101344
3921,0.006759
3922,0.488076
3923,0.030382
3924,0.068950
3925,0.843417
3926,0.259051
3927,0.011574
3928,0.033249
3929,0.936732
3930,0.980676
3931,0.003820
3932,0.453471
3933,0.004245
3934,0.935727
3935,0.006765
3936,0.090789
3937,0.185975
3938,0.935478
3939,0.072557
3940,0.120612
3941,0.967332
3942,0.021946
3943,0.144492
3944,0.964316
3945,0.586626
3946,0.042470
3947,0.008774
3948,0.226940
3949,0.950690
3950,0.077542
3951,0.053303
3952,0.929772
3953,0.034865
3954,0.987212
3955,0.011012
3956,0.172767
3957,0.327398
3958,0.087335
3959,0.897269
3960,0.114733
3961,0.075564
3962,0.032791
3963,0.817162
3964,0.274691
3965,0.234393
3966,0.676078
3967,0.018012
3968,0.005037
3969,0.074993
3970,0.315508
3971,0.935365
3972,0.528074
3973,0.462112
3974,0.046621
3975,0.811117
3976,0.955402
3977,0.165008
3978,0.031276
3979,0.534444
3980,0.755277
3981,0.945385
3982,0.955657
3983,0.011236
3984,0.637685
3985,0.017437
3986,0.573829
3987,0.005477
3988,0.886251
3989,0.018258
3990,0.256709
3991,0.743456
3992,0.008671
3993,0.084448
3994,0.848076
3995,0.960613
3996,0.688918
3997,0.005259
3998,0.243393
3999,0.023820
4000,0.035761
4001,0.049538
4002,0.046221
4003,0.097825
4004,0.745012
4005,0.181062
4006,0.124619
4007,0.006814
4008,0.955615
4009,0.074896
4010,0.991078
4011,0.903034
4012,0.081629
4013,0.024311
4014,0.994377
4015,0.956049
4016,0.148818
4017,0.052801
4018,0.086291
4019,0.020153
4020,0.015302
4021,0.058294
4022,0.022186
4023,0.011976
4024,0.009432
4025,0.630002
4026,0.757232
4027,0.012672
4028,0.028926
4029,0.060993
4030,0.007868
4031,0.942558
4032,0.109562
4033,0.025966
4034,0.064970
4035,0.028869
4036,0.017677
4037,0.012878
4038,0.969298
4039,0.018150
4040,0.410581
4041,0.677474
4042,0.058374
4043,0.062573
4044,0.030521
4045,0.005531
4046,0.009449
4047,0.114575
4048,0.111144
4049,0.089903
4050,0.108036
4051,0.096394
4052,0.195906
4053,0.905891
4054,0.055443
4055,0.017447
4056,0.080957
4057,0.272631
4058,0.366792
4059,0.090354
4060,0.191047
4061,0.968042
4062,0.186033
4063,0.542849
4064,0.271659
4065,0.192217
4066,0.016056
4067,0.477206
4068,0.015438
4069,0.027509
4070,0.060065
4071,0.971513
4072,0.010441
4073,0.040348
4074,0.049103
4075,0.041637
4076,0.641723
4077,0.083830
4078,0.295113
4079,0.139906
4080,0.005637
4081,0.766865
4082,0.919482
4083,0.258290
4084,0.038146
4085,0.234690
4086,0.109596
4087,0.005266
4088,0.142140
4089,0.016734
4090,0.121280
4091,0.004623
4092,0.250926
4093,0.340314
4094,0.008485
4095,0.009851
4096,0.057002
4097,0.269402
4098,0.031733
4099,0.975476
4100,0.600023
4101,0.194051
4102,0.161794
4103,0.223927
4104,0.962070
4105,0.572543
4106,0.475782
4107,0.534353
4108,0.980181
4109,0.967557
4110,0.152589
4111,0.002609
4112,0.846842
4113,0.414580
4114,0.043847
4115,0.020832
4116,0.037011
4117,0.920772
4118,0.036262
4119,0.136567
4120,0.948794
4121,0.393207
4122,0.850814
4123,0.010463
4124,0.424795
4125,0.027688
4126,0.124253
4127,0.056516
4128,0.093951
4129,0.440998
4130,0.020511
4131,0.314114
4132,0.917563
4133,0.958445
4134,0.016880
4135,0.308562
4136,0.027507
4137,0.915322
4138,0.004319
4139,0.058116
4140,0.991938
4141,0.885820
4142,0.068892
4143,0.102204
4144,0.970680
4145,0.115401
4146,0.165394
4147,0.302569
4148,0.222822
4149,0.033926
4150,0.227410
4151,0.014813
4152,0.017674
4153,0.067632
4154,0.455029
4155,0.764660
4156,0.039518
4157,0.007149
4158,0.957043
4159,0.284997
4160,0.359289
4161,0.316536
4162,0.011276
4163,0.006622
4164,0.945434
4165,0.301677
4166,0.011959
4167,0.975256
4168,0.232873
4169,0.199428
4170,0.991124
4171,0.038237
4172,0.866092
4173,0.029753
4174,0.007334
4175,0.694097
4176,0.038508
4177,0.005957
4178,0.723140
4179,0.304345
4180,0.954484
4181,0.378014
4182,0.011246
4183,0.825272
4184,0.945422
4185,0.731686
4186,0.965016
4187,0.077939
4188,0.042226
4189,0.065508
4190,0.004345
4191,0.152851
4192,0.935300
4193,0.180505
4194,0.904091
4195,0.093844
4196,0.990333
4197,0.805602
4198,0.113650
4199,0.919777
4200,0.014273
4201,0.693488
4202,0.116896
4203,0.110536
4204,0.075645
4205,0.074766
4206,0.513150
4207,0.161058
4208,0.260099
4209,0.304354
4210,0.291847
4211,0.101769
4212,0.242953
4213,0.377676
4214,0.067105
4215,0.040560
4216,0.025703
4217,0.797126
4218,0.989128
4219,0.014201
4220,0.163377
4221,0.976201
4222,0.095206
4223,0.388231
4224,0.049414
4225,0.033274
4226,0.964171
4227,0.391176
4228,0.008449
4229,0.414782
4230,0.825213
4231,0.023353
4232,0.007476
4233,0.060982
4234,0.004664
4235,0.397903
4236,0.035357
4237,0.106928
4238,0.022337
4239,0.183891
4240,0.510268
4241,0.855925
4242,0.009041
4243,0.038540
4244,0.978534
4245,0.061004
4246,0.026973
4247,0.010770
4248,0.039881
4249,0.597796
4250,0.801775
4251,0.193419
4252,0.010159
4253,0.826976
4254,0.033752
4255,0.031303
4256,0.217250
4257,0.005103
4258,0.742045
4259,0.008013
4260,0.981021
4261,0.955950
4262,0.620585
4263,0.956122
4264,0.015889
4265,0.458747
4266,0.981396
4267,0.017761
4268,0.954942
4269,0.130728
4270,0.353023
4271,0.011240
4272,0.219887
4273,0.008254
4274,0.030463
4275,0.942626
4276,0.708385
4277,0.046045
4278,0.021001
4279,0.182379
4280,0.976846
4281,0.396152
4282,0.243569
4283,0.009088
4284,0.036031
4285,0.244562
4286,0.084767
4287,0.677013
4288,0.729067
4289,0.011306
4290,0.842166
4291,0.037895
4292,0.038951
4293,0.650241
4294,0.951723
4295,0.466359
4296,0.219115
4297,0.895455
4298,0.131979
4299,0.026622
4300,0.115459
4301,0.993134
4302,0.032178
4303,0.057352
4304,0.274228
4305,0.007275
4306,0.053586
4307,0.038722
4308,0.920635
4309,0.910450
4310,0.107410
4311,0.008659
4312,0.961339
4313,0.934668
4314,0.077297
4315,0.024345
4316,0.904928
4317,0.902306
4318,0.795984
4319,0.008847
4320,0.804604
4321,0.006045
4322,0.229859
4323,0.213887
4324,0.394617
4325,0.395345
4326,0.004321
4327,0.588616
4328,0.974078
4329,0.019259
4330,0.120233
4331,0.035548
4332,0.030630
4333,0.018798
4334,0.223824
4335,0.100958
4336,0.025457
4337,0.086802
4338,0.091234
4339,0.456861
4340,0.115445
4341,0.037401
4342,0.144655
4343,0.957733
4344,0.862759
4345,0.038310
4346,0.010711
4347,0.033881
4348,0.044737
4349,0.005874
4350,0.026839
4351,0.019838
4352,0.979777
4353,0.473711
4354,0.080704
4355,0.057142
4356,0.937973
4357,0.069706
4358,0.153605
4359,0.007493
4360,0.964050
4361,0.320695
4362,0.810579
4363,0.058104
4364,0.850670
4365,0.449133
4366,0.058947
4367,0.950333
4368,0.003200
4369,0.042847
4370,0.262900
4371,0.113887
4372,0.990820
4373,0.048349
4374,0.068488
4375,0.641991
4376,0.072726
4377,0.094273
4378,0.972840
4379,0.991734
4380,0.123260
4381,0.032609
4382,0.083588
4383,0.317129
4384,0.828423
4385,0.050749
4386,0.132756
4387,0.002983
4388,0.105677
4389,0.044213
4390,0.796036
4391,0.045264
4392,0.924680
4393,0.081314
4394,0.615905
4395,0.040392
4396,0.781450
4397,0.004442
4398,0.990851
4399,0.089166
4400,0.931196
4401,0.177026
4402,0.081668
4403,0.012810
4404,0.037978
4405,0.075647
4406,0.004767
4407,0.039018
4408,0.260671
4409,0.167977
4410,0.010483
4411,0.005399
4412,0.015156
4413,0.041693
4414,0.746432
4415,0.035145
4416,0.356639
4417,0.043482
4418,0.024010
4419,0.173022
4420,0.026859
4421,0.008377
4422,0.004886
4423,0.111695
4424,0.008993
4425,0.071652
4426,0.067646
4427,0.007124
4428,0.037726
4429,0.176252
4430,0.038356
4431,0.409006
4432,0.003216
4433,0.161077
4434,0.040967
4435,0.151723
4436,0.009559
4437,0.648181
4438,0.043803
4439,0.279886
4440,0.835723
4441,0.005810
4442,0.373240
4443,0.074576
4444,0.225641
4445,0.131479
4446,0.064936
4447,0.625021
4448,0.048408
4449,0.700855
4450,0.091812
4451,0.920655
4452,0.927824
4453,0.385075
4454,0.913004
4455,0.016722
4456,0.116575
4457,0.965055
4458,0.041110
4459,0.118591
4460,0.669713
4461,0.075094
4462,0.032017
4463,0.011401
4464,0.038413
4465,0.044309
4466,0.178678
4467,0.989908
4468,0.960995
4469,0.030833
4470,0.119552
4471,0.010164
4472,0.154683
4473,0.186668
4474,0.322016
4475,0.959056
4476,0.092687
4477,0.024443
4478,0.884581
4479,0.247149
4480,0.570742
4481,0.069391
4482,0.021650
4483,0.954967
4484,0.021129
4485,0.052491
4486,0.936728
4487,0.126737
4488,0.042343
4489,0.011598
4490,0.095368
4491,0.004530
4492,0.032060
4493,0.429904
4494,0.235440
4495,0.205209
4496,0.301406
4497,0.315007
4498,0.035280
4499,0.048069
4500,0.174068
4501,0.019193
4502,0.248979
4503,0.974628
4504,0.275867
4505,0.103553
4506,0.556494
4507,0.102342
4508,0.004976
4509,0.011845
4510,0.277630
4511,0.249337
4512,0.020188
4513,0.002910
4514,0.040820
4515,0.712757
4516,0.933672
4517,0.090538
4518,0.974048
4519,0.086265
4520,0.198551
4521,0.658531
4522,0.193915
4523,0.948908
4524,0.670523
4525,0.924244
4526,0.047833
4527,0.024458
4528,0.004320
4529,0.975935
4530,0.736241
4531,0.080605
4532,0.013609
4533,0.245952
4534,0.767813
4535,0.031466
4536,0.484373
4537,0.048417
4538,0.055867
4539,0.447526
4540,0.212845
4541,0.020520
4542,0.024049
4543,0.971593
4544,0.970351
4545,0.060460
4546,0.194745
4547,0.083976
4548,0.768416
4549,0.046544
4550,0.147650
4551,0.962976
4552,0.529182
4553,0.221474
4554,0.052188
4555,0.194900
4556,0.063996
4557,0.576829
4558,0.963654
4559,0.805336
4560,0.004050
4561,0.022158
4562,0.963272
4563,0.010630
4564,0.035410
4565,0.108549
4566,0.092363
4567,0.308202
4568,0.005654
4569,0.023830
4570,0.009885
4571,0.019831
4572,0.102910
4573,0.036477
4574,0.450370
4575,0.013040
4576,0.153332
4577,0.240525
4578,0.061675
4579,0.033176
4580,0.243584
4581,0.251646
4582,0.934682
4583,0.024699
4584,0.911024
4585,0.904658
4586,0.159086
4587,0.295038
4588,0.042792
4589,0.010305
4590,0.082702
4591,0.007657
4592,0.029437
4593,0.028700
4594,0.930957
4595,0.038744
4596,0.087488
4597,0.968094
4598,0.222128
4599,0.646043
4600,0.008527
4601,0.011531
4602,0.059194
4603,0.031294
4604,0.009503
4605,0.236525
4606,0.087157
4607,0.122037
4608,0.975840
4609,0.016526
4610,0.960644
4611,0.093871
4612,0.089970
4613,0.107138
4614,0.939130
4615,0.972208
4616,0.032937
4617,0.252388
4618,0.968845
4619,0.744910
4620,0.967935
4621,0.053656
4622,0.638403
4623,0.033636
4624,0.355391
4625,0.004817
4626,0.132651
4627,0.078410
4628,0.947650
4629,0.111521
4630,0.145147
4631,0.924592
4632,0.047002
4633,0.818295
4634,0.016616
4635,0.063346
4636,0.093865
4637,0.952509
4638,0.068458
4639,0.047876
4640,0.052402
4641,0.119220
4642,0.959591
4643,0.992050
4644,0.990741
4645,0.006711
4646,0.570602
4647,0.056632
4648,0.033845
4649,0.357628
4650,0.007689
4651,0.802536
4652,0.022109
4653,0.335378
4654,0.124385
4655,0.017799
4656,0.623673
4657,0.969746
4658,0.028326
4659,0.884563
4660,0.184297
4661,0.339258
4662,0.042650
4663,0.083067
4664,0.279935
4665,0.005079
4666,0.628917
4667,0.008363
4668,0.053104
4669,0.021557
4670,0.272587
4671,0.986238
4672,0.102659
4673,0.008307
4674,0.006368
4675,0.929167
4676,0.030673
4677,0.082775
4678,0.017898
4679,0.938560
4680,0.052392
4681,0.035187
4682,0.036591
4683,0.619462
4684,0.012415
4685,0.524196
4686,0.334507
4687,0.022631
4688,0.113951
4689,0.126300
4690,0.035162
4691,0.342846
4692,0.062568
4693,0.929237
4694,0.027141
4695,0.481599
4696,0.190256
4697,0.501115
4698,0.939011
4699,0.090691
4700,0.476689
4701,0.114351
4702,0.012677
4703,0.534273
4704,0.008417
4705,0.090418
4706,0.069525
4707,0.006992
4708,0.117210
4709,0.035331
4710,0.328098
4711,0.950710
4712,0.250556
4713,0.028228
4714,0.008540
4715,0.127822
4716,0.003176
4717,0.056334
4718,0.335371
4719,0.358048
4720,0.018865
4721,0.083072
4722,0.967364
4723,0.823401
4724,0.076736
4725,0.008376
4726,0.095869
4727,0.135960
4728,0.099052
4729,0.020925
4730,0.007754
4731,0.006560
4732,0.078438
4733,0.978603
4734,0.034855
4735,0.021007
4736,0.935556
4737,0.463600
4738,0.866145
4739,0.634992
4740,0.972971
4741,0.023837
4742,0.915407
4743,0.064906
4744,0.070090
4745,0.225995
4746,0.121248
4747,0.036622
4748,0.016567
4749,0.197857
4750,0.790661
4751,0.952665
4752,0.048882
4753,0.254413
4754,0.251260
4755,0.219580
4756,0.014014
4757,0.078743
4758,0.090424
4759,0.179169
4760,0.919121
4761,0.567686
4762,0.090914
4763,0.030610
4764,0.008757
4765,0.139948
4766,0.174573
4767,0.697460
4768,0.936901
4769,0.599596
4770,0.010829
4771,0.036969
4772,0.057719
4773,0.009515
4774,0.735147
4775,0.004111
4776,0.063773
4777,0.054438
4778,0.012615
4779,0.975520
4780,0.959009
4781,0.290961
4782,0.944950
4783,0.112281
4784,0.399598
4785,0.114415
4786,0.066485
4787,0.847451
4788,0.149897
4789,0.004955
4790,0.005161
4791,0.012360
4792,0.902113
4793,0.966189
4794,0.072483
4795,0.005269
4796,0.979604
4797,0.013630
4798,0.930936
4799,0.710218
4800,0.410486
4801,0.643554
4802,0.009745
4803,0.026286
4804,0.027390
4805,0.024272
4806,0.476794
4807,0.953683
4808,0.129379
4809,0.033328
4810,0.063333
4811,0.116812
4812,0.120023
4813,0.858187
4814,0.940731
4815,0.288736
4816,0.370432
4817,0.023831
4818,0.174684
4819,0.279451
4820,0.988381
4821,0.682227
4822,0.013797
4823,0.534525
4824,0.248426
4825,0.798698
4826,0.023812
4827,0.050986
4828,0.026983
4829,0.034405
4830,0.033419
4831,0.203697
4832,0.134710
4833,0.081543
4834,0.079468
4835,0.041793
4836,0.036418
4837,0.046857
4838,0.019351
4839,0.011607
4840,0.915574
4841,0.216237
4842,0.974583
4843,0.056260
4844,0.153357
4845,0.097544
4846,0.012122
4847,0.951252
4848,0.651442
4849,0.007007
4850,0.248942
4851,0.042193
4852,0.540135
4853,0.677533
4854,0.536981
4855,0.208275
4856,0.639629
4857,0.160208
4858,0.123768
4859,0.056215
4860,0.064437
4861,0.971731
4862,0.059873
4863,0.027024
4864,0.641318
4865,0.221343
4866,0.008385
4867,0.124744
4868,0.245737
4869,0.005078
4870,0.126955
4871,0.203298
4872,0.520984
4873,0.088790
4874,0.779753
4875,0.321617
4876,0.016486
4877,0.023770
4878,0.891855
4879,0.717908
4880,0.863711
4881,0.913924
4882,0.035654
4883,0.078792
4884,0.094214
4885,0.847232
4886,0.964018
4887,0.010541
4888,0.048853
4889,0.176178
4890,0.030437
4891,0.611564
4892,0.976116
4893,0.872973
4894,0.155556
4895,0.143765
4896,0.456572
4897,0.871629
4898,0.164431
4899,0.893387
4900,0.017480
4901,0.830160
4902,0.209182
4903,0.074251
4904,0.071701
4905,0.384919
4906,0.008625
4907,0.625796
4908,0.045076
4909,0.027369
4910,0.931809
4911,0.174342
4912,0.034252
4913,0.846919
4914,0.040555
4915,0.972313
4916,0.504224
4917,0.470516
4918,0.983869
4919,0.536402
4920,0.046177
4921,0.960659
4922,0.977943
4923,0.005495
4924,0.960981
4925,0.148611
4926,0.009373
4927,0.783392
4928,0.498453
4929,0.043414
4930,0.969800
4931,0.896484
4932,0.791794
4933,0.975570
4934,0.085067
4935,0.108922
4936,0.046965
4937,0.525234
4938,0.056666
4939,0.955256
4940,0.025368
4941,0.010469
4942,0.289520
4943,0.005581
4944,0.042727
4945,0.177026
4946,0.104848
4947,0.082183
4948,0.120818
4949,0.875794
4950,0.391283
4951,0.160981
4952,0.222075
4953,0.257177
4954,0.759195
4955,0.540721
4956,0.292933
4957,0.182220
4958,0.975735
4959,0.663875
4960,0.002500
4961,0.668275
4962,0.078697
4963,0.356993
4964,0.902894
4965,0.018463
4966,0.012961
4967,0.376913
4968,0.013668
4969,0.206631
4970,0.980829
4971,0.190259
4972,0.056418
4973,0.022418
4974,0.028365
4975,0.597176
4976,0.173141
4977,0.534947
4978,0.010989
4979,0.908408
4980,0.621092
4981,0.008666
4982,0.106001
4983,0.879752
4984,0.245856
4985,0.619793
4986,0.980010
4987,0.958481
4988,0.029124
4989,0.003441
4990,0.009271
4991,0.568789
4992,0.018888
4993,0.040137
4994,0.167424
4995,0.010204
4996,0.949327
4997,0.010126
4998,0.283189
4999,0.559674
5000,0.020892
5001,0.012791
5002,0.142018
5003,0.472028
5004,0.344743
5005,0.037632
5006,0.033878
5007,0.871367
5008,0.949900
5009,0.059190
5010,0.004439
5011,0.661003
5012,0.046062
5013,0.090854
5014,0.171133
5015,0.597597
5016,0.891704
5017,0.551508
5018,0.951466
5019,0.951559
5020,0.017615
5021,0.131373
5022,0.006403
5023,0.004135
5024,0.346856
5025,0.036940
5026,0.037134
5027,0.148940
5028,0.988604
5029,0.830155
5030,0.015495
5031,0.034285
5032,0.192247
5033,0.963370
5034,0.899120
5035,0.021302
5036,0.026153
5037,0.003571
5038,0.020151
5039,0.335861
5040,0.936630
5041,0.225575
5042,0.937746
5043,0.066639
5044,0.021646
5045,0.335503
5046,0.099100
5047,0.003276
5048,0.380060
5049,0.237275
5050,0.059432
5051,0.726034
5052,0.033803
5053,0.108319
5054,0.074014
5055,0.013851
5056,0.894809
5057,0.024594
5058,0.954904
5059,0.089834
5060,0.197150
5061,0.038883
5062,0.007321
5063,0.015619
5064,0.027993
5065,0.382602
5066,0.629439
5067,0.034774
5068,0.953151
5069,0.559801
5070,0.954767
5071,0.072011
5072,0.031709
5073,0.051245
5074,0.012284
5075,0.547758
5076,0.279975
5077,0.098146
5078,0.039082
5079,0.960834
5080,0.054275
5081,0.005383
5082,0.103445
5083,0.053966
5084,0.004635
5085,0.967325
5086,0.991115
5087,0.012796
5088,0.046636
5089,0.016071
5090,0.466032
5091,0.080845
5092,0.974729
5093,0.330207
5094,0.079126
5095,0.073003
5096,0.014174
5097,0.048203
5098,0.148231
5099,0.003016
5100,0.054741
5101,0.316493
5102,0.476699
5103,0.006426
5104,0.012945
5105,0.057224
5106,0.988317
5107,0.968555
5108,0.514535
5109,0.915606
5110,0.020097
5111,0.909758
5112,0.926169
5113,0.182958
5114,0.941231
5115,0.887839
5116,0.355635
5117,0.800600
5118,0.885335
5119,0.054878
5120,0.756894
5121,0.031022
5122,0.065690
5123,0.816982
5124,0.017861
5125,0.946701
5126,0.094652
5127,0.667959
5128,0.065373
5129,0.384741
5130,0.028830
5131,0.022908
5132,0.222797
5133,0.212323
5134,0.821190
5135,0.435980
5136,0.005959
5137,0.692330
5138,0.023857
5139,0.250450
5140,0.111693
5141,0.089467
5142,0.169946
5143,0.003304
5144,0.005934
5145,0.009393
5146,0.057035
5147,0.021329
5148,0.057232
5149,0.008547
5150,0.230183
5151,0.867115
5152,0.094513
5153,0.044922
5154,0.977671
5155,0.121715
5156,0.007112
5157,0.017046
5158,0.015872
5159,0.038955
5160,0.121689
5161,0.046311
5162,0.010410
5163,0.077923
5164,0.014149
5165,0.094447
5166,0.527207
5167,0.071515
5168,0.095148
5169,0.048494
5170,0.131636
5171,0.820912
5172,0.694811
5173,0.093541
5174,0.037394
5175,0.991991
5176,0.363874
5177,0.958297
5178,0.889213
5179,0.926500
5180,0.016632
5181,0.164041
5182,0.249077
5183,0.004191
5184,0.154905
5185,0.103664
5186,0.002899
5187,0.068902
5188,0.966635
5189,0.022160
5190,0.076000
5191,0.280894
5192,0.088117
5193,0.223692
5194,0.389542
5195,0.344797
5196,0.057799
5197,0.022116
5198,0.045540
5199,0.018924
5200,0.006315
5201,0.111970
5202,0.123235
5203,0.040310
5204,0.188096
5205,0.009547
5206,0.099391
5207,0.658133
5208,0.021331
5209,0.617779
5210,0.924596
5211,0.919428
5212,0.278832
5213,0.133330
5214,0.026639
5215,0.729452
5216,0.817736
5217,0.040319
5218,0.670073
5219,0.006089
5220,0.568107
5221,0.029837
5222,0.055452
5223,0.371408
5224,0.600557
5225,0.006650
5226,0.962050
5227,0.818428
5228,0.888713
5229,0.962490
5230,0.034840
5231,0.370749
5232,0.950164
5233,0.048382
5234,0.044721
5235,0.020429
5236,0.009502
5237,0.941727
5238,0.211562
5239,0.020022
5240,0.044453
5241,0.065707
5242,0.045156
5243,0.095770
5244,0.974031
5245,0.468037
5246,0.115373
5247,0.042790
5248,0.077334
5249,0.299896
5250,0.152654
5251,0.333167
5252,0.457419
5253,0.015664
5254,0.043561
5255,0.276610
5256,0.004535
5257,0.296187
5258,0.928636
5259,0.717943
5260,0.084604
5261,0.016568
5262,0.761223
5263,0.009375
5264,0.321475
5265,0.061350
5266,0.969640
5267,0.004437
5268,0.287790
5269,0.036706
5270,0.254699
5271,0.103802
5272,0.925488
5273,0.011953
5274,0.428273
5275,0.845555
5276,0.151413
5277,0.865999
5278,0.176171
5279,0.016364
5280,0.023392
5281,0.005683
5282,0.972060
5283,0.105911
5284,0.022631
5285,0.008993
5286,0.040109
5287,0.053377
5288,0.075664
5289,0.072834
5290,0.005923
5291,0.939852
5292,0.495686
5293,0.125832
5294,0.707277
5295,0.014774
5296,0.120978
5297,0.007008
5298,0.380976
5299,0.003227
5300,0.020962
5301,0.529495
5302,0.538128
5303,0.204298
5304,0.115950
5305,0.084101
5306,0.064836
5307,0.898430
5308,0.072596
5309,0.108648
5310,0.037110
5311,0.829019
5312,0.310734
5313,0.044754
5314,0.652693
5315,0.208175
5316,0.082164
5317,0.096606
5318,0.005542
5319,0.763814
5320,0.120211
5321,0.118892
5322,0.135352
5323,0.043753
5324,0.925367
5325,0.293475
5326,0.003730
5327,0.027583
5328,0.059166
5329,0.896891
5330,0.019540
5331,0.104256
5332,0.006867
5333,0.059258
5334,0.934630
5335,0.496088
5336,0.013432
5337,0.042626
5338,0.454761
5339,0.082503
5340,0.006990
5341,0.005552
5342,0.970125
5343,0.081389
5344,0.020350
5345,0.019262
5346,0.267789
5347,0.949785
5348,0.059120
5349,0.043686
5350,0.807225
5351,0.967623
5352,0.648572
5353,0.034977
5354,0.416462
5355,0.788717
5356,0.022116
5357,0.136026
5358,0.989383
5359,0.011841
5360,0.051886
5361,0.770800
5362,0.117571
5363,0.018469
5364,0.006675
5365,0.966436
5366,0.002968
5367,0.004242
5368,0.887285
5369,0.788025
5370,0.044847
5371,0.024177
5372,0.018970
5373,0.306807
5374,0.006136
5375,0.028177
5376,0.051003
5377,0.011330
5378,0.031374
5379,0.320186
5380,0.643891
5381,0.058556
5382,0.156747
5383,0.128340
5384,0.111308
5385,0.048588
5386,0.024173
5387,0.647124
5388,0.021597
5389,0.711790
5390,0.494023
5391,0.010444
5392,0.006572
5393,0.895221
5394,0.063682
5395,0.872967
5396,0.127254
5397,0.168028
5398,0.102286
5399,0.241934
5400,0.029812
5401,0.379474
5402,0.005177
5403,0.060273
5404,0.035009
5405,0.103718
5406,0.921378
5407,0.851712
5408,0.045010
5409,0.026760
5410,0.217230
5411,0.241403
5412,0.933321
5413,0.093282
5414,0.004131
5415,0.958566
5416,0.036874
5417,0.090116
5418,0.113816
5419,0.272631
5420,0.077826
5421,0.053500
5422,0.065700
5423,0.056977
5424,0.955868
5425,0.969262
5426,0.029870
5427,0.011844
5428,0.007620
5429,0.002793
5430,0.835886
5431,0.022272
5432,0.737217
5433,0.194780
5434,0.936399
5435,0.518335
5436,0.977815
5437,0.032106
5438,0.125351
5439,0.351906
5440,0.894926
5441,0.014745
5442,0.058377
5443,0.456857
5444,0.014347
5445,0.858607
5446,0.183074
5447,0.155362
5448,0.045211
5449,0.002714
5450,0.971192
5451,0.004064
5452,0.961211
5453,0.205610
5454,0.071747
5455,0.955120
5456,0.011655
5457,0.052799
5458,0.005575
5459,0.932742
5460,0.960016
5461,0.013770
5462,0.031668
5463,0.017664
5464,0.007585
5465,0.086350
5466,0.729272
5467,0.963853
5468,0.094399
5469,0.097581
5470,0.988559
5471,0.309624
5472,0.205615
5473,0.005889
5474,0.251453
5475,0.008387
5476,0.071409
5477,0.922045
5478,0.321435
5479,0.943989
5480,0.061323
5481,0.047487
5482,0.016053
5483,0.347143
5484,0.623271
5485,0.190637
5486,0.065423
5487,0.367086
5488,0.303777
5489,0.184378
5490,0.025121
5491,0.629846
5492,0.062071
5493,0.039093
5494,0.718293
5495,0.915962
5496,0.017781
5497,0.107013
5498,0.054521
5499,0.007356
5500,0.004658
5501,0.252663
5502,0.029600
5503,0.057205
5504,0.979566
5505,0.975414
5506,0.030642
5507,0.232306
5508,0.024572
5509,0.965479
5510,0.005913
5511,0.961485
5512,0.007728
5513,0.061767
5514,0.173075
5515,0.005570
5516,0.022749
5517,0.171836
5518,0.260322
5519,0.030748
5520,0.021108
5521,0.976761
5522,0.895307
5523,0.184175
5524,0.977331
5525,0.053183
5526,0.108371
5527,0.855670
5528,0.008435
5529,0.037184
5530,0.153477
5531,0.053332
5532,0.114606
5533,0.102017
5534,0.239839
5535,0.037615
5536,0.076281
5537,0.029270
5538,0.015261
5539,0.071505
5540,0.768532
5541,0.006039
5542,0.300182
5543,0.009881
5544,0.012133
5545,0.807473
5546,0.232988
5547,0.063706
5548,0.109276
5549,0.983279
5550,0.029451
5551,0.194802
5552,0.057827
5553,0.050550
5554,0.510239
5555,0.127953
5556,0.185493
5557,0.549009
5558,0.978095
5559,0.089279
5560,0.966694
5561,0.611950
5562,0.008036
5563,0.082774
5564,0.020943
5565,0.936467
5566,0.554585
5567,0.036186
5568,0.025895
5569,0.072350
5570,0.976238
5571,0.043483
5572,0.004640
5573,0.057875
5574,0.866340
5575,0.340479
5576,0.049095
5577,0.015991
5578,0.144414
5579,0.022319
5580,0.941251
5581,0.121095
5582,0.011745
5583,0.017804
5584,0.636834
5585,0.022711
5586,0.366614
5587,0.751275
5588,0.105176
5589,0.122920
5590,0.041842
5591,0.017945
5592,0.555821
5593,0.007869
5594,0.033113
5595,0.049979
5596,0.706630
5597,0.935585
5598,0.036694
5599,0.916916
5600,0.974950
5601,0.107720
5602,0.056518
5603,0.405403
5604,0.011566
5605,0.776345
5606,0.084033
5607,0.005113
5608,0.345438
5609,0.892653
5610,0.057195
5611,0.057011
5612,0.074154
5613,0.130041
5614,0.206168
5615,0.004245
5616,0.030106
5617,0.873486
5618,0.989640
5619,0.159097
5620,0.039577
5621,0.306189
5622,0.027140
5623,0.003920
5624,0.164663
5625,0.708341
5626,0.136050
5627,0.987785
5628,0.051402
5629,0.189244
5630,0.960915
5631,0.037937
5632,0.024002
5633,0.007998
5634,0.620226
5635,0.089258
5636,0.003799
5637,0.070819
5638,0.662173
5639,0.006157
5640,0.032639
5641,0.156152
5642,0.014639
5643,0.787061
5644,0.067322
5645,0.045132
5646,0.818104
5647,0.047539
5648,0.038981
5649,0.040472
5650,0.010198
5651,0.118997
5652,0.033878
5653,0.013898
5654,0.015654
5655,0.958424
5656,0.183166
5657,0.149175
5658,0.025189
5659,0.119839
5660,0.033584
5661,0.852577
5662,0.036541
5663,0.259253
5664,0.006364
5665,0.941764
5666,0.099661
5667,0.915550
5668,0.991819
5669,0.268319
5670,0.905619
5671,0.113280
5672,0.059360
5673,0.280923
5674,0.817416
5675,0.178868
5676,0.987005
5677,0.130096
5678,0.099204
5679,0.974498
5680,0.016973
5681,0.057386
5682,0.618417
5683,0.189578
5684,0.068616
5685,0.095158
5686,0.098877
5687,0.135683
5688,0.050545
5689,0.044644
5690,0.031929
5691,0.009964
5692,0.017903
5693,0.249915
5694,0.066479
5695,0.443586
5696,0.270615
5697,0.210515
5698,0.057504
5699,0.303330
5700,0.034330
5701,0.978182
5702,0.103896
5703,0.236145
5704,0.827137
5705,0.720599
5706,0.084757
5707,0.030183
5708,0.126430
5709,0.928997
5710,0.779984
5711,0.096934
5712,0.002314
5713,0.028117
5714,0.185864
5715,0.032467
5716,0.006206
5717,0.932705
5718,0.945461
5719,0.005239
5720,0.429648
5721,0.005786
5722,0.976670
5723,0.434985
5724,0.020555
5725,0.053048
5726,0.185541
5727,0.958843
5728,0.859951
5729,0.019104
5730,0.285421
5731,0.961845
5732,0.024429
5733,0.134513
5734,0.971276
5735,0.023662
5736,0.004482
5737,0.954111
5738,0.897430
5739,0.008232
5740,0.165772
5741,0.096244
5742,0.155826
5743,0.857756
5744,0.396784
5745,0.007535
5746,0.057933
5747,0.098177
5748,0.068386
5749,0.301898
5750,0.961007
5751,0.013123
5752,0.073553
5753,0.039804
5754,0.007384
5755,0.059079
5756,0.004824
5757,0.168715
5758,0.887441
5759,0.142208
5760,0.009565
5761,0.004839
5762,0.480523
5763,0.897194
5764,0.002613
5765,0.794846
5766,0.918082
5767,0.024373
5768,0.838044
5769,0.003798
5770,0.144596
5771,0.983619
5772,0.331828
5773,0.677376
5774,0.968093
5775,0.129020
5776,0.887767
5777,0.005764
5778,0.024411
5779,0.017517
5780,0.018391
5781,0.478678
5782,0.070018
5783,0.313047
5784,0.964231
5785,0.724546
5786,0.004047
5787,0.069162
5788,0.863486
5789,0.089192
5790,0.977109
5791,0.988861
5792,0.051892
5793,0.169950
5794,0.090632
5795,0.084000
5796,0.166122
5797,0.934220
5798,0.951776
5799,0.028867
5800,0.440407
5801,0.149176
5802,0.933598
5803,0.590693
5804,0.058458
5805,0.116272
5806,0.948595
5807,0.044941
5808,0.992001
5809,0.014005
5810,0.078569
5811,0.949125
5812,0.978265
5813,0.964593
5814,0.958314
5815,0.949189
5816,0.921567
5817,0.906405
5818,0.040876
5819,0.965683
5820,0.230374
5821,0.071664
5822,0.990477
5823,0.024068
5824,0.891980
5825,0.053415
5826,0.023637
5827,0.018645
5828,0.893803
5829,0.327315
5830,0.062117
5831,0.107969
5832,0.367043
5833,0.310696
5834,0.058245
5835,0.527841
5836,0.107545
5837,0.788538
5838,0.013680
5839,0.004211
5840,0.006950
5841,0.959083
5842,0.048463
5843,0.172617
5844,0.174153
5845,0.652346
5846,0.946183
5847,0.122691
5848,0.190468
5849,0.039761
5850,0.979101
5851,0.963044
5852,0.912403
5853,0.188673
5854,0.871360
5855,0.007468
5856,0.158404
5857,0.052477
5858,0.703212
5859,0.030986
5860,0.956397
5861,0.040289
5862,0.623600
5863,0.253421
5864,0.194730
5865,0.179478
5866,0.048061
5867,0.124567
5868,0.121512
5869,0.057637
5870,0.004888
5871,0.183254
5872,0.012854
5873,0.095614
5874,0.971500
5875,0.992046
5876,0.044859
5877,0.950487
5878,0.167499
5879,0.049384
5880,0.125371
5881,0.144682
5882,0.047239
5883,0.257524
5884,0.781090
5885,0.010513
5886,0.450186
5887,0.903262
5888,0.472049
5889,0.938549
5890,0.014301
5891,0.047599
5892,0.551645
5893,0.032220
5894,0.037218
5895,0.101057
5896,0.016148
5897,0.059126
5898,0.783255
5899,0.089962
5900,0.152171
5901,0.719690
5902,0.620751
5903,0.951134
5904,0.979394
5905,0.400549
5906,0.050452
5907,0.972879
5908,0.034728
5909,0.056873
5910,0.119108
5911,0.087606
5912,0.968994
5913,0.005761
5914,0.100578
5915,0.119379
5916,0.006765
5917,0.026016
5918,0.941027
5919,0.157419
5920,0.929049
5921,0.043278
5922,0.109810
5923,0.116880
5924,0.342318
5925,0.119483
5926,0.975853
5927,0.258711
5928,0.077060
5929,0.006959
5930,0.134948
5931,0.924804
5932,0.031678
5933,0.911974
5934,0.523040
5935,0.144100
5936,0.008346
5937,0.082873
5938,0.506181
5939,0.007852
5940,0.942181
5941,0.078446
5942,0.109545
5943,0.063951
5944,0.315556
5945,0.974631
5946,0.154266
5947,0.078991
5948,0.063442
5949,0.679170
5950,0.007905
5951,0.400674
5952,0.057609
5953,0.557413
5954,0.533964
5955,0.017509
5956,0.892048
5957,0.907522
5958,0.788624
5959,0.231603
5960,0.036869
5961,0.005646
5962,0.235927
5963,0.007135
5964,0.766657
5965,0.241556
5966,0.044421
5967,0.003885
5968,0.131483
5969,0.718074
5970,0.938204
5971,0.064156
5972,0.916651
5973,0.125165
5974,0.797138
5975,0.674033
5976,0.008493
5977,0.308637
5978,0.267505
5979,0.952960
5980,0.126980
5981,0.404625
5982,0.028080
5983,0.017818
5984,0.927441
5985,0.028968
5986,0.230442
5987,0.030357
5988,0.773647
5989,0.885836
5990,0.023339
5991,0.978664
5992,0.068393
5993,0.482617
5994,0.019344
5995,0.051346
5996,0.051108
5997,0.931791
5998,0.795915
5999,0.838569
6000,0.019556
6001,0.690160
6002,0.668298
6003,0.517098
6004,0.094203
6005,0.008211
6006,0.716040
6007,0.962501
6008,0.344266
6009,0.865473
6010,0.025326
6011,0.956688
6012,0.183137
6013,0.206086
6014,0.033218
6015,0.166554
6016,0.041440
6017,0.020128
6018,0.991027
6019,0.024598
6020,0.973804
6021,0.163747
6022,0.958199
6023,0.811920
6024,0.031980
6025,0.082610
6026,0.086049
6027,0.630968
6028,0.067164
6029,0.571219
6030,0.057839
6031,0.021313
6032,0.060241
6033,0.020176
6034,0.433675
6035,0.160030
6036,0.922540
6037,0.634382
6038,0.871395
6039,0.007021
6040,0.095268
6041,0.956664
6042,0.944364
6043,0.869601
6044,0.926737
6045,0.895427
6046,0.010574
6047,0.102767
6048,0.146016
6049,0.506947
6050,0.024337
6051,0.213988
6052,0.051890
6053,0.005463
6054,0.021241
6055,0.097034
6056,0.143016
6057,0.013511
6058,0.176489
6059,0.822900
6060,0.022339
6061,0.369825
6062,0.080764
6063,0.949568
6064,0.013904
6065,0.035148
6066,0.091149
6067,0.016469
6068,0.465153
6069,0.003241
6070,0.037382
6071,0.034456
6072,0.991064
6073,0.007662
6074,0.231129
6075,0.108316
6076,0.127723
6077,0.078483
6078,0.378533
6079,0.036965
6080,0.846877
6081,0.012946
6082,0.696552
6083,0.017344
6084,0.973890
6085,0.156946
6086,0.045361
6087,0.070068
6088,0.189297
6089,0.065665
6090,0.046144
6091,0.017291
6092,0.959862
6093,0.543615
6094,0.040105
6095,0.486989
6096,0.964252
6097,0.093614
6098,0.004475
6099,0.906455
6100,0.908661
6101,0.815139
6102,0.121487
6103,0.241219
6104,0.063869
6105,0.006848
6106,0.027992
6107,0.835509
6108,0.966553
6109,0.006473
6110,0.230465
6111,0.945674
6112,0.022300
6113,0.007177
6114,0.119712
6115,0.942351
6116,0.691199
6117,0.003137
6118,0.050069
6119,0.506102
6120,0.279209
6121,0.018064
6122,0.063320
6123,0.928456
6124,0.144032
6125,0.516039
6126,0.004960
6127,0.893367
6128,0.010658
6129,0.868799
6130,0.016794
6131,0.061421
6132,0.932072
6133,0.100634
6134,0.636760
6135,0.045022
6136,0.957630
6137,0.113700
6138,0.015503
6139,0.049689
6140,0.055622
6141,0.992400
6142,0.857680
6143,0.841837
6144,0.034865
6145,0.954225
6146,0.688973
6147,0.032865
6148,0.849481
6149,0.250718
6150,0.010534
6151,0.044051
6152,0.058847
6153,0.040101
6154,0.846975
6155,0.036997
6156,0.503010
6157,0.036251
6158,0.130465
6159,0.021342
6160,0.742911
6161,0.444541
6162,0.960207
6163,0.782952
6164,0.021856
6165,0.304095
6166,0.917075
6167,0.942015
6168,0.769344
6169,0.506719
6170,0.768553
6171,0.228668
6172,0.834510
6173,0.118048
6174,0.286965
6175,0.558071
6176,0.010102
6177,0.065396
6178,0.965067
6179,0.165992
6180,0.723536
6181,0.962965
6182,0.196316
6183,0.030102
6184,0.168455
6185,0.714210
6186,0.369106
6187,0.005804
6188,0.055918
6189,0.115500
6190,0.136855
6191,0.989782
6192,0.298290
6193,0.031327
6194,0.971585
6195,0.020913
6196,0.962671
6197,0.975681
6198,0.778001
6199,0.055344
6200,0.965497
6201,0.017518
6202,0.011441
6203,0.028880
6204,0.098147
6205,0.029804
6206,0.049649
6207,0.067328
6208,0.976233
6209,0.175773
6210,0.658402
6211,0.955318
6212,0.017659
6213,0.010737
6214,0.537942
6215,0.043366
6216,0.012764
6217,0.042402
6218,0.130691
6219,0.100829
6220,0.056901
6221,0.840174
6222,0.016084
6223,0.018949
6224,0.014277
6225,0.005692
6226,0.007749
6227,0.022997
6228,0.030697
6229,0.958286
6230,0.003537
6231,0.082280
6232,0.081479
6233,0.042441
6234,0.983756
6235,0.347676
6236,0.186845
6237,0.305999
6238,0.048463
6239,0.851067
6240,0.014266
6241,0.576887
6242,0.012830
6243,0.016752
6244,0.005329
6245,0.004495
6246,0.951510
6247,0.052803
6248,0.015789
6249,0.335118
6250,0.496502
6251,0.093409
6252,0.831707
6253,0.794769
6254,0.902993
6255,0.965761
6256,0.963377
6257,0.375555
6258,0.966708
6259,0.009709
6260,0.006998
6261,0.077603
6262,0.327528
6263,0.095771
6264,0.399944
6265,0.088027
6266,0.969893
6267,0.071451
6268,0.067484
6269,0.013811
6270,0.038704
6271,0.032861
6272,0.064630
6273,0.028596
6274,0.085578
6275,0.006012
6276,0.952625
6277,0.072770
6278,0.088973
6279,0.962566
6280,0.109118
6281,0.004535
6282,0.164652
6283,0.305856
6284,0.693481
6285,0.415328
6286,0.035309
6287,0.048494
6288,0.978329
6289,0.741618
6290,0.051001
6291,0.044308
6292,0.031116
6293,0.166150
6294,0.272889
6295,0.101289
6296,0.749465
6297,0.038434
6298,0.185017
6299,0.975524
6300,0.836948
6301,0.022072
6302,0.024393
6303,0.020894
6304,0.412368
6305,0.912488
6306,0.854827
6307,0.436852
6308,0.603028
6309,0.023086
6310,0.764197
6311,0.648961
6312,0.942765
6313,0.989748
6314,0.046744
6315,0.526367
6316,0.259097
6317,0.096440
6318,0.241456
6319,0.103686
6320,0.067183
6321,0.003304
6322,0.994237
6323,0.003987
6324,0.324201
6325,0.003364
6326,0.009170
6327,0.316615
6328,0.013321
6329,0.039941
6330,0.649703
6331,0.015763
6332,0.989796
6333,0.933871
6334,0.019286
6335,0.971500
6336,0.248875
6337,0.824448
6338,0.208749
6339,0.259665
6340,0.010134
6341,0.030540
6342,0.842045
6343,0.024599
6344,0.141413
6345,0.010558
6346,0.060314
6347,0.153113
6348,0.057212
6349,0.952151
6350,0.821368
6351,0.350758
6352,0.657376
6353,0.053999
6354,0.020771
6355,0.136123
6356,0.176917
6357,0.215018
6358,0.005043
6359,0.322842
6360,0.097043
6361,0.182111
6362,0.029758
6363,0.964018
6364,0.022022
6365,0.031284
6366,0.005187
6367,0.080707
6368,0.142044
6369,0.948245
6370,0.296173
6371,0.076409
6372,0.008515
6373,0.540710
6374,0.061516
6375,0.504844
6376,0.345143
6377,0.137857
6378,0.021647
6379,0.026101
6380,0.007582
6381,0.369327
6382,0.047745
6383,0.056898
6384,0.056599
6385,0.989227
6386,0.083909
6387,0.013066
6388,0.814081
6389,0.514271
6390,0.759083
6391,0.887473
6392,0.065944
6393,0.018900
6394,0.010178
6395,0.802176
6396,0.185610
6397,0.976359
6398,0.923912
6399,0.948931
6400,0.784708
6401,0.966255
6402,0.943298
6403,0.004644
6404,0.007884
6405,0.435977
6406,0.953423
6407,0.907935
6408,0.375468
6409,0.718071
6410,0.019263
6411,0.183086
6412,0.401054
6413,0.939273
6414,0.006660
6415,0.965094
6416,0.182693
6417,0.509071
6418,0.031360
6419,0.099368
6420,0.333401
6421,0.083133
6422,0.048450
6423,0.080431
6424,0.936485
6425,0.616490
6426,0.192982
6427,0.124344
6428,0.124435
6429,0.966531
6430,0.977859
6431,0.049857
6432,0.104434
6433,0.003408
6434,0.058835
6435,0.069749
6436,0.094700
6437,0.960532
6438,0.064886
6439,0.083899
6440,0.027965
6441,0.028371
6442,0.033074
6443,0.016448
6444,0.946828
6445,0.932603
6446,0.172541
6447,0.040814
6448,0.026887
6449,0.662181
6450,0.045816
6451,0.665208
6452,0.073518
6453,0.025035
6454,0.296520
6455,0.113627
6456,0.912807
6457,0.022966
6458,0.682107
6459,0.028477
6460,0.026980
6461,0.077531
6462,0.021824
6463,0.003442
6464,0.959896
6465,0.363423
6466,0.062350
6467,0.346631
6468,0.040748
6469,0.970845
6470,0.962185
6471,0.376889
6472,0.048867
6473,0.091753
6474,0.196403
6475,0.114696
6476,0.182467
6477,0.013405
6478,0.106079
6479,0.859190
6480,0.009657
6481,0.015771
6482,0.696460
6483,0.072707
6484,0.113444
6485,0.152528
6486,0.299635
6487,0.024344
6488,0.054209
6489,0.012127
6490,0.247702
6491,0.138365
6492,0.968437
6493,0.050941
6494,0.193406
6495,0.152981
6496,0.067560
6497,0.964492
6498,0.798190
6499,0.412728
6500,0.991554
6501,0.983201
6502,0.006099
6503,0.934277
6504,0.007619
6505,0.948791
6506,0.991817
6507,0.148578
6508,0.088446
6509,0.112131
6510,0.150567
6511,0.973670
6512,0.035093
6513,0.924883
6514,0.014733
6515,0.061826
6516,0.005503
6517,0.040940
6518,0.045122
6519,0.064680
6520,0.870709
6521,0.113125
6522,0.004122
6523,0.241582
6524,0.084281
6525,0.258708
6526,0.132694
6527,0.008224
6528,0.007023
6529,0.017342
6530,0.006048
6531,0.959086
6532,0.411175
6533,0.381382
6534,0.876533
6535,0.100310
6536,0.884990
6537,0.031752
6538,0.006735
6539,0.043509
6540,0.024384
6541,0.927259
6542,0.016479
6543,0.033589
6544,0.039926
6545,0.062268
6546,0.071531
6547,0.912446
6548,0.110873
6549,0.975282
6550,0.054845
6551,0.226985
6552,0.672391
6553,0.063165
6554,0.100044
6555,0.538085
6556,0.976926
6557,0.502139
6558,0.969127
6559,0.641414
6560,0.857670
6561,0.176689
6562,0.468878
6563,0.961016
6564,0.017071
6565,0.518842
6566,0.961639
6567,0.238352
6568,0.229879
6569,0.413663
6570,0.055362
6571,0.053612
6572,0.078013
6573,0.973124
6574,0.064739
6575,0.699195
6576,0.122874
6577,0.109003
6578,0.106088
6579,0.237878
6580,0.005415
6581,0.009321
6582,0.157392
6583,0.153807
6584,0.677464
6585,0.078985
6586,0.302183
6587,0.894461
6588,0.008423
6589,0.102674
6590,0.034843
6591,0.040739
6592,0.060682
6593,0.174100
6594,0.139844
6595,0.686301
6596,0.041402
6597,0.019567
6598,0.331657
6599,0.915313
6600,0.157974
6601,0.713005
6602,0.044310
6603,0.411604
6604,0.016825
6605,0.057150
6606,0.806347
6607,0.007407
6608,0.839906
6609,0.009246
6610,0.044138
6611,0.027406
6612,0.948515
6613,0.023812
6614,0.251504
6615,0.096288
6616,0.017006
6617,0.013956
6618,0.950050
6619,0.080268
6620,0.161005
6621,0.983996
6622,0.916895
6623,0.004817
6624,0.041749
6625,0.107010
6626,0.079060
6627,0.021877
6628,0.007992
6629,0.030042
6630,0.132040
6631,0.025209
6632,0.042003
6633,0.121616
6634,0.020833
6635,0.301139
6636,0.014862
6637,0.037743
6638,0.036940
6639,0.915593
6640,0.017003
6641,0.060465
6642,0.972692
6643,0.093219
6644,0.285879
6645,0.302288
6646,0.873023
6647,0.351334
6648,0.922023
6649,0.929661
6650,0.166043
6651,0.955809
6652,0.416822
6653,0.369156
6654,0.084717
6655,0.062241
6656,0.004488
6657,0.705392
6658,0.040185
6659,0.899356
6660,0.055501
6661,0.163669
6662,0.963228
6663,0.039120
6664,0.095654
6665,0.947769
6666,0.088982
6667,0.401676
6668,0.034976
6669,0.170374
6670,0.086909
6671,0.953112
6672,0.035604
6673,0.007206
6674,0.058002
6675,0.451671
6676,0.312935
6677,0.045793
6678,0.176671
6679,0.071516
6680,0.361301
6681,0.409614
6682,0.031246
6683,0.236360
6684,0.180485
6685,0.922768
6686,0.572110
6687,0.004573
6688,0.004975
6689,0.954993
6690,0.963241
6691,0.990460
6692,0.006637
6693,0.313922
6694,0.055071
6695,0.956947
6696,0.066969
6697,0.049584
6698,0.975853
6699,0.845193
6700,0.283533
6701,0.020916
6702,0.904319
6703,0.941277
6704,0.106573
6705,0.956949
6706,0.024443
6707,0.086811
6708,0.032822
6709,0.080140
6710,0.053116
6711,0.049302
6712,0.005621
6713,0.389416
6714,0.945498
6715,0.043576
6716,0.058674
6717,0.853386
6718,0.958674
6719,0.129889
6720,0.006648
6721,0.003103
6722,0.542945
6723,0.078897
6724,0.009114
6725,0.994390
6726,0.901541
6727,0.950418
6728,0.070396
6729,0.912178
6730,0.228315
6731,0.180475
6732,0.108471
6733,0.974824
6734,0.027609
6735,0.972692
6736,0.575876
6737,0.981235
6738,0.977324
6739,0.004596
6740,0.011194
6741,0.004375
6742,0.377708
6743,0.118444
6744,0.027030
6745,0.004063
6746,0.711891
6747,0.389724
6748,0.908464
6749,0.166692
6750,0.951565
6751,0.269667
6752,0.029574
6753,0.317142
6754,0.011000
6755,0.203534
6756,0.964143
6757,0.107127
6758,0.788152
6759,0.022466
6760,0.122745
6761,0.028882
6762,0.946215
6763,0.005684
6764,0.036106
6765,0.168569
6766,0.875946
6767,0.975514
6768,0.920806
6769,0.029929
6770,0.026030
6771,0.038541
6772,0.966373
6773,0.030525
6774,0.010011
6775,0.036951
6776,0.173987
6777,0.056502
6778,0.070133
6779,0.185966
6780,0.765912
6781,0.011500
6782,0.114369
6783,0.293141
6784,0.005153
6785,0.816532
6786,0.636423
6787,0.883250
6788,0.781521
6789,0.148968
6790,0.013469
6791,0.642125
6792,0.948712
6793,0.097132
6794,0.377267
6795,0.966008
6796,0.497790
6797,0.094915
6798,0.435369
6799,0.022969
6800,0.709548
6801,0.786907
6802,0.540341
6803,0.116726
6804,0.233459
6805,0.004641
6806,0.768605
6807,0.007739
6808,0.037301
6809,0.075660
6810,0.865574
6811,0.041639
6812,0.019673
6813,0.880682
6814,0.030176
6815,0.227774
6816,0.033510
6817,0.020477
6818,0.974031
6819,0.010956
6820,0.056777
6821,0.933733
6822,0.011676
6823,0.185878
6824,0.038305
6825,0.035211
6826,0.090593
6827,0.007131
6828,0.947200
6829,0.004382
6830,0.980226
6831,0.084625
6832,0.017160
6833,0.041853
6834,0.011843
6835,0.422115
6836,0.627203
6837,0.991241
6838,0.167261
6839,0.214948
6840,0.812743
6841,0.067885
6842,0.918237
6843,0.003516
6844,0.088326
6845,0.979014
6846,0.199732
6847,0.005085
6848,0.838383
6849,0.022661
6850,0.025472
6851,0.609860
6852,0.116346
6853,0.302851
6854,0.078878
6855,0.048739
6856,0.140150
6857,0.796882
6858,0.959694
6859,0.683325
6860,0.885139
6861,0.036602
6862,0.076785
6863,0.062088
6864,0.024529
6865,0.006280
6866,0.178478
6867,0.390466
6868,0.841518
6869,0.133575
6870,0.826229
6871,0.940120
6872,0.018810
6873,0.064678
6874,0.174553
6875,0.323211
6876,0.958468
6877,0.782148
6878,0.009418
6879,0.048139
6880,0.032926
6881,0.239762
6882,0.930581
6883,0.204165
6884,0.226001
6885,0.075600
6886,0.983462
6887,0.831159
6888,0.869453
6889,0.110198
6890,0.948998
6891,0.048557
6892,0.007585
6893,0.062651
6894,0.113621
6895,0.056423
6896,0.992020
6897,0.076747
6898,0.963032
6899,0.013770
6900,0.540094
6901,0.009745
6902,0.050139
6903,0.071362
6904,0.037686
6905,0.972357
6906,0.828684
6907,0.057607
6908,0.074591
6909,0.004871
6910,0.825122
6911,0.022472
6912,0.968143
6913,0.976292
6914,0.004968
6915,0.023488
6916,0.964860
6917,0.291759
6918,0.833482
6919,0.022749
6920,0.034823
6921,0.700103
6922,0.004845
6923,0.041691
6924,0.036178
6925,0.016741
6926,0.593983
6927,0.007533
6928,0.003366
6929,0.012395
6930,0.324282
6931,0.112904
6932,0.056358
6933,0.837787
6934,0.125957
6935,0.171632
6936,0.002830
6937,0.005549
6938,0.182637
6939,0.064447
6940,0.921704
6941,0.006192
6942,0.778183
6943,0.051789
6944,0.936189
6945,0.700374
6946,0.004721
6947,0.830636
6948,0.020186
6949,0.094958
6950,0.875710
6951,0.813729
6952,0.069982
6953,0.005341
6954,0.020172
6955,0.948403
6956,0.060004
6957,0.991488
6958,0.954667
6959,0.082131
6960,0.122993
6961,0.215044
6962,0.650912
6963,0.035825
6964,0.618902
6965,0.008679
6966,0.021434
6967,0.013710
6968,0.969423
6969,0.986475
6970,0.003651
6971,0.005445
6972,0.052177
6973,0.027857
6974,0.424130
6975,0.128307
6976,0.022913
6977,0.107044
6978,0.017470
6979,0.021861
6980,0.565649
6981,0.089294
6982,0.991046
6983,0.162757
6984,0.016447
6985,0.219538
6986,0.845915
6987,0.120065
6988,0.063209
6989,0.009947
6990,0.008047
6991,0.006015
6992,0.048586
6993,0.809452
6994,0.788862
6995,0.069321
6996,0.619436
6997,0.895360
6998,0.009169
6999,0.071771
7000,0.449847
7001,0.113303
7002,0.134198
7003,0.172888
7004,0.004744
7005,0.114497
7006,0.005384
7007,0.963108
7008,0.053225
7009,0.028801
7010,0.121294
7011,0.927819
7012,0.007053
7013,0.372398
7014,0.698049
7015,0.002751
7016,0.922608
7017,0.065318
7018,0.368171
7019,0.023905
7020,0.045083
7021,0.016266
7022,0.224364
7023,0.285136
7024,0.364382
7025,0.048889
7026,0.032165
7027,0.043134
7028,0.062359
7029,0.086832
7030,0.181837
7031,0.957071
7032,0.015836
7033,0.824971
7034,0.130297
7035,0.350406
7036,0.799229
7037,0.939055
7038,0.034861
7039,0.004078
7040,0.092852
7041,0.756433
7042,0.008205
7043,0.617138
7044,0.028365
7045,0.210742
7046,0.834970
7047,0.947965
7048,0.925063
7049,0.482124
7050,0.134869
7051,0.052326
7052,0.034245
7053,0.170066
7054,0.014345
7055,0.101523
7056,0.094289
7057,0.452384
7058,0.650661
7059,0.060948
7060,0.040665
7061,0.629226
7062,0.964970
7063,0.078805
7064,0.054078
7065,0.150113
7066,0.109207
7067,0.051817
7068,0.072628
7069,0.970956
7070,0.983897
7071,0.092212
7072,0.009218
7073,0.036061
7074,0.092854
7075,0.991849
7076,0.646519
7077,0.968042
7078,0.938124
7079,0.428482
7080,0.046383
7081,0.237328
7082,0.042091
7083,0.712121
7084,0.139478
7085,0.485755
7086,0.354029
7087,0.021165
7088,0.030643
7089,0.932507
7090,0.239029
7091,0.336894
7092,0.033302
7093,0.623575
7094,0.738318
7095,0.608456
7096,0.166117
7097,0.018480
7098,0.971470
7099,0.006731
7100,0.991554
7101,0.825775
7102,0.424065
7103,0.989552
7104,0.006613
7105,0.030396
7106,0.014014
7107,0.129877
7108,0.034657
7109,0.004717
7110,0.006189
7111,0.512055
7112,0.242427
7113,0.342084
7114,0.979266
7115,0.071293
7116,0.052959
7117,0.425392
7118,0.025277
7119,0.318179
7120,0.096803
7121,0.021975
7122,0.027615
7123,0.054162
7124,0.836847
7125,0.070107
7126,0.401138
7127,0.100426
7128,0.121854
7129,0.938700
7130,0.037303
7131,0.960076
7132,0.181795
7133,0.016237
7134,0.960019
7135,0.375770
7136,0.063401
7137,0.120510
7138,0.643161
7139,0.034408
7140,0.039881
7141,0.020904
7142,0.070983
7143,0.008353
7144,0.953990
7145,0.121449
7146,0.040790
7147,0.003320
7148,0.991432
7149,0.101966
7150,0.029461
7151,0.016717
7152,0.038421
7153,0.594170
7154,0.067853
7155,0.171071
7156,0.007682
7157,0.024703
7158,0.020341
7159,0.035466
7160,0.039851
7161,0.965952
7162,0.003053
7163,0.918359
7164,0.990851
7165,0.019569
7166,0.089454
7167,0.628125
7168,0.969481
7169,0.186720
7170,0.983971
7171,0.266361
7172,0.958198
7173,0.874908
7174,0.018302
7175,0.147900
7176,0.448001
7177,0.879611
7178,0.397838
7179,0.013110
7180,0.037780
7181,0.108054
7182,0.079951
7183,0.969898
7184,0.030313
7185,0.258140
7186,0.862600
7187,0.036033
7188,0.738673
7189,0.604232
7190,0.051608
7191,0.101737
7192,0.031576
7193,0.700295
7194,0.053620
7195,0.967113
7196,0.020965
7197,0.006594
7198,0.027015
7199,0.219312
7200,0.090120
7201,0.052077
7202,0.130281
7203,0.024678
7204,0.143765
7205,0.078541
7206,0.853139
7207,0.961523
7208,0.752554
7209,0.694784
7210,0.858402
7211,0.029078
7212,0.204639
7213,0.979523
7214,0.052329
7215,0.031783
7216,0.020088
7217,0.276548
7218,0.041652
7219,0.008414
7220,0.630068
7221,0.400228
7222,0.004162
7223,0.970968
7224,0.914815
7225,0.125880
7226,0.035888
7227,0.008007
7228,0.299961
7229,0.254940
7230,0.925522
7231,0.041991
7232,0.200427
7233,0.103089
7234,0.950581
7235,0.114511
7236,0.038020
7237,0.351663
7238,0.466218
7239,0.479192
7240,0.003807
7241,0.340980
7242,0.200157
7243,0.025017
7244,0.918100
7245,0.042675
7246,0.097482
7247,0.233378
7248,0.967277
7249,0.256355
7250,0.009177
7251,0.593258
7252,0.390235
7253,0.261199
7254,0.113844
7255,0.093949
7256,0.538778
7257,0.592886
7258,0.152118
7259,0.092477
7260,0.592238
7261,0.960606
7262,0.041001
7263,0.924486
7264,0.025154
7265,0.243900
7266,0.055811
7267,0.033869
7268,0.008730
7269,0.098542
7270,0.027261
7271,0.027738
7272,0.484531
7273,0.210644
7274,0.006631
7275,0.894662
7276,0.006487
7277,0.046076
7278,0.115959
7279,0.089019
7280,0.067313
7281,0.786904
7282,0.944133
7283,0.070768
7284,0.304495
7285,0.115529
7286,0.224433
7287,0.004981
7288,0.887677
7289,0.952304
7290,0.012696
7291,0.099001
7292,0.063954
7293,0.629846
7294,0.188396
7295,0.048286
7296,0.012624
7297,0.489499
7298,0.900135
7299,0.692434
7300,0.289547
7301,0.778411
7302,0.947760
7303,0.411007
7304,0.043304
7305,0.119887
7306,0.166490
7307,0.141263
7308,0.016284
7309,0.003747
7310,0.063914
7311,0.956181
7312,0.025892
7313,0.645037
7314,0.043302
7315,0.013462
7316,0.093324
7317,0.171371
7318,0.054560
7319,0.540823
7320,0.041416
7321,0.892737
7322,0.005422
7323,0.057995
7324,0.891672
7325,0.044767
7326,0.032667
7327,0.411022
7328,0.970232
7329,0.004272
7330,0.964118
7331,0.079587
7332,0.023903
7333,0.096016
7334,0.093321
7335,0.043418
7336,0.199350
7337,0.039498
7338,0.064718
7339,0.057749
7340,0.073029
7341,0.512804
7342,0.049983
7343,0.964769
7344,0.040310
7345,0.010820
7346,0.943872
7347,0.273975
7348,0.008759
7349,0.976724
7350,0.405961
7351,0.994390
7352,0.286322
7353,0.072797
7354,0.131281
7355,0.037711
7356,0.876542
7357,0.015049
7358,0.050736
7359,0.114586
7360,0.110310
7361,0.022723
7362,0.027243
7363,0.866643
7364,0.035525
7365,0.016644
7366,0.014165
7367,0.475869
7368,0.051857
7369,0.021545
7370,0.155873
7371,0.056361
7372,0.016129
7373,0.070502
7374,0.587925
7375,0.971463
7376,0.421811
7377,0.003909
7378,0.945953
7379,0.844539
7380,0.541485
7381,0.011026
7382,0.028206
7383,0.005401
7384,0.022985
7385,0.973151
7386,0.101586
7387,0.972526
7388,0.002330
7389,0.936001
7390,0.614643
7391,0.081695
7392,0.054149
7393,0.022791
7394,0.011462
7395,0.820346
7396,0.989362
7397,0.023632
7398,0.125637
7399,0.032562
7400,0.008856
7401,0.013582
7402,0.008087
7403,0.242076
7404,0.012614
7405,0.077902
7406,0.932318
7407,0.009768
7408,0.157004
7409,0.021494
7410,0.203488
7411,0.126564
7412,0.987227
7413,0.181861
7414,0.011287
7415,0.991676
7416,0.355999
7417,0.742249
7418,0.014101
7419,0.944464
7420,0.899748
7421,0.861055
7422,0.125669
7423,0.540929
7424,0.160715
7425,0.149069
7426,0.033058
7427,0.962503
7428,0.260424
7429,0.741914
7430,0.945914
7431,0.041924
7432,0.037946
7433,0.414825
7434,0.427483
7435,0.432897
7436,0.928663
7437,0.058878
7438,0.960400
7439,0.044231
7440,0.003607
7441,0.956256
7442,0.011919
7443,0.104329
7444,0.115368
7445,0.956547
7446,0.179600
7447,0.973524
7448,0.381214
7449,0.718367
7450,0.285347
7451,0.166229
7452,0.038449
7453,0.952678
7454,0.015731
7455,0.163141
7456,0.140327
7457,0.079496
7458,0.039125
7459,0.274394
7460,0.080503
7461,0.058986
7462,0.657679
7463,0.133352
7464,0.130843
7465,0.005187
7466,0.008081
7467,0.688615
7468,0.288449
7469,0.022208
7470,0.179212
7471,0.550370
7472,0.348390
7473,0.017611
7474,0.009756
7475,0.072323
7476,0.006486
7477,0.028477
7478,0.007561
7479,0.013345
7480,0.690203
7481,0.119311
7482,0.009006
7483,0.991347
7484,0.010337
7485,0.009360
7486,0.164999
7487,0.125160
7488,0.063386
7489,0.060640
7490,0.002408
7491,0.304460
7492,0.053918
7493,0.088055
7494,0.014214
7495,0.049709
7496,0.112034
7497,0.066025
7498,0.041074
7499,0.008443
7500,0.042463
7501,0.491629
7502,0.531582
7503,0.768818
7504,0.019025
7505,0.058266
7506,0.034121
7507,0.018754
7508,0.606878
7509,0.211492
7510,0.927468
7511,0.141120
7512,0.126386
7513,0.007807
7514,0.056457
7515,0.327419
7516,0.152598
7517,0.024157
7518,0.028190
7519,0.965299
7520,0.076526
7521,0.008488
7522,0.030689
7523,0.938242
7524,0.229445
7525,0.959149
7526,0.020911
7527,0.991938
7528,0.275597
7529,0.111892
7530,0.056320
7531,0.005784
7532,0.954864
7533,0.122316
7534,0.019256
7535,0.853593
7536,0.887531
7537,0.218211
7538,0.009033
7539,0.017268
7540,0.583317
7541,0.033412
7542,0.946044
7543,0.203580
7544,0.036799
7545,0.976493
7546,0.991639
7547,0.084859
7548,0.111446
7549,0.331842
7550,0.031338
7551,0.964010
7552,0.287893
7553,0.233463
7554,0.203439
7555,0.908741
7556,0.161723
7557,0.015611
7558,0.351891
7559,0.164044
7560,0.608609
7561,0.105694
7562,0.070522
7563,0.036010
7564,0.397960
7565,0.118005
7566,0.564563
7567,0.852804
7568,0.152972
7569,0.973518
7570,0.235972
7571,0.013811
7572,0.073426
7573,0.018854
7574,0.047496
7575,0.299508
7576,0.028440
7577,0.315012
7578,0.019263
7579,0.758959
7580,0.971438
7581,0.194679
7582,0.590058
7583,0.868524
7584,0.017546
7585,0.588011
7586,0.087328
7587,0.807204
7588,0.005975
7589,0.962250
7590,0.276128
7591,0.096451
7592,0.022917
7593,0.019453
7594,0.086998
7595,0.956854
7596,0.040518
7597,0.777501
7598,0.593028
7599,0.081031
7600,0.022769
7601,0.007219
7602,0.037648
7603,0.888356
7604,0.011926
7605,0.144955
7606,0.831970
7607,0.300647
7608,0.050643
7609,0.009959
7610,0.214255
7611,0.012849
7612,0.058217
7613,0.050746
7614,0.124176
7615,0.793477
7616,0.326010
7617,0.054021
7618,0.543612
7619,0.311407
7620,0.016407
7621,0.142767
7622,0.958128
7623,0.974031
7624,0.070063
7625,0.097635
7626,0.205614
7627,0.971127
7628,0.870151
7629,0.109997
7630,0.959615
7631,0.050705
7632,0.301293
7633,0.555559
7634,0.002674
7635,0.195370
7636,0.277373
7637,0.295480
7638,0.920943
7639,0.007411
7640,0.062764
7641,0.187940
7642,0.108236
7643,0.084583
7644,0.007023
7645,0.167195
7646,0.069039
7647,0.064023
7648,0.005164
7649,0.029298
7650,0.963800
7651,0.976393
7652,0.537916
7653,0.014272
7654,0.064562
7655,0.981140
7656,0.647743
7657,0.307242
7658,0.098053
7659,0.404617
7660,0.175732
7661,0.055275
7662,0.022682
7663,0.237970
7664,0.582419
7665,0.005956
7666,0.050598
7667,0.038531
7668,0.019677
7669,0.075109
7670,0.352354
7671,0.521883
7672,0.806300
7673,0.807282
7674,0.108175
7675,0.329222
7676,0.119603
7677,0.135159
7678,0.202192
7679,0.031438
7680,0.007736
7681,0.003295
7682,0.008554
7683,0.834610
7684,0.015996
7685,0.943307
7686,0.989957
7687,0.007859
7688,0.077297
7689,0.832934
7690,0.050947
7691,0.024519
7692,0.223154
7693,0.440850
7694,0.670656
7695,0.010512
7696,0.149184
7697,0.744097
7698,0.006966
7699,0.098288
7700,0.025518
7701,0.150854
7702,0.531601
7703,0.947704
7704,0.969858
7705,0.008858
7706,0.148330
7707,0.528381
7708,0.048705
7709,0.085998
7710,0.031516
7711,0.064704
7712,0.021107
7713,0.476513
7714,0.007240
7715,0.162452
7716,0.005406
7717,0.078276
7718,0.292345
7719,0.811424
7720,0.160737
7721,0.026303
7722,0.094254
7723,0.212904
7724,0.057555
7725,0.065141
7726,0.552087
7727,0.926053
7728,0.023691
7729,0.798026
7730,0.832074
7731,0.092769
7732,0.969432
7733,0.013482
7734,0.067196
7735,0.157852
7736,0.023838
7737,0.199602
7738,0.157983
7739,0.160284
7740,0.990460
7741,0.991755
7742,0.017513
7743,0.618263
7744,0.984193
7745,0.926130
7746,0.065243
7747,0.905896
7748,0.263275
7749,0.219004
7750,0.022917
7751,0.054710
7752,0.955918
7753,0.230845
7754,0.022008
7755,0.520782
7756,0.591783
7757,0.103316
7758,0.864431
7759,0.066776
7760,0.090782
7761,0.626133
7762,0.290656
7763,0.123165
7764,0.063963
7765,0.088949
7766,0.008580
7767,0.028113
7768,0.991064
7769,0.867487
7770,0.340963
7771,0.193807
7772,0.014831
7773,0.163544
7774,0.983554
7775,0.754145
7776,0.022179
7777,0.369769
7778,0.949500
7779,0.863364
7780,0.067679
7781,0.139323
7782,0.859149
7783,0.066565
7784,0.065026
7785,0.991252
7786,0.838873
7787,0.921119
7788,0.969011
7789,0.476538
7790,0.941074
7791,0.970833
7792,0.904051
7793,0.136742
7794,0.976343
7795,0.635101
7796,0.043439
7797,0.032803
7798,0.036638
7799,0.990182
7800,0.445285
7801,0.386778
7802,0.014247
7803,0.008141
7804,0.015535
7805,0.140053
7806,0.873961
7807,0.940175
7808,0.531066
7809,0.022271
7810,0.972569
7811,0.904281
7812,0.070936
7813,0.960700
7814,0.982734
7815,0.311405
7816,0.223784
7817,0.002440
7818,0.004040
7819,0.148828
7820,0.042888
7821,0.007173
7822,0.108253
7823,0.968048
7824,0.007882
7825,0.937074
7826,0.731356
7827,0.163343
7828,0.975918
7829,0.933560
7830,0.478390
7831,0.874944
7832,0.103516
7833,0.994605
7834,0.011632
7835,0.105294
7836,0.972200
7837,0.037065
7838,0.043035
7839,0.030123
7840,0.949990
7841,0.072188
7842,0.135383
7843,0.045866
7844,0.900373
7845,0.017588
7846,0.809104
7847,0.003503
7848,0.317027
7849,0.642491
7850,0.254367
7851,0.005186
7852,0.753935
7853,0.009403
7854,0.130892
7855,0.965302
7856,0.015266
7857,0.051365
7858,0.023806
7859,0.707527
7860,0.254005
7861,0.538012
7862,0.296352
7863,0.118334
7864,0.096773
7865,0.016938
7866,0.921328
7867,0.010459
7868,0.588408
7869,0.781556
7870,0.537082
7871,0.044426
7872,0.184168
7873,0.930084
7874,0.968077
7875,0.042071
7876,0.234052
7877,0.848468
7878,0.991991
7879,0.818239
7880,0.962616
7881,0.442624
7882,0.981086
7883,0.551598
7884,0.012264
7885,0.067660
7886,0.012772
7887,0.033691
7888,0.903730
7889,0.039613
7890,0.505535
7891,0.042437
7892,0.158965
7893,0.553842
7894,0.004719
7895,0.089064
7896,0.050107
7897,0.043557
7898,0.075501
7899,0.147460
7900,0.393890
7901,0.107402
7902,0.008761
7903,0.744634
7904,0.007633
7905,0.052697
7906,0.248358
7907,0.616300
7908,0.615177
7909,0.079461
7910,0.042671
7911,0.984892
7912,0.064501
7913,0.005903
7914,0.023728
7915,0.881990
7916,0.035482
7917,0.750474
7918,0.141543
7919,0.169807
7920,0.956185
7921,0.157135
7922,0.054683
7923,0.009647
7924,0.034799
7925,0.295472
7926,0.087522
7927,0.097970
7928,0.232762
7929,0.112266
7930,0.937366
7931,0.014727
7932,0.014721
7933,0.041019
7934,0.010939
7935,0.381517
7936,0.066528
7937,0.091710
7938,0.129501
7939,0.074496
7940,0.166542
7941,0.046205
7942,0.029309
7943,0.173721
7944,0.057462
7945,0.011666
7946,0.437414
7947,0.125573
7948,0.144440
7949,0.960759
7950,0.056300
7951,0.866158
7952,0.900408
7953,0.571007
7954,0.063447
7955,0.339352
7956,0.166387
7957,0.021260
7958,0.179464
7959,0.068467
7960,0.023441
7961,0.108356
7962,0.027082
7963,0.480628
7964,0.576809
7965,0.081946
7966,0.893322
7967,0.018039
7968,0.653854
7969,0.020208
7970,0.945729
7971,0.003191
7972,0.012565
7973,0.019256
7974,0.006290
7975,0.185344
7976,0.525824
7977,0.032458
7978,0.954641
7979,0.035456
7980,0.749819
7981,0.202076
7982,0.060167
7983,0.265855
7984,0.012051
7985,0.014057
7986,0.036472
7987,0.039573
7988,0.072916
7989,0.006679
7990,0.304415
7991,0.959754
7992,0.271604
7993,0.329615
7994,0.919102
7995,0.022954
7996,0.804200
7997,0.931778
7998,0.050137
7999,0.977892
8000,0.010102
8001,0.047603
8002,0.648592
8003,0.049086
8004,0.078637
8005,0.088970
8006,0.123525
8007,0.228103
8008,0.414221
8009,0.005398
8010,0.095164
8011,0.345330
8012,0.497151
8013,0.380215
8014,0.975971
8015,0.060524
8016,0.049836
8017,0.206339
8018,0.729649
8019,0.025100
8020,0.003067
8021,0.023513
8022,0.068691
8023,0.070645
8024,0.820450
8025,0.014219
8026,0.779093
8027,0.006667
8028,0.319859
8029,0.123816
8030,0.329667
8031,0.841821
8032,0.021304
8033,0.004591
8034,0.120211
8035,0.339917
8036,0.003915
8037,0.021154
8038,0.083506
8039,0.009516
8040,0.012575
8041,0.080279
8042,0.861484
8043,0.254086
8044,0.014398
8045,0.073202
8046,0.020393
8047,0.448563
8048,0.991581
8049,0.045494
8050,0.284740
8051,0.915093
8052,0.007618
8053,0.966557
8054,0.013734
8055,0.259024
8056,0.958781
8057,0.968747
8058,0.141094
8059,0.062391
8060,0.002623
8061,0.041058
8062,0.461748
8063,0.026197
8064,0.180196
8065,0.281711
8066,0.299524
8067,0.047217
8068,0.025615
8069,0.076698
8070,0.396094
8071,0.868644
8072,0.177702
8073,0.969428
8074,0.848688
8075,0.005170
8076,0.979994
8077,0.974704
8078,0.058657
8079,0.984670
8080,0.071321
8081,0.167862
8082,0.005393
8083,0.867533
8084,0.003406
8085,0.642144
8086,0.011814
8087,0.005900
8088,0.085499
8089,0.927127
8090,0.043526
8091,0.958767
8092,0.957963
8093,0.088079
8094,0.549345
8095,0.039118
8096,0.924281
8097,0.041861
8098,0.003156
8099,0.574785
8100,0.238372
8101,0.216747
8102,0.005389
8103,0.007564
8104,0.932776
8105,0.182747
8106,0.004272
8107,0.221517
8108,0.805866
8109,0.856630
8110,0.194691
8111,0.005088
8112,0.918166
8113,0.052262
8114,0.060467
8115,0.201466
8116,0.959721
8117,0.879426
8118,0.161268
8119,0.099153
8120,0.055984
8121,0.004304
8122,0.899136
8123,0.050484
8124,0.115336
8125,0.022139
8126,0.562603
8127,0.975957
8128,0.183266
8129,0.033992
8130,0.858061
8131,0.095775
8132,0.005987
8133,0.054678
8134,0.913556
8135,0.731960
8136,0.116736
8137,0.083188
8138,0.006702
8139,0.044830
8140,0.008132
8141,0.052083
8142,0.497827
8143,0.103106
8144,0.167979
8145,0.520235
8146,0.025076
8147,0.338708
8148,0.107959
8149,0.336974
8150,0.047256
8151,0.979904
8152,0.755135
8153,0.014375
8154,0.081443
8155,0.183942
8156,0.052820
8157,0.097837
8158,0.078420
8159,0.007699
8160,0.783807
8161,0.161184
8162,0.027249
8163,0.008963
8164,0.253858
8165,0.007346
8166,0.100191
8167,0.978251
8168,0.085908
8169,0.823411
8170,0.145141
8171,0.082312
8172,0.207611
8173,0.819867
8174,0.051418
8175,0.739086
8176,0.133046
8177,0.142743
8178,0.483958
8179,0.082224
8180,0.005019
8181,0.173806
8182,0.955592
8183,0.333198
8184,0.036795
8185,0.061291
8186,0.633974
8187,0.853589
8188,0.974139
8189,0.158140
8190,0.287766
8191,0.147709
8192,0.919496
8193,0.030579
8194,0.036596
8195,0.063940
8196,0.969249
8197,0.194964
8198,0.359769
8199,0.044069
8200,0.452706
8201,0.174746
8202,0.015068
8203,0.287449
8204,0.691224
8205,0.119163
8206,0.086329
8207,0.161860
8208,0.981513
8209,0.722314
8210,0.277815
8211,0.049089
8212,0.005839
8213,0.008943
8214,0.790594
8215,0.172906
8216,0.032493
8217,0.467942
8218,0.104824
8219,0.007999
8220,0.053086
8221,0.817978
8222,0.021457
8223,0.110549
8224,0.211002
8225,0.500848
8226,0.285568
8227,0.011536
8228,0.029082
8229,0.003976
8230,0.272919
8231,0.028798
8232,0.991285
8233,0.055256
8234,0.401877
8235,0.903392
8236,0.977416
8237,0.007532
8238,0.020818
8239,0.076529
8240,0.913674
8241,0.971644
8242,0.024075
8243,0.104219
8244,0.093458
8245,0.124590
8246,0.091437
8247,0.979632
8248,0.239165
8249,0.560009
8250,0.366294
8251,0.063795
8252,0.518612
8253,0.242334
8254,0.019861
8255,0.861341
8256,0.172151
8257,0.004001
8258,0.817264
8259,0.275429
8260,0.013927
8261,0.012223
8262,0.272312
8263,0.089569
8264,0.008685
8265,0.035933
8266,0.236665
8267,0.963101
8268,0.155099
8269,0.632425
8270,0.043193
8271,0.500244
8272,0.260207
8273,0.094916
8274,0.065675
8275,0.959511
8276,0.123568
8277,0.177516
8278,0.109137
8279,0.092303
8280,0.066187
8281,0.005063
8282,0.046744
8283,0.983642
8284,0.264073
8285,0.947750
8286,0.047882
8287,0.031778
8288,0.772465
8289,0.496951
8290,0.014476
8291,0.020860
8292,0.006751
8293,0.161833
8294,0.389223
8295,0.625369
8296,0.034741
8297,0.875028
8298,0.452122
8299,0.977795
8300,0.077495
8301,0.016205
8302,0.054829
8303,0.030977
8304,0.048381
8305,0.024576
8306,0.432843
8307,0.958040
8308,0.003087
8309,0.145428
8310,0.127708
8311,0.969625
8312,0.815522
8313,0.332535
8314,0.096949
8315,0.974034
8316,0.256202
8317,0.027491
8318,0.008033
8319,0.031141
8320,0.029537
8321,0.030061
8322,0.496464
8323,0.112325
8324,0.029883
8325,0.011284
8326,0.698274
8327,0.038968
8328,0.022673
8329,0.214247
8330,0.978715
8331,0.157363
8332,0.230330
8333,0.003822
8334,0.735560
8335,0.959868
8336,0.660262
8337,0.067616
8338,0.005224
8339,0.051614
8340,0.120807
8341,0.206354
8342,0.953229
8343,0.102899
8344,0.789075
8345,0.031028
8346,0.866486
8347,0.073074
8348,0.102423
8349,0.218875
8350,0.130479
8351,0.023266
8352,0.959367
8353,0.452227
8354,0.003717
8355,0.900931
8356,0.062601
8357,0.587755
8358,0.104782
8359,0.690420
8360,0.970622
8361,0.139678
8362,0.896727
8363,0.078392
8364,0.980701
8365,0.653722
8366,0.031296
8367,0.321805
8368,0.718386
8369,0.008199
8370,0.062060
8371,0.715369
8372,0.059711
8373,0.633230
8374,0.175040
8375,0.346910
8376,0.081663
8377,0.030642
8378,0.423137
8379,0.012972
8380,0.469460
8381,0.706078
8382,0.991554
8383,0.037579
8384,0.009270
8385,0.065468
8386,0.917654
8387,0.959338
8388,0.221474
8389,0.177028
8390,0.003667
8391,0.078638
8392,0.006779
8393,0.763586
8394,0.427885
8395,0.246274
8396,0.107507
8397,0.985413
8398,0.957625
8399,0.087644
8400,0.075946
8401,0.471865
8402,0.974454
8403,0.639616
8404,0.032712
8405,0.911362
8406,0.190988
8407,0.971383
8408,0.005671
8409,0.025279
8410,0.119702
8411,0.048796
8412,0.111074
8413,0.072677
8414,0.017227
8415,0.659229
8416,0.005341
8417,0.039981
8418,0.022116
8419,0.863739
8420,0.012681
8421,0.988204
8422,0.064115
8423,0.346463
8424,0.004428
8425,0.426794
8426,0.990829
8427,0.340268
8428,0.959002
8429,0.107216
8430,0.085286
8431,0.254307
8432,0.045816
8433,0.874391
8434,0.121428
8435,0.074496
8436,0.956803
8437,0.881845
8438,0.025337
8439,0.099289
8440,0.025900
8441,0.412078
8442,0.016275
8443,0.236658
8444,0.057789
8445,0.008739
8446,0.043755
8447,0.085305
8448,0.074405
8449,0.658335
8450,0.026082
8451,0.072481
8452,0.003081
8453,0.991978
8454,0.739433
8455,0.358166
8456,0.693588
8457,0.161568
8458,0.955563
8459,0.538013
8460,0.140354
8461,0.074477
8462,0.046536
8463,0.040229
8464,0.083394
8465,0.016880
8466,0.820776
8467,0.005467
8468,0.683819
8469,0.087528
8470,0.040589
8471,0.968768
8472,0.957758
8473,0.063046
8474,0.011634
8475,0.939413
8476,0.110662
8477,0.365104
8478,0.889870
8479,0.016362
8480,0.008687
8481,0.007792
8482,0.034177
8483,0.008617
8484,0.236800
8485,0.157761
8486,0.167692
8487,0.069272
8488,0.005484
8489,0.873281
8490,0.080191
8491,0.907545
8492,0.596129
8493,0.017177
8494,0.032121
8495,0.922706
8496,0.143195
8497,0.089066
8498,0.089702
8499,0.387119
8500,0.047030
8501,0.129951
8502,0.068241
8503,0.916514
8504,0.053056
8505,0.010851
8506,0.050142
8507,0.065720
8508,0.044180
8509,0.030139
8510,0.033587
8511,0.030488
8512,0.031969
8513,0.010580
8514,0.045031
8515,0.324517
8516,0.030445
8517,0.055629
8518,0.199744
8519,0.011074
8520,0.007175
8521,0.087375
8522,0.941911
8523,0.160052
8524,0.970610
8525,0.009167
8526,0.599133
8527,0.017115
8528,0.101317
8529,0.683977
8530,0.835359
8531,0.898826
8532,0.517679
8533,0.033764
8534,0.016974
8535,0.970668
8536,0.143247
8537,0.116726
8538,0.322102
8539,0.136624
8540,0.215673
8541,0.241092
8542,0.078808
8543,0.974199
8544,0.956448
8545,0.216600
8546,0.038424
8547,0.159394
8548,0.094826
8549,0.033273
8550,0.075067
8551,0.070797
8552,0.053544
8553,0.098420
8554,0.353133
8555,0.043027
8556,0.199617
8557,0.855122
8558,0.973102
8559,0.787588
8560,0.937886
8561,0.459575
8562,0.120821
8563,0.060846
8564,0.018502
8565,0.018296
8566,0.894924
8567,0.734222
8568,0.961450
8569,0.147716
8570,0.821139
8571,0.065286
8572,0.989867
8573,0.174025
8574,0.071970
8575,0.077085
8576,0.007674
8577,0.858293
8578,0.974360
8579,0.061519
8580,0.549042
8581,0.435638
8582,0.013316
8583,0.509099
8584,0.850030
8585,0.044705
8586,0.052295
8587,0.076247
8588,0.189176
8589,0.010880
8590,0.517223
8591,0.962460
8592,0.076986
8593,0.161185
8594,0.006295
8595,0.966022
8596,0.422626
8597,0.009572
8598,0.830586
8599,0.931772
8600,0.058859
8601,0.069960
8602,0.078094
8603,0.187031
8604,0.838003
8605,0.029180
8606,0.068554
8607,0.102626
8608,0.958889
8609,0.044210
8610,0.071207
8611,0.680253
8612,0.250491
8613,0.958273
8614,0.934793
8615,0.297997
8616,0.101085
8617,0.044760
8618,0.669680
8619,0.056975
8620,0.113158
8621,0.876184
8622,0.080929
8623,0.958219
8624,0.035056
8625,0.121447
8626,0.047280
8627,0.025087
8628,0.340478
8629,0.007679
8630,0.873528
8631,0.138707
8632,0.081500
8633,0.944099
8634,0.237368
8635,0.779140
8636,0.927900
8637,0.884524
8638,0.040779
8639,0.517796
8640,0.037338
8641,0.184152
8642,0.007033
8643,0.889671
8644,0.005012
8645,0.007875
8646,0.547554
8647,0.475357
8648,0.075962
8649,0.212353
8650,0.003922
8651,0.012493
8652,0.734704
8653,0.008198
8654,0.018718
8655,0.010159
8656,0.013571
8657,0.286403
8658,0.379021
8659,0.090974
8660,0.005565
8661,0.190721
8662,0.007049
8663,0.205561
8664,0.004791
8665,0.009275
8666,0.955317
8667,0.043084
8668,0.038663
8669,0.257735
8670,0.004745
8671,0.321305
8672,0.924223
8673,0.028857
8674,0.033096
8675,0.963564
8676,0.908867
8677,0.010671
8678,0.058230
8679,0.125246
8680,0.430748
8681,0.123973
8682,0.914765
8683,0.330104
8684,0.477115
8685,0.009044
8686,0.066376
8687,0.048584
8688,0.910805
8689,0.067466
8690,0.056737
8691,0.942763
8692,0.159814
8693,0.029923
8694,0.992020
8695,0.975013
8696,0.048183
8697,0.953872
8698,0.127014
8699,0.052772
8700,0.070226
8701,0.948719
8702,0.030265
8703,0.071028
8704,0.005088
8705,0.571990
8706,0.991442
8707,0.019305
8708,0.007936
8709,0.016449
8710,0.200729
8711,0.031567
8712,0.036520
8713,0.159057
8714,0.768507
8715,0.021127
8716,0.013670
8717,0.706572
8718,0.927026
8719,0.026368
8720,0.023500
8721,0.042646
8722,0.939054
8723,0.006974
8724,0.006309
8725,0.019162
8726,0.038751
8727,0.020518
8728,0.237079
8729,0.989724
8730,0.711546
8731,0.598386
8732,0.850461
8733,0.604022
8734,0.009057
8735,0.116218
8736,0.797589
8737,0.934969
8738,0.114459
8739,0.195515
8740,0.958270
8741,0.965222
8742,0.980153
8743,0.037989
8744,0.002978
8745,0.140688
8746,0.111635
8747,0.078300
8748,0.054837
8749,0.072051
8750,0.034432
8751,0.212135
8752,0.570236
8753,0.758859
8754,0.223146
8755,0.941752
8756,0.292143
8757,0.193120
8758,0.049170
8759,0.255229
8760,0.010245
8761,0.769628
8762,0.021366
8763,0.965905
8764,0.277438
8765,0.142384
8766,0.007793
8767,0.081942
8768,0.022219
8769,0.070371
8770,0.067727
8771,0.008854
8772,0.025073
8773,0.040592
8774,0.677850
8775,0.007392
8776,0.032435
8777,0.352240
8778,0.118742
8779,0.028641
8780,0.005943
8781,0.912328
8782,0.141028
8783,0.039663
8784,0.002947
8785,0.019025
8786,0.133307
8787,0.008164
8788,0.980948
8789,0.046673
8790,0.942714
8791,0.130650
8792,0.040989
8793,0.054899
8794,0.945021
8795,0.891693
8796,0.007608
8797,0.604561
8798,0.894480
8799,0.058950
8800,0.033242
8801,0.018170
8802,0.013805
8803,0.374304
8804,0.006752
8805,0.172382
8806,0.139869
8807,0.031694
8808,0.608795
8809,0.366033
8810,0.027138
8811,0.378817
8812,0.926002
8813,0.009233
8814,0.460209
8815,0.892304
8816,0.911697
8817,0.977310
8818,0.855577
8819,0.247608
8820,0.319602
8821,0.085266
8822,0.611241
8823,0.949885
8824,0.017807
8825,0.032818
8826,0.302484
8827,0.608587
8828,0.170422
8829,0.056114
8830,0.020117
8831,0.107256
8832,0.297465
8833,0.042631
8834,0.768915
8835,0.009000
8836,0.154820
8837,0.144993
8838,0.442512
8839,0.170134
8840,0.072036
8841,0.979275
8842,0.925499
8843,0.108145
8844,0.760890
8845,0.077951
8846,0.009019
8847,0.056441
8848,0.933506
8849,0.073380
8850,0.905183
8851,0.100026
8852,0.625843
8853,0.119772
8854,0.002343
8855,0.023822
8856,0.031119
8857,0.044946
8858,0.091656
8859,0.350593
8860,0.123534
8861,0.083660
8862,0.102061
8863,0.162596
8864,0.013351
8865,0.844149
8866,0.968358
8867,0.047708
8868,0.653005
8869,0.083302
8870,0.030728
8871,0.223075
8872,0.104948
8873,0.014068
8874,0.283176
8875,0.090620
8876,0.005379
8877,0.991493
8878,0.004460
8879,0.073502
8880,0.026107
8881,0.459667
8882,0.159325
8883,0.217646
8884,0.946223
8885,0.351136
8886,0.128917
8887,0.022932
8888,0.039501
8889,0.023584
8890,0.130231
8891,0.302016
8892,0.261682
8893,0.205065
8894,0.093372
8895,0.951742
8896,0.470858
8897,0.375482
8898,0.420924
8899,0.086725
8900,0.256728
8901,0.418274
8902,0.991427
8903,0.279980
8904,0.595092
8905,0.652195
8906,0.955127
8907,0.074874
8908,0.091646
8909,0.643926
8910,0.680013
8911,0.014137
8912,0.305569
8913,0.053380
8914,0.042894
8915,0.039201
8916,0.006677
8917,0.056738
8918,0.054455
8919,0.264863
8920,0.053194
8921,0.070751
8922,0.960741
8923,0.066042
8924,0.765415
8925,0.529376
8926,0.019716
8927,0.591790
8928,0.826374
8929,0.533577
8930,0.470615
8931,0.110964
8932,0.951549
8933,0.104233
8934,0.083830
8935,0.778858
8936,0.843079
8937,0.013946
8938,0.962603
8939,0.096808
8940,0.334760
8941,0.008590
8942,0.226199
8943,0.430701
8944,0.734461
8945,0.825129
8946,0.085746
8947,0.910662
8948,0.128190
8949,0.482492
8950,0.661497
8951,0.979060
8952,0.097551
8953,0.055748
8954,0.048653
8955,0.916664
8956,0.653435
8957,0.925871
8958,0.875808
8959,0.292965
8960,0.020037
8961,0.690554
8962,0.019380
8963,0.946443
8964,0.201621
8965,0.024477
8966,0.271913
8967,0.026141
8968,0.022557
8969,0.007103
8970,0.007388
8971,0.008542
8972,0.005584
8973,0.442524
8974,0.056786
8975,0.901853
8976,0.259237
8977,0.050217
8978,0.472175
8979,0.004016
8980,0.010324
8981,0.773734
8982,0.037729
8983,0.620437
8984,0.007359
8985,0.043562
8986,0.009680
8987,0.016161
8988,0.007749
8989,0.305357
8990,0.025131
8991,0.097355
8992,0.012943
8993,0.143079
8994,0.972965
8995,0.599624
8996,0.057570
8997,0.966670
8998,0.030161
8999,0.147729
9000,0.126154
9001,0.242637
9002,0.022392
9003,0.959493
9004,0.080799
9005,0.837784
9006,0.863750
9007,0.140462
9008,0.029599
9009,0.039472
9010,0.782471
9011,0.807672
9012,0.015496
9013,0.017949
9014,0.130563
9015,0.007467
9016,0.250802
9017,0.085553
9018,0.892661
9019,0.115333
9020,0.015036
9021,0.594635
9022,0.023249
9023,0.205731
9024,0.046338
9025,0.374838
9026,0.158766
9027,0.988311
9028,0.222468
9029,0.017388
9030,0.753819
9031,0.151627
9032,0.092697
9033,0.976182
9034,0.023343
9035,0.016844
9036,0.014658
9037,0.057360
9038,0.225765
9039,0.086531
9040,0.033998
9041,0.363650
9042,0.224979
9043,0.249748
9044,0.007332
9045,0.037779
9046,0.005883
9047,0.122997
9048,0.257154
9049,0.972140
9050,0.115367
9051,0.960273
9052,0.032801
9053,0.021279
9054,0.023645
9055,0.291756
9056,0.395444
9057,0.068039
9058,0.986916
9059,0.073316
9060,0.035431
9061,0.387539
9062,0.890177
9063,0.049425
9064,0.014723
9065,0.567646
9066,0.200390
9067,0.491856
9068,0.023528
9069,0.009456
9070,0.081205
9071,0.089879
9072,0.855919
9073,0.623172
9074,0.862423
9075,0.004543
9076,0.868983
9077,0.046445
9078,0.136563
9079,0.742426
9080,0.729125
9081,0.136108
9082,0.771453
9083,0.348218
9084,0.046862
9085,0.959794
9086,0.893866
9087,0.977906
9088,0.710323
9089,0.207924
9090,0.272772
9091,0.345719
9092,0.374485
9093,0.024437
9094,0.038509
9095,0.707794
9096,0.896427
9097,0.004682
9098,0.080770
9099,0.129611
9100,0.004188
9101,0.871882
9102,0.076440
9103,0.840795
9104,0.130359
9105,0.069507
9106,0.084869
9107,0.009786
9108,0.280771
9109,0.247840
9110,0.004420
9111,0.864695
9112,0.006377
9113,0.720533
9114,0.008964
9115,0.842423
9116,0.089588
9117,0.917277
9118,0.216997
9119,0.611252
9120,0.063551
9121,0.420569
9122,0.065285
9123,0.225909
9124,0.030658
9125,0.558031
9126,0.068630
9127,0.031232
9128,0.006432
9129,0.022053
9130,0.442503
9131,0.967409
9132,0.084688
9133,0.011895
9134,0.080180
9135,0.231203
9136,0.009827
9137,0.070829
9138,0.022776
9139,0.041213
9140,0.930436
9141,0.107599
9142,0.055984
9143,0.828496
9144,0.121312
9145,0.043322
9146,0.007888
9147,0.102890
9148,0.355760
9149,0.110176
9150,0.181059
9151,0.010196
9152,0.475764
9153,0.173597
9154,0.744185
9155,0.939651
9156,0.737184
9157,0.881956
9158,0.218118
9159,0.006307
9160,0.437906
9161,0.026024
9162,0.099425
9163,0.005646
9164,0.039678
9165,0.021214
9166,0.963663
9167,0.017766
9168,0.446161
9169,0.971019
9170,0.709248
9171,0.801662
9172,0.908394
9173,0.384515
9174,0.081857
9175,0.077448
9176,0.005799
9177,0.335942
9178,0.450559
9179,0.060427
9180,0.010178
9181,0.490812
9182,0.004901
9183,0.007847
9184,0.285466
9185,0.037112
9186,0.139199
9187,0.010970
9188,0.028469
9189,0.769899
9190,0.008184
9191,0.055855
9192,0.965905
9193,0.007003
9194,0.019818
9195,0.008720
9196,0.841505
9197,0.030640
9198,0.010382
9199,0.096964
9200,0.057783
9201,0.992163
9202,0.051240
9203,0.054237
9204,0.202012
9205,0.007976
9206,0.330836
9207,0.318039
9208,0.014606
9209,0.019072
9210,0.919677
9211,0.869630
9212,0.328934
9213,0.106182
9214,0.011050
9215,0.073032
9216,0.193636
9217,0.033639
9218,0.166757
9219,0.070233
9220,0.016158
9221,0.396306
9222,0.255483
9223,0.960906
9224,0.098138
9225,0.961570
9226,0.972337
9227,0.052112
9228,0.012675
9229,0.019019
9230,0.148893
9231,0.079088
9232,0.927336
9233,0.014040
9234,0.037586
9235,0.077652
9236,0.011990
9237,0.131808
9238,0.121427
9239,0.164725
9240,0.693561
9241,0.167512
9242,0.003338
9243,0.977798
9244,0.009747
9245,0.040375
9246,0.340017
9247,0.034527
9248,0.971836
9249,0.987464
9250,0.029864
9251,0.360810
9252,0.011288
9253,0.004642
9254,0.090923
9255,0.993633
9256,0.128374
9257,0.135856
9258,0.821118
9259,0.028448
9260,0.065669
9261,0.935292
9262,0.748016
9263,0.011748
9264,0.055748
9265,0.026890
9266,0.772188
9267,0.426037
9268,0.072660
9269,0.885331
9270,0.010544
9271,0.004823
9272,0.116507
9273,0.091528
9274,0.025952
9275,0.026608
9276,0.011559
9277,0.221127
9278,0.972488
9279,0.101748
9280,0.700263
9281,0.959169
9282,0.325761
9283,0.855545
9284,0.170233
9285,0.359033
9286,0.077523
9287,0.323535
9288,0.123813
9289,0.113720
9290,0.101696
9291,0.069367
9292,0.508777
9293,0.289097
9294,0.111425
9295,0.259426
9296,0.125092
9297,0.956940
9298,0.054934
9299,0.007797
9300,0.074899
9301,0.340743
9302,0.058421
9303,0.085827
9304,0.037652
9305,0.011263
9306,0.096469
9307,0.754413
9308,0.950369
9309,0.969678
9310,0.065086
9311,0.904444
9312,0.780767
9313,0.840976
9314,0.040624
9315,0.462017
9316,0.922613
9317,0.536317
9318,0.009771
9319,0.038542
9320,0.034416
9321,0.727907
9322,0.590661
9323,0.305359
9324,0.014320
9325,0.073026
9326,0.217854
9327,0.078030
9328,0.446315
9329,0.080860
9330,0.820835
9331,0.048965
9332,0.053294
9333,0.037685
9334,0.368750
9335,0.024058
9336,0.168923
9337,0.633508
9338,0.072902
9339,0.382821
9340,0.172032
9341,0.044368
9342,0.058831
9343,0.021716
9344,0.104237
9345,0.003534
9346,0.079555
9347,0.042169
9348,0.028944
9349,0.136499
9350,0.088280
9351,0.031530
9352,0.094993
9353,0.042550
9354,0.031080
9355,0.491190
9356,0.204070
9357,0.032879
9358,0.290977
9359,0.977524
9360,0.108987
9361,0.004230
9362,0.031894
9363,0.045628
9364,0.482294
9365,0.003034
9366,0.084414
9367,0.954252
9368,0.150112
9369,0.126268
9370,0.934800
9371,0.376547
9372,0.013959
9373,0.005476
9374,0.033908
9375,0.256850
9376,0.780072
9377,0.058808
9378,0.991963
9379,0.160066
9380,0.030332
9381,0.991096
9382,0.115755
9383,0.966046
9384,0.089794
9385,0.964561
9386,0.003497
9387,0.379028
9388,0.379789
9389,0.546531
9390,0.011353
9391,0.126234
9392,0.053438
9393,0.051507
9394,0.369374
9395,0.837397
9396,0.026369
9397,0.984456
9398,0.006964
9399,0.004496
9400,0.478958
9401,0.045244
9402,0.087039
9403,0.010965
9404,0.977163
9405,0.477647
9406,0.004921
9407,0.004441
9408,0.346420
9409,0.221122
9410,0.944499
9411,0.231614
9412,0.055315
9413,0.043517
9414,0.037590
9415,0.266847
9416,0.019156
9417,0.018684
9418,0.035472
9419,0.216042
9420,0.944635
9421,0.072726
9422,0.982180
9423,0.054676
9424,0.793426
9425,0.977117
9426,0.295828
9427,0.137489
9428,0.122166
9429,0.296800
9430,0.003791
9431,0.936255
9432,0.018851
9433,0.952950
9434,0.010882
9435,0.992083
9436,0.978557
9437,0.004164
9438,0.338586
9439,0.006925
9440,0.368318
9441,0.775990
9442,0.052626
9443,0.064157
9444,0.068677
9445,0.963248
9446,0.009845
9447,0.970333
9448,0.073968
9449,0.029496
9450,0.080893
9451,0.019653
9452,0.980963
9453,0.508359
9454,0.023448
9455,0.035164
9456,0.008234
9457,0.362188
9458,0.008639
9459,0.249941
9460,0.028869
9461,0.927206
9462,0.384595
9463,0.047737
9464,0.140320
9465,0.003144
9466,0.538650
9467,0.929598
9468,0.093084
9469,0.002404
9470,0.968952
9471,0.010929
9472,0.966986
9473,0.152874
9474,0.966308
9475,0.023002
9476,0.068912
9477,0.065680
9478,0.335570
9479,0.084062
9480,0.916282
9481,0.931644
9482,0.330455
9483,0.928356
9484,0.088603
9485,0.230793
9486,0.937506
9487,0.763745
9488,0.970577
9489,0.272836
9490,0.008064
9491,0.053759
9492,0.958941
9493,0.107114
9494,0.046880
9495,0.006700
9496,0.025285
9497,0.074448
9498,0.319248
9499,0.947997
9500,0.190783
9501,0.103765
9502,0.968685
9503,0.979361
9504,0.405356
9505,0.713945
9506,0.960475
9507,0.049362
9508,0.056609
9509,0.076738
9510,0.026409
9511,0.143517
9512,0.309197
9513,0.625854
9514,0.177738
9515,0.101008
9516,0.197105
9517,0.031517
9518,0.012597
9519,0.029660
9520,0.006490
9521,0.030834
9522,0.366937
9523,0.038969
9524,0.039676
9525,0.006270
9526,0.689755
9527,0.066748
9528,0.094755
9529,0.225685
9530,0.038116
9531,0.027161
9532,0.021089
9533,0.562306
9534,0.818944
9535,0.657525
9536,0.022839
9537,0.929515
9538,0.037792
9539,0.553949
9540,0.705239
9541,0.164031
9542,0.450442
9543,0.010504
9544,0.037965
9545,0.100059
9546,0.955077
9547,0.861700
9548,0.021792
9549,0.125913
9550,0.638733
9551,0.510100
9552,0.968942
9553,0.524452
9554,0.977592
9555,0.389844
9556,0.025676
9557,0.970905
9558,0.057853
9559,0.083132
9560,0.004375
9561,0.056798
9562,0.984115
9563,0.270041
9564,0.976271
9565,0.011102
9566,0.103291
9567,0.958263
9568,0.045576
9569,0.082502
9570,0.051780
9571,0.057924
9572,0.138934
9573,0.845209
9574,0.257152
9575,0.079835
9576,0.961593
9577,0.185597
9578,0.014933
9579,0.009108
9580,0.961184
9581,0.885724
9582,0.012261
9583,0.869260
9584,0.910019
9585,0.021224
9586,0.008303
9587,0.027282
9588,0.886488
9589,0.026396
9590,0.251107
9591,0.325013
9592,0.615324
9593,0.023088
9594,0.930994
9595,0.974668
9596,0.062541
9597,0.886074
9598,0.949146
9599,0.124076
9600,0.746597
9601,0.561582
9602,0.010646
9603,0.039283
9604,0.181900
9605,0.131245
9606,0.005494
9607,0.289104
9608,0.715846
9609,0.620706
9610,0.010645
9611,0.007018
9612,0.018417
9613,0.073709
9614,0.456233
9615,0.162688
9616,0.921649
9617,0.015736
9618,0.506882
9619,0.182114
9620,0.007380
9621,0.147562
9622,0.014017
9623,0.521646
9624,0.382065
9625,0.007374
9626,0.125216
9627,0.039506
9628,0.973715
9629,0.505462
9630,0.947894
9631,0.990351
9632,0.971765
9633,0.080220
9634,0.112035
9635,0.987662
9636,0.978265
9637,0.009325
9638,0.079386
9639,0.145759
9640,0.148119
9641,0.035820
9642,0.159602
9643,0.141254
9644,0.689480
9645,0.109098
9646,0.391000
9647,0.607229
9648,0.003168
9649,0.336026
9650,0.065011
9651,0.980879
9652,0.665804
9653,0.315826
9654,0.249789
9655,0.029591
9656,0.575241
9657,0.929200
9658,0.990851
9659,0.043370
9660,0.030926
9661,0.044212
9662,0.965204
9663,0.012051
9664,0.010224
9665,0.179497
9666,0.059157
9667,0.044536
9668,0.202631
9669,0.136449
9670,0.723485
9671,0.536922
9672,0.041398
9673,0.073398
9674,0.536049
9675,0.144320
9676,0.145738
9677,0.005976
9678,0.958422
9679,0.069646
9680,0.533011
9681,0.527688
9682,0.181131
9683,0.944469
9684,0.051270
9685,0.850946
9686,0.123294
9687,0.126277
9688,0.066190
9689,0.008047
9690,0.246847
9691,0.778341
9692,0.143810
9693,0.025942
9694,0.742399
9695,0.012143
9696,0.942478
9697,0.249604
9698,0.070077
9699,0.017373
9700,0.124652
9701,0.328194
9702,0.969938
9703,0.099186
9704,0.036991
9705,0.233063
9706,0.778509
9707,0.075679
9708,0.044908
9709,0.158747
9710,0.329931
9711,0.090936
9712,0.352896
9713,0.564352
9714,0.014402
9715,0.056111
9716,0.411971
9717,0.026870
9718,0.032722
9719,0.207288
9720,0.902049
9721,0.962180
9722,0.059379
9723,0.017059
9724,0.121333
9725,0.896148
9726,0.112046
9727,0.130471
9728,0.311613
9729,0.037925
9730,0.963548
9731,0.019687
9732,0.004020
9733,0.015211
9734,0.081521
9735,0.546610
9736,0.285720
9737,0.048283
9738,0.037947
9739,0.972645
9740,0.106563
9741,0.070011
9742,0.056476
9743,0.752924
9744,0.053486
9745,0.781057
9746,0.007701
9747,0.594209
9748,0.918319
9749,0.957136
9750,0.004459
9751,0.965905
9752,0.019805
9753,0.962556
9754,0.207264
9755,0.957495
9756,0.117640
9757,0.964133
9758,0.200311
9759,0.041311
9760,0.004312
9761,0.277905
9762,0.003887
9763,0.095444
9764,0.906425
9765,0.102550
9766,0.080058
9767,0.880303
9768,0.502625
9769,0.009797
9770,0.598874
9771,0.080759
9772,0.188953
9773,0.784269
9774,0.021712
9775,0.105098
9776,0.006509
9777,0.116352
9778,0.071943
9779,0.164797
9780,0.981322
9781,0.213063
9782,0.697184
9783,0.212570
9784,0.544058
9785,0.954645
9786,0.744799
9787,0.203499
9788,0.005508
9789,0.486787
9790,0.258485
9791,0.039587
9792,0.081359
9793,0.116327
9794,0.743149
9795,0.127531
9796,0.039037
9797,0.869695
9798,0.366704
9799,0.047624
9800,0.052038
9801,0.023187
9802,0.174274
9803,0.028257
9804,0.689426
9805,0.010804
9806,0.726820
9807,0.107824
9808,0.046438
9809,0.157862
9810,0.006595
9811,0.025121
9812,0.030724
9813,0.005482
9814,0.083876
9815,0.283717
9816,0.310146
9817,0.039718
9818,0.715117
9819,0.942580
9820,0.045338
9821,0.107906
9822,0.007818
9823,0.893209
9824,0.441877
9825,0.974704
9826,0.014402
9827,0.940081
9828,0.630032
9829,0.670091
9830,0.968518
9831,0.031688
9832,0.090540
9833,0.113168
9834,0.034362
9835,0.469269
9836,0.966772
9837,0.978946
9838,0.004085
9839,0.035830
9840,0.990217
9841,0.053126
9842,0.399834
9843,0.814262
9844,0.065441
9845,0.010534
9846,0.718079
9847,0.463801
9848,0.029514
9849,0.012176
9850,0.148066
9851,0.042641
9852,0.143338
9853,0.019260
9854,0.088326
9855,0.212709
9856,0.038257
9857,0.948413
9858,0.053821
9859,0.883804
9860,0.062945
9861,0.069304
9862,0.039894
9863,0.010522
9864,0.875858
9865,0.985852
9866,0.073382
9867,0.006701
9868,0.494017
9869,0.103413
9870,0.874865
9871,0.923000
9872,0.065362
9873,0.009940
9874,0.825696
9875,0.171279
9876,0.085550
9877,0.139329
9878,0.031881
9879,0.829703
9880,0.017842
9881,0.908879
9882,0.903077
9883,0.037298
9884,0.041060
9885,0.045965
9886,0.195949
9887,0.021313
9888,0.941695
9889,0.990683
9890,0.286551
9891,0.023610
9892,0.058125
9893,0.211401
9894,0.074373
9895,0.078490
9896,0.869559
9897,0.158458
9898,0.041828
9899,0.108429
9900,0.126323
9901,0.056315
9902,0.053633
9903,0.153632
9904,0.717580
9905,0.079865
9906,0.128100
9907,0.384786
9908,0.011275
9909,0.957632
9910,0.952330
9911,0.078822
9912,0.028137
9913,0.014413
9914,0.162308
9915,0.971735
9916,0.091572
9917,0.085063
9918,0.019073
9919,0.736643
9920,0.024150
9921,0.478163
9922,0.003814
9923,0.417023
9924,0.225601
9925,0.229898
9926,0.087489
9927,0.142462
9928,0.009175
9929,0.934399
9930,0.970828
9931,0.532341
9932,0.234328
9933,0.159012
9934,0.007509
9935,0.813513
9936,0.978370
9937,0.460001
9938,0.315864
9939,0.052057
9940,0.175110
9941,0.071870
9942,0.087281
9943,0.018040
9944,0.040991
9945,0.949598
9946,0.074657
9947,0.074186
9948,0.044540
9949,0.005053
9950,0.088257
9951,0.191168
9952,0.008741
9953,0.962842
9954,0.769610
9955,0.125171
9956,0.804530
9957,0.013462
9958,0.952202
9959,0.205977
9960,0.613987
9961,0.035173
9962,0.056817
9963,0.007141
9964,0.168895
9965,0.040432
9966,0.008037
9967,0.007079
9968,0.104395
9969,0.006970
9970,0.139972
9971,0.952509
9972,0.078226
9973,0.025832
9974,0.041826
9975,0.970750
9976,0.379671
9977,0.191627
9978,0.137476
9979,0.005357
9980,0.157390
9981,0.068965
9982,0.006569
9983,0.168913
9984,0.034434
9985,0.008149
9986,0.030119
9987,0.170687
9988,0.148983
9989,0.041405
9990,0.116103
9991,0.928150
9992,0.059064
9993,0.044942
9994,0.657537
9995,0.004891
9996,0.117200
9997,0.460639
9998,0.981315
9999,0.095794
10000,0.450863
10001,0.954118
10002,0.328267
10003,0.287797
10004,0.018914
10005,0.975819
10006,0.958619
10007,0.019269
10008,0.967100
10009,0.919397
10010,0.268569
10011,0.027749
10012,0.892259
10013,0.027031
10014,0.367189
10015,0.100856
10016,0.070644
10017,0.006716
10018,0.004476
10019,0.087557
10020,0.048246
10021,0.079943
10022,0.975089
10023,0.976069
10024,0.651425
10025,0.015801
10026,0.016463
10027,0.059691
10028,0.769928
10029,0.067358
10030,0.004432
10031,0.049222
10032,0.754554
10033,0.927204
10034,0.007101
10035,0.025441
10036,0.082197
10037,0.928421
10038,0.008106
10039,0.340002
10040,0.149280
10041,0.012577
10042,0.930879
10043,0.031446
10044,0.282928
10045,0.018552
10046,0.006758
10047,0.913092
10048,0.092624
10049,0.861038
10050,0.019807
10051,0.695156
10052,0.967210
10053,0.093561
10054,0.583421
10055,0.184329
10056,0.008533
10057,0.968640
10058,0.707862
10059,0.100974
10060,0.857158
10061,0.198621
10062,0.004331
10063,0.130123
10064,0.970064
10065,0.144133
10066,0.056267
10067,0.047628
10068,0.020910
10069,0.042579
10070,0.048015
10071,0.656741
10072,0.887049
10073,0.724518
10074,0.219669
10075,0.889617
10076,0.943877
10077,0.086897
10078,0.039391
10079,0.119414
10080,0.086591
10081,0.097599
10082,0.344868
10083,0.012167
10084,0.191516
10085,0.221212
10086,0.083053
10087,0.899756
10088,0.049308
10089,0.665412
10090,0.005011
10091,0.108878
10092,0.007141
10093,0.041973
10094,0.531414
10095,0.050003
10096,0.040517
10097,0.968386
10098,0.199692
10099,0.185280
10100,0.008466
10101,0.004566
10102,0.042557
10103,0.016146
10104,0.963610
10105,0.007599
10106,0.124161
10107,0.005858
10108,0.362494
10109,0.154664
10110,0.229324
10111,0.021326
10112,0.019427
10113,0.101948
10114,0.134120
10115,0.007535
10116,0.736284
10117,0.039841
10118,0.153041
10119,0.590702
10120,0.430365
10121,0.208106
10122,0.133815
10123,0.165579
10124,0.009249
10125,0.093367
10126,0.968292
10127,0.058781
10128,0.054184
10129,0.038984
10130,0.196766
10131,0.779965
10132,0.423650
10133,0.086956
10134,0.975514
10135,0.059265
10136,0.022076
10137,0.011434
10138,0.461668
10139,0.821144
10140,0.198793
10141,0.199163
10142,0.018708
10143,0.104774
10144,0.004451
10145,0.021418
10146,0.094736
10147,0.264921
10148,0.819768
10149,0.827939
10150,0.088337
10151,0.075815
10152,0.009443
10153,0.939470
10154,0.097989
10155,0.128523
10156,0.724765
10157,0.202783
10158,0.550903
10159,0.128028
10160,0.909879
10161,0.040324
10162,0.947817
10163,0.987248
10164,0.008401
10165,0.022210
10166,0.005083
10167,0.488398
10168,0.405578
10169,0.914343
10170,0.007536
10171,0.157072
10172,0.391796
10173,0.253046
10174,0.003812
10175,0.393979
10176,0.005416
10177,0.991030
10178,0.032152
10179,0.034877
10180,0.110609
10181,0.013232
10182,0.030986
10183,0.915368
10184,0.990549
10185,0.911293
10186,0.284579
10187,0.056071
10188,0.035411
10189,0.016097
10190,0.003162
10191,0.976664
10192,0.939499
10193,0.154508
10194,0.078909
10195,0.026284
10196,0.526978
10197,0.048355
10198,0.087427
10199,0.047303
10200,0.006556
10201,0.014868
10202,0.087739
10203,0.021234
10204,0.913180
10205,0.017946
10206,0.976946
10207,0.018015
10208,0.967463
10209,0.868417
10210,0.977583
10211,0.725542
10212,0.842364
10213,0.281861
10214,0.180506
10215,0.046601
10216,0.382383
10217,0.866281
10218,0.011188
10219,0.076869
10220,0.142299
10221,0.005505
10222,0.005636
10223,0.939065
10224,0.823747
10225,0.060955
10226,0.047062
10227,0.991206
10228,0.014531
10229,0.404739
10230,0.986504
10231,0.015986
10232,0.195835
10233,0.397682
10234,0.070845
10235,0.010962
10236,0.063790
10237,0.434025
10238,0.066100
10239,0.911734
10240,0.064924
10241,0.012994
10242,0.117889
10243,0.082909
10244,0.006597
10245,0.948306
10246,0.045335
10247,0.679382
10248,0.698151
10249,0.705309
10250,0.005807
10251,0.031259
10252,0.032049
10253,0.816878
10254,0.194097
10255,0.204534
10256,0.832932
10257,0.826619
10258,0.012179
10259,0.039639
10260,0.966987
10261,0.016276
10262,0.004046
10263,0.684594
10264,0.720001
10265,0.018070
10266,0.603060
10267,0.889634
10268,0.019029
10269,0.037588
10270,0.760945
10271,0.010379
10272,0.063002
10273,0.939326
10274,0.505321
10275,0.332608
10276,0.270053
10277,0.167429
10278,0.081028
10279,0.975783
10280,0.026059
10281,0.693384
10282,0.028395
10283,0.463771
10284,0.322365
10285,0.032673
10286,0.104819
10287,0.221717
10288,0.885276
10289,0.805925
10290,0.064884
10291,0.043534
10292,0.019338
10293,0.113531
10294,0.301578
10295,0.383951
10296,0.963330
10297,0.089484
10298,0.093174
10299,0.160838
10300,0.928198
10301,0.006534
10302,0.855008
10303,0.084656
10304,0.144903
10305,0.043583
10306,0.856025
10307,0.136975
10308,0.134325
10309,0.145323
10310,0.071838
10311,0.121296
10312,0.959493
10313,0.032640
10314,0.003032
10315,0.718434
10316,0.244536
10317,0.096732
10318,0.345949
10319,0.022712
10320,0.130698
10321,0.071209
10322,0.107018
10323,0.135815
10324,0.004034
10325,0.267003
10326,0.465571
10327,0.010945
10328,0.819111
10329,0.203203
10330,0.026890
10331,0.049806
10332,0.059225
10333,0.252738
10334,0.919867
10335,0.929797
10336,0.379435
10337,0.510632
10338,0.513153
10339,0.572353
10340,0.803317
10341,0.053771
10342,0.836755
10343,0.882832
10344,0.798191
10345,0.023471
10346,0.952930
10347,0.934199
10348,0.051865
10349,0.726043
10350,0.094426
10351,0.960323
10352,0.011138
10353,0.936648
10354,0.554400
10355,0.111275
10356,0.116672
10357,0.072894
10358,0.966538
10359,0.016210
10360,0.940062
10361,0.934388
10362,0.010932
10363,0.034704
10364,0.384997
10365,0.013686
10366,0.111324
10367,0.033186
10368,0.977369
10369,0.048318
10370,0.005387
10371,0.378919
10372,0.028750
10373,0.521186
10374,0.960850
10375,0.005691
10376,0.045543
10377,0.110752
10378,0.608300
10379,0.037160
10380,0.106394
10381,0.030273
10382,0.963503
10383,0.992053
10384,0.038128
10385,0.061428
10386,0.119143
10387,0.009047
10388,0.094576
10389,0.031520
10390,0.461486
10391,0.008413
10392,0.140925
10393,0.016558
10394,0.774653
10395,0.174662
10396,0.517024
10397,0.208061
10398,0.913819
10399,0.146910
10400,0.719428
10401,0.609137
10402,0.387516
10403,0.035987
10404,0.013550
10405,0.573314
10406,0.668516
10407,0.013268
10408,0.961103
10409,0.096882
10410,0.628777
10411,0.098975
10412,0.136205
10413,0.047312
10414,0.972813
10415,0.093922
10416,0.558191
10417,0.075399
10418,0.960517
10419,0.173604
10420,0.614720
10421,0.599684
10422,0.703275
10423,0.078967
10424,0.826279
10425,0.239475
10426,0.017590
10427,0.054854
10428,0.036921
10429,0.088355
10430,0.211417
10431,0.574805
10432,0.943241
10433,0.080715
10434,0.017333
10435,0.059402
10436,0.068855
10437,0.010977
10438,0.012377
10439,0.002404
10440,0.002466
10441,0.784533
10442,0.927337
10443,0.232375
10444,0.253516
10445,0.035975
10446,0.012016
10447,0.535653
10448,0.023594
10449,0.974433
10450,0.953386
10451,0.231926
10452,0.965164
10453,0.824686
10454,0.130028
10455,0.013834
10456,0.008227
10457,0.008433
10458,0.873426
10459,0.053961
10460,0.052995
10461,0.351355
10462,0.183346
10463,0.065777
10464,0.957407
10465,0.027963
10466,0.135758
10467,0.034775
10468,0.630142
10469,0.778777
10470,0.739426
10471,0.026956
10472,0.871525
10473,0.110823
10474,0.180454
10475,0.034877
10476,0.116441
10477,0.935620
10478,0.938677
10479,0.069985
10480,0.967346
10481,0.935743
10482,0.122766
10483,0.078862
10484,0.961807
10485,0.059760
10486,0.122755
10487,0.063649
10488,0.093108
10489,0.209332
10490,0.714872
10491,0.041747
10492,0.004686
10493,0.978810
10494,0.303700
10495,0.968947
10496,0.130682
10497,0.049065
10498,0.280245
10499,0.047415
10500,0.965129
10501,0.311320
10502,0.641198
10503,0.973520
10504,0.213599
10505,0.082307
10506,0.466592
10507,0.076756
10508,0.026041
10509,0.067492
10510,0.386919
10511,0.232870
10512,0.046797
10513,0.080439
10514,0.804661
10515,0.017184
10516,0.769942
10517,0.044071
10518,0.355893
10519,0.702202
10520,0.950306
10521,0.210854
10522,0.008572
10523,0.023854
10524,0.935703
10525,0.567634
10526,0.193936
10527,0.411462
10528,0.834106
10529,0.949434
10530,0.085586
10531,0.086517
10532,0.026442
10533,0.095938
10534,0.062293
10535,0.553269
10536,0.965938
10537,0.100685
10538,0.043529
10539,0.055187
10540,0.749354
10541,0.904565
10542,0.119712
10543,0.887238
10544,0.815352
10545,0.939542
10546,0.991369
10547,0.779597
10548,0.037684
10549,0.958062
10550,0.287389
10551,0.007987
10552,0.011658
10553,0.029940
10554,0.928868
10555,0.155997
10556,0.253192
10557,0.072426
10558,0.871939
10559,0.829186
10560,0.052967
10561,0.005235
10562,0.175224
10563,0.954012
10564,0.721315
10565,0.009951
10566,0.510872
10567,0.022873
10568,0.097199
10569,0.194918
10570,0.386923
10571,0.141326
10572,0.190658
10573,0.213160
10574,0.957175
10575,0.006069
10576,0.008845
10577,0.960435
10578,0.847153
10579,0.063564
10580,0.007645
10581,0.026663
10582,0.914046
10583,0.981269
10584,0.040304
10585,0.958629
10586,0.171923
10587,0.910632
10588,0.022456
10589,0.183664
10590,0.550241
10591,0.008841
10592,0.945157
10593,0.048585
10594,0.042400
10595,0.006608
10596,0.190099
10597,0.931452
10598,0.105780
10599,0.175173
10600,0.192550
10601,0.730564
10602,0.058840
10603,0.935550
10604,0.003245
10605,0.694401
10606,0.969612
10607,0.017064
10608,0.049098
10609,0.148971
10610,0.075601
10611,0.937517
10612,0.020950
10613,0.037672
10614,0.030798
10615,0.056249
10616,0.189658
10617,0.759895
10618,0.956096
10619,0.011429
10620,0.962465
10621,0.188778
10622,0.503319
10623,0.098315
10624,0.076305
10625,0.144423
10626,0.136661
10627,0.080329
10628,0.522803
10629,0.007242
10630,0.971900
10631,0.003199
10632,0.056410
10633,0.025439
10634,0.626859
10635,0.897516
10636,0.497208
10637,0.987698
10638,0.118300
10639,0.298490
10640,0.245583
10641,0.246473
10642,0.395110
10643,0.003565
10644,0.020169
10645,0.989582
10646,0.006431
10647,0.008929
10648,0.007106
10649,0.916530
10650,0.224131
10651,0.099976
10652,0.977638
10653,0.455923
10654,0.865629
10655,0.174425
10656,0.976279
10657,0.165681
10658,0.236871
10659,0.035766
10660,0.003170
10661,0.963888
10662,0.041075
10663,0.131717
10664,0.108275
10665,0.010267
10666,0.687869
10667,0.276849
10668,0.590336
10669,0.020293
10670,0.032865
10671,0.006276
10672,0.003505
10673,0.249474
10674,0.345747
10675,0.783732
10676,0.037451
10677,0.963527
10678,0.058958
10679,0.099036
10680,0.005371
10681,0.431365
10682,0.046305
10683,0.508860
10684,0.025893
10685,0.954358
10686,0.940744
10687,0.029389
10688,0.024156
10689,0.868363
10690,0.006038
10691,0.280190
10692,0.907056
10693,0.803942
10694,0.034593
10695,0.587869
10696,0.099518
10697,0.025775
10698,0.767267
10699,0.993521
10700,0.879877
10701,0.116955
10702,0.011585
10703,0.922564
10704,0.405853
10705,0.974335
10706,0.661504
10707,0.949916
10708,0.004376
10709,0.111638
10710,0.005673
10711,0.003891
10712,0.194520
10713,0.109992
10714,0.004056
10715,0.298978
10716,0.802527
10717,0.109885
10718,0.004345
10719,0.110682
10720,0.729760
10721,0.964532
10722,0.941684
10723,0.956952
10724,0.007041
10725,0.193034
10726,0.933416
10727,0.949316
10728,0.035160
10729,0.050927
10730,0.009361
10731,0.981134
10732,0.109868
10733,0.104807
10734,0.181576
10735,0.966679
10736,0.015352
10737,0.427857
10738,0.005826
10739,0.852809
10740,0.319459
10741,0.349667
10742,0.763083
10743,0.004871
10744,0.770171
10745,0.205051
10746,0.842477
10747,0.019673
10748,0.825049
10749,0.982808
10750,0.804357
10751,0.020711
10752,0.059440
10753,0.222401
10754,0.117315
10755,0.010250
10756,0.203772
10757,0.520878
10758,0.575836
10759,0.119278
10760,0.342437
10761,0.014204
10762,0.046225
10763,0.524459
10764,0.950980
10765,0.863616
10766,0.045896
10767,0.106812
10768,0.010324
10769,0.150113
10770,0.944186
10771,0.061986
10772,0.027831
10773,0.004950
10774,0.014431
10775,0.491526
10776,0.487147
10777,0.030983
10778,0.066292
10779,0.960958
10780,0.005274
10781,0.110213
10782,0.004349
10783,0.836320
10784,0.114380
10785,0.326524
10786,0.958648
10787,0.236627
10788,0.029194
10789,0.983515
10790,0.337088
10791,0.075616
10792,0.009844
10793,0.275989
10794,0.229461
10795,0.338493
10796,0.047075
10797,0.052792
10798,0.639005
10799,0.275835
10800,0.134383
10801,0.024717
10802,0.013680
10803,0.048967
10804,0.968587
10805,0.872271
10806,0.075779
10807,0.074053
10808,0.035356
10809,0.114002
10810,0.901187
10811,0.034066
10812,0.035345
10813,0.020282
10814,0.097020
10815,0.349994
10816,0.097785
10817,0.956744
10818,0.097744
10819,0.109417
10820,0.003281
10821,0.072268
10822,0.044105
10823,0.053641
10824,0.013764
10825,0.107640
10826,0.131173
10827,0.004014
10828,0.228864
10829,0.104739
10830,0.042518
10831,0.586347
10832,0.308719
10833,0.060811
10834,0.070722
10835,0.336118
10836,0.009457
10837,0.469953
10838,0.450288
10839,0.152298
10840,0.027244
10841,0.062511
10842,0.880091
10843,0.964741
10844,0.243151
10845,0.064647
10846,0.158053
10847,0.022865
10848,0.308989
10849,0.101595
10850,0.281110
10851,0.364792
10852,0.869997
10853,0.084355
10854,0.003892
10855,0.022242
10856,0.204632
10857,0.045604
10858,0.226538
10859,0.959107
10860,0.202929
10861,0.056610
10862,0.084007
10863,0.088551
10864,0.927350
10865,0.330024
10866,0.113489
10867,0.063209
10868,0.032187
10869,0.966755
10870,0.207288
10871,0.023669
10872,0.072733
10873,0.105452
10874,0.972420
10875,0.218737
10876,0.083459
10877,0.025968
10878,0.006070
10879,0.941368
10880,0.037219
10881,0.943811
10882,0.896606
10883,0.696759
10884,0.953484
10885,0.012179
10886,0.752343
10887,0.052089
10888,0.947145
10889,0.099541
10890,0.917520
10891,0.010088
10892,0.005635
10893,0.953366
10894,0.959049
10895,0.958424
10896,0.119500
10897,0.086709
10898,0.018163
10899,0.008737
10900,0.037825
10901,0.539182
10902,0.107287
10903,0.214853
10904,0.014062
10905,0.496892
10906,0.170419
10907,0.055159
10908,0.690660
10909,0.017642
10910,0.957805
10911,0.960236
10912,0.016078
10913,0.869512
10914,0.990605
10915,0.802214
10916,0.955296
10917,0.230499
10918,0.357973
10919,0.164226
10920,0.969335
10921,0.981621
10922,0.944793
10923,0.759904
10924,0.686878
10925,0.133113
10926,0.530663
10927,0.014529
10928,0.595075
10929,0.966955
10930,0.315603
10931,0.109341
10932,0.010407
10933,0.176808
10934,0.304662
10935,0.959293
10936,0.241686
10937,0.111345
10938,0.974277
10939,0.257740
10940,0.877435
10941,0.970203
10942,0.734948
10943,0.014218
10944,0.032553
10945,0.153622
10946,0.018984
10947,0.054164
10948,0.005917
10949,0.013326
10950,0.009216
10951,0.935688
10952,0.062840
10953,0.024546
10954,0.127499
10955,0.259182
10956,0.513005
10957,0.004753
10958,0.030657
10959,0.005537
10960,0.934402
10961,0.338434
10962,0.667467
10963,0.301201
10964,0.006116
10965,0.837785
10966,0.655845
10967,0.964294
10968,0.184667
10969,0.183080
10970,0.031900
10971,0.151754
10972,0.566568
10973,0.582949
10974,0.254221
10975,0.531316
10976,0.132960
10977,0.946862
10978,0.104287
10979,0.007652
10980,0.807229
10981,0.364132
10982,0.965905
10983,0.058391
10984,0.052235
10985,0.930596
10986,0.069050
10987,0.024315
10988,0.101560
10989,0.099766
10990,0.050001
10991,0.150565
10992,0.021814
10993,0.059964
10994,0.005863
10995,0.289306
10996,0.508511
10997,0.063712
10998,0.038226
10999,0.045970
11000,0.025858
11001,0.016169
11002,0.343634
11003,0.453158
11004,0.972410
11005,0.006156
11006,0.008176
11007,0.081887
11008,0.107141
11009,0.037710
11010,0.069452
11011,0.008884
11012,0.143529
11013,0.554392
11014,0.050535
11015,0.077183
11016,0.011364
11017,0.947030
11018,0.008191
11019,0.129528
11020,0.923005
11021,0.024908
11022,0.192526
11023,0.003458
11024,0.766385
11025,0.113324
11026,0.650212
11027,0.363266
11028,0.880104
11029,0.031524
11030,0.035804
11031,0.019870
11032,0.937292
11033,0.067410
11034,0.042114
11035,0.915717
11036,0.072261
11037,0.930989
11038,0.222244
11039,0.973669
11040,0.012597
11041,0.081805
11042,0.953421
11043,0.034520
11044,0.139356
11045,0.894630
11046,0.023002
11047,0.642028
11048,0.041336
11049,0.016120
11050,0.768349
11051,0.226366
11052,0.242300
11053,0.564272
11054,0.983029
11055,0.953644
11056,0.120193
11057,0.056395
11058,0.167441
11059,0.057509
11060,0.331675
11061,0.733455
11062,0.953561
11063,0.004488
11064,0.850648
11065,0.962331
11066,0.077831
11067,0.056435
11068,0.948020
11069,0.955697
11070,0.086130
11071,0.024039
11072,0.934352
11073,0.062416
11074,0.990993
11075,0.047572
11076,0.117434
11077,0.032677
11078,0.505082
11079,0.026018
11080,0.004209
11081,0.011549
11082,0.802522
11083,0.188929
11084,0.042866
11085,0.103442
11086,0.170012
11087,0.008017
11088,0.004714
11089,0.975183
11090,0.970005
11091,0.047831
11092,0.936745
11093,0.717771
11094,0.160641
11095,0.944650
11096,0.494580
11097,0.070392
11098,0.111446
11099,0.951893
11100,0.078446
11101,0.143363
11102,0.029345
11103,0.872433
11104,0.122563
11105,0.154378
11106,0.954904
11107,0.973045
11108,0.374894
11109,0.959941
11110,0.048294
11111,0.962951
11112,0.075913
11113,0.004779
11114,0.169792
11115,0.274822
11116,0.236240
11117,0.945330
11118,0.107401
11119,0.971546
11120,0.009299
11121,0.070856
11122,0.022358
11123,0.990968
11124,0.787544
11125,0.973128
11126,0.063769
11127,0.067518
11128,0.953309
11129,0.032333
11130,0.149117
11131,0.883560
11132,0.074953
11133,0.536019
11134,0.084688
11135,0.962697
11136,0.212649
11137,0.012565
11138,0.950232
11139,0.033745
11140,0.947910
11141,0.015978
11142,0.085418
11143,0.945950
11144,0.025131
11145,0.118919
11146,0.972697
11147,0.010434
11148,0.961378
11149,0.072391
11150,0.852290
11151,0.097535
11152,0.019002
11153,0.752458
11154,0.052270
11155,0.184624
11156,0.048072
11157,0.379637
11158,0.802732
11159,0.020166
11160,0.929959
11161,0.976699
11162,0.381195
11163,0.883486
11164,0.050073
11165,0.279502
11166,0.124278
11167,0.032863
11168,0.819136
11169,0.393281
11170,0.014844
11171,0.860435
11172,0.054201
11173,0.006043
11174,0.148687
11175,0.150358
11176,0.032318
11177,0.962270
11178,0.008535
11179,0.014800
11180,0.871613
11181,0.244592
11182,0.956949
11183,0.430898
11184,0.003194
11185,0.935304
11186,0.077679
11187,0.957992
11188,0.130687
11189,0.110712
11190,0.071784
11191,0.970984
11192,0.181019
11193,0.065101
11194,0.083819
11195,0.217044
11196,0.007893
11197,0.050652
11198,0.713076
11199,0.906049
11200,0.251516
11201,0.014517
11202,0.003073
11203,0.131938
11204,0.006739
11205,0.015624
11206,0.005245
11207,0.255725
11208,0.015804
11209,0.949691
11210,0.055045
11211,0.060297
11212,0.079001
11213,0.008936
11214,0.729299
11215,0.051934
11216,0.130616
11217,0.153870
11218,0.101722
11219,0.980873
11220,0.083945
11221,0.360048
11222,0.139066
11223,0.004198
11224,0.052494
11225,0.977827
11226,0.011920
11227,0.117264
11228,0.541696
11229,0.120779
11230,0.004829
11231,0.980779
