index,target
0,0.007798
1,0.861853
2,0.077660
3,0.038529
4,0.994002
5,0.005789
6,0.911533
7,0.108659
8,0.016114
9,0.875773
10,0.004676
11,0.003089
12,0.079719
13,0.596761
14,0.471701
15,0.424367
16,0.166892
17,0.925867
18,0.827765
19,0.973223
20,0.129552
21,0.732498
22,0.981555
23,0.104526
24,0.972636
25,0.018394
26,0.007868
27,0.012818
28,0.020449
29,0.002406
30,0.025847
31,0.004854
32,0.005293
33,0.381512
34,0.102811
35,0.209984
36,0.864038
37,0.007422
38,0.071302
39,0.111129
40,0.193303
41,0.946331
42,0.005588
43,0.337795
44,0.882659
45,0.018981
46,0.711150
47,0.096398
48,0.385479
49,0.046776
50,0.056730
51,0.004661
52,0.281061
53,0.009649
54,0.127103
55,0.019303
56,0.028237
57,0.958541
58,0.029088
59,0.799979
60,0.201012
61,0.012378
62,0.876293
63,0.691329
64,0.224373
65,0.003491
66,0.040129
67,0.945656
68,0.980659
69,0.325511
70,0.077699
71,0.470216
72,0.062557
73,0.123987
74,0.085355
75,0.009563
76,0.003173
77,0.004678
78,0.022182
79,0.725195
80,0.215656
81,0.226814
82,0.120093
83,0.121578
84,0.134531
85,0.526638
86,0.655803
87,0.019815
88,0.136494
89,0.002560
90,0.736785
91,0.057613
92,0.060313
93,0.069229
94,0.073182
95,0.757413
96,0.446628
97,0.089574
98,0.977727
99,0.290564
100,0.003973
101,0.068077
102,0.045492
103,0.107531
104,0.526091
105,0.060798
106,0.899504
107,0.682308
108,0.220224
109,0.143845
110,0.950211
111,0.018835
112,0.119175
113,0.012129
114,0.011314
115,0.227317
116,0.950532
117,0.281555
118,0.342718
119,0.988395
120,0.972425
121,0.002545
122,0.281322
123,0.117902
124,0.133290
125,0.087057
126,0.026246
127,0.132880
128,0.110774
129,0.146301
130,0.003358
131,0.035091
132,0.984814
133,0.056183
134,0.976221
135,0.931820
136,0.977401
137,0.891023
138,0.816056
139,0.090655
140,0.014319
141,0.404068
142,0.010916
143,0.047509
144,0.003781
145,0.984588
146,0.750614
147,0.952588
148,0.961471
149,0.044077
150,0.534014
151,0.121573
152,0.068795
153,0.008949
154,0.041621
155,0.023564
156,0.416676
157,0.551439
158,0.065681
159,0.031673
160,0.006361
161,0.488352
162,0.038994
163,0.691630
164,0.040013
165,0.038881
166,0.091764
167,0.012199
168,0.980504
169,0.006367
170,0.035727
171,0.036888
172,0.103029
173,0.908057
174,0.007423
175,0.008444
176,0.975826
177,0.974914
178,0.003608
179,0.941564
180,0.124346
181,0.040027
182,0.890174
183,0.121452
184,0.955345
185,0.068291
186,0.578418
187,0.005528
188,0.162203
189,0.014663
190,0.007875
191,0.925502
192,0.055890
193,0.038036
194,0.106110
195,0.983521
196,0.039588
197,0.984557
198,0.097248
199,0.325131
200,0.141529
201,0.019889
202,0.961668
203,0.003960
204,0.034572
205,0.014349
206,0.099261
207,0.912596
208,0.043164
209,0.998585
210,0.105468
211,0.004188
212,0.448893
213,0.008421
214,0.019804
215,0.225581
216,0.043051
217,0.484301
218,0.799660
219,0.595468
220,0.148052
221,0.034903
222,0.015188
223,0.019296
224,0.267823
225,0.989204
226,0.945223
227,0.043864
228,0.930480
229,0.002708
230,0.032609
231,0.989915
232,0.208680
233,0.026517
234,0.242248
235,0.075051
236,0.238561
237,0.592144
238,0.057531
239,0.976724
240,0.046878
241,0.014673
242,0.181439
243,0.267306
244,0.868836
245,0.154078
246,0.097086
247,0.007687
248,0.644929
249,0.997040
250,0.098149
251,0.041316
252,0.044153
253,0.154584
254,0.049900
255,0.214921
256,0.269691
257,0.846049
258,0.011011
259,0.016832
260,0.179274
261,0.043861
262,0.996476
263,0.942813
264,0.005594
265,0.101244
266,0.837727
267,0.122430
268,0.005820
269,0.002842
270,0.438008
271,0.389739
272,0.053916
273,0.023976
274,0.997549
275,0.997682
276,0.081959
277,0.014302
278,0.009320
279,0.029050
280,0.971769
281,0.954409
282,0.973371
283,0.008108
284,0.144614
285,0.101858
286,0.016053
287,0.012354
288,0.989236
289,0.257605
290,0.188558
291,0.975390
292,0.859241
293,0.989005
294,0.005059
295,0.079237
296,0.147051
297,0.073073
298,0.004382
299,0.991191
300,0.128489
301,0.926379
302,0.857362
303,0.063759
304,0.695269
305,0.817435
306,0.096896
307,0.039057
308,0.563110
309,0.546736
310,0.977011
311,0.053828
312,0.396921
313,0.006118
314,0.514891
315,0.024762
316,0.971774
317,0.023339
318,0.003657
319,0.776982
320,0.157705
321,0.036154
322,0.002006
323,0.030139
324,0.146306
325,0.849265
326,0.083627
327,0.813803
328,0.011114
329,0.009176
330,0.840196
331,0.018778
332,0.210193
333,0.057251
334,0.347665
335,0.185228
336,0.038729
337,0.980296
338,0.010448
339,0.027112
340,0.004144
341,0.988849
342,0.894934
343,0.118955
344,0.060932
345,0.969354
346,0.404296
347,0.076677
348,0.003039
349,0.373488
350,0.996752
351,0.020529
352,0.052360
353,0.041461
354,0.062374
355,0.070013
356,0.950891
357,0.030649
358,0.966855
359,0.195940
360,0.076016
361,0.646014
362,0.007309
363,0.060396
364,0.009300
365,0.668475
366,0.023457
367,0.477213
368,0.464718
369,0.949886
370,0.646801
371,0.847133
372,0.020606
373,0.134580
374,0.022055
375,0.816101
376,0.107511
377,0.032380
378,0.012568
379,0.009983
380,0.061929
381,0.098276
382,0.944153
383,0.060750
384,0.114325
385,0.144168
386,0.032408
387,0.552448
388,0.090252
389,0.031083
390,0.805986
391,0.020350
392,0.016686
393,0.804555
394,0.977521
395,0.801847
396,0.957375
397,0.372836
398,0.155732
399,0.002500
400,0.065924
401,0.005584
402,0.005769
403,0.140076
404,0.010712
405,0.029655
406,0.980834
407,0.591906
408,0.021657
409,0.094274
410,0.085205
411,0.848549
412,0.107471
413,0.505098
414,0.073314
415,0.018648
416,0.909533
417,0.197662
418,0.046923
419,0.983100
420,0.126542
421,0.002887
422,0.011478
423,0.738772
424,0.949170
425,0.014039
426,0.141145
427,0.005687
428,0.947187
429,0.976867
430,0.995551
431,0.123877
432,0.379365
433,0.030548
434,0.868458
435,0.017058
436,0.970798
437,0.044522
438,0.043889
439,0.989280
440,0.810311
441,0.089398
442,0.031800
443,0.004906
444,0.248352
445,0.029126
446,0.990270
447,0.221678
448,0.013632
449,0.461966
450,0.039902
451,0.646685
452,0.952430
453,0.383449
454,0.056158
455,0.900199
456,0.891342
457,0.032130
458,0.310202
459,0.608535
460,0.178587
461,0.722521
462,0.319765
463,0.932672
464,0.032274
465,0.982833
466,0.958515
467,0.010735
468,0.712080
469,0.964643
470,0.095266
471,0.267636
472,0.946513
473,0.025694
474,0.030820
475,0.007454
476,0.012640
477,0.075350
478,0.073740
479,0.677930
480,0.014133
481,0.988418
482,0.100534
483,0.970112
484,0.754751
485,0.018399
486,0.029680
487,0.084357
488,0.007997
489,0.007942
490,0.048513
491,0.015936
492,0.003207
493,0.034865
494,0.377389
495,0.122629
496,0.016198
497,0.701242
498,0.259520
499,0.058922
500,0.976552
501,0.069477
502,0.063867
503,0.295748
504,0.780710
505,0.165104
506,0.014540
507,0.989567
508,0.767294
509,0.040524
510,0.037447
511,0.756939
512,0.017437
513,0.977209
514,0.978118
515,0.953849
516,0.961661
517,0.419174
518,0.111630
519,0.111234
520,0.568992
521,0.131272
522,0.949724
523,0.557680
524,0.096212
525,0.942853
526,0.396057
527,0.006115
528,0.285585
529,0.985226
530,0.008939
531,0.003551
532,0.018774
533,0.012066
534,0.006205
535,0.074762
536,0.084825
537,0.915550
538,0.060289
539,0.927412
540,0.407243
541,0.043764
542,0.002716
543,0.435698
544,0.842061
545,0.009781
546,0.412859
547,0.002742
548,0.042143
549,0.032152
550,0.979550
551,0.774916
552,0.296331
553,0.009684
554,0.083157
555,0.822029
556,0.024344
557,0.068695
558,0.643763
559,0.009679
560,0.041175
561,0.280446
562,0.978990
563,0.483367
564,0.004101
565,0.852376
566,0.074278
567,0.013911
568,0.475040
569,0.252627
570,0.174458
571,0.143891
572,0.750904
573,0.038048
574,0.512508
575,0.084079
576,0.964796
577,0.007716
578,0.028254
579,0.148417
580,0.073694
581,0.114616
582,0.003897
583,0.004932
584,0.002404
585,0.407898
586,0.598255
587,0.619892
588,0.005754
589,0.087970
590,0.085997
591,0.003216
592,0.065989
593,0.017333
594,0.072563
595,0.211253
596,0.058814
597,0.069302
598,0.194498
599,0.960165
600,0.022232
601,0.018226
602,0.022690
603,0.071001
604,0.883697
605,0.047964
606,0.037362
607,0.006300
608,0.005905
609,0.004399
610,0.075273
611,0.113742
612,0.013222
613,0.006901
614,0.124166
615,0.508802
616,0.015340
617,0.043968
618,0.004061
619,0.029487
620,0.017132
621,0.005161
622,0.462941
623,0.023091
624,0.048327
625,0.423870
626,0.873787
627,0.984313
628,0.008237
629,0.930806
630,0.013706
631,0.033981
632,0.542356
633,0.981502
634,0.031230
635,0.510021
636,0.010899
637,0.007044
638,0.008863
639,0.970588
640,0.101857
641,0.809982
642,0.045111
643,0.019133
644,0.939520
645,0.008208
646,0.018840
647,0.062705
648,0.191793
649,0.468361
650,0.051177
651,0.975527
652,0.957399
653,0.015041
654,0.043289
655,0.002236
656,0.185518
657,0.959243
658,0.569130
659,0.135338
660,0.009154
661,0.408138
662,0.050763
663,0.136469
664,0.550368
665,0.030190
666,0.028935
667,0.977725
668,0.269132
669,0.614883
670,0.029465
671,0.384390
672,0.029613
673,0.044977
674,0.997905
675,0.042548
676,0.020093
677,0.565441
678,0.061891
679,0.656934
680,0.253713
681,0.046940
682,0.963790
683,0.102384
684,0.166190
685,0.120284
686,0.074312
687,0.037725
688,0.975292
689,0.080205
690,0.953840
691,0.078433
692,0.003387
693,0.857994
694,0.022717
695,0.880067
696,0.014884
697,0.309622
698,0.996044
699,0.014701
700,0.016316
701,0.133201
702,0.003514
703,0.002067
704,0.016162
705,0.016694
706,0.059319
707,0.511890
708,0.088425
709,0.021700
710,0.036262
711,0.048351
712,0.997211
713,0.068308
714,0.959423
715,0.079244
716,0.006908
717,0.219486
718,0.104341
719,0.013274
720,0.023345
721,0.115848
722,0.300687
723,0.768903
724,0.907660
725,0.744088
726,0.033117
727,0.935369
728,0.146189
729,0.194100
730,0.123688
731,0.008301
732,0.986468
733,0.943297
734,0.156323
735,0.050382
736,0.888968
737,0.031853
738,0.334645
739,0.461721
740,0.991691
741,0.784994
742,0.266491
743,0.175677
744,0.063708
745,0.016320
746,0.949802
747,0.871275
748,0.094926
749,0.620933
750,0.038464
751,0.092547
752,0.079544
753,0.235810
754,0.012199
755,0.016275
756,0.300498
757,0.058298
758,0.006281
759,0.015350
760,0.818937
761,0.055351
762,0.803794
763,0.019712
764,0.004912
765,0.970365
766,0.192202
767,0.807395
768,0.337021
769,0.662566
770,0.122552
771,0.021063
772,0.982017
773,0.007113
774,0.341726
775,0.995286
776,0.364483
777,0.012719
778,0.464283
779,0.314287
780,0.004690
781,0.019401
782,0.514755
783,0.061071
784,0.605453
785,0.977369
786,0.767672
787,0.005417
788,0.940024
789,0.029899
790,0.771003
791,0.045180
792,0.066606
793,0.047458
794,0.303790
795,0.130334
796,0.042269
797,0.005671
798,0.724171
799,0.184153
800,0.467424
801,0.836389
802,0.005384
803,0.005648
804,0.052216
805,0.081070
806,0.011414
807,0.031437
808,0.129134
809,0.320287
810,0.066366
811,0.057875
812,0.976557
813,0.268859
814,0.961537
815,0.022903
816,0.251235
817,0.951612
818,0.552095
819,0.015038
820,0.983843
821,0.997655
822,0.149815
823,0.016790
824,0.383836
825,0.002496
826,0.150491
827,0.102566
828,0.025661
829,0.983056
830,0.856810
831,0.027696
832,0.988589
833,0.466278
834,0.904452
835,0.002874
836,0.275058
837,0.311028
838,0.273864
839,0.993682
840,0.093105
841,0.015213
842,0.194263
843,0.008410
844,0.260865
845,0.997475
846,0.997888
847,0.017045
848,0.005669
849,0.817442
850,0.471044
851,0.875909
852,0.147743
853,0.032665
854,0.921086
855,0.009357
856,0.818618
857,0.975023
858,0.020590
859,0.826142
860,0.008646
861,0.819864
862,0.313272
863,0.909559
864,0.004245
865,0.478291
866,0.908964
867,0.030597
868,0.091514
869,0.834771
870,0.024369
871,0.997360
872,0.024088
873,0.018192
874,0.967308
875,0.668531
876,0.012358
877,0.090645
878,0.145670
879,0.865397
880,0.061470
881,0.058383
882,0.816415
883,0.171107
884,0.024439
885,0.979718
886,0.018147
887,0.970784
888,0.046231
889,0.005312
890,0.168891
891,0.418629
892,0.154959
893,0.073134
894,0.583928
895,0.307315
896,0.910516
897,0.081808
898,0.003904
899,0.716206
900,0.136671
901,0.007925
902,0.494018
903,0.855652
904,0.030289
905,0.980967
906,0.076021
907,0.010188
908,0.988644
909,0.023969
910,0.032967
911,0.054010
912,0.025439
913,0.063430
914,0.027219
915,0.039462
916,0.160172
917,0.472482
918,0.072415
919,0.572332
920,0.006631
921,0.024393
922,0.049692
923,0.998135
924,0.968922
925,0.916611
926,0.048440
927,0.077390
928,0.012223
929,0.583204
930,0.390101
931,0.024649
932,0.948990
933,0.011626
934,0.025525
935,0.035592
936,0.990963
937,0.031559
938,0.025721
939,0.519113
940,0.035291
941,0.983577
942,0.961075
943,0.995703
944,0.470847
945,0.389509
946,0.024884
947,0.834046
948,0.031235
949,0.036432
950,0.988329
951,0.307477
952,0.264099
953,0.063274
954,0.079905
955,0.489324
956,0.948294
957,0.313175
958,0.007509
959,0.487001
960,0.003440
961,0.976908
962,0.041014
963,0.454614
964,0.438191
965,0.044976
966,0.331331
967,0.005106
968,0.008718
969,0.002794
970,0.173734
971,0.111452
972,0.997253
973,0.082287
974,0.606675
975,0.008314
976,0.011966
977,0.853804
978,0.055065
979,0.993757
980,0.930374
981,0.984412
982,0.349601
983,0.027119
984,0.971188
985,0.035303
986,0.959571
987,0.127160
988,0.293646
989,0.851067
990,0.958312
991,0.108936
992,0.020819
993,0.038307
994,0.012018
995,0.997010
996,0.036795
997,0.044325
998,0.191808
999,0.823900
1000,0.947306
1001,0.990290
1002,0.005019
1003,0.009027
1004,0.488311
1005,0.908640
1006,0.995355
1007,0.319993
1008,0.040022
1009,0.304548
1010,0.025579
1011,0.145098
1012,0.054924
1013,0.298043
1014,0.484559
1015,0.034864
1016,0.017531
1017,0.461371
1018,0.745042
1019,0.003279
1020,0.040873
1021,0.976010
1022,0.561118
1023,0.852238
1024,0.009560
1025,0.015275
1026,0.011878
1027,0.089221
1028,0.026391
1029,0.164320
1030,0.003289
1031,0.084157
1032,0.379042
1033,0.004254
1034,0.566435
1035,0.022514
1036,0.196624
1037,0.966710
1038,0.033973
1039,0.947334
1040,0.365794
1041,0.041170
1042,0.035012
1043,0.492708
1044,0.002691
1045,0.097862
1046,0.005294
1047,0.108157
1048,0.733888
1049,0.801943
1050,0.005000
1051,0.094551
1052,0.040454
1053,0.973423
1054,0.627457
1055,0.084596
1056,0.225104
1057,0.263371
1058,0.003849
1059,0.956649
1060,0.260944
1061,0.036423
1062,0.005246
1063,0.167440
1064,0.956081
1065,0.052000
1066,0.011020
1067,0.226368
1068,0.160263
1069,0.987150
1070,0.315842
1071,0.431145
1072,0.028749
1073,0.929615
1074,0.005608
1075,0.014005
1076,0.003161
1077,0.018558
1078,0.023144
1079,0.910280
1080,0.005780
1081,0.036310
1082,0.896165
1083,0.063043
1084,0.900009
1085,0.478095
1086,0.822909
1087,0.337984
1088,0.003078
1089,0.936615
1090,0.028333
1091,0.976390
1092,0.038775
1093,0.058456
1094,0.998298
1095,0.854241
1096,0.039371
1097,0.707084
1098,0.023862
1099,0.359152
1100,0.165184
1101,0.025909
1102,0.124113
1103,0.138250
1104,0.047801
1105,0.165613
1106,0.152625
1107,0.064536
1108,0.018925
1109,0.403481
1110,0.849298
1111,0.009651
1112,0.034469
1113,0.437625
1114,0.491258
1115,0.280343
1116,0.081850
1117,0.817507
1118,0.121311
1119,0.010776
1120,0.027147
1121,0.043177
1122,0.025270
1123,0.529264
1124,0.022172
1125,0.151258
1126,0.963169
1127,0.397101
1128,0.009185
1129,0.049448
1130,0.006342
1131,0.016062
1132,0.009136
1133,0.003357
1134,0.996942
1135,0.015943
1136,0.016166
1137,0.002960
1138,0.955505
1139,0.083642
1140,0.525009
1141,0.985468
1142,0.009221
1143,0.102370
1144,0.798988
1145,0.943552
1146,0.998131
1147,0.082038
1148,0.002839
1149,0.379417
1150,0.927911
1151,0.002336
1152,0.121912
1153,0.989925
1154,0.136306
1155,0.018258
1156,0.194486
1157,0.301066
1158,0.630078
1159,0.863677
1160,0.015016
1161,0.017687
1162,0.268930
1163,0.007018
1164,0.273257
1165,0.021160
1166,0.433182
1167,0.954488
1168,0.970486
1169,0.768426
1170,0.006281
1171,0.018936
1172,0.957819
1173,0.041954
1174,0.027244
1175,0.210648
1176,0.038912
1177,0.004351
1178,0.010199
1179,0.007679
1180,0.968195
1181,0.069081
1182,0.018124
1183,0.052930
1184,0.666762
1185,0.043214
1186,0.859956
1187,0.007893
1188,0.004382
1189,0.163349
1190,0.059171
1191,0.100813
1192,0.947204
1193,0.068333
1194,0.036799
1195,0.007321
1196,0.315354
1197,0.907068
1198,0.108729
1199,0.972169
1200,0.445605
1201,0.157648
1202,0.204490
1203,0.036320
1204,0.532375
1205,0.027545
1206,0.697176
1207,0.017064
1208,0.155025
1209,0.039336
1210,0.958598
1211,0.497057
1212,0.012494
1213,0.010286
1214,0.025601
1215,0.031509
1216,0.012376
1217,0.491962
1218,0.039720
1219,0.013308
1220,0.810657
1221,0.072777
1222,0.493313
1223,0.051140
1224,0.197219
1225,0.781059
1226,0.089638
1227,0.976010
1228,0.084776
1229,0.755204
1230,0.007278
1231,0.953274
1232,0.754938
1233,0.019672
1234,0.033369
1235,0.839313
1236,0.423082
1237,0.183946
1238,0.081215
1239,0.553155
1240,0.588579
1241,0.021019
1242,0.010851
1243,0.289346
1244,0.416443
1245,0.035139
1246,0.003120
1247,0.018710
1248,0.098202
1249,0.991501
1250,0.296817
1251,0.012441
1252,0.912279
1253,0.974543
1254,0.996514
1255,0.781753
1256,0.069515
1257,0.971511
1258,0.004612
1259,0.997754
1260,0.486940
1261,0.061874
1262,0.003062
1263,0.005835
1264,0.075574
1265,0.977178
1266,0.014897
1267,0.969995
1268,0.150671
1269,0.027758
1270,0.406792
1271,0.018418
1272,0.069579
1273,0.288104
1274,0.934335
1275,0.269453
1276,0.031533
1277,0.361550
1278,0.313385
1279,0.009503
1280,0.952915
1281,0.023522
1282,0.930327
1283,0.025965
1284,0.109441
1285,0.458301
1286,0.156111
1287,0.356010
1288,0.252600
1289,0.002402
1290,0.346570
1291,0.183797
1292,0.134574
1293,0.031552
1294,0.155227
1295,0.527318
1296,0.802959
1297,0.042415
1298,0.019528
1299,0.009516
1300,0.288469
1301,0.037680
1302,0.079277
1303,0.968724
1304,0.044516
1305,0.994369
1306,0.200656
1307,0.008091
1308,0.003947
1309,0.986531
1310,0.069989
1311,0.051914
1312,0.508946
1313,0.004572
1314,0.920605
1315,0.032963
1316,0.057470
1317,0.560547
1318,0.292525
1319,0.252268
1320,0.203412
1321,0.929011
1322,0.016753
1323,0.030403
1324,0.048082
1325,0.014423
1326,0.962235
1327,0.861926
1328,0.014664
1329,0.224398
1330,0.936699
1331,0.285655
1332,0.029535
1333,0.017085
1334,0.880757
1335,0.382077
1336,0.010513
1337,0.009306
1338,0.015944
1339,0.057578
1340,0.503237
1341,0.944528
1342,0.956401
1343,0.199234
1344,0.266421
1345,0.038553
1346,0.997422
1347,0.899188
1348,0.063421
1349,0.009701
1350,0.104540
1351,0.058518
1352,0.256121
1353,0.016426
1354,0.115050
1355,0.983964
1356,0.026083
1357,0.455662
1358,0.197718
1359,0.049130
1360,0.960812
1361,0.146792
1362,0.890699
1363,0.927666
1364,0.025434
1365,0.979123
1366,0.050259
1367,0.963003
1368,0.867213
1369,0.226979
1370,0.336922
1371,0.192683
1372,0.020723
1373,0.241143
1374,0.019965
1375,0.951924
1376,0.075840
1377,0.998308
1378,0.025304
1379,0.013444
1380,0.924746
1381,0.833998
1382,0.001907
1383,0.985457
1384,0.015178
1385,0.535425
1386,0.823023
1387,0.970159
1388,0.842756
1389,0.996758
1390,0.009005
1391,0.986057
1392,0.413929
1393,0.678824
1394,0.004177
1395,0.654199
1396,0.061563
1397,0.018199
1398,0.015351
1399,0.988731
1400,0.024697
1401,0.009131
1402,0.006124
1403,0.309082
1404,0.011262
1405,0.097230
1406,0.026404
1407,0.195509
1408,0.016804
1409,0.002841
1410,0.009712
1411,0.077453
1412,0.572448
1413,0.966239
1414,0.023978
1415,0.185561
1416,0.974228
1417,0.048363
1418,0.185904
1419,0.532252
1420,0.247177
1421,0.978336
1422,0.035109
1423,0.004090
1424,0.005915
1425,0.015609
1426,0.025999
1427,0.009708
1428,0.031416
1429,0.011786
1430,0.103620
1431,0.766597
1432,0.065640
1433,0.784481
1434,0.674705
1435,0.010327
1436,0.003438
1437,0.907361
1438,0.012232
1439,0.982549
1440,0.012252
1441,0.039454
1442,0.444554
1443,0.009700
1444,0.088958
1445,0.810645
1446,0.855139
1447,0.070339
1448,0.082655
1449,0.897735
1450,0.255326
1451,0.004297
1452,0.301988
1453,0.967097
1454,0.983074
1455,0.070330
1456,0.048693
1457,0.042410
1458,0.970950
1459,0.973106
1460,0.018352
1461,0.036865
1462,0.048928
1463,0.926676
1464,0.217291
1465,0.021297
1466,0.758972
1467,0.389089
1468,0.967803
1469,0.987622
1470,0.984827
1471,0.284711
1472,0.274730
1473,0.962081
1474,0.391249
1475,0.178679
1476,0.982798
1477,0.812277
1478,0.168353
1479,0.030676
1480,0.277031
1481,0.014349
1482,0.963979
1483,0.036793
1484,0.043607
1485,0.034760
1486,0.126440
1487,0.301876
1488,0.198617
1489,0.027239
1490,0.773774
1491,0.004560
1492,0.982119
1493,0.995254
1494,0.994950
1495,0.091072
1496,0.620023
1497,0.017808
1498,0.797921
1499,0.826416
1500,0.054620
1501,0.070535
1502,0.095834
1503,0.051011
1504,0.066158
1505,0.259411
1506,0.149326
1507,0.784539
1508,0.041629
1509,0.006961
1510,0.154883
1511,0.567728
1512,0.028500
1513,0.453709
1514,0.832149
1515,0.024951
1516,0.094069
1517,0.004182
1518,0.318799
1519,0.083479
1520,0.011913
1521,0.009917
1522,0.088899
1523,0.021598
1524,0.893094
1525,0.009071
1526,0.005849
1527,0.679535
1528,0.030155
1529,0.877454
1530,0.024905
1531,0.277657
1532,0.955668
1533,0.101977
1534,0.064948
1535,0.005461
1536,0.057412
1537,0.564828
1538,0.163168
1539,0.611459
1540,0.939622
1541,0.867054
1542,0.064164
1543,0.003417
1544,0.040484
1545,0.064439
1546,0.774583
1547,0.728572
1548,0.038568
1549,0.914718
1550,0.642662
1551,0.116800
1552,0.003128
1553,0.876681
1554,0.016627
1555,0.005020
1556,0.005277
1557,0.092034
1558,0.010353
1559,0.157496
1560,0.024381
1561,0.049445
1562,0.221654
1563,0.430919
1564,0.122983
1565,0.027272
1566,0.004157
1567,0.141020
1568,0.706451
1569,0.243906
1570,0.039991
1571,0.508488
1572,0.226263
1573,0.408438
1574,0.301791
1575,0.041984
1576,0.811409
1577,0.126366
1578,0.006821
1579,0.640235
1580,0.981430
1581,0.975958
1582,0.090937
1583,0.014556
1584,0.085064
1585,0.976128
1586,0.018045
1587,0.008538
1588,0.940266
1589,0.948644
1590,0.043767
1591,0.025475
1592,0.031361
1593,0.087108
1594,0.005086
1595,0.374338
1596,0.139105
1597,0.827415
1598,0.412857
1599,0.080870
1600,0.050486
1601,0.198460
1602,0.247457
1603,0.926140
1604,0.837699
1605,0.981973
1606,0.011231
1607,0.028006
1608,0.035102
1609,0.794721
1610,0.784356
1611,0.846006
1612,0.085420
1613,0.060839
1614,0.052800
1615,0.963250
1616,0.140103
1617,0.003133
1618,0.021894
1619,0.045175
1620,0.051985
1621,0.861984
1622,0.066648
1623,0.065723
1624,0.966839
1625,0.004732
1626,0.009099
1627,0.262805
1628,0.986670
1629,0.019125
1630,0.040689
1631,0.015766
1632,0.059355
1633,0.880619
1634,0.578424
1635,0.018112
1636,0.090877
1637,0.239195
1638,0.996245
1639,0.094525
1640,0.146275
1641,0.037296
1642,0.031691
1643,0.032376
1644,0.061644
1645,0.005501
1646,0.063238
1647,0.211866
1648,0.008156
1649,0.006530
1650,0.140652
1651,0.094274
1652,0.089191
1653,0.026146
1654,0.118677
1655,0.146465
1656,0.580514
1657,0.156954
1658,0.184894
1659,0.151784
1660,0.007758
1661,0.605157
1662,0.181096
1663,0.244581
1664,0.003929
1665,0.769444
1666,0.358593
1667,0.960176
1668,0.033595
1669,0.015449
1670,0.014939
1671,0.090841
1672,0.103946
1673,0.004875
1674,0.984821
1675,0.013360
1676,0.004014
1677,0.517260
1678,0.123715
1679,0.024758
1680,0.105668
1681,0.153617
1682,0.002758
1683,0.021512
1684,0.005468
1685,0.064798
1686,0.048910
1687,0.156271
1688,0.051199
1689,0.996181
1690,0.231632
1691,0.951138
1692,0.986745
1693,0.985009
1694,0.581197
1695,0.939858
1696,0.959844
1697,0.039786
1698,0.211043
1699,0.516979
1700,0.323362
1701,0.008951
1702,0.023225
1703,0.997993
1704,0.007044
1705,0.490141
1706,0.032932
1707,0.230310
1708,0.015435
1709,0.962373
1710,0.003020
1711,0.064626
1712,0.038034
1713,0.158757
1714,0.205663
1715,0.004194
1716,0.010029
1717,0.238327
1718,0.075789
1719,0.122286
1720,0.003816
1721,0.040061
1722,0.037729
1723,0.920182
1724,0.004190
1725,0.043543
1726,0.013656
1727,0.376082
1728,0.324820
1729,0.016857
1730,0.985218
1731,0.516000
1732,0.008434
1733,0.987139
1734,0.961993
1735,0.084591
1736,0.060073
1737,0.998066
1738,0.169289
1739,0.850166
1740,0.013371
1741,0.980410
1742,0.013544
1743,0.040626
1744,0.011103
1745,0.130255
1746,0.047278
1747,0.004321
1748,0.028735
1749,0.982564
1750,0.045104
1751,0.002172
1752,0.887446
1753,0.240348
1754,0.259815
1755,0.929755
1756,0.672612
1757,0.017902
1758,0.131118
1759,0.014650
1760,0.650096
1761,0.010913
1762,0.919044
1763,0.182557
1764,0.058437
1765,0.068823
1766,0.024430
1767,0.899257
1768,0.986650
1769,0.003404
1770,0.039740
1771,0.841915
1772,0.943940
1773,0.997490
1774,0.723555
1775,0.898891
1776,0.755050
1777,0.002515
1778,0.058723
1779,0.412020
1780,0.004699
1781,0.984878
1782,0.017258
1783,0.765546
1784,0.201907
1785,0.010540
1786,0.644174
1787,0.679356
1788,0.012758
1789,0.017788
1790,0.028883
1791,0.009376
1792,0.156769
1793,0.085756
1794,0.004421
1795,0.034750
1796,0.166170
1797,0.230738
1798,0.056785
1799,0.022366
1800,0.029523
1801,0.029501
1802,0.107841
1803,0.618544
1804,0.002483
1805,0.069136
1806,0.706615
1807,0.008378
1808,0.089099
1809,0.091588
1810,0.012656
1811,0.024831
1812,0.163949
1813,0.062668
1814,0.353368
1815,0.068438
1816,0.066048
1817,0.284724
1818,0.029366
1819,0.091752
1820,0.983758
1821,0.009028
1822,0.260568
1823,0.193675
1824,0.027112
1825,0.976687
1826,0.022420
1827,0.976705
1828,0.008429
1829,0.101935
1830,0.326454
1831,0.060888
1832,0.070551
1833,0.985037
1834,0.080954
1835,0.015815
1836,0.028671
1837,0.027226
1838,0.016284
1839,0.020577
1840,0.056152
1841,0.973782
1842,0.063208
1843,0.192715
1844,0.009489
1845,0.976536
1846,0.048923
1847,0.018936
1848,0.866189
1849,0.382767
1850,0.115350
1851,0.044850
1852,0.054689
1853,0.065262
1854,0.058497
1855,0.014068
1856,0.930787
1857,0.013413
1858,0.030772
1859,0.187377
1860,0.097921
1861,0.006863
1862,0.184153
1863,0.004132
1864,0.823153
1865,0.015198
1866,0.051945
1867,0.053138
1868,0.498584
1869,0.981923
1870,0.018849
1871,0.343152
1872,0.086411
1873,0.011657
1874,0.662410
1875,0.287895
1876,0.038313
1877,0.012448
1878,0.009038
1879,0.086754
1880,0.068155
1881,0.120604
1882,0.005654
1883,0.991936
1884,0.972849
1885,0.006130
1886,0.374451
1887,0.405556
1888,0.084607
1889,0.003470
1890,0.008852
1891,0.473268
1892,0.797802
1893,0.882328
1894,0.057474
1895,0.014045
1896,0.839600
1897,0.002864
1898,0.891818
1899,0.031146
1900,0.086101
1901,0.162196
1902,0.056283
1903,0.022555
1904,0.070735
1905,0.024977
1906,0.998246
1907,0.042905
1908,0.005013
1909,0.221031
1910,0.964877
1911,0.075032
1912,0.045722
1913,0.651200
1914,0.068704
1915,0.979575
1916,0.105482
1917,0.977866
1918,0.472142
1919,0.272022
1920,0.148973
1921,0.966176
1922,0.226153
1923,0.004659
1924,0.911026
1925,0.147296
1926,0.946063
1927,0.974036
1928,0.488259
1929,0.246756
1930,0.950044
1931,0.017459
1932,0.030128
1933,0.277684
1934,0.162808
1935,0.983525
1936,0.213069
1937,0.025013
1938,0.059881
1939,0.029389
1940,0.440294
1941,0.009415
1942,0.944193
1943,0.340746
1944,0.009019
1945,0.002720
1946,0.314344
1947,0.086881
1948,0.377617
1949,0.010603
1950,0.392564
1951,0.919653
1952,0.957785
1953,0.153850
1954,0.041665
1955,0.018990
1956,0.034035
1957,0.718441
1958,0.244336
1959,0.083458
1960,0.049827
1961,0.208026
1962,0.277539
1963,0.140138
1964,0.090665
1965,0.061382
1966,0.978888
1967,0.015270
1968,0.021750
1969,0.201883
1970,0.165927
1971,0.982184
1972,0.803763
1973,0.032865
1974,0.934013
1975,0.691208
1976,0.012210
1977,0.993803
1978,0.031276
1979,0.996531
1980,0.967994
1981,0.567865
1982,0.137918
1983,0.032857
1984,0.418740
1985,0.039515
1986,0.177256
1987,0.507129
1988,0.003515
1989,0.043999
1990,0.317434
1991,0.972348
1992,0.072973
1993,0.007013
1994,0.778588
1995,0.447766
1996,0.263612
1997,0.584864
1998,0.619848
1999,0.887719
2000,0.220362
2001,0.024878
2002,0.042170
2003,0.977139
2004,0.025091
2005,0.041323
2006,0.950356
2007,0.057154
2008,0.242706
2009,0.073875
2010,0.955067
2011,0.931377
2012,0.578238
2013,0.890005
2014,0.987816
2015,0.009044
2016,0.691457
2017,0.835370
2018,0.003968
2019,0.071522
2020,0.005497
2021,0.900890
2022,0.233317
2023,0.308982
2024,0.983793
2025,0.921242
2026,0.744415
2027,0.007467
2028,0.094193
2029,0.002937
2030,0.988284
2031,0.178134
2032,0.989570
2033,0.432296
2034,0.957859
2035,0.989796
2036,0.039542
2037,0.010632
2038,0.027381
2039,0.983345
2040,0.005495
2041,0.688611
2042,0.184491
2043,0.976131
2044,0.762291
2045,0.003140
2046,0.009115
2047,0.193625
2048,0.088737
2049,0.954711
2050,0.960348
2051,0.807811
2052,0.017000
2053,0.235311
2054,0.720615
2055,0.005950
2056,0.019111
2057,0.822300
2058,0.006210
2059,0.010074
2060,0.026712
2061,0.271086
2062,0.148188
2063,0.064876
2064,0.825087
2065,0.743953
2066,0.261175
2067,0.976831
2068,0.671023
2069,0.360743
2070,0.142921
2071,0.416120
2072,0.283573
2073,0.005086
2074,0.076240
2075,0.456296
2076,0.008042
2077,0.105801
2078,0.007079
2079,0.037804
2080,0.009498
2081,0.720057
2082,0.259106
2083,0.030345
2084,0.535594
2085,0.072297
2086,0.015561
2087,0.026620
2088,0.969329
2089,0.042807
2090,0.798488
2091,0.101876
2092,0.022409
2093,0.015654
2094,0.473078
2095,0.997242
2096,0.206843
2097,0.004520
2098,0.707332
2099,0.520025
2100,0.989084
2101,0.019533
2102,0.766751
2103,0.194989
2104,0.023794
2105,0.004534
2106,0.029946
2107,0.780380
2108,0.015916
2109,0.008187
2110,0.008937
2111,0.540551
2112,0.054836
2113,0.342935
2114,0.329948
2115,0.115013
2116,0.915325
2117,0.912302
2118,0.014488
2119,0.943774
2120,0.178362
2121,0.027331
2122,0.159806
2123,0.945604
2124,0.018357
2125,0.859757
2126,0.037729
2127,0.051909
2128,0.047903
2129,0.129120
2130,0.028956
2131,0.101043
2132,0.973062
2133,0.038380
2134,0.019300
2135,0.170735
2136,0.006404
2137,0.994566
2138,0.006226
2139,0.064903
2140,0.011786
2141,0.235248
2142,0.147233
2143,0.846108
2144,0.815430
2145,0.940304
2146,0.250019
2147,0.994872
2148,0.017896
2149,0.965806
2150,0.427675
2151,0.933864
2152,0.742368
2153,0.162204
2154,0.046729
2155,0.129946
2156,0.980602
2157,0.010849
2158,0.635723
2159,0.875840
2160,0.884214
2161,0.008697
2162,0.055345
2163,0.021456
2164,0.072587
2165,0.169316
2166,0.186651
2167,0.399432
2168,0.063388
2169,0.048395
2170,0.954974
2171,0.012201
2172,0.537893
2173,0.977188
2174,0.267931
2175,0.011851
2176,0.065175
2177,0.021448
2178,0.040876
2179,0.043232
2180,0.888960
2181,0.014330
2182,0.004561
2183,0.427503
2184,0.059340
2185,0.117424
2186,0.329431
2187,0.028332
2188,0.061045
2189,0.480217
2190,0.002439
2191,0.970713
2192,0.968645
2193,0.076803
2194,0.028420
2195,0.047856
2196,0.055010
2197,0.965009
2198,0.957603
2199,0.038272
2200,0.013003
2201,0.109988
2202,0.005885
2203,0.955765
2204,0.916766
2205,0.605106
2206,0.230651
2207,0.195869
2208,0.941661
2209,0.243998
2210,0.105521
2211,0.049511
2212,0.504094
2213,0.008335
2214,0.015418
2215,0.008560
2216,0.471759
2217,0.250428
2218,0.027082
2219,0.005470
2220,0.008590
2221,0.025129
2222,0.003920
2223,0.969653
2224,0.298296
2225,0.011927
2226,0.207569
2227,0.674819
2228,0.272938
2229,0.004512
2230,0.691290
2231,0.043205
2232,0.450660
2233,0.006075
2234,0.982006
2235,0.066577
2236,0.230039
2237,0.025944
2238,0.167727
2239,0.782095
2240,0.324243
2241,0.007720
2242,0.007224
2243,0.188996
2244,0.002422
2245,0.008937
2246,0.052801
2247,0.026006
2248,0.048512
2249,0.641000
2250,0.048863
2251,0.498202
2252,0.637551
2253,0.975982
2254,0.011327
2255,0.026986
2256,0.131029
2257,0.004582
2258,0.011178
2259,0.017311
2260,0.349129
2261,0.447483
2262,0.839580
2263,0.393053
2264,0.028527
2265,0.004915
2266,0.463554
2267,0.953184
2268,0.125053
2269,0.257711
2270,0.087093
2271,0.213099
2272,0.108433
2273,0.990191
2274,0.933131
2275,0.002579
2276,0.031318
2277,0.971017
2278,0.660683
2279,0.031592
2280,0.041840
2281,0.284084
2282,0.073355
2283,0.185654
2284,0.631232
2285,0.042587
2286,0.985994
2287,0.061584
2288,0.005683
2289,0.005612
2290,0.006211
2291,0.947703
2292,0.215600
2293,0.025648
2294,0.023881
2295,0.964053
2296,0.885225
2297,0.311233
2298,0.016716
2299,0.036250
2300,0.035357
2301,0.043452
2302,0.065806
2303,0.234475
2304,0.834432
2305,0.037463
2306,0.050064
2307,0.224420
2308,0.151161
2309,0.003774
2310,0.008892
2311,0.006454
2312,0.003448
2313,0.007241
2314,0.978111
2315,0.070242
2316,0.055582
2317,0.803961
2318,0.124299
2319,0.002995
2320,0.108280
2321,0.998409
2322,0.474387
2323,0.127731
2324,0.941469
2325,0.108730
2326,0.500488
2327,0.005625
2328,0.985920
2329,0.137061
2330,0.044312
2331,0.004059
2332,0.084058
2333,0.990863
2334,0.002561
2335,0.105083
2336,0.028132
2337,0.978376
2338,0.058056
2339,0.980487
2340,0.029176
2341,0.008021
2342,0.241638
2343,0.983831
2344,0.079855
2345,0.017554
2346,0.038517
2347,0.414448
2348,0.001935
2349,0.437193
2350,0.088952
2351,0.902917
2352,0.606750
2353,0.972287
2354,0.013355
2355,0.082861
2356,0.235325
2357,0.968787
2358,0.014494
2359,0.016880
2360,0.177292
2361,0.125074
2362,0.007196
2363,0.059902
2364,0.021309
2365,0.654911
2366,0.632725
2367,0.071239
2368,0.017461
2369,0.007130
2370,0.088181
2371,0.989956
2372,0.335303
2373,0.019818
2374,0.005068
2375,0.931581
2376,0.029095
2377,0.181645
2378,0.966020
2379,0.015309
2380,0.013210
2381,0.015399
2382,0.820270
2383,0.604277
2384,0.969614
2385,0.306931
2386,0.056809
2387,0.169159
2388,0.988682
2389,0.005391
2390,0.153980
2391,0.250312
2392,0.017710
2393,0.096035
2394,0.860115
2395,0.078140
2396,0.037189
2397,0.573182
2398,0.025100
2399,0.327116
2400,0.013161
2401,0.025452
2402,0.068701
2403,0.152870
2404,0.979611
2405,0.053050
2406,0.068184
2407,0.490391
2408,0.290609
2409,0.062687
2410,0.042527
2411,0.019751
2412,0.004168
2413,0.967589
2414,0.010211
2415,0.988616
2416,0.634790
2417,0.870761
2418,0.031237
2419,0.018161
2420,0.973566
2421,0.196435
2422,0.005724
2423,0.028913
2424,0.031989
2425,0.663365
2426,0.904350
2427,0.997829
2428,0.003689
2429,0.954800
2430,0.670619
2431,0.625154
2432,0.959315
2433,0.072559
2434,0.088770
2435,0.116447
2436,0.230150
2437,0.974178
2438,0.155321
2439,0.205868
2440,0.292288
2441,0.995066
2442,0.129000
2443,0.064071
2444,0.910168
2445,0.218671
2446,0.387291
2447,0.042604
2448,0.007253
2449,0.833506
2450,0.256854
2451,0.011260
2452,0.490035
2453,0.621821
2454,0.022200
2455,0.316826
2456,0.004496
2457,0.982772
2458,0.260207
2459,0.873704
2460,0.057342
2461,0.013360
2462,0.013183
2463,0.895677
2464,0.005733
2465,0.047093
2466,0.042085
2467,0.018165
2468,0.945595
2469,0.666623
2470,0.994933
2471,0.010040
2472,0.101943
2473,0.019147
2474,0.003982
2475,0.002599
2476,0.832372
2477,0.041863
2478,0.013063
2479,0.231450
2480,0.980752
2481,0.044985
2482,0.199215
2483,0.567544
2484,0.013356
2485,0.793260
2486,0.062137
2487,0.971858
2488,0.604223
2489,0.036192
2490,0.247659
2491,0.002418
2492,0.372284
2493,0.213956
2494,0.015023
2495,0.693795
2496,0.042941
2497,0.174877
2498,0.111367
2499,0.998239
2500,0.014824
2501,0.038546
2502,0.043740
2503,0.166860
2504,0.996614
2505,0.072563
2506,0.051771
2507,0.449187
2508,0.097193
2509,0.039030
2510,0.040997
2511,0.088519
2512,0.050039
2513,0.085746
2514,0.073644
2515,0.117608
2516,0.041101
2517,0.830713
2518,0.178088
2519,0.127043
2520,0.024795
2521,0.180247
2522,0.212330
2523,0.059117
2524,0.012951
2525,0.025140
2526,0.082612
2527,0.577837
2528,0.237111
2529,0.100049
2530,0.687149
2531,0.019877
2532,0.934899
2533,0.169679
2534,0.022123
2535,0.984772
2536,0.052305
2537,0.018608
2538,0.026395
2539,0.629724
2540,0.038170
2541,0.200970
2542,0.146551
2543,0.182225
2544,0.981770
2545,0.004520
2546,0.315139
2547,0.011075
2548,0.462188
2549,0.003692
2550,0.783921
2551,0.335778
2552,0.018753
2553,0.010770
2554,0.003055
2555,0.845455
2556,0.981677
2557,0.270604
2558,0.018484
2559,0.190512
2560,0.153512
2561,0.009073
2562,0.645942
2563,0.189234
2564,0.899748
2565,0.790859
2566,0.076555
2567,0.982768
2568,0.150506
2569,0.005152
2570,0.014659
2571,0.433867
2572,0.038956
2573,0.059657
2574,0.012416
2575,0.970022
2576,0.997775
2577,0.102573
2578,0.026917
2579,0.330401
2580,0.080513
2581,0.941239
2582,0.026973
2583,0.083280
2584,0.159592
2585,0.075094
2586,0.007291
2587,0.153912
2588,0.751508
2589,0.007962
2590,0.009832
2591,0.046769
2592,0.145443
2593,0.139871
2594,0.097463
2595,0.033461
2596,0.040979
2597,0.962518
2598,0.966207
2599,0.107508
2600,0.154219
2601,0.026367
2602,0.066245
2603,0.972942
2604,0.930725
2605,0.034353
2606,0.150294
2607,0.322372
2608,0.994779
2609,0.035104
2610,0.975762
2611,0.861547
2612,0.004651
2613,0.487271
2614,0.003744
2615,0.008286
2616,0.013040
2617,0.021281
2618,0.007893
2619,0.982685
2620,0.025418
2621,0.986430
2622,0.173846
2623,0.029640
2624,0.072656
2625,0.047315
2626,0.867187
2627,0.003350
2628,0.291273
2629,0.967328
2630,0.309928
2631,0.788978
2632,0.973682
2633,0.235917
2634,0.974784
2635,0.588950
2636,0.997599
2637,0.227181
2638,0.009904
2639,0.024033
2640,0.011503
2641,0.017291
2642,0.307852
2643,0.995848
2644,0.934910
2645,0.002992
2646,0.002064
2647,0.513425
2648,0.005399
2649,0.923210
2650,0.132486
2651,0.030602
2652,0.599482
2653,0.651406
2654,0.014459
2655,0.024491
2656,0.086625
2657,0.825295
2658,0.524370
2659,0.319017
2660,0.975804
2661,0.006368
2662,0.003366
2663,0.011226
2664,0.014889
2665,0.970670
2666,0.981952
2667,0.077907
2668,0.386763
2669,0.403210
2670,0.705347
2671,0.342084
2672,0.040314
2673,0.059517
2674,0.043850
2675,0.040843
2676,0.976732
2677,0.996933
2678,0.090805
2679,0.044221
2680,0.977212
2681,0.010720
2682,0.003638
2683,0.671590
2684,0.002723
2685,0.353446
2686,0.945143
2687,0.010613
2688,0.832720
2689,0.079568
2690,0.011230
2691,0.033614
2692,0.005406
2693,0.154864
2694,0.101637
2695,0.086735
2696,0.054590
2697,0.992216
2698,0.379015
2699,0.054298
2700,0.220605
2701,0.942554
2702,0.949341
2703,0.978597
2704,0.889746
2705,0.198525
2706,0.032797
2707,0.998056
2708,0.005702
2709,0.930935
2710,0.351183
2711,0.009409
2712,0.044019
2713,0.032808
2714,0.912558
2715,0.073747
2716,0.002173
2717,0.953420
2718,0.165340
2719,0.104013
2720,0.425837
2721,0.044118
2722,0.975145
2723,0.010443
2724,0.199960
2725,0.008735
2726,0.868434
2727,0.955877
2728,0.011437
2729,0.399779
2730,0.289640
2731,0.020886
2732,0.293033
2733,0.007557
2734,0.012262
2735,0.015640
2736,0.269959
2737,0.015909
2738,0.741373
2739,0.126949
2740,0.822977
2741,0.997524
2742,0.997081
2743,0.070658
2744,0.248089
2745,0.926288
2746,0.939573
2747,0.534404
2748,0.048829
2749,0.068966
2750,0.013263
2751,0.053117
2752,0.132693
2753,0.072835
2754,0.067437
2755,0.804741
2756,0.231939
2757,0.049278
2758,0.110465
2759,0.056564
2760,0.215494
2761,0.736823
2762,0.973163
2763,0.336187
2764,0.013698
2765,0.104453
2766,0.044486
2767,0.549033
2768,0.006344
2769,0.986755
2770,0.022799
2771,0.053365
2772,0.103851
2773,0.949910
2774,0.111840
2775,0.198829
2776,0.536899
2777,0.033836
2778,0.087776
2779,0.024092
2780,0.398778
2781,0.809132
2782,0.005426
2783,0.002285
2784,0.056364
2785,0.017936
2786,0.003455
2787,0.003169
2788,0.049661
2789,0.032625
2790,0.011664
2791,0.015276
2792,0.891302
2793,0.954432
2794,0.485863
2795,0.164539
2796,0.007193
2797,0.023899
2798,0.659952
2799,0.918608
2800,0.044758
2801,0.936680
2802,0.028475
2803,0.967486
2804,0.022572
2805,0.049623
2806,0.015722
2807,0.039629
2808,0.035906
2809,0.074935
2810,0.012298
2811,0.002869
2812,0.979143
2813,0.016245
2814,0.003846
2815,0.793496
2816,0.048341
2817,0.036266
2818,0.615291
2819,0.975694
2820,0.954553
2821,0.029049
2822,0.078725
2823,0.278356
2824,0.363862
2825,0.042050
2826,0.982957
2827,0.033944
2828,0.017145
2829,0.872744
2830,0.018820
2831,0.029832
2832,0.117624
2833,0.879369
2834,0.961562
2835,0.012652
2836,0.023643
2837,0.056550
2838,0.037508
2839,0.048492
2840,0.013368
2841,0.987278
2842,0.990093
2843,0.948053
2844,0.020009
2845,0.014039
2846,0.228797
2847,0.012067
2848,0.026818
2849,0.030632
2850,0.050178
2851,0.876803
2852,0.009232
2853,0.928637
2854,0.003120
2855,0.548484
2856,0.007909
2857,0.126002
2858,0.012520
2859,0.064508
2860,0.014475
2861,0.164055
2862,0.399394
2863,0.014421
2864,0.587008
2865,0.939083
2866,0.005123
2867,0.083155
2868,0.003433
2869,0.085461
2870,0.011099
2871,0.017104
2872,0.288234
2873,0.140807
2874,0.026452
2875,0.039241
2876,0.019660
2877,0.055637
2878,0.214930
2879,0.092074
2880,0.917919
2881,0.498126
2882,0.287171
2883,0.005775
2884,0.677539
2885,0.953450
2886,0.996874
2887,0.876322
2888,0.108870
2889,0.053024
2890,0.454851
2891,0.982401
2892,0.004500
2893,0.474406
2894,0.310260
2895,0.944365
2896,0.042893
2897,0.006668
2898,0.586534
2899,0.060238
2900,0.052405
2901,0.055991
2902,0.129027
2903,0.002269
2904,0.023184
2905,0.551760
2906,0.148994
2907,0.003995
2908,0.120624
2909,0.014206
2910,0.501528
2911,0.083728
2912,0.682293
2913,0.022477
2914,0.985345
2915,0.129429
2916,0.262525
2917,0.126807
2918,0.657404
2919,0.070279
2920,0.039271
2921,0.178852
2922,0.074706
2923,0.010271
2924,0.738860
2925,0.856549
2926,0.614857
2927,0.078133
2928,0.800142
2929,0.972352
2930,0.076959
2931,0.995686
2932,0.982038
2933,0.094861
2934,0.010859
2935,0.199231
2936,0.006337
2937,0.021073
2938,0.731839
2939,0.971202
2940,0.564835
2941,0.005959
2942,0.894199
2943,0.016304
2944,0.452196
2945,0.052675
2946,0.052357
2947,0.030681
2948,0.079518
2949,0.011254
2950,0.027026
2951,0.006845
2952,0.532365
2953,0.973797
2954,0.067484
2955,0.027507
2956,0.975154
2957,0.411485
2958,0.041817
2959,0.192173
2960,0.024188
2961,0.004015
2962,0.699387
2963,0.157378
2964,0.843398
2965,0.894657
2966,0.046923
2967,0.283131
2968,0.010370
2969,0.281490
2970,0.015110
2971,0.083368
2972,0.010492
2973,0.267861
2974,0.904749
2975,0.208579
2976,0.054300
2977,0.969374
2978,0.004873
2979,0.031436
2980,0.005890
2981,0.025165
2982,0.678243
2983,0.860839
2984,0.099703
2985,0.138303
2986,0.018194
2987,0.031314
2988,0.027205
2989,0.055982
2990,0.023791
2991,0.858748
2992,0.963904
2993,0.212274
2994,0.200713
2995,0.027160
2996,0.064000
2997,0.203139
2998,0.090193
2999,0.586890
3000,0.087203
3001,0.003046
3002,0.968096
3003,0.002230
3004,0.371145
3005,0.877878
3006,0.102997
3007,0.196068
3008,0.365841
3009,0.104462
3010,0.007282
3011,0.030341
3012,0.963001
3013,0.149342
3014,0.002465
3015,0.003385
3016,0.007808
3017,0.906511
3018,0.020614
3019,0.586251
3020,0.053224
3021,0.336212
3022,0.981493
3023,0.004416
3024,0.065791
3025,0.180830
3026,0.922096
3027,0.101574
3028,0.114516
3029,0.156362
3030,0.010865
3031,0.012760
3032,0.050067
3033,0.670872
3034,0.193678
3035,0.543106
3036,0.404392
3037,0.152288
3038,0.350702
3039,0.013507
3040,0.038467
3041,0.084332
3042,0.932231
3043,0.015767
3044,0.136155
3045,0.731694
3046,0.026512
3047,0.017963
3048,0.984545
3049,0.757647
3050,0.996688
3051,0.956675
3052,0.009378
3053,0.925648
3054,0.108982
3055,0.036599
3056,0.675415
3057,0.007317
3058,0.994446
3059,0.002444
3060,0.940375
3061,0.997799
3062,0.120403
3063,0.315974
3064,0.042586
3065,0.004774
3066,0.635978
3067,0.118877
3068,0.473882
3069,0.041189
3070,0.006657
3071,0.005622
3072,0.019199
3073,0.251504
3074,0.527410
3075,0.130349
3076,0.003055
3077,0.988540
3078,0.989569
3079,0.061194
3080,0.007647
3081,0.057876
3082,0.871691
3083,0.021921
3084,0.502123
3085,0.568737
3086,0.034951
3087,0.036616
3088,0.039547
3089,0.069414
3090,0.026346
3091,0.053174
3092,0.004933
3093,0.884030
3094,0.007661
3095,0.122484
3096,0.073377
3097,0.019027
3098,0.998080
3099,0.009491
3100,0.024557
3101,0.006809
3102,0.009651
3103,0.016484
3104,0.196881
3105,0.442698
3106,0.051581
3107,0.896593
3108,0.016305
3109,0.004122
3110,0.004950
3111,0.054204
3112,0.001793
3113,0.044479
3114,0.008365
3115,0.858791
3116,0.050685
3117,0.003255
3118,0.310576
3119,0.506311
3120,0.001682
3121,0.009552
3122,0.013563
3123,0.985756
3124,0.020652
3125,0.313974
3126,0.010588
3127,0.936023
3128,0.005780
3129,0.032764
3130,0.696954
3131,0.885548
3132,0.021139
3133,0.070592
3134,0.009295
3135,0.008915
3136,0.113965
3137,0.023665
3138,0.021908
3139,0.981120
3140,0.107808
3141,0.005799
3142,0.954085
3143,0.624070
3144,0.982576
3145,0.030166
3146,0.053941
3147,0.066149
3148,0.206545
3149,0.968989
3150,0.002209
3151,0.284990
3152,0.005588
3153,0.009815
3154,0.025787
3155,0.018217
3156,0.024819
3157,0.160354
3158,0.005475
3159,0.036807
3160,0.657853
3161,0.018665
3162,0.971084
3163,0.017586
3164,0.215915
3165,0.014650
3166,0.061890
3167,0.017807
3168,0.012816
3169,0.974425
3170,0.023520
3171,0.188272
3172,0.069905
3173,0.013018
3174,0.954286
3175,0.808256
3176,0.002716
3177,0.376620
3178,0.167016
3179,0.003459
3180,0.073701
3181,0.036536
3182,0.118901
3183,0.592211
3184,0.003297
3185,0.470350
3186,0.074621
3187,0.982961
3188,0.012552
3189,0.026269
3190,0.997253
3191,0.623259
3192,0.011125
3193,0.051096
3194,0.023684
3195,0.891284
3196,0.885121
3197,0.004656
3198,0.004144
3199,0.366201
3200,0.987819
3201,0.043738
3202,0.005493
3203,0.074131
3204,0.364664
3205,0.942089
3206,0.739338
3207,0.022215
3208,0.076728
3209,0.967104
3210,0.004716
3211,0.972921
3212,0.049203
3213,0.821642
3214,0.026747
3215,0.059550
3216,0.970549
3217,0.952547
3218,0.922724
3219,0.936487
3220,0.724030
3221,0.104981
3222,0.198853
3223,0.886589
3224,0.008962
3225,0.006987
3226,0.154657
3227,0.994354
3228,0.977126
3229,0.779715
3230,0.026567
3231,0.034786
3232,0.344596
3233,0.190055
3234,0.182635
3235,0.025805
3236,0.286550
3237,0.932962
3238,0.008335
3239,0.442411
3240,0.026585
3241,0.015990
3242,0.521223
3243,0.086595
3244,0.085305
3245,0.879316
3246,0.222304
3247,0.214391
3248,0.066171
3249,0.020765
3250,0.536696
3251,0.014084
3252,0.028673
3253,0.006019
3254,0.353603
3255,0.008053
3256,0.007616
3257,0.003952
3258,0.833422
3259,0.024661
3260,0.503166
3261,0.169476
3262,0.016136
3263,0.352515
3264,0.008590
3265,0.103217
3266,0.093806
3267,0.871908
3268,0.987746
3269,0.052002
3270,0.097597
3271,0.931733
3272,0.278628
3273,0.066044
3274,0.006935
3275,0.180919
3276,0.285844
3277,0.206040
3278,0.977823
3279,0.664233
3280,0.079220
3281,0.006901
3282,0.150078
3283,0.006155
3284,0.963811
3285,0.005495
3286,0.647925
3287,0.369143
3288,0.805882
3289,0.004307
3290,0.234764
3291,0.018372
3292,0.080845
3293,0.618117
3294,0.785361
3295,0.897141
3296,0.016021
3297,0.763158
3298,0.735938
3299,0.975867
3300,0.002914
3301,0.028682
3302,0.644905
3303,0.011034
3304,0.299931
3305,0.998027
3306,0.997927
3307,0.655527
3308,0.474293
3309,0.031591
3310,0.981620
3311,0.473116
3312,0.370640
3313,0.060726
3314,0.352874
3315,0.126989
3316,0.936559
3317,0.984062
3318,0.717075
3319,0.985652
3320,0.002846
3321,0.014500
3322,0.007828
3323,0.039529
3324,0.853491
3325,0.101823
3326,0.005967
3327,0.115823
3328,0.021410
3329,0.941188
3330,0.987554
3331,0.149872
3332,0.917220
3333,0.652130
3334,0.180218
3335,0.969542
3336,0.972391
3337,0.853320
3338,0.344372
3339,0.021132
3340,0.969420
3341,0.956425
3342,0.470239
3343,0.023104
3344,0.566285
3345,0.312933
3346,0.929842
3347,0.846919
3348,0.580868
3349,0.013071
3350,0.070787
3351,0.408584
3352,0.744096
3353,0.014684
3354,0.007834
3355,0.356138
3356,0.009104
3357,0.358078
3358,0.002343
3359,0.020415
3360,0.003460
3361,0.003184
3362,0.072725
3363,0.053349
3364,0.099973
3365,0.014738
3366,0.909014
3367,0.070798
3368,0.125549
3369,0.012356
3370,0.691361
3371,0.157785
3372,0.018598
3373,0.005739
3374,0.594160
3375,0.056260
3376,0.011419
3377,0.694127
3378,0.972210
3379,0.055248
3380,0.138473
3381,0.006113
3382,0.087880
3383,0.278096
3384,0.960763
3385,0.952824
3386,0.017729
3387,0.011534
3388,0.220890
3389,0.114864
3390,0.305638
3391,0.997581
3392,0.002789
3393,0.150245
3394,0.138880
3395,0.170892
3396,0.981865
3397,0.994136
3398,0.006021
3399,0.027331
3400,0.068916
3401,0.029165
3402,0.022982
3403,0.948108
3404,0.120922
3405,0.034764
3406,0.366216
3407,0.845709
3408,0.040141
3409,0.011143
3410,0.994984
3411,0.088006
3412,0.975457
3413,0.940762
3414,0.136455
3415,0.306806
3416,0.008572
3417,0.061088
3418,0.010239
3419,0.048368
3420,0.752771
3421,0.009598
3422,0.036778
3423,0.076500
3424,0.033859
3425,0.018860
3426,0.031739
3427,0.012337
3428,0.036832
3429,0.800593
3430,0.004155
3431,0.436451
3432,0.289881
3433,0.012421
3434,0.978186
3435,0.057246
3436,0.096829
3437,0.228147
3438,0.179883
3439,0.282066
3440,0.945321
3441,0.497380
3442,0.004852
3443,0.377261
3444,0.575676
3445,0.153487
3446,0.443273
3447,0.036213
3448,0.026603
3449,0.032583
3450,0.052457
3451,0.020309
3452,0.169210
3453,0.851843
3454,0.996988
3455,0.879751
3456,0.509250
3457,0.155398
3458,0.214365
3459,0.002881
3460,0.062685
3461,0.984185
3462,0.205155
3463,0.026475
3464,0.011544
3465,0.037378
3466,0.007839
3467,0.013538
3468,0.356921
3469,0.922167
3470,0.010760
3471,0.300315
3472,0.018260
3473,0.007600
3474,0.005320
3475,0.578093
3476,0.056624
3477,0.024102
3478,0.006698
3479,0.977716
3480,0.962990
3481,0.065386
3482,0.052078
3483,0.886840
3484,0.006516
3485,0.813875
3486,0.969606
3487,0.046780
3488,0.012838
3489,0.236432
3490,0.030253
3491,0.038781
3492,0.059049
3493,0.085520
3494,0.256986
3495,0.307924
3496,0.709053
3497,0.716851
3498,0.002057
3499,0.435892
3500,0.936701
3501,0.763842
3502,0.007896
3503,0.069246
3504,0.042777
3505,0.006211
3506,0.011659
3507,0.152554
3508,0.736412
3509,0.011929
3510,0.003230
3511,0.926693
3512,0.009266
3513,0.018228
3514,0.042500
3515,0.026541
3516,0.008026
3517,0.955866
3518,0.508861
3519,0.986198
3520,0.034589
3521,0.016015
3522,0.165655
3523,0.134909
3524,0.259800
3525,0.143653
3526,0.278379
3527,0.024963
3528,0.031082
3529,0.725292
3530,0.013842
3531,0.024141
3532,0.986294
3533,0.015329
3534,0.179352
3535,0.013735
3536,0.022702
3537,0.036866
3538,0.007924
3539,0.974491
3540,0.003624
3541,0.090617
3542,0.011670
3543,0.726082
3544,0.063733
3545,0.088834
3546,0.022704
3547,0.003582
3548,0.011137
3549,0.028980
3550,0.021146
3551,0.977775
3552,0.995108
3553,0.356577
3554,0.458537
3555,0.981880
3556,0.179112
3557,0.515982
3558,0.004190
3559,0.224766
3560,0.005094
3561,0.092389
3562,0.092181
3563,0.916194
3564,0.321393
3565,0.956374
3566,0.940385
3567,0.038918
3568,0.003959
3569,0.838308
3570,0.203655
3571,0.839700
3572,0.698351
3573,0.003710
3574,0.022598
3575,0.425026
3576,0.997629
3577,0.020080
3578,0.988291
3579,0.938914
3580,0.283363
3581,0.005211
3582,0.611675
3583,0.037279
3584,0.990070
3585,0.366121
3586,0.820601
3587,0.006066
3588,0.118491
3589,0.982675
3590,0.031832
3591,0.467512
3592,0.929269
3593,0.876135
3594,0.982357
3595,0.035367
3596,0.049216
3597,0.901207
3598,0.009370
3599,0.011964
3600,0.965167
3601,0.005554
3602,0.002689
3603,0.032054
3604,0.046144
3605,0.255775
3606,0.983993
3607,0.002151
3608,0.289700
3609,0.001562
3610,0.140604
3611,0.661259
3612,0.162309
3613,0.941557
3614,0.852761
3615,0.022960
3616,0.010324
3617,0.036744
3618,0.988669
3619,0.757418
3620,0.096941
3621,0.633632
3622,0.008513
3623,0.965874
3624,0.020539
3625,0.593436
3626,0.737258
3627,0.406790
3628,0.210695
3629,0.057089
3630,0.952478
3631,0.067027
3632,0.033799
3633,0.023570
3634,0.035698
3635,0.008710
3636,0.048600
3637,0.027314
3638,0.946901
3639,0.021949
3640,0.084313
3641,0.086248
3642,0.004940
3643,0.004685
3644,0.996014
3645,0.838177
3646,0.919776
3647,0.066248
3648,0.621795
3649,0.927242
3650,0.010746
3651,0.018164
3652,0.009672
3653,0.022049
3654,0.667484
3655,0.440594
3656,0.011898
3657,0.004151
3658,0.031820
3659,0.867850
3660,0.330841
3661,0.511817
3662,0.014494
3663,0.126471
3664,0.006789
3665,0.371714
3666,0.945859
3667,0.035592
3668,0.834354
3669,0.703433
3670,0.131295
3671,0.007270
3672,0.014753
3673,0.699502
3674,0.178008
3675,0.965526
3676,0.047808
3677,0.119117
3678,0.977272
3679,0.917354
3680,0.009572
3681,0.057392
3682,0.012814
3683,0.098346
3684,0.472833
3685,0.299708
3686,0.996048
3687,0.172715
3688,0.169681
3689,0.868705
3690,0.013913
3691,0.819244
3692,0.345310
3693,0.995135
3694,0.005829
3695,0.923281
3696,0.012157
3697,0.747051
3698,0.004506
3699,0.029598
3700,0.306174
3701,0.065855
3702,0.990271
3703,0.129417
3704,0.966104
3705,0.990953
3706,0.132000
3707,0.276812
3708,0.310110
3709,0.005098
3710,0.021239
3711,0.983877
3712,0.092947
3713,0.104733
3714,0.267572
3715,0.008225
3716,0.117492
3717,0.691319
3718,0.918407
3719,0.091982
3720,0.914116
3721,0.255093
3722,0.949103
3723,0.989189
3724,0.008848
3725,0.117430
3726,0.033479
3727,0.160095
3728,0.289360
3729,0.457525
3730,0.899366
3731,0.018004
3732,0.129833
3733,0.059070
3734,0.026836
3735,0.183201
3736,0.004818
3737,0.007358
3738,0.993960
3739,0.980889
3740,0.522709
3741,0.866710
3742,0.951162
3743,0.041688
3744,0.689516
3745,0.298137
3746,0.418966
3747,0.075884
3748,0.675883
3749,0.014422
3750,0.049607
3751,0.020305
3752,0.018759
3753,0.298901
3754,0.948896
3755,0.012517
3756,0.023593
3757,0.033326
3758,0.013662
3759,0.655482
3760,0.682199
3761,0.947829
3762,0.711241
3763,0.198194
3764,0.093954
3765,0.314671
3766,0.035657
3767,0.195397
3768,0.075749
3769,0.960129
3770,0.072579
3771,0.979717
3772,0.390702
3773,0.012410
3774,0.013010
3775,0.071768
3776,0.108634
3777,0.110358
3778,0.006634
3779,0.028584
3780,0.130582
3781,0.286422
3782,0.698655
3783,0.114250
3784,0.151919
3785,0.932868
3786,0.052364
3787,0.506347
3788,0.017696
3789,0.759404
3790,0.964077
3791,0.988497
3792,0.958553
3793,0.081172
3794,0.350082
3795,0.544110
3796,0.887445
3797,0.074743
3798,0.135781
3799,0.018387
3800,0.004076
3801,0.027339
3802,0.984995
3803,0.144268
3804,0.757291
3805,0.019926
3806,0.168421
3807,0.996360
3808,0.296525
3809,0.064942
3810,0.069215
3811,0.167074
3812,0.045788
3813,0.022588
3814,0.945111
3815,0.046547
3816,0.509560
3817,0.057927
3818,0.974295
3819,0.924468
3820,0.429010
3821,0.050461
3822,0.734086
3823,0.048168
3824,0.040448
3825,0.997989
3826,0.296202
3827,0.040311
3828,0.899756
3829,0.056054
3830,0.058903
3831,0.997690
3832,0.006892
3833,0.136133
3834,0.578712
3835,0.053044
3836,0.638078
3837,0.996780
3838,0.603231
3839,0.967965
3840,0.124798
3841,0.069144
3842,0.114669
3843,0.167778
3844,0.057040
3845,0.995504
3846,0.011079
3847,0.979562
3848,0.002708
3849,0.010664
3850,0.416037
3851,0.975603
3852,0.046891
3853,0.604672
3854,0.906162
3855,0.003991
3856,0.028677
3857,0.009786
3858,0.042270
3859,0.031062
3860,0.014392
3861,0.041997
3862,0.017519
3863,0.979977
3864,0.997904
3865,0.200109
3866,0.997451
3867,0.016187
3868,0.567951
3869,0.016197
3870,0.598690
3871,0.033456
3872,0.429818
3873,0.322730
3874,0.099273
3875,0.996266
3876,0.240921
3877,0.986810
3878,0.042230
3879,0.003927
3880,0.996673
3881,0.991252
3882,0.240317
3883,0.333349
3884,0.015812
3885,0.039909
3886,0.905747
3887,0.207741
3888,0.070579
3889,0.120527
3890,0.038415
3891,0.948315
3892,0.008999
3893,0.803763
3894,0.090837
3895,0.381194
3896,0.177149
3897,0.964415
3898,0.478223
3899,0.371518
3900,0.045634
3901,0.003686
3902,0.962614
3903,0.628037
3904,0.024179
3905,0.074734
3906,0.979846
3907,0.056605
3908,0.086907
3909,0.997479
3910,0.003011
3911,0.006464
3912,0.247320
3913,0.017139
3914,0.896797
3915,0.044489
3916,0.730002
3917,0.035776
3918,0.057624
3919,0.009290
3920,0.051551
3921,0.003932
3922,0.351261
3923,0.026504
3924,0.031920
3925,0.984122
3926,0.310371
3927,0.010446
3928,0.045824
3929,0.915185
3930,0.988384
3931,0.002413
3932,0.305693
3933,0.005975
3934,0.925597
3935,0.007706
3936,0.078934
3937,0.239715
3938,0.969437
3939,0.051477
3940,0.103467
3941,0.978309
3942,0.011284
3943,0.188718
3944,0.895721
3945,0.801724
3946,0.043618
3947,0.010123
3948,0.189852
3949,0.978780
3950,0.059049
3951,0.043198
3952,0.951711
3953,0.018589
3954,0.996079
3955,0.008479
3956,0.076478
3957,0.341890
3958,0.051627
3959,0.935826
3960,0.059132
3961,0.026512
3962,0.015757
3963,0.875399
3964,0.382798
3965,0.114569
3966,0.607189
3967,0.011926
3968,0.003264
3969,0.064737
3970,0.228057
3971,0.974271
3972,0.501493
3973,0.463869
3974,0.013148
3975,0.818197
3976,0.974560
3977,0.174749
3978,0.032976
3979,0.638341
3980,0.844054
3981,0.946499
3982,0.976453
3983,0.004224
3984,0.624224
3985,0.021245
3986,0.486343
3987,0.002313
3988,0.855645
3989,0.006432
3990,0.438655
3991,0.845276
3992,0.011638
3993,0.112229
3994,0.718033
3995,0.968239
3996,0.537550
3997,0.004139
3998,0.128900
3999,0.051355
4000,0.015323
4001,0.052813
4002,0.014456
4003,0.129811
4004,0.622544
4005,0.265713
4006,0.110828
4007,0.004628
4008,0.993116
4009,0.064197
4010,0.997719
4011,0.931397
4012,0.039569
4013,0.025884
4014,0.998048
4015,0.954539
4016,0.087159
4017,0.065027
4018,0.120802
4019,0.011488
4020,0.013636
4021,0.042554
4022,0.018503
4023,0.008175
4024,0.003990
4025,0.776011
4026,0.854789
4027,0.005882
4028,0.032536
4029,0.043002
4030,0.005529
4031,0.913252
4032,0.105841
4033,0.021964
4034,0.043129
4035,0.026784
4036,0.018627
4037,0.010704
4038,0.984374
4039,0.006474
4040,0.309089
4041,0.987555
4042,0.036780
4043,0.083422
4044,0.019170
4045,0.003087
4046,0.008633
4047,0.125017
4048,0.102838
4049,0.058334
4050,0.078159
4051,0.105814
4052,0.134684
4053,0.880492
4054,0.034609
4055,0.009579
4056,0.069226
4057,0.282087
4058,0.515241
4059,0.041369
4060,0.089365
4061,0.976584
4062,0.115563
4063,0.361894
4064,0.327299
4065,0.182817
4066,0.013409
4067,0.526060
4068,0.013412
4069,0.014937
4070,0.055248
4071,0.987722
4072,0.002784
4073,0.035657
4074,0.059773
4075,0.019381
4076,0.549446
4077,0.055735
4078,0.365137
4079,0.267388
4080,0.002807
4081,0.781532
4082,0.946372
4083,0.208790
4084,0.041545
4085,0.111348
4086,0.185566
4087,0.012549
4088,0.089201
4089,0.011398
4090,0.197015
4091,0.004956
4092,0.187789
4093,0.352381
4094,0.014117
4095,0.015778
4096,0.018020
4097,0.188894
4098,0.014285
4099,0.969951
4100,0.540988
4101,0.086232
4102,0.098621
4103,0.177377
4104,0.981712
4105,0.546575
4106,0.216304
4107,0.677103
4108,0.988263
4109,0.970764
4110,0.057480
4111,0.003181
4112,0.981079
4113,0.255770
4114,0.059835
4115,0.009774
4116,0.022010
4117,0.994629
4118,0.041958
4119,0.153033
4120,0.978285
4121,0.458859
4122,0.804748
4123,0.007192
4124,0.413344
4125,0.008262
4126,0.084389
4127,0.061436
4128,0.129094
4129,0.386443
4130,0.014693
4131,0.283856
4132,0.902973
4133,0.969714
4134,0.020082
4135,0.279404
4136,0.021593
4137,0.909766
4138,0.002740
4139,0.029387
4140,0.996584
4141,0.874894
4142,0.081537
4143,0.086246
4144,0.979223
4145,0.100713
4146,0.123252
4147,0.185069
4148,0.101750
4149,0.021081
4150,0.266987
4151,0.031843
4152,0.015173
4153,0.122658
4154,0.538289
4155,0.802121
4156,0.045091
4157,0.003982
4158,0.928775
4159,0.232231
4160,0.246924
4161,0.288526
4162,0.007467
4163,0.005489
4164,0.972153
4165,0.233001
4166,0.008967
4167,0.984485
4168,0.175258
4169,0.149328
4170,0.998042
4171,0.026839
4172,0.882422
4173,0.033348
4174,0.015802
4175,0.281416
4176,0.025717
4177,0.004632
4178,0.745397
4179,0.152389
4180,0.955832
4181,0.249226
4182,0.004783
4183,0.801770
4184,0.972523
4185,0.864339
4186,0.957831
4187,0.054116
4188,0.015725
4189,0.059239
4190,0.002009
4191,0.158436
4192,0.942669
4193,0.110461
4194,0.913381
4195,0.088092
4196,0.997424
4197,0.838254
4198,0.115287
4199,0.934557
4200,0.014759
4201,0.573857
4202,0.119356
4203,0.085358
4204,0.058981
4205,0.049819
4206,0.513806
4207,0.108127
4208,0.296507
4209,0.269810
4210,0.371578
4211,0.091370
4212,0.136861
4213,0.347093
4214,0.036246
4215,0.026556
4216,0.014285
4217,0.989868
4218,0.996954
4219,0.007672
4220,0.200476
4221,0.987866
4222,0.142658
4223,0.408839
4224,0.042464
4225,0.042500
4226,0.997045
4227,0.260233
4228,0.011463
4229,0.583798
4230,0.853123
4231,0.021156
4232,0.009452
4233,0.069435
4234,0.003401
4235,0.379259
4236,0.029640
4237,0.077617
4238,0.035563
4239,0.068482
4240,0.585292
4241,0.956948
4242,0.005067
4243,0.037972
4244,0.982810
4245,0.046680
4246,0.022909
4247,0.005490
4248,0.031886
4249,0.500439
4250,0.482193
4251,0.118475
4252,0.004132
4253,0.847266
4254,0.026767
4255,0.027767
4256,0.117932
4257,0.003127
4258,0.905479
4259,0.005152
4260,0.985878
4261,0.965435
4262,0.495324
4263,0.940336
4264,0.011223
4265,0.387166
4266,0.946215
4267,0.005360
4268,0.962268
4269,0.119091
4270,0.159233
4271,0.013232
4272,0.143880
4273,0.006942
4274,0.012127
4275,0.955120
4276,0.645398
4277,0.033650
4278,0.010389
4279,0.153016
4280,0.973156
4281,0.427421
4282,0.179124
4283,0.007982
4284,0.016303
4285,0.363555
4286,0.121396
4287,0.572821
4288,0.751625
4289,0.022284
4290,0.746878
4291,0.026424
4292,0.016953
4293,0.723713
4294,0.918819
4295,0.415726
4296,0.204773
4297,0.990484
4298,0.105409
4299,0.015642
4300,0.073469
4301,0.997944
4302,0.021480
4303,0.050519
4304,0.282531
4305,0.013780
4306,0.046375
4307,0.038505
4308,0.966156
4309,0.951417
4310,0.071137
4311,0.007555
4312,0.978592
4313,0.931547
4314,0.024046
4315,0.013017
4316,0.925507
4317,0.929963
4318,0.836312
4319,0.005180
4320,0.820100
4321,0.006391
4322,0.305911
4323,0.153439
4324,0.525132
4325,0.408549
4326,0.002748
4327,0.587618
4328,0.985775
4329,0.011916
4330,0.088840
4331,0.049123
4332,0.020596
4333,0.022229
4334,0.166358
4335,0.056581
4336,0.039287
4337,0.081784
4338,0.048661
4339,0.490454
4340,0.084887
4341,0.050428
4342,0.114075
4343,0.984742
4344,0.877261
4345,0.022834
4346,0.005103
4347,0.026320
4348,0.064481
4349,0.004752
4350,0.018507
4351,0.019402
4352,0.987227
4353,0.239152
4354,0.061201
4355,0.049554
4356,0.963848
4357,0.049821
4358,0.156948
4359,0.005488
4360,0.977043
4361,0.466738
4362,0.826887
4363,0.049239
4364,0.808501
4365,0.194775
4366,0.086954
4367,0.958671
4368,0.002113
4369,0.040477
4370,0.195784
4371,0.060930
4372,0.997799
4373,0.024751
4374,0.072770
4375,0.679093
4376,0.057980
4377,0.129083
4378,0.976983
4379,0.998231
4380,0.146530
4381,0.027575
4382,0.077570
4383,0.254292
4384,0.879397
4385,0.033911
4386,0.115408
4387,0.001549
4388,0.158414
4389,0.022993
4390,0.816716
4391,0.040843
4392,0.925616
4393,0.042315
4394,0.521342
4395,0.025574
4396,0.884314
4397,0.002736
4398,0.996413
4399,0.112547
4400,0.960113
4401,0.111022
4402,0.090225
4403,0.008787
4404,0.029308
4405,0.121737
4406,0.002684
4407,0.059078
4408,0.308626
4409,0.102175
4410,0.010448
4411,0.002581
4412,0.014282
4413,0.045445
4414,0.687270
4415,0.034754
4416,0.276308
4417,0.036367
4418,0.018136
4419,0.343093
4420,0.021239
4421,0.027178
4422,0.002166
4423,0.073530
4424,0.005537
4425,0.064004
4426,0.035917
4427,0.006364
4428,0.021479
4429,0.102068
4430,0.027359
4431,0.227331
4432,0.003177
4433,0.045746
4434,0.020339
4435,0.116330
4436,0.008833
4437,0.237802
4438,0.049441
4439,0.322670
4440,0.879832
4441,0.009977
4442,0.478042
4443,0.099598
4444,0.236806
4445,0.110792
4446,0.022231
4447,0.587025
4448,0.021284
4449,0.780463
4450,0.058841
4451,0.860696
4452,0.950185
4453,0.227969
4454,0.859487
4455,0.031867
4456,0.094562
4457,0.979523
4458,0.021992
4459,0.136578
4460,0.526594
4461,0.057196
4462,0.013262
4463,0.006887
4464,0.051493
4465,0.017766
4466,0.108682
4467,0.997068
4468,0.928060
4469,0.028370
4470,0.067221
4471,0.006037
4472,0.328806
4473,0.161179
4474,0.204961
4475,0.988931
4476,0.136458
4477,0.029991
4478,0.848577
4479,0.233492
4480,0.433468
4481,0.095722
4482,0.012091
4483,0.961795
4484,0.023491
4485,0.026500
4486,0.984008
4487,0.083251
4488,0.062779
4489,0.015566
4490,0.061144
4491,0.002442
4492,0.017196
4493,0.378511
4494,0.275316
4495,0.108483
4496,0.173127
4497,0.247129
4498,0.010259
4499,0.021414
4500,0.326521
4501,0.015512
4502,0.207402
4503,0.984025
4504,0.268275
4505,0.076410
4506,0.577975
4507,0.081702
4508,0.005619
4509,0.013804
4510,0.200558
4511,0.245504
4512,0.014408
4513,0.001883
4514,0.035540
4515,0.531439
4516,0.950002
4517,0.106107
4518,0.984012
4519,0.072108
4520,0.131549
4521,0.724263
4522,0.390249
4523,0.967549
4524,0.735607
4525,0.969947
4526,0.080718
4527,0.032806
4528,0.002432
4529,0.983736
4530,0.577332
4531,0.023165
4532,0.011096
4533,0.222006
4534,0.776672
4535,0.011512
4536,0.473133
4537,0.078412
4538,0.056487
4539,0.591384
4540,0.271142
4541,0.010802
4542,0.019896
4543,0.979556
4544,0.974950
4545,0.058990
4546,0.254529
4547,0.093273
4548,0.743303
4549,0.067420
4550,0.051126
4551,0.959372
4552,0.734348
4553,0.257178
4554,0.032082
4555,0.131943
4556,0.040563
4557,0.667220
4558,0.979827
4559,0.678151
4560,0.001931
4561,0.011595
4562,0.981224
4563,0.011088
4564,0.047394
4565,0.121138
4566,0.082511
4567,0.337953
4568,0.005183
4569,0.018263
4570,0.011949
4571,0.017400
4572,0.109477
4573,0.020536
4574,0.319940
4575,0.006334
4576,0.133187
4577,0.272832
4578,0.031043
4579,0.022553
4580,0.122298
4581,0.177071
4582,0.938399
4583,0.020841
4584,0.959807
4585,0.918810
4586,0.169678
4587,0.304101
4588,0.029651
4589,0.021948
4590,0.035771
4591,0.007832
4592,0.025984
4593,0.013182
4594,0.951289
4595,0.021409
4596,0.086479
4597,0.985477
4598,0.322377
4599,0.653608
4600,0.007629
4601,0.006027
4602,0.037176
4603,0.084634
4604,0.008755
4605,0.162812
4606,0.060400
4607,0.099439
4608,0.986181
4609,0.007705
4610,0.965180
4611,0.079872
4612,0.104441
4613,0.071541
4614,0.963320
4615,0.974943
4616,0.028895
4617,0.224621
4618,0.976952
4619,0.764397
4620,0.973079
4621,0.070779
4622,0.582721
4623,0.034532
4624,0.359390
4625,0.003267
4626,0.062946
4627,0.068125
4628,0.908739
4629,0.117623
4630,0.059218
4631,0.957576
4632,0.046810
4633,0.833036
4634,0.033985
4635,0.049437
4636,0.057443
4637,0.970017
4638,0.050589
4639,0.032940
4640,0.077575
4641,0.079295
4642,0.978553
4643,0.998159
4644,0.996921
4645,0.006355
4646,0.577425
4647,0.071670
4648,0.035606
4649,0.453851
4650,0.005575
4651,0.727837
4652,0.020796
4653,0.358257
4654,0.105759
4655,0.020225
4656,0.735560
4657,0.981046
4658,0.023788
4659,0.807240
4660,0.125066
4661,0.189206
4662,0.037135
4663,0.048543
4664,0.181083
4665,0.004263
4666,0.579705
4667,0.011142
4668,0.047793
4669,0.017238
4670,0.131980
4671,0.996676
4672,0.102930
4673,0.004818
4674,0.007422
4675,0.955139
4676,0.024317
4677,0.024215
4678,0.010743
4679,0.970034
4680,0.077113
4681,0.014839
4682,0.017697
4683,0.548642
4684,0.012642
4685,0.524001
4686,0.465305
4687,0.013022
4688,0.042458
4689,0.095847
4690,0.039808
4691,0.230532
4692,0.038604
4693,0.989233
4694,0.018676
4695,0.513577
4696,0.111019
4697,0.384805
4698,0.994746
4699,0.062881
4700,0.592545
4701,0.074747
4702,0.005072
4703,0.312271
4704,0.013579
4705,0.057300
4706,0.037617
4707,0.006090
4708,0.045578
4709,0.028199
4710,0.322029
4711,0.981124
4712,0.281307
4713,0.021874
4714,0.004809
4715,0.082728
4716,0.003209
4717,0.033569
4718,0.643413
4719,0.469482
4720,0.015809
4721,0.091378
4722,0.974152
4723,0.826349
4724,0.040129
4725,0.008027
4726,0.049412
4727,0.066120
4728,0.154317
4729,0.015584
4730,0.005152
4731,0.005466
4732,0.065394
4733,0.962614
4734,0.028906
4735,0.014628
4736,0.959687
4737,0.286656
4738,0.772703
4739,0.491879
4740,0.995575
4741,0.029254
4742,0.966896
4743,0.046978
4744,0.044833
4745,0.337174
4746,0.054783
4747,0.046518
4748,0.009738
4749,0.211501
4750,0.685652
4751,0.980974
4752,0.041207
4753,0.382674
4754,0.152140
4755,0.185259
4756,0.008698
4757,0.038544
4758,0.068881
4759,0.095895
4760,0.941262
4761,0.594505
4762,0.039990
4763,0.008649
4764,0.004202
4765,0.186541
4766,0.181632
4767,0.611911
4768,0.930840
4769,0.528815
4770,0.010089
4771,0.014192
4772,0.075139
4773,0.005327
4774,0.607424
4775,0.003210
4776,0.015347
4777,0.029078
4778,0.010470
4779,0.984380
4780,0.991823
4781,0.234233
4782,0.990525
4783,0.096990
4784,0.247728
4785,0.097860
4786,0.020629
4787,0.889143
4788,0.105701
4789,0.005014
4790,0.005789
4791,0.007139
4792,0.882523
4793,0.986419
4794,0.058897
4795,0.005043
4796,0.996148
4797,0.009863
4798,0.777593
4799,0.678334
4800,0.528177
4801,0.648613
4802,0.005272
4803,0.011802
4804,0.021216
4805,0.008426
4806,0.367606
4807,0.967288
4808,0.085971
4809,0.059617
4810,0.030851
4811,0.119713
4812,0.155872
4813,0.775022
4814,0.971980
4815,0.201991
4816,0.377037
4817,0.025265
4818,0.114249
4819,0.116345
4820,0.997237
4821,0.727040
4822,0.011313
4823,0.490100
4824,0.174926
4825,0.773732
4826,0.016834
4827,0.090802
4828,0.011037
4829,0.030736
4830,0.023372
4831,0.355850
4832,0.142581
4833,0.186405
4834,0.020745
4835,0.039894
4836,0.036131
4837,0.048223
4838,0.018485
4839,0.005231
4840,0.972414
4841,0.268630
4842,0.984363
4843,0.041689
4844,0.139294
4845,0.097935
4846,0.008457
4847,0.966908
4848,0.720990
4849,0.004363
4850,0.298223
4851,0.042725
4852,0.542620
4853,0.585152
4854,0.697127
4855,0.208926
4856,0.747676
4857,0.097072
4858,0.106512
4859,0.038879
4860,0.075997
4861,0.745411
4862,0.064084
4863,0.012621
4864,0.582608
4865,0.194377
4866,0.004030
4867,0.147260
4868,0.165054
4869,0.004107
4870,0.142538
4871,0.288985
4872,0.304497
4873,0.073073
4874,0.986979
4875,0.276123
4876,0.022830
4877,0.015303
4878,0.917197
4879,0.737717
4880,0.876720
4881,0.949117
4882,0.046996
4883,0.063962
4884,0.111307
4885,0.850368
4886,0.965275
4887,0.010889
4888,0.043904
4889,0.139839
4890,0.026751
4891,0.631345
4892,0.986562
4893,0.884901
4894,0.166156
4895,0.098514
4896,0.551628
4897,0.915893
4898,0.180240
4899,0.928585
4900,0.009116
4901,0.884655
4902,0.276075
4903,0.043312
4904,0.048598
4905,0.249356
4906,0.008876
4907,0.606313
4908,0.046797
4909,0.055023
4910,0.934695
4911,0.188999
4912,0.033211
4913,0.894139
4914,0.037835
4915,0.972825
4916,0.375624
4917,0.552314
4918,0.980097
4919,0.599149
4920,0.024129
4921,0.973268
4922,0.988598
4923,0.004533
4924,0.945630
4925,0.081707
4926,0.012181
4927,0.882208
4928,0.535704
4929,0.025230
4930,0.980451
4931,0.838855
4932,0.710797
4933,0.981995
4934,0.116997
4935,0.061573
4936,0.048743
4937,0.547654
4938,0.024868
4939,0.954444
4940,0.017188
4941,0.005650
4942,0.418497
4943,0.006912
4944,0.029963
4945,0.156844
4946,0.084558
4947,0.068598
4948,0.180313
4949,0.911994
4950,0.446467
4951,0.184845
4952,0.128319
4953,0.149341
4954,0.745833
4955,0.487551
4956,0.150330
4957,0.169378
4958,0.986329
4959,0.699216
4960,0.002532
4961,0.638010
4962,0.099547
4963,0.275885
4964,0.934847
4965,0.010278
4966,0.015062
4967,0.264685
4968,0.004679
4969,0.180955
4970,0.986885
4971,0.200746
4972,0.056505
4973,0.012326
4974,0.033606
4975,0.763542
4976,0.146090
4977,0.514417
4978,0.009605
4979,0.880430
4980,0.561700
4981,0.004599
4982,0.059872
4983,0.921417
4984,0.361743
4985,0.616543
4986,0.989145
4987,0.973451
4988,0.017227
4989,0.002131
4990,0.005526
4991,0.776642
4992,0.008283
4993,0.058538
4994,0.127708
4995,0.011806
4996,0.920146
4997,0.015184
4998,0.351616
4999,0.500741
5000,0.015684
5001,0.011429
5002,0.059127
5003,0.464226
5004,0.366767
5005,0.040120
5006,0.028162
5007,0.811526
5008,0.972243
5009,0.035560
5010,0.002454
5011,0.570873
5012,0.030530
5013,0.090698
5014,0.106035
5015,0.563111
5016,0.928128
5017,0.519386
5018,0.960074
5019,0.972144
5020,0.017368
5021,0.327504
5022,0.011296
5023,0.002032
5024,0.263403
5025,0.069858
5026,0.036773
5027,0.142739
5028,0.997660
5029,0.855228
5030,0.008558
5031,0.026930
5032,0.230161
5033,0.948930
5034,0.938355
5035,0.017909
5036,0.024109
5037,0.002671
5038,0.010989
5039,0.227397
5040,0.912504
5041,0.290942
5042,0.970787
5043,0.048339
5044,0.007931
5045,0.382597
5046,0.093180
5047,0.002980
5048,0.433365
5049,0.084561
5050,0.076661
5051,0.870498
5052,0.009295
5053,0.098966
5054,0.051542
5055,0.008215
5056,0.926266
5057,0.017637
5058,0.960402
5059,0.063733
5060,0.125814
5061,0.031745
5062,0.013960
5063,0.011637
5064,0.027319
5065,0.452373
5066,0.522434
5067,0.045510
5068,0.962666
5069,0.724305
5070,0.961116
5071,0.056766
5072,0.028608
5073,0.013991
5074,0.012057
5075,0.596115
5076,0.343500
5077,0.102201
5078,0.132170
5079,0.975077
5080,0.021836
5081,0.004765
5082,0.044403
5083,0.046968
5084,0.003510
5085,0.959063
5086,0.997612
5087,0.006975
5088,0.059682
5089,0.011587
5090,0.416300
5091,0.056569
5092,0.994480
5093,0.406700
5094,0.085269
5095,0.085837
5096,0.016509
5097,0.030188
5098,0.145513
5099,0.003252
5100,0.053084
5101,0.262580
5102,0.578697
5103,0.005375
5104,0.006992
5105,0.050195
5106,0.997576
5107,0.981489
5108,0.587258
5109,0.923346
5110,0.015980
5111,0.979901
5112,0.903863
5113,0.216168
5114,0.967712
5115,0.918316
5116,0.681763
5117,0.800498
5118,0.925293
5119,0.026407
5120,0.985169
5121,0.026109
5122,0.020170
5123,0.832009
5124,0.009817
5125,0.969958
5126,0.075514
5127,0.459857
5128,0.037973
5129,0.596158
5130,0.024519
5131,0.012375
5132,0.158133
5133,0.173719
5134,0.739748
5135,0.486277
5136,0.003266
5137,0.728971
5138,0.021874
5139,0.275923
5140,0.064724
5141,0.285128
5142,0.082871
5143,0.003338
5144,0.007265
5145,0.002523
5146,0.023092
5147,0.011034
5148,0.023781
5149,0.008680
5150,0.267735
5151,0.776066
5152,0.117833
5153,0.043323
5154,0.980296
5155,0.147450
5156,0.004572
5157,0.013526
5158,0.005655
5159,0.039521
5160,0.185077
5161,0.041510
5162,0.005878
5163,0.053174
5164,0.023826
5165,0.127416
5166,0.487529
5167,0.054756
5168,0.064715
5169,0.053881
5170,0.132894
5171,0.781369
5172,0.663085
5173,0.072967
5174,0.015608
5175,0.998155
5176,0.332160
5177,0.968374
5178,0.924784
5179,0.933015
5180,0.020711
5181,0.205091
5182,0.204576
5183,0.002783
5184,0.113867
5185,0.058889
5186,0.002018
5187,0.061121
5188,0.986217
5189,0.024230
5190,0.060796
5191,0.299830
5192,0.155164
5193,0.296908
5194,0.418081
5195,0.327773
5196,0.057642
5197,0.016254
5198,0.029028
5199,0.010479
5200,0.004081
5201,0.114399
5202,0.080317
5203,0.014121
5204,0.179328
5205,0.006535
5206,0.051625
5207,0.623484
5208,0.013325
5209,0.729817
5210,0.945450
5211,0.936119
5212,0.243985
5213,0.262044
5214,0.021728
5215,0.668843
5216,0.923198
5217,0.019894
5218,0.658852
5219,0.002747
5220,0.973654
5221,0.023113
5222,0.042608
5223,0.328403
5224,0.569301
5225,0.006088
5226,0.976695
5227,0.868335
5228,0.910837
5229,0.993547
5230,0.040996
5231,0.332668
5232,0.963559
5233,0.012425
5234,0.037748
5235,0.008050
5236,0.007013
5237,0.955165
5238,0.142665
5239,0.021577
5240,0.018573
5241,0.041036
5242,0.028812
5243,0.066838
5244,0.985396
5245,0.500745
5246,0.120144
5247,0.058843
5248,0.040396
5249,0.315945
5250,0.156433
5251,0.400484
5252,0.607722
5253,0.011980
5254,0.031704
5255,0.296456
5256,0.006188
5257,0.264731
5258,0.930518
5259,0.733643
5260,0.117538
5261,0.014493
5262,0.879034
5263,0.005963
5264,0.443741
5265,0.073292
5266,0.979158
5267,0.003251
5268,0.123041
5269,0.020692
5270,0.255226
5271,0.118315
5272,0.967673
5273,0.009276
5274,0.502707
5275,0.807323
5276,0.128796
5277,0.785339
5278,0.189786
5279,0.006542
5280,0.008410
5281,0.003403
5282,0.987471
5283,0.056673
5284,0.014128
5285,0.005651
5286,0.014951
5287,0.055144
5288,0.063894
5289,0.028852
5290,0.003229
5291,0.991783
5292,0.782087
5293,0.115013
5294,0.777264
5295,0.023191
5296,0.151217
5297,0.004537
5298,0.312611
5299,0.003967
5300,0.010652
5301,0.213770
5302,0.313778
5303,0.132812
5304,0.071394
5305,0.050578
5306,0.096538
5307,0.814383
5308,0.063788
5309,0.136427
5310,0.026756
5311,0.856610
5312,0.300616
5313,0.041132
5314,0.753086
5315,0.204099
5316,0.084622
5317,0.102027
5318,0.004554
5319,0.681056
5320,0.034646
5321,0.074072
5322,0.163549
5323,0.026213
5324,0.920135
5325,0.163635
5326,0.003270
5327,0.022886
5328,0.037709
5329,0.954066
5330,0.008512
5331,0.107441
5332,0.004516
5333,0.044470
5334,0.979931
5335,0.539064
5336,0.007703
5337,0.038182
5338,0.255357
5339,0.081448
5340,0.011516
5341,0.003626
5342,0.980443
5343,0.072325
5344,0.024729
5345,0.012031
5346,0.229327
5347,0.966091
5348,0.033415
5349,0.029299
5350,0.824135
5351,0.995822
5352,0.800106
5353,0.024305
5354,0.330110
5355,0.913582
5356,0.015113
5357,0.169492
5358,0.996103
5359,0.007565
5360,0.041935
5361,0.663922
5362,0.098843
5363,0.010488
5364,0.006632
5365,0.966272
5366,0.003370
5367,0.003087
5368,0.894702
5369,0.716408
5370,0.042081
5371,0.023500
5372,0.011929
5373,0.245031
5374,0.006366
5375,0.023833
5376,0.057246
5377,0.007228
5378,0.034328
5379,0.262140
5380,0.495615
5381,0.033551
5382,0.270130
5383,0.100331
5384,0.067909
5385,0.048267
5386,0.013276
5387,0.765126
5388,0.010120
5389,0.976829
5390,0.627114
5391,0.006382
5392,0.003658
5393,0.990396
5394,0.026235
5395,0.767173
5396,0.038624
5397,0.206916
5398,0.167857
5399,0.309171
5400,0.028637
5401,0.418351
5402,0.004916
5403,0.083642
5404,0.029875
5405,0.053982
5406,0.906395
5407,0.837741
5408,0.013997
5409,0.011237
5410,0.221298
5411,0.226952
5412,0.967253
5413,0.080690
5414,0.006301
5415,0.994258
5416,0.027397
5417,0.057371
5418,0.089698
5419,0.284352
5420,0.034991
5421,0.052108
5422,0.041515
5423,0.049087
5424,0.911696
5425,0.975024
5426,0.028550
5427,0.025656
5428,0.005102
5429,0.002229
5430,0.654301
5431,0.025350
5432,0.757499
5433,0.195062
5434,0.972220
5435,0.565464
5436,0.987574
5437,0.041185
5438,0.272028
5439,0.270469
5440,0.954272
5441,0.007823
5442,0.061918
5443,0.631812
5444,0.009452
5445,0.910445
5446,0.134569
5447,0.146794
5448,0.029034
5449,0.005008
5450,0.963564
5451,0.002670
5452,0.974832
5453,0.171523
5454,0.056613
5455,0.962978
5456,0.005972
5457,0.058325
5458,0.004587
5459,0.948330
5460,0.980921
5461,0.010243
5462,0.015474
5463,0.014104
5464,0.006118
5465,0.122726
5466,0.838209
5467,0.992806
5468,0.053681
5469,0.104689
5470,0.997336
5471,0.309512
5472,0.140585
5473,0.003001
5474,0.373459
5475,0.006063
5476,0.052127
5477,0.863116
5478,0.257249
5479,0.966234
5480,0.042931
5481,0.056688
5482,0.004829
5483,0.351034
5484,0.714469
5485,0.174345
5486,0.057203
5487,0.484414
5488,0.159270
5489,0.139605
5490,0.021448
5491,0.572405
5492,0.044824
5493,0.010986
5494,0.855436
5495,0.820710
5496,0.016913
5497,0.117828
5498,0.050396
5499,0.004652
5500,0.003145
5501,0.174201
5502,0.020431
5503,0.069392
5504,0.969721
5505,0.980326
5506,0.016000
5507,0.357059
5508,0.033528
5509,0.981085
5510,0.007596
5511,0.993204
5512,0.005347
5513,0.037520
5514,0.318320
5515,0.002973
5516,0.033762
5517,0.114786
5518,0.181694
5519,0.032404
5520,0.024675
5521,0.996557
5522,0.798583
5523,0.221206
5524,0.980499
5525,0.076256
5526,0.125997
5527,0.710700
5528,0.005652
5529,0.024051
5530,0.084752
5531,0.048811
5532,0.109147
5533,0.095438
5534,0.127959
5535,0.042115
5536,0.108262
5537,0.032573
5538,0.012036
5539,0.070995
5540,0.875344
5541,0.008290
5542,0.167634
5543,0.006397
5544,0.008715
5545,0.964365
5546,0.453134
5547,0.028511
5548,0.046253
5549,0.988650
5550,0.016916
5551,0.104412
5552,0.053199
5553,0.060451
5554,0.382516
5555,0.110624
5556,0.081826
5557,0.622562
5558,0.983090
5559,0.052279
5560,0.986060
5561,0.675024
5562,0.003119
5563,0.074869
5564,0.012745
5565,0.991530
5566,0.379047
5567,0.016705
5568,0.047649
5569,0.056176
5570,0.985336
5571,0.018139
5572,0.003030
5573,0.058888
5574,0.853344
5575,0.318639
5576,0.027201
5577,0.040029
5578,0.164601
5579,0.193797
5580,0.994453
5581,0.253642
5582,0.009409
5583,0.011636
5584,0.599402
5585,0.016141
5586,0.264724
5587,0.692792
5588,0.153910
5589,0.181973
5590,0.099569
5591,0.018220
5592,0.583391
5593,0.006194
5594,0.023888
5595,0.063802
5596,0.620159
5597,0.936566
5598,0.030523
5599,0.888298
5600,0.979873
5601,0.059768
5602,0.103157
5603,0.468238
5604,0.003035
5605,0.786224
5606,0.074725
5607,0.002971
5608,0.327321
5609,0.847542
5610,0.040298
5611,0.067234
5612,0.037459
5613,0.143210
5614,0.186862
5615,0.002609
5616,0.024724
5617,0.890886
5618,0.996479
5619,0.113566
5620,0.028435
5621,0.170974
5622,0.020508
5623,0.003575
5624,0.168862
5625,0.712454
5626,0.155430
5627,0.996795
5628,0.049178
5629,0.123269
5630,0.982630
5631,0.031153
5632,0.015594
5633,0.005659
5634,0.583243
5635,0.071376
5636,0.002671
5637,0.097780
5638,0.802371
5639,0.003538
5640,0.016291
5641,0.172902
5642,0.020470
5643,0.870611
5644,0.067183
5645,0.020811
5646,0.882232
5647,0.092158
5648,0.023926
5649,0.042275
5650,0.009203
5651,0.140523
5652,0.015669
5653,0.009233
5654,0.009968
5655,0.974008
5656,0.229742
5657,0.210588
5658,0.016605
5659,0.113267
5660,0.023779
5661,0.912642
5662,0.033323
5663,0.202164
5664,0.013138
5665,0.928107
5666,0.078248
5667,0.966984
5668,0.997727
5669,0.484597
5670,0.924764
5671,0.104320
5672,0.021283
5673,0.309808
5674,0.860156
5675,0.193679
5676,0.996676
5677,0.056218
5678,0.074111
5679,0.975163
5680,0.009521
5681,0.036861
5682,0.528760
5683,0.206939
5684,0.037849
5685,0.076360
5686,0.107017
5687,0.130175
5688,0.023500
5689,0.038636
5690,0.018864
5691,0.007964
5692,0.020611
5693,0.279042
5694,0.046096
5695,0.428411
5696,0.143133
5697,0.223326
5698,0.027471
5699,0.299327
5700,0.031710
5701,0.980505
5702,0.073691
5703,0.226657
5704,0.902876
5705,0.703702
5706,0.057937
5707,0.022699
5708,0.139455
5709,0.944463
5710,0.965578
5711,0.061310
5712,0.003037
5713,0.015063
5714,0.291916
5715,0.027959
5716,0.002860
5717,0.885890
5718,0.954973
5719,0.004358
5720,0.483894
5721,0.004149
5722,0.997198
5723,0.510876
5724,0.018589
5725,0.057409
5726,0.387107
5727,0.959558
5728,0.872192
5729,0.007970
5730,0.334700
5731,0.981881
5732,0.016157
5733,0.180209
5734,0.996230
5735,0.020429
5736,0.003165
5737,0.960385
5738,0.866106
5739,0.008226
5740,0.179797
5741,0.065763
5742,0.059380
5743,0.860800
5744,0.226763
5745,0.005965
5746,0.024887
5747,0.086839
5748,0.050095
5749,0.262866
5750,0.981097
5751,0.004408
5752,0.090562
5753,0.016929
5754,0.005369
5755,0.058119
5756,0.008915
5757,0.136270
5758,0.931832
5759,0.202077
5760,0.020848
5761,0.005642
5762,0.514070
5763,0.950999
5764,0.002105
5765,0.792052
5766,0.987674
5767,0.042597
5768,0.870987
5769,0.003626
5770,0.061418
5771,0.996299
5772,0.182425
5773,0.625116
5774,0.984402
5775,0.089124
5776,0.919341
5777,0.004193
5778,0.025164
5779,0.013609
5780,0.020146
5781,0.276715
5782,0.017340
5783,0.447066
5784,0.940939
5785,0.784568
5786,0.002379
5787,0.074764
5788,0.986283
5789,0.022504
5790,0.985462
5791,0.997496
5792,0.042894
5793,0.182004
5794,0.127568
5795,0.061252
5796,0.067109
5797,0.954147
5798,0.993973
5799,0.025402
5800,0.232164
5801,0.214523
5802,0.965337
5803,0.243109
5804,0.039107
5805,0.074340
5806,0.962881
5807,0.037788
5808,0.998235
5809,0.017982
5810,0.074669
5811,0.972327
5812,0.985956
5813,0.934795
5814,0.939782
5815,0.961651
5816,0.966388
5817,0.960174
5818,0.027889
5819,0.996800
5820,0.268097
5821,0.025545
5822,0.996901
5823,0.008960
5824,0.861635
5825,0.033449
5826,0.023188
5827,0.012941
5828,0.950104
5829,0.255388
5830,0.060255
5831,0.089280
5832,0.420025
5833,0.211222
5834,0.053503
5835,0.737024
5836,0.125978
5837,0.629469
5838,0.005986
5839,0.004112
5840,0.005113
5841,0.947597
5842,0.079669
5843,0.178349
5844,0.119799
5845,0.481640
5846,0.954312
5847,0.120089
5848,0.074305
5849,0.027990
5850,0.987390
5851,0.949567
5852,0.854269
5853,0.129517
5854,0.833761
5855,0.007766
5856,0.078869
5857,0.065122
5858,0.501484
5859,0.032706
5860,0.969496
5861,0.021930
5862,0.626943
5863,0.070180
5864,0.140687
5865,0.201718
5866,0.084217
5867,0.156570
5868,0.053099
5869,0.042842
5870,0.004503
5871,0.113577
5872,0.005870
5873,0.068052
5874,0.990108
5875,0.997758
5876,0.045541
5877,0.954589
5878,0.143548
5879,0.032588
5880,0.188797
5881,0.150464
5882,0.022979
5883,0.166631
5884,0.769903
5885,0.005695
5886,0.512587
5887,0.924535
5888,0.459856
5889,0.924229
5890,0.004884
5891,0.031408
5892,0.655567
5893,0.063477
5894,0.048541
5895,0.066272
5896,0.014924
5897,0.034986
5898,0.673375
5899,0.109167
5900,0.081017
5901,0.677286
5902,0.544062
5903,0.962688
5904,0.970315
5905,0.473121
5906,0.043197
5907,0.984080
5908,0.028550
5909,0.052874
5910,0.097611
5911,0.124366
5912,0.982338
5913,0.004028
5914,0.053946
5915,0.160190
5916,0.006814
5917,0.006994
5918,0.955285
5919,0.122838
5920,0.985974
5921,0.058640
5922,0.094513
5923,0.048402
5924,0.284179
5925,0.065976
5926,0.980702
5927,0.162738
5928,0.074267
5929,0.008001
5930,0.108497
5931,0.955108
5932,0.033868
5933,0.942453
5934,0.576629
5935,0.196968
5936,0.005726
5937,0.066636
5938,0.374047
5939,0.004317
5940,0.968768
5941,0.044068
5942,0.151427
5943,0.073104
5944,0.356444
5945,0.981806
5946,0.077291
5947,0.057209
5948,0.089684
5949,0.804266
5950,0.011910
5951,0.374073
5952,0.123408
5953,0.418506
5954,0.407688
5955,0.029121
5956,0.935789
5957,0.892334
5958,0.822081
5959,0.257744
5960,0.037616
5961,0.005560
5962,0.254782
5963,0.004250
5964,0.902486
5965,0.163712
5966,0.031717
5967,0.005972
5968,0.046697
5969,0.566666
5970,0.965523
5971,0.036602
5972,0.962499
5973,0.119942
5974,0.902366
5975,0.617702
5976,0.006088
5977,0.372464
5978,0.348315
5979,0.930864
5980,0.167329
5981,0.311804
5982,0.021277
5983,0.018565
5984,0.916267
5985,0.033757
5986,0.113020
5987,0.025247
5988,0.741997
5989,0.914767
5990,0.015884
5991,0.989841
5992,0.065648
5993,0.289650
5994,0.008009
5995,0.053239
5996,0.028228
5997,0.959075
5998,0.799255
5999,0.864433
6000,0.017379
6001,0.661694
6002,0.761366
6003,0.213281
6004,0.045044
6005,0.004323
6006,0.750790
6007,0.970310
6008,0.556875
6009,0.888056
6010,0.018207
6011,0.954960
6012,0.068287
6013,0.147574
6014,0.022763
6015,0.040627
6016,0.060571
6017,0.029034
6018,0.996541
6019,0.029122
6020,0.968398
6021,0.318536
6022,0.967622
6023,0.854416
6024,0.021627
6025,0.041813
6026,0.046610
6027,0.440572
6028,0.069267
6029,0.700202
6030,0.015968
6031,0.020850
6032,0.049635
6033,0.013778
6034,0.559960
6035,0.141067
6036,0.964229
6037,0.651915
6038,0.925746
6039,0.006020
6040,0.040644
6041,0.973501
6042,0.969722
6043,0.834253
6044,0.949018
6045,0.944460
6046,0.013267
6047,0.078464
6048,0.234574
6049,0.542694
6050,0.014458
6051,0.155141
6052,0.062368
6053,0.002105
6054,0.018929
6055,0.056748
6056,0.114368
6057,0.013080
6058,0.214945
6059,0.765356
6060,0.019766
6061,0.333905
6062,0.059343
6063,0.964821
6064,0.007747
6065,0.027316
6066,0.124491
6067,0.009846
6068,0.539872
6069,0.002671
6070,0.038742
6071,0.023784
6072,0.997027
6073,0.020350
6074,0.162736
6075,0.047421
6076,0.157983
6077,0.043608
6078,0.334129
6079,0.031032
6080,0.798762
6081,0.006599
6082,0.696387
6083,0.016921
6084,0.988347
6085,0.171933
6086,0.038600
6087,0.035310
6088,0.113528
6089,0.081629
6090,0.025394
6091,0.021293
6092,0.977003
6093,0.272978
6094,0.049747
6095,0.469544
6096,0.951872
6097,0.061573
6098,0.003055
6099,0.921518
6100,0.972472
6101,0.862908
6102,0.080451
6103,0.294427
6104,0.077555
6105,0.012729
6106,0.019083
6107,0.546455
6108,0.974172
6109,0.005482
6110,0.327138
6111,0.927464
6112,0.012017
6113,0.005207
6114,0.051973
6115,0.968611
6116,0.754831
6117,0.002721
6118,0.052508
6119,0.591693
6120,0.367082
6121,0.010384
6122,0.066154
6123,0.923168
6124,0.129973
6125,0.627951
6126,0.003207
6127,0.880685
6128,0.008168
6129,0.835188
6130,0.021630
6131,0.046708
6132,0.962779
6133,0.074860
6134,0.375684
6135,0.046588
6136,0.883247
6137,0.085455
6138,0.013502
6139,0.114770
6140,0.032005
6141,0.997311
6142,0.950487
6143,0.882212
6144,0.023923
6145,0.967637
6146,0.611781
6147,0.028282
6148,0.777073
6149,0.314382
6150,0.005800
6151,0.036314
6152,0.044269
6153,0.042948
6154,0.830103
6155,0.020173
6156,0.375508
6157,0.045440
6158,0.137946
6159,0.023119
6160,0.816168
6161,0.428249
6162,0.972193
6163,0.896158
6164,0.023675
6165,0.247301
6166,0.968688
6167,0.992217
6168,0.820509
6169,0.480850
6170,0.840541
6171,0.244672
6172,0.908749
6173,0.205276
6174,0.343516
6175,0.648615
6176,0.014183
6177,0.047769
6178,0.933980
6179,0.075828
6180,0.822897
6181,0.963424
6182,0.121188
6183,0.026231
6184,0.142772
6185,0.650266
6186,0.380762
6187,0.003505
6188,0.057979
6189,0.135877
6190,0.118618
6191,0.997520
6192,0.196795
6193,0.021082
6194,0.981747
6195,0.014031
6196,0.977270
6197,0.984529
6198,0.881213
6199,0.052719
6200,0.968685
6201,0.008231
6202,0.020815
6203,0.012844
6204,0.098504
6205,0.018645
6206,0.039859
6207,0.014171
6208,0.988159
6209,0.145590
6210,0.587338
6211,0.942390
6212,0.014761
6213,0.011737
6214,0.415809
6215,0.095551
6216,0.016544
6217,0.035733
6218,0.122461
6219,0.106368
6220,0.040906
6221,0.586809
6222,0.007075
6223,0.007518
6224,0.014632
6225,0.004250
6226,0.005985
6227,0.016245
6228,0.023678
6229,0.970461
6230,0.002253
6231,0.051953
6232,0.072323
6233,0.033506
6234,0.998085
6235,0.373471
6236,0.171504
6237,0.306404
6238,0.040620
6239,0.801070
6240,0.014376
6241,0.456067
6242,0.006999
6243,0.015426
6244,0.001693
6245,0.002825
6246,0.976223
6247,0.056467
6248,0.012897
6249,0.335127
6250,0.357546
6251,0.085361
6252,0.903426
6253,0.887500
6254,0.944288
6255,0.973333
6256,0.991572
6257,0.509037
6258,0.994651
6259,0.008029
6260,0.004005
6261,0.061365
6262,0.094662
6263,0.183054
6264,0.550617
6265,0.056800
6266,0.970120
6267,0.053671
6268,0.049353
6269,0.009453
6270,0.076603
6271,0.013571
6272,0.094509
6273,0.038411
6274,0.112730
6275,0.009288
6276,0.984518
6277,0.056855
6278,0.075281
6279,0.983325
6280,0.079292
6281,0.003587
6282,0.132529
6283,0.204582
6284,0.609613
6285,0.424000
6286,0.014567
6287,0.029803
6288,0.984045
6289,0.762545
6290,0.045720
6291,0.057259
6292,0.038240
6293,0.124980
6294,0.747259
6295,0.082077
6296,0.779430
6297,0.014059
6298,0.164771
6299,0.962273
6300,0.907790
6301,0.019234
6302,0.029383
6303,0.014365
6304,0.628519
6305,0.898166
6306,0.770815
6307,0.380604
6308,0.670510
6309,0.017198
6310,0.802785
6311,0.737621
6312,0.961699
6313,0.996529
6314,0.032159
6315,0.486948
6316,0.450038
6317,0.050952
6318,0.262649
6319,0.088650
6320,0.101891
6321,0.003541
6322,0.997735
6323,0.002488
6324,0.215696
6325,0.003669
6326,0.009331
6327,0.183311
6328,0.009523
6329,0.028036
6330,0.662055
6331,0.013613
6332,0.997716
6333,0.893993
6334,0.005615
6335,0.990431
6336,0.315416
6337,0.682163
6338,0.109927
6339,0.125019
6340,0.005900
6341,0.016716
6342,0.735628
6343,0.026328
6344,0.050508
6345,0.010063
6346,0.109024
6347,0.110935
6348,0.103409
6349,0.937631
6350,0.868100
6351,0.358559
6352,0.536801
6353,0.038548
6354,0.014838
6355,0.073408
6356,0.102952
6357,0.191260
6358,0.003979
6359,0.225740
6360,0.153456
6361,0.141278
6362,0.018093
6363,0.983495
6364,0.010017
6365,0.038430
6366,0.005942
6367,0.034579
6368,0.278438
6369,0.961891
6370,0.295418
6371,0.035200
6372,0.004878
6373,0.425675
6374,0.035423
6375,0.416622
6376,0.494026
6377,0.162526
6378,0.015937
6379,0.015532
6380,0.008436
6381,0.268215
6382,0.041738
6383,0.023108
6384,0.040565
6385,0.997877
6386,0.103549
6387,0.023081
6388,0.867871
6389,0.759119
6390,0.809093
6391,0.925708
6392,0.048407
6393,0.019235
6394,0.009026
6395,0.862710
6396,0.187800
6397,0.985754
6398,0.956198
6399,0.960900
6400,0.926440
6401,0.984168
6402,0.935468
6403,0.002246
6404,0.004298
6405,0.444094
6406,0.965498
6407,0.920023
6408,0.332297
6409,0.690982
6410,0.023205
6411,0.185305
6412,0.160069
6413,0.967784
6414,0.002038
6415,0.983935
6416,0.080398
6417,0.585809
6418,0.030913
6419,0.064197
6420,0.252326
6421,0.051460
6422,0.026628
6423,0.080965
6424,0.907442
6425,0.618909
6426,0.165401
6427,0.138179
6428,0.100868
6429,0.971135
6430,0.987826
6431,0.088777
6432,0.066448
6433,0.002454
6434,0.050080
6435,0.040501
6436,0.105430
6437,0.980844
6438,0.063853
6439,0.059610
6440,0.029022
6441,0.017933
6442,0.018348
6443,0.010582
6444,0.945718
6445,0.967379
6446,0.149448
6447,0.026269
6448,0.009743
6449,0.614847
6450,0.027640
6451,0.697661
6452,0.112561
6453,0.011417
6454,0.162928
6455,0.107646
6456,0.837522
6457,0.029581
6458,0.656849
6459,0.010557
6460,0.015941
6461,0.054791
6462,0.032636
6463,0.004038
6464,0.974623
6465,0.494915
6466,0.067507
6467,0.377540
6468,0.035518
6469,0.977998
6470,0.942793
6471,0.324816
6472,0.089015
6473,0.039090
6474,0.328641
6475,0.057993
6476,0.150226
6477,0.005070
6478,0.083153
6479,0.747043
6480,0.007565
6481,0.017685
6482,0.668863
6483,0.056025
6484,0.076680
6485,0.113602
6486,0.374370
6487,0.015138
6488,0.055752
6489,0.009286
6490,0.368079
6491,0.214588
6492,0.979587
6493,0.023979
6494,0.096402
6495,0.122854
6496,0.063893
6497,0.953617
6498,0.862855
6499,0.334193
6500,0.997612
6501,0.995951
6502,0.006764
6503,0.965390
6504,0.006490
6505,0.869391
6506,0.997451
6507,0.129328
6508,0.051748
6509,0.075248
6510,0.083690
6511,0.986774
6512,0.047439
6513,0.949412
6514,0.008010
6515,0.054517
6516,0.004283
6517,0.026584
6518,0.074610
6519,0.146539
6520,0.937019
6521,0.100091
6522,0.002332
6523,0.423264
6524,0.084284
6525,0.227516
6526,0.081713
6527,0.004766
6528,0.007686
6529,0.020413
6530,0.007393
6531,0.970213
6532,0.377524
6533,0.450997
6534,0.801784
6535,0.105979
6536,0.832651
6537,0.028190
6538,0.008523
6539,0.113506
6540,0.032117
6541,0.944205
6542,0.011372
6543,0.021602
6544,0.023694
6545,0.091952
6546,0.069289
6547,0.922820
6548,0.111444
6549,0.990470
6550,0.047889
6551,0.103951
6552,0.684854
6553,0.058026
6554,0.066607
6555,0.521494
6556,0.988292
6557,0.446948
6558,0.970548
6559,0.491538
6560,0.850828
6561,0.221295
6562,0.640535
6563,0.964624
6564,0.010940
6565,0.548941
6566,0.978915
6567,0.279932
6568,0.260551
6569,0.597894
6570,0.053244
6571,0.022917
6572,0.026033
6573,0.984305
6574,0.044171
6575,0.721169
6576,0.057498
6577,0.057050
6578,0.073452
6579,0.166743
6580,0.003283
6581,0.004523
6582,0.136255
6583,0.188632
6584,0.752484
6585,0.072851
6586,0.527007
6587,0.865242
6588,0.006706
6589,0.058328
6590,0.023224
6591,0.025178
6592,0.032578
6593,0.088294
6594,0.146329
6595,0.644102
6596,0.044406
6597,0.012282
6598,0.164889
6599,0.885202
6600,0.226969
6601,0.548500
6602,0.025026
6603,0.407613
6604,0.009871
6605,0.025245
6606,0.698284
6607,0.013199
6608,0.860815
6609,0.007986
6610,0.030756
6611,0.056427
6612,0.973544
6613,0.026987
6614,0.243974
6615,0.079249
6616,0.017121
6617,0.014412
6618,0.972520
6619,0.034970
6620,0.219296
6621,0.997343
6622,0.855922
6623,0.003781
6624,0.033023
6625,0.072793
6626,0.080851
6627,0.028585
6628,0.008846
6629,0.025101
6630,0.134927
6631,0.026444
6632,0.026055
6633,0.116865
6634,0.023060
6635,0.274289
6636,0.017384
6637,0.055416
6638,0.045147
6639,0.955863
6640,0.012903
6641,0.052353
6642,0.956175
6643,0.094663
6644,0.219387
6645,0.205611
6646,0.891705
6647,0.215835
6648,0.922728
6649,0.950510
6650,0.179653
6651,0.952920
6652,0.450892
6653,0.191483
6654,0.088612
6655,0.072686
6656,0.003820
6657,0.797466
6658,0.044594
6659,0.972586
6660,0.026675
6661,0.164946
6662,0.982423
6663,0.022426
6664,0.040198
6665,0.938680
6666,0.070731
6667,0.414416
6668,0.018258
6669,0.132722
6670,0.093885
6671,0.960436
6672,0.032096
6673,0.005336
6674,0.058614
6675,0.640337
6676,0.297277
6677,0.020357
6678,0.127531
6679,0.060943
6680,0.202424
6681,0.360170
6682,0.028240
6683,0.176227
6684,0.071859
6685,0.968651
6686,0.741941
6687,0.002811
6688,0.004244
6689,0.941036
6690,0.983933
6691,0.997858
6692,0.014355
6693,0.357750
6694,0.035362
6695,0.969933
6696,0.069251
6697,0.039112
6698,0.981727
6699,0.844136
6700,0.379044
6701,0.011295
6702,0.948049
6703,0.925661
6704,0.102112
6705,0.976738
6706,0.019653
6707,0.027210
6708,0.028736
6709,0.215744
6710,0.085479
6711,0.047410
6712,0.005513
6713,0.437517
6714,0.972856
6715,0.023226
6716,0.020308
6717,0.741123
6718,0.975484
6719,0.050797
6720,0.003670
6721,0.001697
6722,0.585649
6723,0.053290
6724,0.006280
6725,0.997828
6726,0.898022
6727,0.960971
6728,0.049963
6729,0.951972
6730,0.274939
6731,0.187474
6732,0.109792
6733,0.957152
6734,0.011406
6735,0.996643
6736,0.341014
6737,0.997747
6738,0.983570
6739,0.002750
6740,0.005405
6741,0.005643
6742,0.166722
6743,0.065283
6744,0.036971
6745,0.003721
6746,0.695059
6747,0.571460
6748,0.929490
6749,0.089352
6750,0.975051
6751,0.179011
6752,0.016597
6753,0.301082
6754,0.006529
6755,0.167407
6756,0.976833
6757,0.064340
6758,0.748992
6759,0.029036
6760,0.112481
6761,0.023833
6762,0.958176
6763,0.007313
6764,0.043112
6765,0.142532
6766,0.893855
6767,0.987699
6768,0.940084
6769,0.035269
6770,0.018968
6771,0.040006
6772,0.976903
6773,0.023711
6774,0.007910
6775,0.038601
6776,0.150831
6777,0.047190
6778,0.044290
6779,0.158460
6780,0.944296
6781,0.011151
6782,0.164479
6783,0.107902
6784,0.004258
6785,0.730244
6786,0.738686
6787,0.878804
6788,0.893261
6789,0.102737
6790,0.013438
6791,0.736284
6792,0.978459
6793,0.121009
6794,0.319431
6795,0.968237
6796,0.711325
6797,0.073625
6798,0.279163
6799,0.022801
6800,0.808578
6801,0.676800
6802,0.350377
6803,0.058410
6804,0.679725
6805,0.003493
6806,0.716731
6807,0.005615
6808,0.029118
6809,0.082830
6810,0.912859
6811,0.025925
6812,0.014991
6813,0.932301
6814,0.026870
6815,0.220081
6816,0.037119
6817,0.014630
6818,0.978753
6819,0.009096
6820,0.032862
6821,0.956664
6822,0.007203
6823,0.115803
6824,0.016826
6825,0.023363
6826,0.054749
6827,0.002787
6828,0.957968
6829,0.002378
6830,0.990771
6831,0.048625
6832,0.012803
6833,0.086215
6834,0.020083
6835,0.595596
6836,0.585297
6837,0.996988
6838,0.297057
6839,0.100326
6840,0.812902
6841,0.044627
6842,0.915056
6843,0.002311
6844,0.074546
6845,0.988233
6846,0.166314
6847,0.008905
6848,0.845955
6849,0.021156
6850,0.014075
6851,0.476331
6852,0.177187
6853,0.851373
6854,0.038668
6855,0.033196
6856,0.080828
6857,0.860400
6858,0.967221
6859,0.961467
6860,0.932649
6861,0.017549
6862,0.084240
6863,0.030786
6864,0.060635
6865,0.003656
6866,0.174191
6867,0.590179
6868,0.889735
6869,0.205642
6870,0.732720
6871,0.950980
6872,0.014710
6873,0.060032
6874,0.062973
6875,0.213501
6876,0.970107
6877,0.839908
6878,0.011746
6879,0.020007
6880,0.059124
6881,0.343965
6882,0.945607
6883,0.358029
6884,0.120475
6885,0.041995
6886,0.991468
6887,0.916880
6888,0.734470
6889,0.180523
6890,0.945741
6891,0.044646
6892,0.009057
6893,0.036542
6894,0.175548
6895,0.056635
6896,0.998009
6897,0.063519
6898,0.977017
6899,0.018960
6900,0.492291
6901,0.007035
6902,0.049642
6903,0.037172
6904,0.036054
6905,0.986091
6906,0.907843
6907,0.091980
6908,0.047202
6909,0.003946
6910,0.796165
6911,0.007890
6912,0.978010
6913,0.974422
6914,0.004403
6915,0.027086
6916,0.978242
6917,0.324280
6918,0.850054
6919,0.013965
6920,0.045909
6921,0.487163
6922,0.003401
6923,0.033131
6924,0.028723
6925,0.010739
6926,0.699296
6927,0.006328
6928,0.003023
6929,0.010775
6930,0.443982
6931,0.075491
6932,0.060073
6933,0.827099
6934,0.066896
6935,0.175014
6936,0.004281
6937,0.003858
6938,0.172637
6939,0.061773
6940,0.959155
6941,0.005727
6942,0.802400
6943,0.064869
6944,0.943843
6945,0.629014
6946,0.003036
6947,0.895402
6948,0.012527
6949,0.109987
6950,0.935118
6951,0.690507
6952,0.036427
6953,0.003526
6954,0.015128
6955,0.951058
6956,0.032641
6957,0.997809
6958,0.964802
6959,0.051640
6960,0.059511
6961,0.147552
6962,0.677665
6963,0.030134
6964,0.706704
6965,0.006638
6966,0.039115
6967,0.014084
6968,0.985439
6969,0.994917
6970,0.002539
6971,0.003283
6972,0.080966
6973,0.015171
6974,0.336341
6975,0.114488
6976,0.015950
6977,0.074057
6978,0.010133
6979,0.024131
6980,0.551881
6981,0.085994
6982,0.998260
6983,0.271709
6984,0.025770
6985,0.325952
6986,0.908889
6987,0.114165
6988,0.034649
6989,0.007594
6990,0.007987
6991,0.005956
6992,0.033305
6993,0.895734
6994,0.846677
6995,0.033027
6996,0.521763
6997,0.934023
6998,0.006852
6999,0.061271
7000,0.440423
7001,0.143263
7002,0.075693
7003,0.093677
7004,0.002489
7005,0.065947
7006,0.007166
7007,0.973298
7008,0.069007
7009,0.031089
7010,0.166953
7011,0.932033
7012,0.005084
7013,0.420708
7014,0.775944
7015,0.003204
7016,0.952506
7017,0.039747
7018,0.289051
7019,0.011990
7020,0.032896
7021,0.009076
7022,0.377570
7023,0.150551
7024,0.837207
7025,0.036094
7026,0.018543
7027,0.014556
7028,0.045887
7029,0.030987
7030,0.177380
7031,0.955409
7032,0.008770
7033,0.834316
7034,0.115309
7035,0.250785
7036,0.793374
7037,0.967046
7038,0.018341
7039,0.003238
7040,0.070496
7041,0.969091
7042,0.007458
7043,0.666175
7044,0.035449
7045,0.226476
7046,0.621703
7047,0.932376
7048,0.939971
7049,0.155162
7050,0.125020
7051,0.023627
7052,0.029427
7053,0.108632
7054,0.016029
7055,0.113382
7056,0.149561
7057,0.258932
7058,0.610058
7059,0.037600
7060,0.021079
7061,0.859870
7062,0.962235
7063,0.051745
7064,0.022052
7065,0.128587
7066,0.226491
7067,0.031350
7068,0.060544
7069,0.970039
7070,0.987982
7071,0.060419
7072,0.005926
7073,0.042155
7074,0.071106
7075,0.997669
7076,0.475943
7077,0.983244
7078,0.963861
7079,0.576351
7080,0.048333
7081,0.231769
7082,0.032735
7083,0.702088
7084,0.067953
7085,0.514021
7086,0.334109
7087,0.014048
7088,0.012773
7089,0.959621
7090,0.158547
7091,0.199103
7092,0.017845
7093,0.647732
7094,0.802637
7095,0.551211
7096,0.195500
7097,0.018054
7098,0.982840
7099,0.004058
7100,0.997293
7101,0.844663
7102,0.495817
7103,0.997497
7104,0.004295
7105,0.030625
7106,0.009278
7107,0.116852
7108,0.112022
7109,0.003322
7110,0.002728
7111,0.411957
7112,0.230075
7113,0.242268
7114,0.985077
7115,0.059297
7116,0.030345
7117,0.521975
7118,0.029225
7119,0.360980
7120,0.129549
7121,0.017695
7122,0.025823
7123,0.049233
7124,0.838940
7125,0.053565
7126,0.488893
7127,0.123944
7128,0.127074
7129,0.907166
7130,0.033600
7131,0.970500
7132,0.483471
7133,0.010613
7134,0.964392
7135,0.352216
7136,0.044714
7137,0.138735
7138,0.689942
7139,0.034176
7140,0.039862
7141,0.008997
7142,0.061431
7143,0.003979
7144,0.969293
7145,0.126186
7146,0.025079
7147,0.002261
7148,0.997025
7149,0.059134
7150,0.026505
7151,0.006153
7152,0.073356
7153,0.406069
7154,0.055952
7155,0.179629
7156,0.006109
7157,0.038007
7158,0.012070
7159,0.033778
7160,0.060903
7161,0.972009
7162,0.002372
7163,0.935206
7164,0.997181
7165,0.017144
7166,0.066807
7167,0.482567
7168,0.987022
7169,0.105460
7170,0.986557
7171,0.418893
7172,0.975811
7173,0.949703
7174,0.015055
7175,0.081327
7176,0.451402
7177,0.914025
7178,0.524476
7179,0.006594
7180,0.036468
7181,0.187153
7182,0.061051
7183,0.933562
7184,0.013906
7185,0.382515
7186,0.867909
7187,0.031676
7188,0.732018
7189,0.683377
7190,0.026366
7191,0.119333
7192,0.025084
7193,0.566695
7194,0.021117
7195,0.986131
7196,0.018960
7197,0.009936
7198,0.024938
7199,0.160671
7200,0.041045
7201,0.033565
7202,0.210548
7203,0.019041
7204,0.122607
7205,0.069682
7206,0.891225
7207,0.981738
7208,0.638904
7209,0.716452
7210,0.892883
7211,0.009219
7212,0.206127
7213,0.988700
7214,0.054791
7215,0.045908
7216,0.017092
7217,0.269828
7218,0.076998
7219,0.004274
7220,0.540368
7221,0.424497
7222,0.002204
7223,0.979872
7224,0.966358
7225,0.126851
7226,0.018358
7227,0.011732
7228,0.180201
7229,0.093433
7230,0.952536
7231,0.046173
7232,0.294592
7233,0.045932
7234,0.983360
7235,0.077093
7236,0.035445
7237,0.259884
7238,0.634908
7239,0.401089
7240,0.003048
7241,0.267014
7242,0.197942
7243,0.019097
7244,0.953294
7245,0.072739
7246,0.046145
7247,0.071064
7248,0.961203
7249,0.227139
7250,0.005864
7251,0.463498
7252,0.271680
7253,0.228412
7254,0.116421
7255,0.148797
7256,0.569961
7257,0.632863
7258,0.128539
7259,0.045862
7260,0.773512
7261,0.975483
7262,0.038830
7263,0.949399
7264,0.027424
7265,0.194884
7266,0.049062
7267,0.013222
7268,0.004286
7269,0.075198
7270,0.023425
7271,0.022336
7272,0.302837
7273,0.081553
7274,0.004772
7275,0.945461
7276,0.002536
7277,0.046822
7278,0.209584
7279,0.054992
7280,0.062881
7281,0.805513
7282,0.976665
7283,0.051975
7284,0.285266
7285,0.096238
7286,0.184472
7287,0.004030
7288,0.928206
7289,0.948418
7290,0.014179
7291,0.125086
7292,0.075498
7293,0.604909
7294,0.149507
7295,0.041184
7296,0.011126
7297,0.464360
7298,0.915242
7299,0.780640
7300,0.323931
7301,0.912102
7302,0.969692
7303,0.370680
7304,0.034633
7305,0.115678
7306,0.124392
7307,0.074915
7308,0.017076
7309,0.003003
7310,0.079058
7311,0.962845
7312,0.018614
7313,0.684406
7314,0.031051
7315,0.009249
7316,0.049986
7317,0.086519
7318,0.098530
7319,0.705793
7320,0.019053
7321,0.946130
7322,0.003014
7323,0.028033
7324,0.906965
7325,0.034173
7326,0.037033
7327,0.381966
7328,0.963819
7329,0.002428
7330,0.976277
7331,0.064195
7332,0.022864
7333,0.072713
7334,0.092542
7335,0.052128
7336,0.198677
7337,0.021941
7338,0.043195
7339,0.044227
7340,0.057522
7341,0.538010
7342,0.021064
7343,0.979563
7344,0.040977
7345,0.017751
7346,0.895401
7347,0.181207
7348,0.006460
7349,0.966919
7350,0.474832
7351,0.997714
7352,0.417989
7353,0.046322
7354,0.135921
7355,0.030884
7356,0.889159
7357,0.004056
7358,0.044448
7359,0.142506
7360,0.094118
7361,0.010669
7362,0.020727
7363,0.781964
7364,0.019198
7365,0.031259
7366,0.012314
7367,0.409128
7368,0.032125
7369,0.013332
7370,0.122572
7371,0.032055
7372,0.022790
7373,0.025893
7374,0.655863
7375,0.974206
7376,0.225585
7377,0.003568
7378,0.924932
7379,0.879571
7380,0.452672
7381,0.004619
7382,0.028166
7383,0.005087
7384,0.017845
7385,0.989952
7386,0.047403
7387,0.978043
7388,0.002521
7389,0.929700
7390,0.602018
7391,0.065985
7392,0.059788
7393,0.020785
7394,0.013103
7395,0.832670
7396,0.997211
7397,0.010469
7398,0.134622
7399,0.022014
7400,0.008084
7401,0.018572
7402,0.005457
7403,0.228537
7404,0.007741
7405,0.146404
7406,0.935562
7407,0.010142
7408,0.126039
7409,0.020643
7410,0.132520
7411,0.133619
7412,0.996376
7413,0.142700
7414,0.018509
7415,0.997813
7416,0.542039
7417,0.838790
7418,0.008347
7419,0.864980
7420,0.917072
7421,0.852869
7422,0.057417
7423,0.441485
7424,0.064128
7425,0.128533
7426,0.028853
7427,0.977392
7428,0.193562
7429,0.838986
7430,0.962042
7431,0.029103
7432,0.013539
7433,0.335066
7434,0.317856
7435,0.604437
7436,0.943423
7437,0.056295
7438,0.958715
7439,0.030496
7440,0.002918
7441,0.912051
7442,0.021962
7443,0.082324
7444,0.056689
7445,0.966954
7446,0.227055
7447,0.972500
7448,0.430137
7449,0.680270
7450,0.259805
7451,0.203606
7452,0.012574
7453,0.972030
7454,0.010667
7455,0.167103
7456,0.136729
7457,0.028117
7458,0.037467
7459,0.195306
7460,0.031489
7461,0.049982
7462,0.725847
7463,0.265255
7464,0.068837
7465,0.004433
7466,0.003337
7467,0.795371
7468,0.261249
7469,0.026796
7470,0.168567
7471,0.794858
7472,0.266349
7473,0.019486
7474,0.013970
7475,0.046436
7476,0.004593
7477,0.035259
7478,0.003615
7479,0.010897
7480,0.701975
7481,0.070517
7482,0.004545
7483,0.997449
7484,0.013411
7485,0.011613
7486,0.151895
7487,0.128926
7488,0.041539
7489,0.062887
7490,0.002420
7491,0.193463
7492,0.069292
7493,0.055397
7494,0.010442
7495,0.018021
7496,0.096618
7497,0.027400
7498,0.054300
7499,0.005495
7500,0.057089
7501,0.323997
7502,0.335996
7503,0.897157
7504,0.011902
7505,0.059600
7506,0.023087
7507,0.026951
7508,0.769616
7509,0.270804
7510,0.945360
7511,0.043591
7512,0.094304
7513,0.003456
7514,0.035375
7515,0.263214
7516,0.054651
7517,0.009437
7518,0.015476
7519,0.965410
7520,0.061538
7521,0.006918
7522,0.010492
7523,0.949699
7524,0.178558
7525,0.974780
7526,0.007474
7527,0.998092
7528,0.127084
7529,0.090496
7530,0.064876
7531,0.005301
7532,0.975275
7533,0.101333
7534,0.012898
7535,0.890434
7536,0.867275
7537,0.208425
7538,0.005888
7539,0.011452
7540,0.593463
7541,0.025533
7542,0.921198
7543,0.111125
7544,0.037785
7545,0.937655
7546,0.998114
7547,0.085041
7548,0.107358
7549,0.212715
7550,0.045175
7551,0.976834
7552,0.279313
7553,0.259926
7554,0.343931
7555,0.914511
7556,0.200432
7557,0.010208
7558,0.213491
7559,0.139841
7560,0.656940
7561,0.178184
7562,0.051383
7563,0.039037
7564,0.362663
7565,0.065096
7566,0.437634
7567,0.830591
7568,0.058934
7569,0.980569
7570,0.130551
7571,0.011361
7572,0.041650
7573,0.014041
7574,0.017837
7575,0.174490
7576,0.009796
7577,0.197832
7578,0.014692
7579,0.813758
7580,0.984688
7581,0.167096
7582,0.548545
7583,0.927881
7584,0.009434
7585,0.519739
7586,0.086406
7587,0.889879
7588,0.003953
7589,0.965784
7590,0.324264
7591,0.077161
7592,0.016980
7593,0.017799
7594,0.042559
7595,0.994330
7596,0.011115
7597,0.744641
7598,0.605237
7599,0.039931
7600,0.018832
7601,0.008709
7602,0.018734
7603,0.923086
7604,0.033802
7605,0.159241
7606,0.862482
7607,0.224910
7608,0.027216
7609,0.004503
7610,0.175536
7611,0.010883
7612,0.056139
7613,0.047285
7614,0.098123
7615,0.775509
7616,0.415358
7617,0.029791
7618,0.406463
7619,0.133554
7620,0.019247
7621,0.105738
7622,0.965805
7623,0.987618
7624,0.047038
7625,0.082630
7626,0.164161
7627,0.981242
7628,0.913827
7629,0.133154
7630,0.968393
7631,0.042819
7632,0.237663
7633,0.396201
7634,0.003503
7635,0.479843
7636,0.274393
7637,0.539660
7638,0.966743
7639,0.005698
7640,0.044058
7641,0.122468
7642,0.105583
7643,0.055178
7644,0.004841
7645,0.226721
7646,0.034204
7647,0.062451
7648,0.003821
7649,0.021276
7650,0.975221
7651,0.983234
7652,0.548978
7653,0.012533
7654,0.038371
7655,0.980529
7656,0.545092
7657,0.609656
7658,0.074985
7659,0.434058
7660,0.113630
7661,0.033765
7662,0.023517
7663,0.230817
7664,0.686189
7665,0.003139
7666,0.011700
7667,0.039229
7668,0.016781
7669,0.083710
7670,0.236766
7671,0.742074
7672,0.880082
7673,0.941482
7674,0.070840
7675,0.196925
7676,0.132764
7677,0.114581
7678,0.622320
7679,0.027362
7680,0.005044
7681,0.002266
7682,0.004932
7683,0.934557
7684,0.015539
7685,0.956703
7686,0.996890
7687,0.007026
7688,0.061763
7689,0.896654
7690,0.022705
7691,0.018856
7692,0.187499
7693,0.188312
7694,0.491988
7695,0.005049
7696,0.222266
7697,0.517468
7698,0.004473
7699,0.080398
7700,0.018227
7701,0.104920
7702,0.370787
7703,0.964514
7704,0.893202
7705,0.006270
7706,0.142942
7707,0.368020
7708,0.027800
7709,0.034111
7710,0.016846
7711,0.060819
7712,0.010475
7713,0.562391
7714,0.004809
7715,0.370801
7716,0.003773
7717,0.046526
7718,0.395981
7719,0.849628
7720,0.176321
7721,0.032067
7722,0.078849
7723,0.253364
7724,0.037931
7725,0.026567
7726,0.563717
7727,0.960533
7728,0.023652
7729,0.766805
7730,0.689886
7731,0.139799
7732,0.985805
7733,0.015958
7734,0.039470
7735,0.064448
7736,0.012795
7737,0.229062
7738,0.172328
7739,0.112714
7740,0.995998
7741,0.997487
7742,0.015930
7743,0.412058
7744,0.970724
7745,0.955126
7746,0.056530
7747,0.876154
7748,0.264254
7749,0.466139
7750,0.026480
7751,0.057962
7752,0.973575
7753,0.151246
7754,0.018501
7755,0.531559
7756,0.534376
7757,0.074548
7758,0.825729
7759,0.076086
7760,0.055700
7761,0.569686
7762,0.079026
7763,0.198464
7764,0.053150
7765,0.070787
7766,0.006850
7767,0.052820
7768,0.997109
7769,0.821036
7770,0.583077
7771,0.253309
7772,0.013767
7773,0.160479
7774,0.927221
7775,0.807847
7776,0.017142
7777,0.194310
7778,0.984463
7779,0.880831
7780,0.067958
7781,0.121954
7782,0.835746
7783,0.073021
7784,0.083834
7785,0.997601
7786,0.867480
7787,0.948667
7788,0.978773
7789,0.275099
7790,0.958284
7791,0.994171
7792,0.943438
7793,0.178950
7794,0.977941
7795,0.673238
7796,0.044226
7797,0.025902
7798,0.036168
7799,0.998271
7800,0.476742
7801,0.391162
7802,0.011995
7803,0.004746
7804,0.009446
7805,0.109019
7806,0.888974
7807,0.944451
7808,0.651757
7809,0.016649
7810,0.977857
7811,0.961609
7812,0.049253
7813,0.941478
7814,0.986524
7815,0.332411
7816,0.325863
7817,0.002314
7818,0.003298
7819,0.105101
7820,0.029934
7821,0.003956
7822,0.094042
7823,0.975884
7824,0.004977
7825,0.946490
7826,0.601964
7827,0.128922
7828,0.985413
7829,0.841351
7830,0.387628
7831,0.931250
7832,0.072439
7833,0.998512
7834,0.005656
7835,0.050693
7836,0.978910
7837,0.020667
7838,0.018260
7839,0.029740
7840,0.970179
7841,0.028046
7842,0.156325
7843,0.038017
7844,0.900813
7845,0.008055
7846,0.727116
7847,0.003736
7848,0.499597
7849,0.857885
7850,0.153580
7851,0.002643
7852,0.717554
7853,0.007857
7854,0.189037
7855,0.962066
7856,0.025290
7857,0.034311
7858,0.021660
7859,0.978522
7860,0.290746
7861,0.453057
7862,0.145447
7863,0.058736
7864,0.060468
7865,0.018575
7866,0.939000
7867,0.010621
7868,0.733126
7869,0.793446
7870,0.400968
7871,0.050293
7872,0.246437
7873,0.971922
7874,0.969205
7875,0.021526
7876,0.119080
7877,0.871467
7878,0.997823
7879,0.930981
7880,0.991715
7881,0.342737
7882,0.985432
7883,0.447037
7884,0.008634
7885,0.051654
7886,0.006185
7887,0.026601
7888,0.951666
7889,0.018952
7890,0.933032
7891,0.026154
7892,0.251621
7893,0.618659
7894,0.003086
7895,0.198782
7896,0.022453
7897,0.057714
7898,0.056251
7899,0.110101
7900,0.357589
7901,0.111310
7902,0.017063
7903,0.794999
7904,0.005078
7905,0.075869
7906,0.376088
7907,0.600356
7908,0.578882
7909,0.140653
7910,0.018375
7911,0.991553
7912,0.027967
7913,0.017218
7914,0.012796
7915,0.887619
7916,0.029752
7917,0.839870
7918,0.082041
7919,0.139361
7920,0.945142
7921,0.112519
7922,0.029544
7923,0.008307
7924,0.020875
7925,0.181142
7926,0.162531
7927,0.126181
7928,0.211372
7929,0.109642
7930,0.861882
7931,0.006789
7932,0.015381
7933,0.044083
7934,0.005676
7935,0.549978
7936,0.066369
7937,0.247051
7938,0.159997
7939,0.055340
7940,0.259598
7941,0.014931
7942,0.010600
7943,0.262822
7944,0.041508
7945,0.006599
7946,0.367794
7947,0.101899
7948,0.120053
7949,0.950361
7950,0.058008
7951,0.915641
7952,0.891248
7953,0.554460
7954,0.127677
7955,0.182733
7956,0.116178
7957,0.027756
7958,0.388012
7959,0.045403
7960,0.026577
7961,0.076404
7962,0.014721
7963,0.572239
7964,0.217722
7965,0.045584
7966,0.950028
7967,0.018052
7968,0.745136
7969,0.005910
7970,0.994147
7971,0.002191
7972,0.009872
7973,0.014589
7974,0.004611
7975,0.290509
7976,0.666301
7977,0.016506
7978,0.892455
7979,0.027896
7980,0.835886
7981,0.064140
7982,0.044017
7983,0.203850
7984,0.008178
7985,0.013304
7986,0.031944
7987,0.052434
7988,0.073750
7989,0.006697
7990,0.304201
7991,0.984329
7992,0.311231
7993,0.238795
7994,0.946769
7995,0.025019
7996,0.626342
7997,0.966480
7998,0.080890
7999,0.982819
8000,0.006908
8001,0.018576
8002,0.791820
8003,0.040455
8004,0.090034
8005,0.140309
8006,0.148490
8007,0.114653
8008,0.372709
8009,0.006707
8010,0.107390
8011,0.257259
8012,0.328249
8013,0.205031
8014,0.986170
8015,0.123326
8016,0.051067
8017,0.172704
8018,0.747805
8019,0.019522
8020,0.003058
8021,0.027152
8022,0.073632
8023,0.091734
8024,0.846584
8025,0.012653
8026,0.869077
8027,0.005566
8028,0.325148
8029,0.145298
8030,0.255593
8031,0.827407
8032,0.027998
8033,0.003516
8034,0.156905
8035,0.271819
8036,0.003161
8037,0.013923
8038,0.038598
8039,0.005745
8040,0.007043
8041,0.048365
8042,0.814952
8043,0.815661
8044,0.017814
8045,0.056566
8046,0.024866
8047,0.250292
8048,0.997517
8049,0.033834
8050,0.353105
8051,0.935976
8052,0.006115
8053,0.979503
8054,0.007537
8055,0.073456
8056,0.978347
8057,0.980495
8058,0.088086
8059,0.045163
8060,0.001538
8061,0.030152
8062,0.538896
8063,0.020606
8064,0.160085
8065,0.514992
8066,0.244589
8067,0.755706
8068,0.024708
8069,0.123867
8070,0.433329
8071,0.934664
8072,0.210965
8073,0.977808
8074,0.894516
8075,0.005047
8076,0.987810
8077,0.987058
8078,0.075515
8079,0.989503
8080,0.091550
8081,0.091012
8082,0.004361
8083,0.927555
8084,0.002807
8085,0.589762
8086,0.006232
8087,0.008033
8088,0.043177
8089,0.929616
8090,0.033242
8091,0.994927
8092,0.967837
8093,0.053027
8094,0.721444
8095,0.019269
8096,0.992977
8097,0.015120
8098,0.004344
8099,0.672147
8100,0.096923
8101,0.171988
8102,0.004000
8103,0.006805
8104,0.959042
8105,0.221879
8106,0.003698
8107,0.219335
8108,0.780746
8109,0.868973
8110,0.142124
8111,0.006334
8112,0.950435
8113,0.058993
8114,0.024098
8115,0.071175
8116,0.982993
8117,0.864099
8118,0.196663
8119,0.044789
8120,0.044947
8121,0.003542
8122,0.979048
8123,0.031482
8124,0.102160
8125,0.019912
8126,0.536944
8127,0.977777
8128,0.122384
8129,0.018509
8130,0.676953
8131,0.099386
8132,0.007950
8133,0.047472
8134,0.955499
8135,0.734829
8136,0.094068
8137,0.051109
8138,0.004908
8139,0.036014
8140,0.008385
8141,0.030950
8142,0.463575
8143,0.139594
8144,0.153038
8145,0.391112
8146,0.016762
8147,0.136284
8148,0.075715
8149,0.417105
8150,0.025079
8151,0.986429
8152,0.763556
8153,0.018374
8154,0.072111
8155,0.209035
8156,0.040054
8157,0.036691
8158,0.138494
8159,0.005625
8160,0.604598
8161,0.196547
8162,0.012509
8163,0.009346
8164,0.339639
8165,0.012994
8166,0.106027
8167,0.982384
8168,0.071663
8169,0.911343
8170,0.212410
8171,0.033888
8172,0.299947
8173,0.745347
8174,0.053693
8175,0.816622
8176,0.128365
8177,0.077254
8178,0.599275
8179,0.069821
8180,0.003655
8181,0.190285
8182,0.956334
8183,0.424125
8184,0.018940
8185,0.039526
8186,0.367422
8187,0.641297
8188,0.978071
8189,0.207644
8190,0.157022
8191,0.038365
8192,0.968040
8193,0.041379
8194,0.021773
8195,0.032537
8196,0.973826
8197,0.182707
8198,0.406465
8199,0.039029
8200,0.434869
8201,0.154166
8202,0.010790
8203,0.170159
8204,0.770743
8205,0.066768
8206,0.041109
8207,0.160785
8208,0.989335
8209,0.773265
8210,0.389279
8211,0.036294
8212,0.003910
8213,0.003696
8214,0.879729
8215,0.110632
8216,0.048610
8217,0.597307
8218,0.260867
8219,0.005749
8220,0.073211
8221,0.968755
8222,0.019687
8223,0.155309
8224,0.191739
8225,0.375650
8226,0.238225
8227,0.013756
8228,0.023470
8229,0.002832
8230,0.251823
8231,0.016885
8232,0.997706
8233,0.024975
8234,0.349967
8235,0.919855
8236,0.992207
8237,0.010123
8238,0.011933
8239,0.025088
8240,0.939523
8241,0.993136
8242,0.014281
8243,0.081211
8244,0.102431
8245,0.172046
8246,0.111180
8247,0.987058
8248,0.289453
8249,0.417512
8250,0.415231
8251,0.086279
8252,0.261754
8253,0.234696
8254,0.251982
8255,0.930725
8256,0.169968
8257,0.002197
8258,0.631809
8259,0.329463
8260,0.003955
8261,0.009574
8262,0.180371
8263,0.072523
8264,0.004888
8265,0.040971
8266,0.216034
8267,0.971598
8268,0.058734
8269,0.524604
8270,0.030086
8271,0.314442
8272,0.099606
8273,0.089986
8274,0.076961
8275,0.976432
8276,0.095487
8277,0.255218
8278,0.094448
8279,0.091516
8280,0.148750
8281,0.003716
8282,0.032764
8283,0.996101
8284,0.295683
8285,0.947517
8286,0.029124
8287,0.018147
8288,0.852111
8289,0.492194
8290,0.020406
8291,0.015989
8292,0.002858
8293,0.194341
8294,0.522092
8295,0.460055
8296,0.021463
8297,0.880386
8298,0.385422
8299,0.987946
8300,0.019680
8301,0.011818
8302,0.031348
8303,0.029101
8304,0.057462
8305,0.012058
8306,0.518261
8307,0.981332
8308,0.003966
8309,0.254315
8310,0.128151
8311,0.980712
8312,0.869712
8313,0.314907
8314,0.065121
8315,0.986419
8316,0.821533
8317,0.029346
8318,0.009900
8319,0.020071
8320,0.010834
8321,0.012890
8322,0.404355
8323,0.089995
8324,0.016365
8325,0.007274
8326,0.513807
8327,0.018512
8328,0.030940
8329,0.203156
8330,0.988898
8331,0.231101
8332,0.275682
8333,0.003197
8334,0.689421
8335,0.932858
8336,0.669020
8337,0.067949
8338,0.005904
8339,0.059249
8340,0.051688
8341,0.223558
8342,0.968041
8343,0.039647
8344,0.975531
8345,0.014785
8346,0.918317
8347,0.155211
8348,0.129607
8349,0.182151
8350,0.208591
8351,0.027478
8352,0.964178
8353,0.675250
8354,0.004400
8355,0.939965
8356,0.044557
8357,0.259971
8358,0.136755
8359,0.814428
8360,0.988535
8361,0.247462
8362,0.945170
8363,0.115377
8364,0.997032
8365,0.731817
8366,0.014804
8367,0.412598
8368,0.846102
8369,0.006852
8370,0.085958
8371,0.760860
8372,0.074346
8373,0.514357
8374,0.188271
8375,0.252544
8376,0.095111
8377,0.013965
8378,0.249979
8379,0.008101
8380,0.546649
8381,0.608909
8382,0.997638
8383,0.013646
8384,0.005381
8385,0.044781
8386,0.912233
8387,0.985234
8388,0.214492
8389,0.081757
8390,0.003799
8391,0.060138
8392,0.006001
8393,0.708691
8394,0.474953
8395,0.183634
8396,0.079182
8397,0.998054
8398,0.971974
8399,0.077316
8400,0.125292
8401,0.616538
8402,0.936764
8403,0.621374
8404,0.031011
8405,0.915560
8406,0.151588
8407,0.975809
8408,0.003840
8409,0.022542
8410,0.040818
8411,0.144222
8412,0.063022
8413,0.073267
8414,0.021092
8415,0.316685
8416,0.004567
8417,0.047620
8418,0.012984
8419,0.821838
8420,0.010141
8421,0.997231
8422,0.034738
8423,0.268473
8424,0.004423
8425,0.548011
8426,0.997276
8427,0.388157
8428,0.971916
8429,0.089129
8430,0.019357
8431,0.505922
8432,0.014918
8433,0.875996
8434,0.173341
8435,0.049460
8436,0.860159
8437,0.849716
8438,0.019738
8439,0.079320
8440,0.024993
8441,0.479281
8442,0.010800
8443,0.251128
8444,0.044481
8445,0.009931
8446,0.025444
8447,0.156740
8448,0.053708
8449,0.629902
8450,0.024187
8451,0.069084
8452,0.003049
8453,0.997909
8454,0.566657
8455,0.195142
8456,0.469369
8457,0.087363
8458,0.995619
8459,0.319658
8460,0.179957
8461,0.060483
8462,0.038668
8463,0.019302
8464,0.054849
8465,0.016722
8466,0.897942
8467,0.005323
8468,0.696996
8469,0.086755
8470,0.045209
8471,0.983560
8472,0.991013
8473,0.056886
8474,0.007834
8475,0.931422
8476,0.139837
8477,0.372299
8478,0.629456
8479,0.005557
8480,0.007779
8481,0.003881
8482,0.012713
8483,0.006662
8484,0.295243
8485,0.116948
8486,0.147103
8487,0.037754
8488,0.002754
8489,0.820017
8490,0.079199
8491,0.914215
8492,0.634910
8493,0.009622
8494,0.027441
8495,0.942680
8496,0.174407
8497,0.059436
8498,0.051298
8499,0.363678
8500,0.022967
8501,0.091134
8502,0.078997
8503,0.837509
8504,0.038996
8505,0.012258
8506,0.030320
8507,0.038723
8508,0.026086
8509,0.012120
8510,0.038450
8511,0.014696
8512,0.017289
8513,0.008323
8514,0.025560
8515,0.205084
8516,0.040690
8517,0.036552
8518,0.239325
8519,0.019416
8520,0.008060
8521,0.110663
8522,0.859007
8523,0.084491
8524,0.986943
8525,0.006218
8526,0.693008
8527,0.021104
8528,0.071273
8529,0.661750
8530,0.769443
8531,0.874750
8532,0.638255
8533,0.012208
8534,0.014542
8535,0.994536
8536,0.112939
8537,0.064342
8538,0.370437
8539,0.028229
8540,0.176639
8541,0.166628
8542,0.064286
8543,0.966230
8544,0.977891
8545,0.111181
8546,0.044530
8547,0.133054
8548,0.573879
8549,0.059676
8550,0.046704
8551,0.076224
8552,0.037019
8553,0.076925
8554,0.205511
8555,0.037217
8556,0.170764
8557,0.825271
8558,0.977353
8559,0.832880
8560,0.984649
8561,0.677917
8562,0.079833
8563,0.070401
8564,0.022123
8565,0.028483
8566,0.921488
8567,0.690869
8568,0.961471
8569,0.165558
8570,0.774341
8571,0.024099
8572,0.997376
8573,0.289305
8574,0.041763
8575,0.066425
8576,0.003916
8577,0.812322
8578,0.972122
8579,0.059005
8580,0.544394
8581,0.551730
8582,0.013059
8583,0.527338
8584,0.752074
8585,0.014181
8586,0.049797
8587,0.041211
8588,0.109313
8589,0.009439
8590,0.516524
8591,0.982971
8592,0.086783
8593,0.065607
8594,0.004912
8595,0.956507
8596,0.320101
8597,0.008253
8598,0.857622
8599,0.896270
8600,0.067448
8601,0.061795
8602,0.056411
8603,0.102974
8604,0.733078
8605,0.029549
8606,0.035751
8607,0.313948
8608,0.977800
8609,0.026126
8610,0.037252
8611,0.641065
8612,0.152466
8613,0.980705
8614,0.937852
8615,0.356383
8616,0.090183
8617,0.046124
8618,0.707294
8619,0.028541
8620,0.074796
8621,0.926826
8622,0.082184
8623,0.920578
8624,0.011619
8625,0.085318
8626,0.031792
8627,0.035599
8628,0.428661
8629,0.006561
8630,0.925890
8631,0.094230
8632,0.048265
8633,0.937010
8634,0.141967
8635,0.773486
8636,0.926199
8637,0.987181
8638,0.012754
8639,0.527027
8640,0.017329
8641,0.323958
8642,0.003211
8643,0.882486
8644,0.003650
8645,0.005189
8646,0.277030
8647,0.348641
8648,0.037998
8649,0.226960
8650,0.004959
8651,0.007047
8652,0.819094
8653,0.003765
8654,0.014505
8655,0.004857
8656,0.010299
8657,0.325401
8658,0.351168
8659,0.042380
8660,0.003875
8661,0.263634
8662,0.004142
8663,0.088011
8664,0.003828
8665,0.008142
8666,0.968269
8667,0.035015
8668,0.035508
8669,0.140944
8670,0.003104
8671,0.337186
8672,0.966150
8673,0.020319
8674,0.042039
8675,0.971525
8676,0.933753
8677,0.005962
8678,0.046770
8679,0.086022
8680,0.355703
8681,0.130072
8682,0.950962
8683,0.491959
8684,0.316022
8685,0.006267
8686,0.082394
8687,0.017707
8688,0.963626
8689,0.072694
8690,0.037282
8691,0.971132
8692,0.122897
8693,0.022828
8694,0.998493
8695,0.984638
8696,0.023319
8697,0.965169
8698,0.105420
8699,0.042111
8700,0.044022
8701,0.953684
8702,0.016049
8703,0.053232
8704,0.002843
8705,0.404668
8706,0.997580
8707,0.017653
8708,0.014421
8709,0.014812
8710,0.129004
8711,0.022544
8712,0.030610
8713,0.133962
8714,0.793520
8715,0.020026
8716,0.008789
8717,0.496359
8718,0.947435
8719,0.021708
8720,0.036164
8721,0.038750
8722,0.973773
8723,0.005480
8724,0.005120
8725,0.026258
8726,0.028611
8727,0.014383
8728,0.169834
8729,0.998358
8730,0.727036
8731,0.638174
8732,0.827281
8733,0.760125
8734,0.005777
8735,0.069929
8736,0.785613
8737,0.924476
8738,0.134257
8739,0.213501
8740,0.976276
8741,0.980791
8742,0.994686
8743,0.041879
8744,0.003456
8745,0.183056
8746,0.168111
8747,0.079219
8748,0.024864
8749,0.056735
8750,0.041259
8751,0.120677
8752,0.596655
8753,0.872337
8754,0.199443
8755,0.972523
8756,0.292962
8757,0.173920
8758,0.030521
8759,0.277260
8760,0.005813
8761,0.807175
8762,0.017339
8763,0.979881
8764,0.215612
8765,0.203343
8766,0.005788
8767,0.106310
8768,0.024068
8769,0.058347
8770,0.040794
8771,0.004041
8772,0.015545
8773,0.025173
8774,0.672715
8775,0.007813
8776,0.026465
8777,0.307230
8778,0.082926
8779,0.019472
8780,0.006459
8781,0.963866
8782,0.064655
8783,0.026017
8784,0.004092
8785,0.009026
8786,0.080936
8787,0.006703
8788,0.979757
8789,0.044612
8790,0.965099
8791,0.105266
8792,0.034666
8793,0.061325
8794,0.920296
8795,0.754689
8796,0.005233
8797,0.737090
8798,0.827672
8799,0.042315
8800,0.013296
8801,0.021273
8802,0.012919
8803,0.687973
8804,0.013114
8805,0.080647
8806,0.184123
8807,0.018936
8808,0.422038
8809,0.355455
8810,0.018853
8811,0.317726
8812,0.946971
8813,0.008944
8814,0.661327
8815,0.936681
8816,0.912199
8817,0.986030
8818,0.908096
8819,0.231734
8820,0.452687
8821,0.092250
8822,0.754118
8823,0.956834
8824,0.010163
8825,0.045659
8826,0.253638
8827,0.606500
8828,0.216958
8829,0.052568
8830,0.015625
8831,0.054066
8832,0.242878
8833,0.017357
8834,0.762534
8835,0.006478
8836,0.065413
8837,0.131546
8838,0.306485
8839,0.134593
8840,0.062568
8841,0.987686
8842,0.950261
8843,0.039870
8844,0.611463
8845,0.114591
8846,0.009011
8847,0.043872
8848,0.986793
8849,0.049299
8850,0.935543
8851,0.085704
8852,0.670954
8853,0.217056
8854,0.002357
8855,0.023412
8856,0.017449
8857,0.026456
8858,0.079403
8859,0.464880
8860,0.060839
8861,0.054610
8862,0.050371
8863,0.351077
8864,0.007461
8865,0.672919
8866,0.970391
8867,0.035781
8868,0.870880
8869,0.319923
8870,0.061798
8871,0.374657
8872,0.042887
8873,0.009733
8874,0.339282
8875,0.076245
8876,0.007600
8877,0.997992
8878,0.001703
8879,0.056355
8880,0.011839
8881,0.211987
8882,0.200559
8883,0.249797
8884,0.963237
8885,0.230231
8886,0.095360
8887,0.025521
8888,0.031644
8889,0.016282
8890,0.088956
8891,0.197573
8892,0.134461
8893,0.337535
8894,0.119116
8895,0.976348
8896,0.311755
8897,0.340056
8898,0.505462
8899,0.090565
8900,0.183639
8901,0.428901
8902,0.997488
8903,0.460070
8904,0.588491
8905,0.488063
8906,0.964434
8907,0.057640
8908,0.062656
8909,0.797327
8910,0.613646
8911,0.020373
8912,0.300814
8913,0.035512
8914,0.064709
8915,0.059522
8916,0.007737
8917,0.053806
8918,0.035502
8919,0.196027
8920,0.060705
8921,0.070351
8922,0.965544
8923,0.035051
8924,0.673746
8925,0.445986
8926,0.016328
8927,0.680764
8928,0.932381
8929,0.478851
8930,0.527859
8931,0.073364
8932,0.959968
8933,0.042027
8934,0.089695
8935,0.733836
8936,0.891699
8937,0.014977
8938,0.952269
8939,0.121103
8940,0.176019
8941,0.004661
8942,0.260760
8943,0.327778
8944,0.699976
8945,0.743100
8946,0.129564
8947,0.967789
8948,0.120871
8949,0.395535
8950,0.671382
8951,0.994389
8952,0.080558
8953,0.026781
8954,0.021395
8955,0.938741
8956,0.743928
8957,0.954602
8958,0.924031
8959,0.224588
8960,0.011591
8961,0.805688
8962,0.015956
8963,0.970611
8964,0.329335
8965,0.024779
8966,0.242821
8967,0.012336
8968,0.018413
8969,0.008660
8970,0.004951
8971,0.012983
8972,0.006669
8973,0.386871
8974,0.024367
8975,0.806822
8976,0.128286
8977,0.043234
8978,0.409865
8979,0.002589
8980,0.008167
8981,0.798140
8982,0.050104
8983,0.561281
8984,0.005589
8985,0.022104
8986,0.008437
8987,0.017889
8988,0.006966
8989,0.294394
8990,0.011387
8991,0.103863
8992,0.008569
8993,0.070140
8994,0.978104
8995,0.549295
8996,0.016076
8997,0.979556
8998,0.025709
8999,0.074475
9000,0.083400
9001,0.193108
9002,0.008729
9003,0.977840
9004,0.192728
9005,0.819415
9006,0.946714
9007,0.165267
9008,0.054034
9009,0.068274
9010,0.845952
9011,0.901744
9012,0.012049
9013,0.010536
9014,0.112125
9015,0.012733
9016,0.303605
9017,0.058908
9018,0.877832
9019,0.188333
9020,0.024330
9021,0.355047
9022,0.035023
9023,0.165949
9024,0.040874
9025,0.555550
9026,0.131560
9027,0.996224
9028,0.086279
9029,0.011743
9030,0.498321
9031,0.174484
9032,0.179223
9033,0.982769
9034,0.025940
9035,0.011671
9036,0.026158
9037,0.034161
9038,0.167514
9039,0.170797
9040,0.022327
9041,0.355839
9042,0.105659
9043,0.378354
9044,0.006272
9045,0.041039
9046,0.016696
9047,0.070874
9048,0.220286
9049,0.981991
9050,0.072782
9051,0.970946
9052,0.028747
9053,0.014348
9054,0.051031
9055,0.316772
9056,0.383196
9057,0.039188
9058,0.996821
9059,0.043655
9060,0.023074
9061,0.307109
9062,0.943101
9063,0.015113
9064,0.016439
9065,0.493684
9066,0.079524
9067,0.287743
9068,0.020917
9069,0.012353
9070,0.060118
9071,0.082233
9072,0.875709
9073,0.658175
9074,0.952450
9075,0.004019
9076,0.885847
9077,0.009077
9078,0.149685
9079,0.655723
9080,0.691824
9081,0.431981
9082,0.505816
9083,0.458501
9084,0.045572
9085,0.977009
9086,0.899649
9087,0.982962
9088,0.781679
9089,0.154075
9090,0.310824
9091,0.320201
9092,0.355993
9093,0.012107
9094,0.022099
9095,0.634223
9096,0.937453
9097,0.004318
9098,0.053751
9099,0.152981
9100,0.006141
9101,0.886240
9102,0.046664
9103,0.767029
9104,0.209059
9105,0.079407
9106,0.129466
9107,0.011527
9108,0.410035
9109,0.169532
9110,0.001852
9111,0.882785
9112,0.012756
9113,0.635366
9114,0.021611
9115,0.823446
9116,0.063937
9117,0.925931
9118,0.222904
9119,0.579833
9120,0.042879
9121,0.583026
9122,0.065702
9123,0.163404
9124,0.009304
9125,0.572661
9126,0.095491
9127,0.034916
9128,0.004970
9129,0.013722
9130,0.385827
9131,0.979806
9132,0.104694
9133,0.015176
9134,0.070623
9135,0.421487
9136,0.007365
9137,0.045960
9138,0.023035
9139,0.027665
9140,0.951102
9141,0.059498
9142,0.033091
9143,0.845189
9144,0.163775
9145,0.028377
9146,0.005678
9147,0.093575
9148,0.217000
9149,0.064892
9150,0.167547
9151,0.005788
9152,0.699338
9153,0.206121
9154,0.869953
9155,0.987629
9156,0.665503
9157,0.941998
9158,0.274160
9159,0.005119
9160,0.170323
9161,0.009888
9162,0.058891
9163,0.003655
9164,0.028987
9165,0.018951
9166,0.972421
9167,0.010328
9168,0.278974
9169,0.973171
9170,0.782810
9171,0.964241
9172,0.900515
9173,0.426142
9174,0.048468
9175,0.064643
9176,0.005806
9177,0.305889
9178,0.493659
9179,0.045924
9180,0.008493
9181,0.419950
9182,0.003700
9183,0.014420
9184,0.285998
9185,0.027592
9186,0.111692
9187,0.027463
9188,0.018772
9189,0.797431
9190,0.006707
9191,0.054231
9192,0.980572
9193,0.002803
9194,0.011054
9195,0.010803
9196,0.788805
9197,0.022742
9198,0.005821
9199,0.050767
9200,0.065668
9201,0.998331
9202,0.041445
9203,0.043823
9204,0.123106
9205,0.003333
9206,0.268522
9207,0.487471
9208,0.004756
9209,0.014241
9210,0.946585
9211,0.877038
9212,0.329206
9213,0.058768
9214,0.022862
9215,0.059446
9216,0.232683
9217,0.029909
9218,0.225167
9219,0.030208
9220,0.019609
9221,0.422316
9222,0.058339
9223,0.987729
9224,0.086061
9225,0.984939
9226,0.980606
9227,0.032774
9228,0.009474
9229,0.009636
9230,0.099494
9231,0.045847
9232,0.934457
9233,0.005334
9234,0.074629
9235,0.074997
9236,0.009609
9237,0.063078
9238,0.139599
9239,0.140446
9240,0.635448
9241,0.155521
9242,0.002062
9243,0.986168
9244,0.011657
9245,0.036591
9246,0.235938
9247,0.033104
9248,0.988578
9249,0.995845
9250,0.027376
9251,0.606404
9252,0.003993
9253,0.004863
9254,0.138280
9255,0.997105
9256,0.089163
9257,0.292329
9258,0.892448
9259,0.023301
9260,0.064797
9261,0.955117
9262,0.732437
9263,0.018196
9264,0.027129
9265,0.011668
9266,0.820498
9267,0.528070
9268,0.052416
9269,0.781892
9270,0.006646
9271,0.002540
9272,0.056727
9273,0.033859
9274,0.034047
9275,0.014292
9276,0.013796
9277,0.133990
9278,0.990119
9279,0.100513
9280,0.502279
9281,0.973754
9282,0.266104
9283,0.855172
9284,0.062834
9285,0.278962
9286,0.087074
9287,0.536826
9288,0.121187
9289,0.071118
9290,0.054083
9291,0.066844
9292,0.444960
9293,0.282807
9294,0.083290
9295,0.366596
9296,0.123445
9297,0.982704
9298,0.046003
9299,0.005719
9300,0.099976
9301,0.242903
9302,0.040057
9303,0.045521
9304,0.051157
9305,0.006959
9306,0.104254
9307,0.628988
9308,0.975858
9309,0.968436
9310,0.042685
9311,0.872603
9312,0.862353
9313,0.857520
9314,0.016371
9315,0.443370
9316,0.922306
9317,0.439245
9318,0.005056
9319,0.042871
9320,0.020208
9321,0.852068
9322,0.731140
9323,0.400484
9324,0.010347
9325,0.023718
9326,0.203575
9327,0.046148
9328,0.516391
9329,0.075268
9330,0.863041
9331,0.122952
9332,0.026396
9333,0.032732
9334,0.424915
9335,0.016084
9336,0.063989
9337,0.785139
9338,0.070685
9339,0.261371
9340,0.080918
9341,0.025354
9342,0.032060
9343,0.020648
9344,0.077590
9345,0.003793
9346,0.049410
9347,0.031830
9348,0.029098
9349,0.050955
9350,0.067821
9351,0.016516
9352,0.071833
9353,0.026918
9354,0.031062
9355,0.260890
9356,0.334635
9357,0.027700
9358,0.238501
9359,0.980314
9360,0.082014
9361,0.003394
9362,0.020483
9363,0.070967
9364,0.407666
9365,0.004682
9366,0.108172
9367,0.971513
9368,0.064208
9369,0.051219
9370,0.971548
9371,0.428653
9372,0.015307
9373,0.004665
9374,0.024881
9375,0.180242
9376,0.840856
9377,0.072091
9378,0.998329
9379,0.081242
9380,0.039737
9381,0.988151
9382,0.099388
9383,0.975117
9384,0.668435
9385,0.974690
9386,0.004007
9387,0.376210
9388,0.242428
9389,0.631377
9390,0.015139
9391,0.226176
9392,0.039471
9393,0.027561
9394,0.336899
9395,0.895429
9396,0.015179
9397,0.996960
9398,0.010547
9399,0.004015
9400,0.399318
9401,0.023587
9402,0.065426
9403,0.010224
9404,0.985439
9405,0.538463
9406,0.002353
9407,0.003672
9408,0.472745
9409,0.212895
9410,0.894744
9411,0.198943
9412,0.027179
9413,0.032586
9414,0.011899
9415,0.207847
9416,0.025006
9417,0.022733
9418,0.042825
9419,0.316270
9420,0.984346
9421,0.103562
9422,0.995863
9423,0.044790
9424,0.842406
9425,0.986496
9426,0.320849
9427,0.097325
9428,0.059698
9429,0.614934
9430,0.002162
9431,0.938238
9432,0.008654
9433,0.914930
9434,0.009144
9435,0.998200
9436,0.986676
9437,0.006358
9438,0.326254
9439,0.006766
9440,0.289478
9441,0.732160
9442,0.072159
9443,0.040164
9444,0.063313
9445,0.931482
9446,0.006530
9447,0.981553
9448,0.032799
9449,0.027955
9450,0.031625
9451,0.008424
9452,0.988018
9453,0.425601
9454,0.020848
9455,0.021579
9456,0.004689
9457,0.496910
9458,0.011789
9459,0.252059
9460,0.025828
9461,0.937462
9462,0.291688
9463,0.047046
9464,0.117237
9465,0.003527
9466,0.543606
9467,0.916614
9468,0.094739
9469,0.002029
9470,0.975064
9471,0.008970
9472,0.964754
9473,0.079969
9474,0.966798
9475,0.025464
9476,0.022379
9477,0.077186
9478,0.646199
9479,0.100308
9480,0.920276
9481,0.942384
9482,0.162300
9483,0.952777
9484,0.067192
9485,0.249474
9486,0.963193
9487,0.796570
9488,0.982378
9489,0.260736
9490,0.016682
9491,0.028269
9492,0.991591
9493,0.072153
9494,0.111007
9495,0.003251
9496,0.012165
9497,0.046703
9498,0.407553
9499,0.971225
9500,0.226821
9501,0.127541
9502,0.975777
9503,0.983191
9504,0.308080
9505,0.776819
9506,0.992418
9507,0.022898
9508,0.029386
9509,0.082489
9510,0.015859
9511,0.166374
9512,0.245432
9513,0.782055
9514,0.171755
9515,0.064209
9516,0.263991
9517,0.028936
9518,0.018679
9519,0.022944
9520,0.003106
9521,0.016325
9522,0.447776
9523,0.049217
9524,0.039802
9525,0.002456
9526,0.581382
9527,0.034115
9528,0.059827
9529,0.237659
9530,0.035532
9531,0.030239
9532,0.019027
9533,0.432240
9534,0.804713
9535,0.750817
9536,0.012163
9537,0.991778
9538,0.030261
9539,0.427329
9540,0.982572
9541,0.219112
9542,0.386443
9543,0.007430
9544,0.017383
9545,0.078430
9546,0.980190
9547,0.708368
9548,0.012212
9549,0.208278
9550,0.733072
9551,0.648474
9552,0.963557
9553,0.539118
9554,0.982980
9555,0.418848
9556,0.021974
9557,0.967829
9558,0.090514
9559,0.091595
9560,0.001939
9561,0.067356
9562,0.994321
9563,0.171595
9564,0.970971
9565,0.005275
9566,0.077737
9567,0.991599
9568,0.024603
9569,0.067194
9570,0.181525
9571,0.062869
9572,0.133311
9573,0.862142
9574,0.798184
9575,0.056447
9576,0.976483
9577,0.223367
9578,0.005957
9579,0.006581
9580,0.936047
9581,0.892514
9582,0.008813
9583,0.882933
9584,0.942607
9585,0.036402
9586,0.006247
9587,0.013985
9588,0.936373
9589,0.022904
9590,0.123047
9591,0.322492
9592,0.611557
9593,0.024637
9594,0.968442
9595,0.981263
9596,0.025817
9597,0.898900
9598,0.983630
9599,0.076631
9600,0.757228
9601,0.696288
9602,0.007424
9603,0.074519
9604,0.067627
9605,0.109617
9606,0.002829
9607,0.183746
9608,0.561077
9609,0.543601
9610,0.007260
9611,0.004840
9612,0.015179
9613,0.043644
9614,0.366640
9615,0.156333
9616,0.878247
9617,0.026878
9618,0.565871
9619,0.151014
9620,0.004822
9621,0.259860
9622,0.011509
9623,0.532832
9624,0.138170
9625,0.004459
9626,0.043798
9627,0.070537
9628,0.980103
9629,0.651177
9630,0.952282
9631,0.998038
9632,0.993971
9633,0.044400
9634,0.083546
9635,0.998099
9636,0.987613
9637,0.006868
9638,0.056724
9639,0.105216
9640,0.179385
9641,0.009882
9642,0.113390
9643,0.083022
9644,0.973716
9645,0.148586
9646,0.469137
9647,0.464096
9648,0.002420
9649,0.552116
9650,0.015873
9651,0.989321
9652,0.682501
9653,0.288810
9654,0.233822
9655,0.019110
9656,0.379366
9657,0.968801
9658,0.998593
9659,0.047486
9660,0.043444
9661,0.053224
9662,0.977887
9663,0.011502
9664,0.010857
9665,0.074248
9666,0.046519
9667,0.087514
9668,0.245263
9669,0.072498
9670,0.586664
9671,0.262940
9672,0.060509
9673,0.049977
9674,0.693171
9675,0.108907
9676,0.074468
9677,0.004728
9678,0.958085
9679,0.027262
9680,0.388008
9681,0.510599
9682,0.179779
9683,0.953322
9684,0.023551
9685,0.865366
9686,0.092861
9687,0.141030
9688,0.021148
9689,0.009124
9690,0.151245
9691,0.861473
9692,0.080074
9693,0.025796
9694,0.713175
9695,0.008514
9696,0.964710
9697,0.340615
9698,0.053587
9699,0.006717
9700,0.092135
9701,0.077220
9702,0.995427
9703,0.125160
9704,0.048149
9705,0.125012
9706,0.723097
9707,0.114490
9708,0.019436
9709,0.139579
9710,0.564943
9711,0.057031
9712,0.475243
9713,0.490191
9714,0.014265
9715,0.040102
9716,0.278659
9717,0.025014
9718,0.016774
9719,0.069906
9720,0.991424
9721,0.975981
9722,0.098491
9723,0.015020
9724,0.080686
9725,0.902647
9726,0.126638
9727,0.106609
9728,0.298096
9729,0.015525
9730,0.974425
9731,0.020024
9732,0.003326
9733,0.010099
9734,0.048103
9735,0.515424
9736,0.198765
9737,0.038859
9738,0.048495
9739,0.978917
9740,0.062553
9741,0.044987
9742,0.037970
9743,0.755907
9744,0.027563
9745,0.831147
9746,0.009329
9747,0.427004
9748,0.693445
9749,0.980741
9750,0.005807
9751,0.982865
9752,0.013770
9753,0.971018
9754,0.306418
9755,0.996126
9756,0.131886
9757,0.974280
9758,0.202642
9759,0.023907
9760,0.006602
9761,0.184155
9762,0.003098
9763,0.077297
9764,0.909836
9765,0.110294
9766,0.139845
9767,0.886049
9768,0.498734
9769,0.011157
9770,0.623643
9771,0.068413
9772,0.050472
9773,0.787793
9774,0.009646
9775,0.066511
9776,0.004111
9777,0.138922
9778,0.130279
9779,0.193707
9780,0.987703
9781,0.117997
9782,0.829786
9783,0.211888
9784,0.419074
9785,0.970015
9786,0.612635
9787,0.076044
9788,0.004730
9789,0.383996
9790,0.197398
9791,0.057752
9792,0.149583
9793,0.105194
9794,0.678548
9795,0.046782
9796,0.039085
9797,0.871054
9798,0.599931
9799,0.046831
9800,0.038433
9801,0.016909
9802,0.168117
9803,0.010607
9804,0.797067
9805,0.006250
9806,0.754585
9807,0.039148
9808,0.031078
9809,0.056143
9810,0.007494
9811,0.020737
9812,0.049550
9813,0.003965
9814,0.076701
9815,0.247208
9816,0.229142
9817,0.027809
9818,0.422043
9819,0.950905
9820,0.086505
9821,0.037454
9822,0.007914
9823,0.947338
9824,0.344317
9825,0.982714
9826,0.008559
9827,0.993999
9828,0.539115
9829,0.534908
9830,0.973046
9831,0.016462
9832,0.053395
9833,0.170818
9834,0.039810
9835,0.431172
9836,0.983050
9837,0.995313
9838,0.002491
9839,0.051626
9840,0.996571
9841,0.033565
9842,0.431107
9843,0.818524
9844,0.071342
9845,0.003271
9846,0.815746
9847,0.471928
9848,0.030458
9849,0.005041
9850,0.208358
9851,0.042079
9852,0.035196
9853,0.013358
9854,0.062870
9855,0.232109
9856,0.052543
9857,0.965994
9858,0.031180
9859,0.884095
9860,0.058378
9861,0.051498
9862,0.052301
9863,0.005600
9864,0.909542
9865,0.995696
9866,0.052440
9867,0.002679
9868,0.478280
9869,0.107842
9870,0.845433
9871,0.958172
9872,0.088339
9873,0.028058
9874,0.904140
9875,0.144420
9876,0.061061
9877,0.118626
9878,0.024512
9879,0.847926
9880,0.011768
9881,0.941574
9882,0.939072
9883,0.026337
9884,0.020549
9885,0.040466
9886,0.153018
9887,0.017454
9888,0.964227
9889,0.997561
9890,0.371446
9891,0.021251
9892,0.105132
9893,0.249183
9894,0.065315
9895,0.059714
9896,0.863702
9897,0.114076
9898,0.048073
9899,0.106043
9900,0.190632
9901,0.049990
9902,0.040440
9903,0.043422
9904,0.806012
9905,0.036840
9906,0.151027
9907,0.306004
9908,0.004081
9909,0.967243
9910,0.956920
9911,0.085094
9912,0.047621
9913,0.015777
9914,0.157131
9915,0.979859
9916,0.065389
9917,0.082321
9918,0.012326
9919,0.678676
9920,0.011276
9921,0.483720
9922,0.002008
9923,0.387111
9924,0.178136
9925,0.305191
9926,0.125002
9927,0.218524
9928,0.004636
9929,0.955999
9930,0.955474
9931,0.476614
9932,0.174523
9933,0.176197
9934,0.021379
9935,0.874367
9936,0.987355
9937,0.257163
9938,0.379156
9939,0.041115
9940,0.168780
9941,0.026574
9942,0.060047
9943,0.013387
9944,0.051284
9945,0.973490
9946,0.047644
9947,0.076374
9948,0.023270
9949,0.004553
9950,0.031858
9951,0.236357
9952,0.005724
9953,0.996046
9954,0.814725
9955,0.127525
9956,0.766657
9957,0.008655
9958,0.982719
9959,0.194130
9960,0.795642
9961,0.027599
9962,0.029021
9963,0.011347
9964,0.170631
9965,0.031646
9966,0.008393
9967,0.004854
9968,0.081435
9969,0.004954
9970,0.113300
9971,0.991748
9972,0.032695
9973,0.020981
9974,0.035382
9975,0.966824
9976,0.269052
9977,0.173503
9978,0.146990
9979,0.002835
9980,0.067736
9981,0.067000
9982,0.006219
9983,0.102332
9984,0.023615
9985,0.005042
9986,0.029323
9987,0.112131
9988,0.070442
9989,0.052993
9990,0.111612
9991,0.959017
9992,0.041003
9993,0.036313
9994,0.690146
9995,0.002508
9996,0.251288
9997,0.584775
9998,0.990562
9999,0.086243
10000,0.458577
10001,0.945167
10002,0.422586
10003,0.229891
10004,0.009974
10005,0.963218
10006,0.961959
10007,0.027954
10008,0.983360
10009,0.962944
10010,0.080783
10011,0.032305
10012,0.906373
10013,0.028396
10014,0.224144
10015,0.067367
10016,0.039462
10017,0.009312
10018,0.004024
10019,0.051016
10020,0.023980
10021,0.040708
10022,0.986719
10023,0.987113
10024,0.689908
10025,0.025069
10026,0.019788
10027,0.068617
10028,0.862033
10029,0.058248
10030,0.004954
10031,0.050422
10032,0.646743
10033,0.810974
10034,0.008908
10035,0.025205
10036,0.061466
10037,0.948435
10038,0.007090
10039,0.358216
10040,0.129612
10041,0.010115
10042,0.950219
10043,0.026589
10044,0.228601
10045,0.013466
10046,0.006626
10047,0.886169
10048,0.081313
10049,0.808598
10050,0.012698
10051,0.433276
10052,0.955812
10053,0.057655
10054,0.537519
10055,0.234233
10056,0.005915
10057,0.963354
10058,0.965983
10059,0.051410
10060,0.911901
10061,0.136278
10062,0.002901
10063,0.069400
10064,0.979120
10065,0.193172
10066,0.045633
10067,0.025258
10068,0.012680
10069,0.050982
10070,0.031052
10071,0.646082
10072,0.910821
10073,0.566597
10074,0.208282
10075,0.847109
10076,0.955816
10077,0.066631
10078,0.015469
10079,0.068032
10080,0.081452
10081,0.075692
10082,0.371393
10083,0.013871
10084,0.083653
10085,0.249771
10086,0.079978
10087,0.827276
10088,0.038649
10089,0.818267
10090,0.003211
10091,0.055613
10092,0.003956
10093,0.032743
10094,0.335804
10095,0.030187
10096,0.029103
10097,0.982233
10098,0.199160
10099,0.231596
10100,0.012484
10101,0.005740
10102,0.031030
10103,0.028937
10104,0.957006
10105,0.003699
10106,0.207157
10107,0.005783
10108,0.339240
10109,0.067322
10110,0.130530
10111,0.022347
10112,0.022466
10113,0.064924
10114,0.045447
10115,0.005257
10116,0.647524
10117,0.060772
10118,0.076447
10119,0.383859
10120,0.439066
10121,0.193295
10122,0.226513
10123,0.114914
10124,0.007498
10125,0.101516
10126,0.976736
10127,0.025694
10128,0.043274
10129,0.036934
10130,0.116022
10131,0.777588
10132,0.363175
10133,0.081060
10134,0.983561
10135,0.048101
10136,0.015354
10137,0.005700
10138,0.535065
10139,0.917989
10140,0.200314
10141,0.087679
10142,0.009654
10143,0.098598
10144,0.003117
10145,0.014308
10146,0.074195
10147,0.373499
10148,0.602746
10149,0.801773
10150,0.090829
10151,0.037481
10152,0.012664
10153,0.936736
10154,0.049594
10155,0.042492
10156,0.411334
10157,0.225027
10158,0.801186
10159,0.237915
10160,0.977164
10161,0.017525
10162,0.921255
10163,0.996727
10164,0.005122
10165,0.015925
10166,0.003182
10167,0.740081
10168,0.376071
10169,0.813595
10170,0.006779
10171,0.195089
10172,0.269018
10173,0.145844
10174,0.004443
10175,0.273504
10176,0.003835
10177,0.997800
10178,0.007704
10179,0.030008
10180,0.159603
10181,0.004811
10182,0.035967
10183,0.948380
10184,0.997365
10185,0.947344
10186,0.262299
10187,0.021380
10188,0.043746
10189,0.007131
10190,0.002508
10191,0.980629
10192,0.968649
10193,0.108067
10194,0.040681
10195,0.023040
10196,0.655839
10197,0.023787
10198,0.045231
10199,0.072656
10200,0.005239
10201,0.013144
10202,0.048080
10203,0.018811
10204,0.919048
10205,0.009747
10206,0.996919
10207,0.025123
10208,0.971000
10209,0.741555
10210,0.980172
10211,0.632901
10212,0.875187
10213,0.324250
10214,0.170264
10215,0.022043
10216,0.351789
10217,0.836860
10218,0.009146
10219,0.041159
10220,0.070784
10221,0.006131
10222,0.003397
10223,0.963087
10224,0.865369
10225,0.064649
10226,0.023492
10227,0.998154
10228,0.008460
10229,0.382172
10230,0.997723
10231,0.015533
10232,0.164118
10233,0.249588
10234,0.089925
10235,0.014503
10236,0.030875
10237,0.546735
10238,0.070315
10239,0.946960
10240,0.050560
10241,0.016310
10242,0.209454
10243,0.067561
10244,0.004644
10245,0.951994
10246,0.029906
10247,0.573800
10248,0.572706
10249,0.762472
10250,0.006585
10251,0.044968
10252,0.019241
10253,0.869058
10254,0.277332
10255,0.128938
10256,0.958479
10257,0.740158
10258,0.024354
10259,0.034223
10260,0.977770
10261,0.011796
10262,0.002725
10263,0.802942
10264,0.691427
10265,0.022018
10266,0.658916
10267,0.848508
10268,0.011965
10269,0.035484
10270,0.552167
10271,0.009567
10272,0.058148
10273,0.791055
10274,0.684132
10275,0.200746
10276,0.132918
10277,0.135309
10278,0.134213
10279,0.982628
10280,0.020415
10281,0.622919
10282,0.021666
10283,0.557556
10284,0.268485
10285,0.050966
10286,0.105017
10287,0.264790
10288,0.925533
10289,0.810514
10290,0.062060
10291,0.056900
10292,0.014852
10293,0.105865
10294,0.433570
10295,0.142527
10296,0.970134
10297,0.154564
10298,0.030188
10299,0.150959
10300,0.906657
10301,0.003836
10302,0.803707
10303,0.054608
10304,0.146627
10305,0.028420
10306,0.897135
10307,0.125236
10308,0.079170
10309,0.068082
10310,0.077973
10311,0.096767
10312,0.968057
10313,0.088565
10314,0.001736
10315,0.753988
10316,0.142961
10317,0.057845
10318,0.339422
10319,0.011693
10320,0.096911
10321,0.059400
10322,0.097987
10323,0.070202
10324,0.002530
10325,0.326721
10326,0.478486
10327,0.006736
10328,0.785598
10329,0.249721
10330,0.028349
10331,0.066277
10332,0.034868
10333,0.333443
10334,0.906894
10335,0.953340
10336,0.397438
10337,0.413018
10338,0.385302
10339,0.481118
10340,0.687585
10341,0.046956
10342,0.734948
10343,0.914917
10344,0.792085
10345,0.013693
10346,0.973670
10347,0.941261
10348,0.021651
10349,0.743159
10350,0.146466
10351,0.976303
10352,0.028365
10353,0.950989
10354,0.462314
10355,0.131401
10356,0.086149
10357,0.090106
10358,0.979346
10359,0.022382
10360,0.949304
10361,0.958936
10362,0.008077
10363,0.021412
10364,0.253019
10365,0.008982
10366,0.042952
10367,0.015802
10368,0.985616
10369,0.019480
10370,0.003757
10371,0.212600
10372,0.025981
10373,0.509115
10374,0.970588
10375,0.002651
10376,0.030620
10377,0.128891
10378,0.539272
10379,0.027839
10380,0.116530
10381,0.062354
10382,0.924165
10383,0.998350
10384,0.034051
10385,0.056907
10386,0.063531
10387,0.009360
10388,0.073598
10389,0.020684
10390,0.415905
10391,0.005129
10392,0.219643
10393,0.015607
10394,0.846527
10395,0.126160
10396,0.472561
10397,0.106030
10398,0.955132
10399,0.121464
10400,0.566790
10401,0.560445
10402,0.472765
10403,0.046757
10404,0.020404
10405,0.766062
10406,0.500757
10407,0.012504
10408,0.948783
10409,0.139586
10410,0.371925
10411,0.045771
10412,0.060386
10413,0.021622
10414,0.982787
10415,0.126601
10416,0.546835
10417,0.042513
10418,0.974799
10419,0.101795
10420,0.630708
10421,0.896560
10422,0.592505
10423,0.098529
10424,0.614026
10425,0.327295
10426,0.022343
10427,0.054786
10428,0.015163
10429,0.026938
10430,0.140175
10431,0.720008
10432,0.973547
10433,0.093014
10434,0.009720
10435,0.036809
10436,0.023397
10437,0.004600
10438,0.008012
10439,0.002474
10440,0.002252
10441,0.849581
10442,0.954782
10443,0.392528
10444,0.263878
10445,0.030025
10446,0.006417
10447,0.797410
10448,0.012867
10449,0.982488
10450,0.989350
10451,0.294678
10452,0.983327
10453,0.758739
10454,0.168821
10455,0.011118
10456,0.007909
10457,0.007799
10458,0.955783
10459,0.041914
10460,0.022424
10461,0.469137
10462,0.143515
10463,0.033123
10464,0.967173
10465,0.018278
10466,0.140377
10467,0.030958
10468,0.623987
10469,0.665935
10470,0.834529
10471,0.014959
10472,0.849212
10473,0.081493
10474,0.160658
10475,0.023177
10476,0.071739
10477,0.989987
10478,0.904980
10479,0.052668
10480,0.978879
10481,0.973250
10482,0.126639
10483,0.042534
10484,0.972479
10485,0.054931
10486,0.068586
10487,0.080369
10488,0.241441
10489,0.334815
10490,0.742744
10491,0.039620
10492,0.002944
10493,0.986735
10494,0.168948
10495,0.974084
10496,0.075380
10497,0.044221
10498,0.214865
10499,0.047787
10500,0.981704
10501,0.405151
10502,0.535118
10503,0.928716
10504,0.201277
10505,0.047736
10506,0.329460
10507,0.136052
10508,0.024416
10509,0.038768
10510,0.855594
10511,0.217128
10512,0.020559
10513,0.069552
10514,0.876830
10515,0.008913
10516,0.860603
10517,0.037872
10518,0.288148
10519,0.641584
10520,0.990991
10521,0.290997
10522,0.003666
10523,0.016080
10524,0.858919
10525,0.634337
10526,0.245595
10527,0.422069
10528,0.870135
10529,0.967402
10530,0.047971
10531,0.050250
10532,0.017402
10533,0.035949
10534,0.083346
10535,0.391613
10536,0.984250
10537,0.068043
10538,0.025239
10539,0.061638
10540,0.403234
10541,0.940222
10542,0.073203
10543,0.948081
10544,0.832117
10545,0.958618
10546,0.997260
10547,0.887702
10548,0.023721
10549,0.979015
10550,0.166972
10551,0.008102
10552,0.019564
10553,0.039207
10554,0.940153
10555,0.050880
10556,0.242656
10557,0.058304
10558,0.899541
10559,0.937828
10560,0.050942
10561,0.002775
10562,0.166318
10563,0.885326
10564,0.699178
10565,0.009325
10566,0.545176
10567,0.042825
10568,0.060900
10569,0.074386
10570,0.402223
10571,0.084724
10572,0.115722
10573,0.284642
10574,0.970291
10575,0.015206
10576,0.021093
10577,0.965581
10578,0.857817
10579,0.048472
10580,0.004192
10581,0.028826
10582,0.945215
10583,0.984661
10584,0.032331
10585,0.968319
10586,0.325261
10587,0.936402
10588,0.018695
10589,0.124147
10590,0.449907
10591,0.009553
10592,0.751279
10593,0.044491
10594,0.041535
10595,0.004485
10596,0.184456
10597,0.944825
10598,0.105522
10599,0.069015
10600,0.060149
10601,0.735615
10602,0.044274
10603,0.958709
10604,0.002677
10605,0.831484
10606,0.985309
10607,0.009821
10608,0.016354
10609,0.114472
10610,0.043528
10611,0.942968
10612,0.018399
10613,0.042491
10614,0.024597
10615,0.037648
10616,0.127051
10617,0.661808
10618,0.959029
10619,0.007522
10620,0.958425
10621,0.088940
10622,0.506919
10623,0.089309
10624,0.127443
10625,0.143132
10626,0.119221
10627,0.082631
10628,0.327258
10629,0.005886
10630,0.985110
10631,0.003189
10632,0.028434
10633,0.020047
10634,0.497878
10635,0.929305
10636,0.785736
10637,0.997193
10638,0.124891
10639,0.533001
10640,0.176652
10641,0.199547
10642,0.433760
10643,0.004836
10644,0.020189
10645,0.997216
10646,0.007138
10647,0.004886
10648,0.003072
10649,0.947128
10650,0.200076
10651,0.144268
10652,0.996343
10653,0.369628
10654,0.914570
10655,0.148475
10656,0.984108
10657,0.234933
10658,0.186280
10659,0.022092
10660,0.003687
10661,0.969919
10662,0.031457
10663,0.192073
10664,0.076470
10665,0.007896
10666,0.479488
10667,0.323497
10668,0.633915
10669,0.008255
10670,0.022061
10671,0.004711
10672,0.002967
10673,0.074779
10674,0.318523
10675,0.545986
10676,0.027243
10677,0.981937
10678,0.059067
10679,0.029522
10680,0.003989
10681,0.503181
10682,0.040856
10683,0.489772
10684,0.036584
10685,0.969003
10686,0.988559
10687,0.020049
10688,0.018235
10689,0.881831
10690,0.008301
10691,0.469836
10692,0.929866
10693,0.888677
10694,0.012169
10695,0.398066
10696,0.080798
10697,0.015651
10698,0.895515
10699,0.998228
10700,0.917065
10701,0.135837
10702,0.010046
10703,0.960860
10704,0.365815
10705,0.984040
10706,0.666802
10707,0.950522
10708,0.003211
10709,0.095674
10710,0.006265
10711,0.002907
10712,0.144806
10713,0.090135
10714,0.005140
10715,0.195438
10716,0.772144
10717,0.086331
10718,0.001778
10719,0.446078
10720,0.807536
10721,0.978738
10722,0.968048
10723,0.951016
10724,0.006652
10725,0.150742
10726,0.765036
10727,0.992784
10728,0.030485
10729,0.078763
10730,0.005541
10731,0.997252
10732,0.062452
10733,0.052680
10734,0.123801
10735,0.978570
10736,0.005025
10737,0.314900
10738,0.003032
10739,0.918163
10740,0.334239
10741,0.236542
10742,0.939715
10743,0.006460
10744,0.804156
10745,0.212506
10746,0.799870
10747,0.011785
10748,0.968170
10749,0.997020
10750,0.806999
10751,0.013147
10752,0.057006
10753,0.122818
10754,0.430530
10755,0.017641
10756,0.116549
10757,0.850577
10758,0.555597
10759,0.072918
10760,0.214308
10761,0.010578
10762,0.073644
10763,0.416569
10764,0.966491
10765,0.896164
10766,0.042006
10767,0.134184
10768,0.005000
10769,0.145156
10770,0.989713
10771,0.043997
10772,0.016672
10773,0.003734
10774,0.012504
10775,0.428959
10776,0.567268
10777,0.024018
10778,0.050746
10779,0.866093
10780,0.006479
10781,0.044338
10782,0.003804
10783,0.864580
10784,0.124563
10785,0.318066
10786,0.958667
10787,0.098907
10788,0.012988
10789,0.997496
10790,0.299470
10791,0.068963
10792,0.010535
10793,0.727663
10794,0.204398
10795,0.311984
10796,0.052046
10797,0.047783
10798,0.807549
10799,0.230815
10800,0.117447
10801,0.020913
10802,0.005021
10803,0.048480
10804,0.987455
10805,0.831128
10806,0.055647
10807,0.077745
10808,0.069608
10809,0.108251
10810,0.949786
10811,0.034585
10812,0.021617
10813,0.028659
10814,0.056886
10815,0.423786
10816,0.086076
10817,0.976685
10818,0.066435
10819,0.051187
10820,0.004131
10821,0.079798
10822,0.026284
10823,0.035752
10824,0.005330
10825,0.057387
10826,0.073186
10827,0.004329
10828,0.788656
10829,0.065038
10830,0.071108
10831,0.363464
10832,0.228464
10833,0.030008
10834,0.054725
10835,0.346839
10836,0.024172
10837,0.467184
10838,0.396429
10839,0.219118
10840,0.011368
10841,0.128150
10842,0.890391
10843,0.980528
10844,0.362481
10845,0.057554
10846,0.134815
10847,0.023358
10848,0.206070
10849,0.046574
10850,0.155018
10851,0.224041
10852,0.925021
10853,0.032824
10854,0.001743
10855,0.018994
10856,0.075203
10857,0.037549
10858,0.196770
10859,0.975410
10860,0.196511
10861,0.069205
10862,0.069947
10863,0.179095
10864,0.946575
10865,0.232223
10866,0.065605
10867,0.059181
10868,0.027771
10869,0.963265
10870,0.295761
10871,0.028892
10872,0.053494
10873,0.068910
10874,0.989399
10875,0.127432
10876,0.083158
10877,0.045248
10878,0.004571
10879,0.948601
10880,0.031389
10881,0.966758
10882,0.935335
10883,0.767225
10884,0.975747
10885,0.005682
10886,0.824644
10887,0.044106
10888,0.973310
10889,0.093173
10890,0.850955
10891,0.013397
10892,0.008662
10893,0.968010
10894,0.981408
10895,0.964836
10896,0.078706
10897,0.041719
10898,0.018173
10899,0.007526
10900,0.026506
10901,0.463185
10902,0.071263
10903,0.144691
10904,0.011325
10905,0.701585
10906,0.077774
10907,0.044804
10908,0.731333
10909,0.010310
10910,0.961733
10911,0.980539
10912,0.008103
10913,0.930839
10914,0.998379
10915,0.785908
10916,0.974999
10917,0.118820
10918,0.349186
10919,0.166035
10920,0.978116
10921,0.988455
10922,0.949216
10923,0.840820
10924,0.577975
10925,0.045795
10926,0.576665
10927,0.022234
10928,0.462435
10929,0.957462
10930,0.392210
10931,0.117480
10932,0.015933
10933,0.160098
10934,0.216625
10935,0.967414
10936,0.370406
10937,0.137193
10938,0.978936
10939,0.267434
10940,0.904788
10941,0.995953
10942,0.439051
10943,0.008216
10944,0.021335
10945,0.168105
10946,0.022904
10947,0.048655
10948,0.003260
10949,0.024725
10950,0.009614
10951,0.945044
10952,0.051246
10953,0.022699
10954,0.057072
10955,0.309078
10956,0.479285
10957,0.002692
10958,0.018963
10959,0.003260
10960,0.970044
10961,0.356218
10962,0.693698
10963,0.212085
10964,0.002394
10965,0.716011
10966,0.949181
10967,0.950898
10968,0.192827
10969,0.156198
10970,0.054208
10971,0.109697
10972,0.460483
10973,0.514980
10974,0.347878
10975,0.655947
10976,0.113230
10977,0.970662
10978,0.099697
10979,0.003779
10980,0.942517
10981,0.550675
10982,0.983661
10983,0.049475
10984,0.034029
10985,0.960291
10986,0.048666
10987,0.029419
10988,0.148596
10989,0.068476
10990,0.059342
10991,0.058975
10992,0.024776
10993,0.071843
10994,0.005143
10995,0.162580
10996,0.376190
10997,0.028405
10998,0.033930
10999,0.064171
11000,0.023787
11001,0.020956
11002,0.432157
11003,0.551255
11004,0.983090
11005,0.005413
11006,0.005773
11007,0.117676
11008,0.177464
11009,0.037981
11010,0.067229
11011,0.003180
11012,0.134171
11013,0.545437
11014,0.037391
11015,0.078611
11016,0.009220
11017,0.924079
11018,0.008057
11019,0.098960
11020,0.924229
11021,0.013054
11022,0.261776
11023,0.004656
11024,0.819911
11025,0.099765
11026,0.742228
11027,0.180978
11028,0.905533
11029,0.014809
11030,0.024406
11031,0.015688
11032,0.882983
11033,0.058958
11034,0.013349
11035,0.951576
11036,0.056443
11037,0.991932
11038,0.232365
11039,0.986186
11040,0.008443
11041,0.042489
11042,0.963587
11043,0.037875
11044,0.159751
11045,0.898840
11046,0.031145
11047,0.566533
11048,0.021293
11049,0.012816
11050,0.825407
11051,0.245670
11052,0.318424
11053,0.609879
11054,0.988830
11055,0.856100
11056,0.141208
11057,0.031277
11058,0.057778
11059,0.025108
11060,0.284718
11061,0.661701
11062,0.972607
11063,0.002673
11064,0.866055
11065,0.973849
11066,0.040762
11067,0.060110
11068,0.937464
11069,0.950944
11070,0.045411
11071,0.031725
11072,0.949654
11073,0.023554
11074,0.995573
11075,0.072082
11076,0.098861
11077,0.025565
11078,0.607275
11079,0.020584
11080,0.003740
11081,0.015471
11082,0.830795
11083,0.082678
11084,0.045646
11085,0.079012
11086,0.172620
11087,0.006354
11088,0.007987
11089,0.987164
11090,0.981763
11091,0.013998
11092,0.944489
11093,0.776038
11094,0.078589
11095,0.949760
11096,0.393215
11097,0.048287
11098,0.117554
11099,0.963999
11100,0.081894
11101,0.178274
11102,0.022205
11103,0.910912
11104,0.040197
11105,0.108898
11106,0.968204
11107,0.987256
11108,0.344338
11109,0.979740
11110,0.056142
11111,0.948679
11112,0.045694
11113,0.002593
11114,0.114040
11115,0.318665
11116,0.159536
11117,0.965134
11118,0.111691
11119,0.945023
11120,0.005049
11121,0.126281
11122,0.008003
11123,0.996335
11124,0.794253
11125,0.986247
11126,0.047782
11127,0.073519
11128,0.965470
11129,0.010920
11130,0.052221
11131,0.896553
11132,0.078128
11133,0.635028
11134,0.077170
11135,0.952327
11136,0.291604
11137,0.014578
11138,0.965514
11139,0.035712
11140,0.956292
11141,0.017258
11142,0.144538
11143,0.964967
11144,0.014799
11145,0.139934
11146,0.965003
11147,0.010072
11148,0.983704
11149,0.042698
11150,0.729288
11151,0.067991
11152,0.016682
11153,0.762476
11154,0.032412
11155,0.222869
11156,0.025867
11157,0.508392
11158,0.973931
11159,0.015709
11160,0.926996
11161,0.984554
11162,0.212178
11163,0.861914
11164,0.039411
11165,0.386057
11166,0.103673
11167,0.022455
11168,0.991365
11169,0.536728
11170,0.024682
11171,0.862468
11172,0.032652
11173,0.007435
11174,0.091509
11175,0.213949
11176,0.038997
11177,0.966220
11178,0.006918
11179,0.005254
11180,0.891114
11181,0.315010
11182,0.966456
11183,0.554062
11184,0.003131
11185,0.917780
11186,0.037657
11187,0.989463
11188,0.059274
11189,0.166003
11190,0.054378
11191,0.997198
11192,0.220969
11193,0.068900
11194,0.093493
11195,0.132093
11196,0.016929
11197,0.074039
11198,0.771638
11199,0.918558
11200,0.242525
11201,0.008917
11202,0.002247
11203,0.099678
11204,0.009315
11205,0.044096
11206,0.007203
11207,0.192704
11208,0.014850
11209,0.965233
11210,0.029023
11211,0.061373
11212,0.063221
11213,0.005360
11214,0.882542
11215,0.046853
11216,0.155360
11217,0.187251
11218,0.099882
11219,0.992835
11220,0.103486
11221,0.319812
11222,0.187395
11223,0.003632
11224,0.068528
11225,0.997471
11226,0.011856
11227,0.101676
11228,0.507185
11229,0.100929
11230,0.003048
11231,0.985090
