index,target
0,0.01029296
1,0.85359587
2,0.09570764
3,0.04448902
4,0.99214521
5,0.00656159
6,0.87136201
7,0.11679798
8,0.01822351
9,0.88665217
10,0.00641288
11,0.00591366
12,0.08707929
13,0.61406488
14,0.43899490
15,0.44053469
16,0.19069974
17,0.89884482
18,0.81720751
19,0.96815009
20,0.13821694
21,0.73764280
22,0.97720002
23,0.12597537
24,0.97105275
25,0.02633542
26,0.00969807
27,0.01529259
28,0.02552435
29,0.00566391
30,0.03386631
31,0.00642705
32,0.00551649
33,0.43505537
34,0.10765593
35,0.18918674
36,0.82866252
37,0.01007175
38,0.08758450
39,0.12027227
40,0.20048247
41,0.93863948
42,0.00630156
43,0.33943234
44,0.89108630
45,0.02333014
46,0.73084188
47,0.11908344
48,0.34122357
49,0.05667565
50,0.06581183
51,0.00808462
52,0.31938855
53,0.01157075
54,0.13199664
55,0.02094263
56,0.03161684
57,0.95919363
58,0.04368387
59,0.78268255
60,0.17951849
61,0.01398793
62,0.86451080
63,0.69023877
64,0.21901563
65,0.00643604
66,0.04726988
67,0.92437514
68,0.97071616
69,0.38494166
70,0.08869958
71,0.44300803
72,0.06727108
73,0.15970895
74,0.10170190
75,0.01096076
76,0.00545809
77,0.00677610
78,0.02595397
79,0.61849539
80,0.20741722
81,0.25667909
82,0.14184077
83,0.11585533
84,0.14479485
85,0.46628173
86,0.62426665
87,0.02516510
88,0.14509224
89,0.00548852
90,0.74456611
91,0.05317792
92,0.07227991
93,0.08573296
94,0.07965475
95,0.76708580
96,0.44277866
97,0.11613297
98,0.97268320
99,0.31165031
100,0.00469905
101,0.08050430
102,0.05636279
103,0.11393754
104,0.48432933
105,0.06385712
106,0.89016034
107,0.68912563
108,0.22154464
109,0.16161551
110,0.94580486
111,0.02403487
112,0.12317109
113,0.01367540
114,0.01315256
115,0.25783358
116,0.92415501
117,0.26148256
118,0.36032130
119,0.98633870
120,0.96943173
121,0.00642964
122,0.22555269
123,0.12407254
124,0.11818670
125,0.09960778
126,0.03164957
127,0.13868999
128,0.13241831
129,0.13797403
130,0.00384304
131,0.04114926
132,0.98154896
133,0.06336920
134,0.96588956
135,0.93880209
136,0.96986294
137,0.86881239
138,0.81984418
139,0.10369221
140,0.02353974
141,0.38068529
142,0.01595329
143,0.05975233
144,0.00557485
145,0.97977528
146,0.75814451
147,0.94003242
148,0.95397885
149,0.05130147
150,0.46644130
151,0.14409783
152,0.07449216
153,0.01030013
154,0.04949681
155,0.03179760
156,0.42502070
157,0.50118308
158,0.08036589
159,0.03617818
160,0.00949174
161,0.52001233
162,0.05014221
163,0.72569075
164,0.04819329
165,0.04249256
166,0.10459216
167,0.01715824
168,0.96811210
169,0.00738829
170,0.05373570
171,0.03931881
172,0.09985185
173,0.89450638
174,0.00926766
175,0.01100921
176,0.97613320
177,0.96031506
178,0.00477596
179,0.92994375
180,0.14566415
181,0.04551411
182,0.86568229
183,0.12791465
184,0.95126926
185,0.07676448
186,0.54201851
187,0.00877531
188,0.15385772
189,0.01578304
190,0.00827892
191,0.92984215
192,0.06596485
193,0.04431012
194,0.11214949
195,0.97865207
196,0.04745111
197,0.98067724
198,0.09484392
199,0.34670637
200,0.13982059
201,0.02704507
202,0.95852952
203,0.00496756
204,0.04320839
205,0.01893163
206,0.11354457
207,0.89636119
208,0.05388920
209,0.99817336
210,0.10578300
211,0.00817937
212,0.47578309
213,0.01007367
214,0.02330270
215,0.26924253
216,0.05599543
217,0.48409349
218,0.82069973
219,0.57405491
220,0.15021750
221,0.04628207
222,0.01862045
223,0.02725059
224,0.27162527
225,0.98327728
226,0.93890997
227,0.05502477
228,0.93382061
229,0.00850148
230,0.03792767
231,0.98637927
232,0.20677293
233,0.02922181
234,0.26141918
235,0.09386527
236,0.23512561
237,0.54671123
238,0.07302884
239,0.96795128
240,0.04430618
241,0.02410204
242,0.20642382
243,0.31069647
244,0.85625819
245,0.14350587
246,0.09073780
247,0.01241152
248,0.63499898
249,0.99628607
250,0.10426564
251,0.04966267
252,0.04715484
253,0.20413792
254,0.05931546
255,0.21341964
256,0.25137648
257,0.83889862
258,0.01297794
259,0.01924653
260,0.18710068
261,0.05121339
262,0.99581493
263,0.93348234
264,0.00677029
265,0.11469532
266,0.85533077
267,0.13052228
268,0.01386482
269,0.00393690
270,0.49248782
271,0.36198307
272,0.06491554
273,0.02922551
274,0.99710907
275,0.99697051
276,0.09741788
277,0.01560394
278,0.01287143
279,0.03472910
280,0.96247788
281,0.93946067
282,0.96788406
283,0.00936095
284,0.15213960
285,0.11689585
286,0.02131498
287,0.01648787
288,0.98726801
289,0.30167520
290,0.24072820
291,0.96786674
292,0.85266226
293,0.98264544
294,0.00659152
295,0.09188226
296,0.11640996
297,0.08219196
298,0.00631911
299,0.98861605
300,0.14325587
301,0.92873941
302,0.85663669
303,0.06733549
304,0.71980693
305,0.79837583
306,0.10301264
307,0.04428523
308,0.52113302
309,0.54170336
310,0.97171071
311,0.07054740
312,0.39806502
313,0.00779425
314,0.55358058
315,0.03123094
316,0.95964376
317,0.03339926
318,0.00442913
319,0.78381139
320,0.16760703
321,0.03801643
322,0.00262197
323,0.03631062
324,0.13759312
325,0.83775573
326,0.10945606
327,0.78823490
328,0.01674084
329,0.01577679
330,0.80121502
331,0.02012422
332,0.19105515
333,0.05953432
334,0.28647416
335,0.23476149
336,0.04730110
337,0.97578787
338,0.01421467
339,0.03084499
340,0.00897235
341,0.98278564
342,0.90901685
343,0.12642927
344,0.07880180
345,0.96246880
346,0.45653912
347,0.08792720
348,0.00640361
349,0.35781362
350,0.99613920
351,0.02664867
352,0.06138230
353,0.04555286
354,0.07628015
355,0.07810817
356,0.93456223
357,0.02719796
358,0.96387326
359,0.19242423
360,0.07928891
361,0.62372412
362,0.01146371
363,0.07352270
364,0.01286780
365,0.66823194
366,0.02578355
367,0.48130245
368,0.43486208
369,0.94256405
370,0.70707209
371,0.81255190
372,0.02165433
373,0.13976760
374,0.02199907
375,0.79920894
376,0.12680699
377,0.03896419
378,0.01470731
379,0.01683800
380,0.06845681
381,0.10723674
382,0.92872475
383,0.06937323
384,0.11664516
385,0.16752232
386,0.03966998
387,0.60030400
388,0.10339485
389,0.03793826
390,0.79965358
391,0.02528532
392,0.02086977
393,0.84066967
394,0.96814444
395,0.81635982
396,0.94114258
397,0.36748956
398,0.16246480
399,0.00309919
400,0.08215626
401,0.00771046
402,0.00708974
403,0.14838511
404,0.01372283
405,0.03398405
406,0.97461780
407,0.56969538
408,0.02610639
409,0.09882270
410,0.08121967
411,0.81479619
412,0.10193451
413,0.44404933
414,0.08964045
415,0.02379862
416,0.88532939
417,0.20343081
418,0.06019396
419,0.98153654
420,0.13597404
421,0.00333502
422,0.01501379
423,0.69651395
424,0.94373092
425,0.01636146
426,0.11911237
427,0.00766914
428,0.93095171
429,0.96890977
430,0.99489569
431,0.11454147
432,0.38111271
433,0.03906365
434,0.87181734
435,0.01912571
436,0.96815378
437,0.05604037
438,0.04991795
439,0.98564247
440,0.83863520
441,0.09857565
442,0.03636829
443,0.00961080
444,0.26484717
445,0.03497598
446,0.98830635
447,0.26250819
448,0.01454796
449,0.52174827
450,0.05147474
451,0.57794862
452,0.95081159
453,0.40386249
454,0.06923132
455,0.87685981
456,0.89058575
457,0.03779551
458,0.28421485
459,0.62681728
460,0.19884155
461,0.72048735
462,0.31256617
463,0.92218127
464,0.03392691
465,0.98114181
466,0.93998403
467,0.01171155
468,0.61851585
469,0.95799131
470,0.11721504
471,0.28902987
472,0.94090274
473,0.02818113
474,0.03692104
475,0.00894227
476,0.01829779
477,0.08473397
478,0.08852570
479,0.68265906
480,0.01526710
481,0.98558569
482,0.11050712
483,0.95797596
484,0.65052363
485,0.02190693
486,0.03591914
487,0.10124021
488,0.00999758
489,0.00947211
490,0.05390009
491,0.01685764
492,0.00483535
493,0.03315188
494,0.42891648
495,0.12401200
496,0.02398587
497,0.65828809
498,0.29166309
499,0.06889261
500,0.96606735
501,0.07757392
502,0.07592854
503,0.33192588
504,0.78258015
505,0.18114989
506,0.01637339
507,0.98406144
508,0.80674526
509,0.04655845
510,0.04357470
511,0.77559310
512,0.02432236
513,0.97180144
514,0.97107879
515,0.94145589
516,0.94670316
517,0.36921772
518,0.13556890
519,0.11902083
520,0.56503834
521,0.14492605
522,0.94270143
523,0.50437623
524,0.10173546
525,0.93214964
526,0.44085574
527,0.00734031
528,0.28291611
529,0.98174300
530,0.01143035
531,0.00650472
532,0.02680195
533,0.01186781
534,0.00689767
535,0.08624441
536,0.09941522
537,0.90123327
538,0.07602515
539,0.90881179
540,0.44422755
541,0.04862034
542,0.00381190
543,0.43568330
544,0.78910122
545,0.01238765
546,0.42455070
547,0.00401156
548,0.04988603
549,0.04325104
550,0.97989376
551,0.80743366
552,0.26456973
553,0.01543615
554,0.09955018
555,0.75015464
556,0.02995030
557,0.07341447
558,0.70017017
559,0.01194660
560,0.05217356
561,0.30072005
562,0.97016502
563,0.42881048
564,0.00572621
565,0.82480002
566,0.09285561
567,0.01814943
568,0.47927619
569,0.23600536
570,0.18602587
571,0.15857690
572,0.76448942
573,0.04600421
574,0.52421433
575,0.09068481
576,0.95107303
577,0.00896446
578,0.03033412
579,0.15550910
580,0.08863188
581,0.12987654
582,0.00765487
583,0.00731677
584,0.00318463
585,0.42660647
586,0.46816929
587,0.59250130
588,0.00634586
589,0.09730830
590,0.09355392
591,0.00499668
592,0.06739320
593,0.02073941
594,0.08096451
595,0.26081400
596,0.07345654
597,0.08648083
598,0.19623276
599,0.94698545
600,0.02370417
601,0.01967762
602,0.02834743
603,0.08076568
604,0.88829793
605,0.06379469
606,0.04293809
607,0.00905736
608,0.00654554
609,0.00804741
610,0.07903099
611,0.11949730
612,0.01572013
613,0.01051640
614,0.13918809
615,0.51900506
616,0.02065323
617,0.05787562
618,0.00479582
619,0.03501671
620,0.02275741
621,0.00582797
622,0.45467386
623,0.02784624
624,0.05866794
625,0.46075846
626,0.88101439
627,0.97867875
628,0.01405736
629,0.91821218
630,0.01683771
631,0.04017829
632,0.51568437
633,0.97442468
634,0.03329811
635,0.53327441
636,0.01314971
637,0.01074443
638,0.01288658
639,0.95951093
640,0.12361427
641,0.80875510
642,0.06038855
643,0.02310879
644,0.92573859
645,0.01045402
646,0.02344660
647,0.07487727
648,0.16753252
649,0.49354580
650,0.05849695
651,0.97092722
652,0.94638300
653,0.01784700
654,0.05128030
655,0.00569487
656,0.21298381
657,0.95095626
658,0.58167619
659,0.16010179
660,0.01148139
661,0.40172370
662,0.06017138
663,0.15013483
664,0.58025155
665,0.03543393
666,0.03135275
667,0.96954173
668,0.31013021
669,0.57624332
670,0.03417988
671,0.37658394
672,0.03663695
673,0.05345167
674,0.99744342
675,0.04647716
676,0.02923444
677,0.55235100
678,0.07448620
679,0.63947087
680,0.22363482
681,0.05468204
682,0.96106144
683,0.11650846
684,0.14796976
685,0.12796304
686,0.08726693
687,0.04505079
688,0.97248227
689,0.09874622
690,0.95191439
691,0.08679422
692,0.00527554
693,0.83868199
694,0.02908253
695,0.86343224
696,0.01614834
697,0.35232821
698,0.99566083
699,0.01738753
700,0.02022857
701,0.14902891
702,0.00418993
703,0.00280923
704,0.02105329
705,0.02105695
706,0.06805212
707,0.49665119
708,0.09512525
709,0.02515383
710,0.04184720
711,0.05768497
712,0.99669450
713,0.09703874
714,0.95373414
715,0.08223496
716,0.00852611
717,0.24791652
718,0.11971915
719,0.01837238
720,0.02586699
721,0.10567448
722,0.31220376
723,0.74075181
724,0.89705790
725,0.77354652
726,0.03772750
727,0.90329925
728,0.16057522
729,0.22050336
730,0.13563403
731,0.01042153
732,0.98085073
733,0.93612936
734,0.14973486
735,0.06083866
736,0.83507291
737,0.04305150
738,0.40928507
739,0.49865840
740,0.98891622
741,0.80777389
742,0.28978349
743,0.16793254
744,0.07601373
745,0.02065060
746,0.93515012
747,0.83739060
748,0.10551892
749,0.66695269
750,0.05121659
751,0.10031523
752,0.09494980
753,0.22925999
754,0.01467386
755,0.01874842
756,0.32332128
757,0.06861312
758,0.00836312
759,0.02243994
760,0.84027419
761,0.06314951
762,0.77223717
763,0.02243926
764,0.00543400
765,0.95771420
766,0.21037956
767,0.81313079
768,0.31115693
769,0.64546775
770,0.13606530
771,0.02741348
772,0.97372708
773,0.00804487
774,0.33111512
775,0.99451462
776,0.40933804
777,0.01541847
778,0.40873921
779,0.30568179
780,0.01257298
781,0.02232283
782,0.57642141
783,0.07655649
784,0.55964137
785,0.96784049
786,0.75895726
787,0.00674578
788,0.93601407
789,0.03893766
790,0.78651769
791,0.05874877
792,0.08395700
793,0.05565114
794,0.32153810
795,0.14994262
796,0.05195274
797,0.00887952
798,0.74673990
799,0.17209153
800,0.45949703
801,0.81770760
802,0.00746704
803,0.00947408
804,0.06279759
805,0.08656777
806,0.01390455
807,0.03762944
808,0.13937222
809,0.34139392
810,0.08110139
811,0.06606236
812,0.97322216
813,0.23049604
814,0.95579519
815,0.02666630
816,0.25269408
817,0.94161306
818,0.50620886
819,0.01634436
820,0.98241835
821,0.99714246
822,0.14587523
823,0.02344429
824,0.38793551
825,0.00347163
826,0.14034470
827,0.11010960
828,0.03342379
829,0.97198983
830,0.86366751
831,0.03661466
832,0.98423007
833,0.44500562
834,0.89183706
835,0.00421099
836,0.28038093
837,0.35020165
838,0.25110248
839,0.99173167
840,0.09652534
841,0.01904540
842,0.21036488
843,0.00991597
844,0.29587690
845,0.99662111
846,0.99722203
847,0.02363496
848,0.00694968
849,0.83140394
850,0.50607273
851,0.86681151
852,0.14541892
853,0.03994663
854,0.90820835
855,0.01017851
856,0.83864468
857,0.96639118
858,0.02412873
859,0.76142433
860,0.00963476
861,0.80760968
862,0.33255820
863,0.89434225
864,0.00561467
865,0.44052791
866,0.89441922
867,0.03488981
868,0.09769619
869,0.84501659
870,0.02573243
871,0.99679510
872,0.03482018
873,0.02275998
874,0.96300863
875,0.57233994
876,0.01369896
877,0.09517015
878,0.18350061
879,0.81248868
880,0.07610154
881,0.07339484
882,0.81502053
883,0.16841767
884,0.03230082
885,0.97493663
886,0.01929022
887,0.96122902
888,0.05770132
889,0.00638611
890,0.20076007
891,0.46260953
892,0.17246279
893,0.08570287
894,0.53987596
895,0.33961992
896,0.89562921
897,0.09399374
898,0.00579587
899,0.70869174
900,0.14129398
901,0.00914917
902,0.56117400
903,0.84307841
904,0.03291354
905,0.96792285
906,0.09939639
907,0.01252337
908,0.98266374
909,0.02830697
910,0.04353978
911,0.06287688
912,0.02779654
913,0.06940153
914,0.03454099
915,0.04351753
916,0.18281612
917,0.49488674
918,0.08501617
919,0.59090731
920,0.00781207
921,0.02879793
922,0.05733575
923,0.99757294
924,0.96150438
925,0.92479135
926,0.05884514
927,0.10521541
928,0.01516933
929,0.55599746
930,0.44227124
931,0.02971195
932,0.93292400
933,0.01388879
934,0.03042690
935,0.04281954
936,0.98771701
937,0.03820845
938,0.03104222
939,0.52939158
940,0.04729573
941,0.97726069
942,0.95026597
943,0.99503628
944,0.43610996
945,0.37355030
946,0.02752953
947,0.83810236
948,0.04117042
949,0.04541456
950,0.98345430
951,0.31737431
952,0.28050734
953,0.07284095
954,0.08707027
955,0.50397426
956,0.94668617
957,0.32421998
958,0.00909860
959,0.51181512
960,0.00570981
961,0.96820859
962,0.04853908
963,0.46931408
964,0.41610046
965,0.05530708
966,0.30232777
967,0.00630789
968,0.01710680
969,0.00348229
970,0.17643400
971,0.10927079
972,0.99666022
973,0.09673335
974,0.58710273
975,0.01008764
976,0.01426639
977,0.84487799
978,0.07887957
979,0.99179983
980,0.91772232
981,0.98110934
982,0.40240440
983,0.02781706
984,0.96296462
985,0.04319783
986,0.95553515
987,0.11611370
988,0.26324971
989,0.83883017
990,0.95350488
991,0.12425836
992,0.02576870
993,0.04300716
994,0.02192860
995,0.99622370
996,0.04933500
997,0.05715433
998,0.17708362
999,0.77615380
1000,0.94086008
1001,0.98824992
1002,0.00984424
1003,0.00918229
1004,0.42445233
1005,0.89288901
1006,0.99443166
1007,0.32947127
1008,0.04796663
1009,0.29550305
1010,0.03201349
1011,0.13135299
1012,0.07104056
1013,0.30412419
1014,0.46857404
1015,0.03968315
1016,0.01968210
1017,0.39605814
1018,0.74174468
1019,0.00705158
1020,0.04143943
1021,0.96621308
1022,0.46988522
1023,0.88355066
1024,0.01519467
1025,0.01948684
1026,0.01412276
1027,0.10509786
1028,0.03294636
1029,0.19081466
1030,0.00706542
1031,0.09124698
1032,0.41893472
1033,0.00532305
1034,0.54540543
1035,0.02599718
1036,0.19435950
1037,0.95894344
1038,0.04263449
1039,0.93781019
1040,0.38847226
1041,0.04627068
1042,0.03748494
1043,0.44810697
1044,0.00506074
1045,0.11617045
1046,0.00770481
1047,0.13011539
1048,0.67999164
1049,0.82123529
1050,0.01002792
1051,0.10446148
1052,0.04156295
1053,0.96173691
1054,0.62249203
1055,0.09897450
1056,0.19841358
1057,0.26778226
1058,0.00675750
1059,0.95071433
1060,0.24839900
1061,0.04448419
1062,0.00641002
1063,0.20334992
1064,0.95340603
1065,0.06316120
1066,0.01493272
1067,0.22329081
1068,0.15345332
1069,0.98212317
1070,0.31057415
1071,0.42984957
1072,0.03184564
1073,0.91384932
1074,0.00897435
1075,0.01682266
1076,0.00924619
1077,0.02225203
1078,0.02888237
1079,0.87471767
1080,0.00922051
1081,0.03943374
1082,0.88474596
1083,0.06614223
1084,0.89135557
1085,0.45990840
1086,0.80218365
1087,0.31190534
1088,0.00411433
1089,0.92617299
1090,0.03504572
1091,0.97170557
1092,0.04562033
1093,0.06677278
1094,0.99776953
1095,0.86505392
1096,0.04989846
1097,0.70225253
1098,0.02668394
1099,0.38340662
1100,0.13631452
1101,0.03031247
1102,0.12890410
1103,0.16594862
1104,0.06151786
1105,0.14909819
1106,0.16871773
1107,0.06895543
1108,0.02244086
1109,0.39471608
1110,0.87200863
1111,0.01436894
1112,0.04057824
1113,0.39281921
1114,0.49087690
1115,0.25976684
1116,0.09425944
1117,0.83758656
1118,0.13444436
1119,0.01256303
1120,0.03644702
1121,0.05488721
1122,0.03363651
1123,0.56324158
1124,0.03164902
1125,0.14808561
1126,0.95146308
1127,0.35630546
1128,0.01259585
1129,0.05580409
1130,0.00802137
1131,0.01932333
1132,0.01252506
1133,0.00498964
1134,0.99619267
1135,0.02107797
1136,0.02178993
1137,0.00398247
1138,0.94165663
1139,0.10864909
1140,0.52598606
1141,0.98104876
1142,0.01222861
1143,0.11954590
1144,0.71741031
1145,0.92769140
1146,0.99758480
1147,0.08786020
1148,0.00391397
1149,0.39137284
1150,0.90175942
1151,0.00348285
1152,0.12467721
1153,0.98553793
1154,0.13246265
1155,0.02133788
1156,0.17376562
1157,0.33077810
1158,0.72570343
1159,0.86428957
1160,0.01822818
1161,0.02150748
1162,0.30659812
1163,0.00877406
1164,0.36934491
1165,0.02276774
1166,0.42372987
1167,0.94280370
1168,0.96662602
1169,0.81528599
1170,0.00763208
1171,0.02026624
1172,0.95250609
1173,0.04968940
1174,0.03215944
1175,0.23207175
1176,0.04468658
1177,0.01188260
1178,0.01457789
1179,0.00966024
1180,0.96081964
1181,0.07504118
1182,0.02148249
1183,0.06842587
1184,0.59516173
1185,0.05783359
1186,0.87608719
1187,0.00978905
1188,0.00680183
1189,0.16211239
1190,0.06589989
1191,0.11191140
1192,0.92659158
1193,0.07464142
1194,0.04241708
1195,0.00827718
1196,0.34334046
1197,0.90383406
1198,0.11645321
1199,0.96447653
1200,0.48139273
1201,0.17947041
1202,0.21782238
1203,0.04382116
1204,0.53937627
1205,0.03348482
1206,0.59909500
1207,0.02017929
1208,0.15782747
1209,0.04513315
1210,0.95379283
1211,0.41032324
1212,0.01580676
1213,0.00982652
1214,0.03216641
1215,0.04037262
1216,0.01417566
1217,0.51972678
1218,0.04978437
1219,0.01554813
1220,0.73744257
1221,0.08405482
1222,0.50375658
1223,0.06258121
1224,0.17067017
1225,0.75055568
1226,0.10198480
1227,0.97130731
1228,0.09891065
1229,0.74872323
1230,0.00899688
1231,0.95247167
1232,0.68714697
1233,0.02388696
1234,0.04470115
1235,0.81365065
1236,0.41727106
1237,0.18217462
1238,0.10390411
1239,0.55303002
1240,0.62032952
1241,0.02507768
1242,0.01294041
1243,0.28495223
1244,0.39803474
1245,0.04407671
1246,0.00423335
1247,0.02923043
1248,0.10609287
1249,0.98880547
1250,0.28449897
1251,0.01528080
1252,0.89508606
1253,0.96675892
1254,0.99570467
1255,0.77487000
1256,0.08412967
1257,0.96806387
1258,0.00922238
1259,0.99707430
1260,0.44415750
1261,0.07328814
1262,0.00392483
1263,0.00872855
1264,0.09365068
1265,0.97082385
1266,0.02320152
1267,0.96546626
1268,0.13693508
1269,0.03269197
1270,0.36240313
1271,0.02096869
1272,0.08876670
1273,0.30545003
1274,0.92947978
1275,0.23660544
1276,0.03310004
1277,0.31050991
1278,0.30105049
1279,0.01224551
1280,0.94689597
1281,0.02982534
1282,0.93219033
1283,0.03308885
1284,0.11300333
1285,0.45126161
1286,0.18753535
1287,0.33072384
1288,0.24645858
1289,0.00532017
1290,0.39372220
1291,0.17686185
1292,0.14218837
1293,0.03615354
1294,0.16557716
1295,0.49530880
1296,0.82482126
1297,0.05566564
1298,0.02448111
1299,0.01114227
1300,0.29017771
1301,0.04485672
1302,0.08196320
1303,0.95698183
1304,0.05397105
1305,0.99343923
1306,0.17799589
1307,0.00977426
1308,0.00448363
1309,0.98245196
1310,0.08762244
1311,0.05662222
1312,0.53458523
1313,0.00607888
1314,0.91497776
1315,0.04088995
1316,0.07582048
1317,0.55300309
1318,0.30306264
1319,0.30580213
1320,0.22297679
1321,0.90417294
1322,0.02044982
1323,0.03375319
1324,0.05850501
1325,0.01749138
1326,0.94494269
1327,0.82498645
1328,0.01965587
1329,0.23350626
1330,0.91261622
1331,0.29059669
1332,0.03442865
1333,0.01958591
1334,0.87670049
1335,0.42753423
1336,0.01377333
1337,0.01160549
1338,0.02416573
1339,0.06678314
1340,0.48325356
1341,0.93057913
1342,0.95408708
1343,0.23873358
1344,0.30657410
1345,0.04815806
1346,0.99664459
1347,0.89262516
1348,0.07605512
1349,0.01542425
1350,0.12380648
1351,0.07142829
1352,0.28809862
1353,0.01887096
1354,0.13069768
1355,0.98103379
1356,0.02833906
1357,0.51249694
1358,0.23353421
1359,0.05794985
1360,0.94567418
1361,0.16446437
1362,0.89813753
1363,0.92684290
1364,0.03434833
1365,0.97339521
1366,0.05182960
1367,0.96169966
1368,0.86984568
1369,0.27403829
1370,0.29810083
1371,0.23519892
1372,0.02486229
1373,0.20955237
1374,0.02392909
1375,0.94673861
1376,0.09085205
1377,0.99787789
1378,0.03167731
1379,0.02280787
1380,0.91607359
1381,0.82377391
1382,0.00451013
1383,0.98357671
1384,0.01801170
1385,0.53497118
1386,0.79167574
1387,0.96802226
1388,0.83889036
1389,0.99492287
1390,0.01127560
1391,0.98247629
1392,0.42398222
1393,0.59021236
1394,0.00529344
1395,0.66789116
1396,0.07258174
1397,0.02093288
1398,0.01868804
1399,0.98340601
1400,0.02839361
1401,0.01181522
1402,0.00986042
1403,0.31006981
1404,0.01387382
1405,0.10109333
1406,0.02737461
1407,0.19724468
1408,0.01882743
1409,0.00371274
1410,0.01078738
1411,0.09222898
1412,0.60895772
1413,0.94986227
1414,0.03290407
1415,0.18865662
1416,0.96823753
1417,0.05140990
1418,0.15867677
1419,0.55129908
1420,0.24042679
1421,0.97443986
1422,0.04107854
1423,0.01264637
1424,0.00893762
1425,0.01810327
1426,0.03720706
1427,0.01164787
1428,0.03717562
1429,0.01828138
1430,0.11860154
1431,0.74023472
1432,0.08393828
1433,0.76669613
1434,0.65834233
1435,0.01368823
1436,0.00414416
1437,0.87696688
1438,0.01772237
1439,0.97815652
1440,0.01300807
1441,0.05306478
1442,0.45093531
1443,0.01172597
1444,0.09610433
1445,0.80107455
1446,0.85070188
1447,0.08207623
1448,0.09228357
1449,0.91310191
1450,0.26058026
1451,0.00641441
1452,0.31166844
1453,0.96415283
1454,0.97569607
1455,0.07756117
1456,0.05374842
1457,0.05276406
1458,0.96746432
1459,0.97047394
1460,0.01826420
1461,0.04186653
1462,0.06183946
1463,0.93080199
1464,0.28253433
1465,0.02701918
1466,0.72648346
1467,0.43097410
1468,0.96075954
1469,0.97901322
1470,0.98054124
1471,0.26347132
1472,0.31306746
1473,0.95047520
1474,0.37581928
1475,0.21093306
1476,0.97530040
1477,0.83344944
1478,0.19918933
1479,0.03614023
1480,0.25609718
1481,0.01726583
1482,0.94760922
1483,0.04500839
1484,0.05229471
1485,0.04884965
1486,0.13078736
1487,0.33895554
1488,0.25223441
1489,0.02801464
1490,0.72435191
1491,0.00670301
1492,0.97133660
1493,0.99390011
1494,0.99393309
1495,0.09029195
1496,0.69394437
1497,0.02258318
1498,0.78116271
1499,0.82146517
1500,0.06179858
1501,0.08315984
1502,0.11194016
1503,0.06225369
1504,0.07588328
1505,0.26814769
1506,0.17106268
1507,0.68745251
1508,0.04687496
1509,0.00778218
1510,0.19738023
1511,0.58814815
1512,0.03588496
1513,0.51410161
1514,0.85545271
1515,0.02759591
1516,0.10236242
1517,0.00502536
1518,0.36461074
1519,0.09273742
1520,0.01457200
1521,0.01191360
1522,0.10911596
1523,0.02492166
1524,0.87341397
1525,0.01181227
1526,0.00757786
1527,0.68232445
1528,0.03041616
1529,0.88293006
1530,0.03049080
1531,0.29002563
1532,0.94497283
1533,0.11325265
1534,0.07779410
1535,0.00892948
1536,0.07156354
1537,0.47663309
1538,0.15381718
1539,0.62316474
1540,0.93658962
1541,0.87472663
1542,0.07776980
1543,0.00611572
1544,0.04859821
1545,0.09299912
1546,0.77977425
1547,0.75777313
1548,0.04315125
1549,0.89751100
1550,0.60408327
1551,0.10847886
1552,0.00372856
1553,0.87216896
1554,0.02076594
1555,0.00624746
1556,0.00629474
1557,0.09191505
1558,0.01114896
1559,0.18532967
1560,0.03212424
1561,0.05149515
1562,0.22175980
1563,0.42416798
1564,0.13688995
1565,0.03308788
1566,0.00783992
1567,0.16617682
1568,0.69085720
1569,0.25712918
1570,0.04796804
1571,0.43827394
1572,0.20193347
1573,0.43124881
1574,0.31856823
1575,0.04776570
1576,0.78656681
1577,0.13563806
1578,0.00899318
1579,0.65139069
1580,0.97986133
1581,0.97241463
1582,0.10788983
1583,0.01913113
1584,0.10184010
1585,0.97239454
1586,0.02176728
1587,0.01087018
1588,0.93333023
1589,0.93961421
1590,0.05238106
1591,0.03168970
1592,0.03455207
1593,0.10352562
1594,0.00676747
1595,0.34998417
1596,0.15053352
1597,0.75429385
1598,0.37840781
1599,0.08749174
1600,0.05364242
1601,0.20018609
1602,0.26455033
1603,0.92148681
1604,0.83075229
1605,0.97858964
1606,0.01338453
1607,0.03236812
1608,0.03903320
1609,0.77614990
1610,0.71159383
1611,0.83532177
1612,0.10322497
1613,0.07807604
1614,0.05707016
1615,0.95544795
1616,0.14177649
1617,0.00651846
1618,0.03114919
1619,0.04758582
1620,0.06153906
1621,0.86100965
1622,0.07126557
1623,0.07996703
1624,0.95916008
1625,0.00641587
1626,0.01963786
1627,0.26082021
1628,0.98119145
1629,0.02141490
1630,0.04455647
1631,0.01710532
1632,0.06434026
1633,0.87869803
1634,0.60628209
1635,0.02119870
1636,0.09670746
1637,0.26692039
1638,0.99542614
1639,0.10531508
1640,0.17261724
1641,0.04682159
1642,0.03851394
1643,0.03960438
1644,0.07389248
1645,0.00819733
1646,0.06562410
1647,0.22473574
1648,0.01127659
1649,0.00795872
1650,0.17378595
1651,0.09882061
1652,0.10929886
1653,0.03155749
1654,0.10569629
1655,0.18786234
1656,0.55467824
1657,0.15421007
1658,0.20256540
1659,0.15433095
1660,0.01481331
1661,0.57426027
1662,0.22182621
1663,0.24370988
1664,0.00582471
1665,0.78890593
1666,0.31955633
1667,0.95260030
1668,0.04166169
1669,0.01944905
1670,0.01709560
1671,0.10915404
1672,0.10746116
1673,0.00611666
1674,0.97707778
1675,0.01552389
1676,0.00493453
1677,0.43482483
1678,0.14711770
1679,0.02966695
1680,0.10839919
1681,0.17399390
1682,0.00406344
1683,0.03020588
1684,0.00916733
1685,0.07134365
1686,0.06380722
1687,0.18665334
1688,0.05658104
1689,0.99503759
1690,0.23392508
1691,0.94208434
1692,0.98136238
1693,0.98001871
1694,0.57239085
1695,0.93798536
1696,0.95894422
1697,0.04946330
1698,0.19936405
1699,0.51394184
1700,0.38653913
1701,0.01314721
1702,0.02850223
1703,0.99734781
1704,0.00816199
1705,0.55900136
1706,0.03585892
1707,0.24845170
1708,0.01758563
1709,0.95361756
1710,0.00474024
1711,0.07351370
1712,0.04233964
1713,0.19422531
1714,0.17684238
1715,0.00676137
1716,0.01215814
1717,0.19818071
1718,0.07122606
1719,0.12739049
1720,0.00482406
1721,0.04608474
1722,0.04792310
1723,0.91300573
1724,0.00505571
1725,0.05049309
1726,0.01779302
1727,0.41186799
1728,0.30356845
1729,0.02266453
1730,0.98029375
1731,0.45032146
1732,0.01148847
1733,0.98097597
1734,0.96118560
1735,0.09573648
1736,0.07349007
1737,0.99755712
1738,0.16394093
1739,0.85257079
1740,0.01494461
1741,0.97294464
1742,0.01905957
1743,0.04743083
1744,0.01463325
1745,0.10995659
1746,0.05614578
1747,0.00608314
1748,0.03933851
1749,0.97626823
1750,0.05327175
1751,0.00488349
1752,0.89161894
1753,0.27151936
1754,0.26245883
1755,0.92755601
1756,0.70042782
1757,0.02400651
1758,0.14165347
1759,0.01690216
1760,0.64172727
1761,0.01583683
1762,0.90607387
1763,0.20109490
1764,0.07878873
1765,0.07519904
1766,0.03369285
1767,0.87491073
1768,0.98398895
1769,0.00451095
1770,0.04842162
1771,0.84055918
1772,0.94141428
1773,0.99678743
1774,0.72091168
1775,0.87984126
1776,0.73986098
1777,0.00350871
1778,0.07637744
1779,0.39957882
1780,0.00567856
1781,0.97221627
1782,0.02150076
1783,0.76393683
1784,0.20704421
1785,0.01317673
1786,0.66173573
1787,0.62242647
1788,0.01565763
1789,0.02235906
1790,0.03068977
1791,0.01115722
1792,0.18324188
1793,0.09885324
1794,0.00607018
1795,0.04755041
1796,0.20923336
1797,0.21507430
1798,0.06116059
1799,0.02272856
1800,0.03294738
1801,0.03357973
1802,0.11785520
1803,0.63181010
1804,0.00357371
1805,0.06629316
1806,0.69253123
1807,0.01223589
1808,0.09815957
1809,0.08380171
1810,0.01600970
1811,0.03115828
1812,0.20382368
1813,0.07405310
1814,0.41158519
1815,0.09105296
1816,0.07687731
1817,0.33265693
1818,0.03450862
1819,0.11987820
1820,0.97768704
1821,0.01065077
1822,0.24739323
1823,0.22652946
1824,0.03600984
1825,0.96943635
1826,0.02881365
1827,0.97332836
1828,0.01119265
1829,0.12570741
1830,0.37757309
1831,0.07149491
1832,0.09384224
1833,0.97527404
1834,0.09563126
1835,0.01938795
1836,0.03001419
1837,0.03244116
1838,0.01728915
1839,0.02563952
1840,0.07242773
1841,0.97033018
1842,0.08650222
1843,0.18516622
1844,0.01112473
1845,0.97036178
1846,0.05878435
1847,0.02283015
1848,0.87169318
1849,0.36699299
1850,0.11772306
1851,0.04503692
1852,0.06042688
1853,0.08188041
1854,0.06519133
1855,0.02045470
1856,0.92396125
1857,0.01625835
1858,0.03504141
1859,0.19069933
1860,0.10618559
1861,0.00850217
1862,0.19188924
1863,0.00532111
1864,0.82615157
1865,0.02110085
1866,0.06563929
1867,0.05803057
1868,0.48085967
1869,0.97726108
1870,0.02152615
1871,0.36241974
1872,0.09474551
1873,0.01474774
1874,0.62601068
1875,0.29225494
1876,0.04787833
1877,0.01521413
1878,0.01435969
1879,0.09901769
1880,0.08024621
1881,0.12127727
1882,0.00652888
1883,0.98834661
1884,0.96775283
1885,0.00935738
1886,0.36945144
1887,0.39045198
1888,0.09861150
1889,0.00435489
1890,0.01087224
1891,0.43237781
1892,0.79467243
1893,0.85517769
1894,0.07051422
1895,0.01681148
1896,0.84554869
1897,0.00338776
1898,0.89063169
1899,0.03709884
1900,0.09827708
1901,0.16755244
1902,0.06466231
1903,0.02578475
1904,0.09162080
1905,0.02531566
1906,0.99779340
1907,0.05158661
1908,0.00621322
1909,0.23118749
1910,0.95139528
1911,0.09050375
1912,0.05000012
1913,0.56707890
1914,0.07912593
1915,0.97378803
1916,0.09973539
1917,0.97221042
1918,0.43527800
1919,0.26741265
1920,0.16318388
1921,0.95671468
1922,0.21821022
1923,0.00561283
1924,0.88470052
1925,0.16508614
1926,0.94675831
1927,0.96390894
1928,0.44195441
1929,0.21524121
1930,0.94169058
1931,0.01966774
1932,0.03610609
1933,0.25968320
1934,0.17572847
1935,0.97770230
1936,0.27524232
1937,0.02846657
1938,0.06601914
1939,0.03607441
1940,0.42735032
1941,0.01156492
1942,0.95098952
1943,0.34830180
1944,0.01066686
1945,0.00331627
1946,0.35805517
1947,0.10595037
1948,0.31414145
1949,0.01275381
1950,0.38119099
1951,0.92069042
1952,0.94998562
1953,0.16646067
1954,0.04388325
1955,0.02249531
1956,0.04166192
1957,0.67496397
1958,0.26898918
1959,0.08374534
1960,0.06338323
1961,0.21195612
1962,0.27746234
1963,0.13897951
1964,0.09024123
1965,0.06394369
1966,0.97078001
1967,0.01795628
1968,0.02930485
1969,0.17345620
1970,0.18528746
1971,0.97434245
1972,0.81836787
1973,0.03604379
1974,0.92138100
1975,0.67960153
1976,0.01537069
1977,0.99250565
1978,0.03406123
1979,0.99535263
1980,0.96762472
1981,0.54686416
1982,0.15594699
1983,0.03595214
1984,0.38328483
1985,0.03690479
1986,0.21097805
1987,0.58084672
1988,0.00508330
1989,0.05021698
1990,0.30785666
1991,0.96758349
1992,0.07692506
1993,0.00987719
1994,0.69350166
1995,0.42906282
1996,0.24603584
1997,0.56621693
1998,0.60106647
1999,0.86279351
2000,0.26555587
2001,0.02638729
2002,0.04544715
2003,0.96693608
2004,0.02665381
2005,0.04584443
2006,0.94719989
2007,0.06667173
2008,0.20472919
2009,0.09132586
2010,0.94855978
2011,0.91676048
2012,0.56596219
2013,0.85568037
2014,0.98382871
2015,0.01114118
2016,0.57224942
2017,0.85928830
2018,0.00516882
2019,0.08729288
2020,0.00685421
2021,0.89918280
2022,0.23239136
2023,0.32965110
2024,0.97571009
2025,0.92635079
2026,0.77529027
2027,0.00941791
2028,0.09295504
2029,0.00483883
2030,0.98286289
2031,0.19622555
2032,0.98337337
2033,0.48212491
2034,0.94262710
2035,0.98436251
2036,0.04252494
2037,0.01350298
2038,0.03344304
2039,0.97943367
2040,0.00666291
2041,0.70340810
2042,0.21699638
2043,0.96754805
2044,0.71946979
2045,0.00392961
2046,0.01362399
2047,0.21853264
2048,0.09044661
2049,0.94918292
2050,0.95129901
2051,0.84237603
2052,0.01941686
2053,0.23985335
2054,0.67401160
2055,0.00783610
2056,0.02227417
2057,0.78678733
2058,0.00750499
2059,0.01251290
2060,0.03374491
2061,0.29892799
2062,0.16011341
2063,0.07894782
2064,0.82578304
2065,0.67217014
2066,0.29398946
2067,0.97169623
2068,0.60990686
2069,0.34120831
2070,0.15943297
2071,0.44772792
2072,0.28723232
2073,0.00614384
2074,0.08499644
2075,0.45397600
2076,0.00896214
2077,0.11285513
2078,0.00929263
2079,0.04656519
2080,0.01108038
2081,0.76461898
2082,0.28767715
2083,0.03374232
2084,0.52339889
2085,0.07467435
2086,0.01891617
2087,0.03440257
2088,0.95983589
2089,0.05088961
2090,0.77164549
2091,0.10411045
2092,0.03016118
2093,0.01794636
2094,0.48332965
2095,0.99664604
2096,0.19892929
2097,0.00757470
2098,0.72990668
2099,0.50861354
2100,0.98369475
2101,0.02225855
2102,0.74239754
2103,0.22572653
2104,0.02943136
2105,0.00546264
2106,0.03236379
2107,0.70226009
2108,0.02256383
2109,0.01380928
2110,0.01140954
2111,0.56605017
2112,0.06635017
2113,0.28165577
2114,0.37427346
2115,0.13948177
2116,0.92049834
2117,0.90466007
2118,0.01657774
2119,0.93074132
2120,0.20173583
2121,0.03483780
2122,0.16269178
2123,0.94103827
2124,0.02012955
2125,0.85017121
2126,0.04252159
2127,0.06499153
2128,0.05354242
2129,0.13055922
2130,0.03113912
2131,0.11039916
2132,0.96224900
2133,0.04787379
2134,0.02110318
2135,0.16332004
2136,0.00737657
2137,0.99310581
2138,0.00763829
2139,0.07691416
2140,0.01345428
2141,0.23633482
2142,0.15873723
2143,0.86143436
2144,0.82509624
2145,0.92283008
2146,0.24545538
2147,0.99368723
2148,0.01963178
2149,0.95396029
2150,0.41338168
2151,0.92538029
2152,0.73425871
2153,0.17689527
2154,0.04666208
2155,0.14377883
2156,0.97800942
2157,0.01452359
2158,0.63322826
2159,0.85165287
2160,0.86841251
2161,0.01067401
2162,0.06811860
2163,0.02991108
2164,0.07552020
2165,0.22502241
2166,0.17941672
2167,0.43053140
2168,0.07181259
2169,0.04819153
2170,0.94352501
2171,0.01406422
2172,0.48714813
2173,0.96864618
2174,0.31631173
2175,0.01472727
2176,0.07437731
2177,0.02308537
2178,0.05021609
2179,0.04874487
2180,0.86638779
2181,0.01828512
2182,0.00557077
2183,0.46886205
2184,0.06719517
2185,0.12997489
2186,0.34762829
2187,0.03446850
2188,0.07852076
2189,0.53193274
2190,0.00321001
2191,0.96148685
2192,0.96162664
2193,0.11563452
2194,0.03962963
2195,0.05958002
2196,0.06982696
2197,0.95222924
2198,0.94483498
2199,0.04579709
2200,0.01534707
2201,0.13093870
2202,0.00753166
2203,0.94304416
2204,0.90535247
2205,0.62380385
2206,0.22801641
2207,0.16920138
2208,0.93424191
2209,0.27905782
2210,0.11595036
2211,0.06117140
2212,0.56310106
2213,0.01323666
2214,0.02011526
2215,0.01198428
2216,0.44903046
2217,0.28667321
2218,0.03281753
2219,0.00539570
2220,0.00982570
2221,0.02844767
2222,0.00468847
2223,0.95607901
2224,0.27178344
2225,0.01626216
2226,0.20984108
2227,0.67984778
2228,0.33163323
2229,0.00604650
2230,0.63524740
2231,0.04816681
2232,0.48556658
2233,0.00817471
2234,0.97558836
2235,0.06852587
2236,0.24083253
2237,0.03064880
2238,0.16550458
2239,0.75423275
2240,0.31598873
2241,0.01453050
2242,0.00933367
2243,0.22570936
2244,0.00389887
2245,0.01135929
2246,0.06800503
2247,0.03011112
2248,0.06129029
2249,0.63982959
2250,0.04839738
2251,0.50718426
2252,0.71494436
2253,0.96998962
2254,0.01239548
2255,0.03112575
2256,0.14078718
2257,0.00639654
2258,0.01359805
2259,0.02125435
2260,0.35508265
2261,0.43424860
2262,0.82535125
2263,0.38634553
2264,0.03154895
2265,0.00548136
2266,0.48074305
2267,0.94167210
2268,0.13610007
2269,0.27135150
2270,0.09883074
2271,0.22151956
2272,0.11692437
2273,0.98737738
2274,0.91442686
2275,0.00334470
2276,0.03722962
2277,0.96517708
2278,0.63007740
2279,0.04191174
2280,0.05307457
2281,0.25646385
2282,0.08304737
2283,0.17200002
2284,0.59304595
2285,0.04686264
2286,0.97954074
2287,0.06749200
2288,0.00890497
2289,0.00690692
2290,0.00730351
2291,0.94148141
2292,0.23069463
2293,0.03010887
2294,0.02911747
2295,0.95539945
2296,0.86745628
2297,0.30930720
2298,0.01726084
2299,0.04222206
2300,0.04643973
2301,0.04925081
2302,0.07385911
2303,0.25271458
2304,0.82744592
2305,0.05145361
2306,0.05918807
2307,0.26682169
2308,0.15891124
2309,0.00545856
2310,0.01129147
2311,0.00823876
2312,0.00442880
2313,0.00931596
2314,0.97040508
2315,0.07729254
2316,0.06658018
2317,0.77879599
2318,0.13591504
2319,0.00354198
2320,0.12357679
2321,0.99784944
2322,0.55947619
2323,0.13571549
2324,0.93626890
2325,0.10308486
2326,0.50206596
2327,0.00721913
2328,0.97498368
2329,0.15477944
2330,0.04911068
2331,0.00674145
2332,0.07807008
2333,0.98699009
2334,0.00290848
2335,0.11103081
2336,0.03396121
2337,0.96980670
2338,0.07890256
2339,0.97545507
2340,0.03581926
2341,0.01053498
2342,0.29053645
2343,0.97992756
2344,0.07588768
2345,0.02251283
2346,0.04905280
2347,0.43829476
2348,0.00675893
2349,0.36120054
2350,0.11525976
2351,0.88870451
2352,0.58119859
2353,0.96875923
2354,0.01625403
2355,0.09883281
2356,0.25308973
2357,0.96101241
2358,0.01801301
2359,0.01844380
2360,0.18131427
2361,0.13143171
2362,0.01078504
2363,0.06816729
2364,0.02867134
2365,0.64619427
2366,0.63285072
2367,0.06950567
2368,0.02475105
2369,0.00884827
2370,0.09733715
2371,0.98870423
2372,0.34631934
2373,0.02178000
2374,0.00808938
2375,0.93050643
2376,0.03378652
2377,0.19226976
2378,0.96555322
2379,0.01551836
2380,0.01830829
2381,0.01639211
2382,0.85258020
2383,0.63889343
2384,0.96090053
2385,0.30900981
2386,0.06619154
2387,0.19557032
2388,0.98483743
2389,0.00638420
2390,0.16436732
2391,0.22570876
2392,0.02435301
2393,0.11458916
2394,0.83767636
2395,0.08035490
2396,0.04295855
2397,0.55430812
2398,0.02694611
2399,0.41208941
2400,0.01825427
2401,0.03415553
2402,0.07877661
2403,0.15928854
2404,0.97184739
2405,0.07226861
2406,0.08221866
2407,0.40927517
2408,0.27625158
2409,0.06571514
2410,0.04513481
2411,0.02320345
2412,0.00504358
2413,0.96521774
2414,0.01142921
2415,0.98341549
2416,0.61638353
2417,0.87581575
2418,0.03310034
2419,0.02194288
2420,0.96545167
2421,0.19523365
2422,0.00701972
2423,0.04552547
2424,0.04012234
2425,0.65158710
2426,0.89285266
2427,0.99743960
2428,0.01232303
2429,0.95045061
2430,0.69569112
2431,0.70207774
2432,0.94799699
2433,0.07713895
2434,0.09979993
2435,0.12796821
2436,0.27725055
2437,0.97259959
2438,0.15039087
2439,0.19421174
2440,0.31509250
2441,0.99443944
2442,0.13825470
2443,0.07335513
2444,0.90863154
2445,0.25490328
2446,0.38557188
2447,0.04545592
2448,0.00886551
2449,0.85195060
2450,0.19146118
2451,0.01896379
2452,0.45148989
2453,0.64661217
2454,0.02624976
2455,0.33022504
2456,0.00504240
2457,0.97688828
2458,0.29273643
2459,0.86557272
2460,0.06279149
2461,0.01745999
2462,0.01502032
2463,0.86869539
2464,0.00856969
2465,0.05318999
2466,0.04674446
2467,0.02387366
2468,0.94261557
2469,0.69572432
2470,0.99403818
2471,0.01174680
2472,0.11572609
2473,0.02242293
2474,0.00510248
2475,0.00333375
2476,0.84802825
2477,0.04699319
2478,0.01987688
2479,0.20502491
2480,0.97144216
2481,0.06183505
2482,0.23100873
2483,0.57186699
2484,0.01632166
2485,0.81729126
2486,0.07236563
2487,0.96992827
2488,0.69811892
2489,0.03993488
2490,0.24931169
2491,0.01140348
2492,0.42143272
2493,0.24470535
2494,0.02162938
2495,0.64999478
2496,0.05752580
2497,0.19088539
2498,0.15040375
2499,0.99775219
2500,0.01994150
2501,0.04745241
2502,0.05118810
2503,0.19188240
2504,0.99563386
2505,0.07943594
2506,0.05417049
2507,0.51205385
2508,0.11222892
2509,0.04956094
2510,0.05440505
2511,0.10174957
2512,0.05482927
2513,0.09840709
2514,0.09333689
2515,0.10901593
2516,0.04785596
2517,0.84773512
2518,0.16000383
2519,0.11889775
2520,0.03011932
2521,0.18476648
2522,0.21555341
2523,0.07212928
2524,0.01544557
2525,0.03094797
2526,0.10329743
2527,0.49759418
2528,0.25598993
2529,0.10062484
2530,0.62626211
2531,0.02372968
2532,0.93386185
2533,0.19632247
2534,0.02810938
2535,0.97611769
2536,0.06431459
2537,0.02250897
2538,0.03148231
2539,0.66193798
2540,0.04472957
2541,0.22902338
2542,0.15146444
2543,0.18189743
2544,0.97742903
2545,0.00572067
2546,0.39523223
2547,0.01472537
2548,0.56373228
2549,0.00648538
2550,0.78520194
2551,0.35250825
2552,0.02064722
2553,0.01289468
2554,0.00601370
2555,0.81508321
2556,0.97309118
2557,0.27904992
2558,0.02907746
2559,0.19772720
2560,0.12322600
2561,0.01148380
2562,0.62527104
2563,0.21068411
2564,0.89756677
2565,0.72941454
2566,0.08245668
2567,0.97762137
2568,0.15179183
2569,0.00602713
2570,0.02090573
2571,0.35538329
2572,0.04600209
2573,0.07430610
2574,0.01482050
2575,0.96302986
2576,0.99701552
2577,0.12030100
2578,0.03774671
2579,0.39454134
2580,0.09545757
2581,0.93146821
2582,0.03230607
2583,0.09848608
2584,0.17301187
2585,0.08362540
2586,0.00878986
2587,0.17840572
2588,0.75899313
2589,0.00987624
2590,0.01440013
2591,0.05948740
2592,0.15979123
2593,0.14197985
2594,0.09943592
2595,0.04161467
2596,0.04595049
2597,0.94725548
2598,0.95865296
2599,0.12726135
2600,0.17671619
2601,0.03299730
2602,0.07388026
2603,0.96459201
2604,0.91844437
2605,0.03775712
2606,0.18360438
2607,0.35927365
2608,0.99371770
2609,0.04301030
2610,0.97289126
2611,0.86493887
2612,0.00839036
2613,0.50341396
2614,0.00733288
2615,0.01026185
2616,0.01825569
2617,0.02685285
2618,0.00938358
2619,0.98043996
2620,0.03243857
2621,0.98745525
2622,0.18227423
2623,0.03384477
2624,0.08986347
2625,0.05460184
2626,0.86904142
2627,0.00441761
2628,0.30185134
2629,0.96693476
2630,0.25880182
2631,0.78057281
2632,0.96935648
2633,0.23688805
2634,0.97171082
2635,0.51990860
2636,0.99672016
2637,0.24344240
2638,0.01388957
2639,0.02810588
2640,0.01428616
2641,0.02049172
2642,0.29354792
2643,0.99471059
2644,0.91734854
2645,0.00467914
2646,0.00280754
2647,0.53989870
2648,0.01001082
2649,0.90346296
2650,0.13403896
2651,0.03694206
2652,0.63329495
2653,0.57453993
2654,0.01781981
2655,0.02954802
2656,0.09873065
2657,0.81551932
2658,0.56473342
2659,0.36302470
2660,0.96690659
2661,0.00995868
2662,0.00434280
2663,0.01356447
2664,0.01532268
2665,0.96036677
2666,0.98094944
2667,0.08244629
2668,0.36749854
2669,0.40139669
2670,0.71458954
2671,0.43566824
2672,0.05072525
2673,0.07132946
2674,0.05685623
2675,0.04442889
2676,0.96983851
2677,0.99579364
2678,0.09594898
2679,0.05083597
2680,0.97399898
2681,0.01543567
2682,0.00437870
2683,0.71486109
2684,0.00532723
2685,0.33838071
2686,0.93418655
2687,0.01336304
2688,0.85015537
2689,0.09521170
2690,0.01495972
2691,0.03968071
2692,0.00936277
2693,0.17557869
2694,0.12269322
2695,0.11088212
2696,0.06568520
2697,0.99047473
2698,0.35046208
2699,0.06354912
2700,0.20630507
2701,0.93388601
2702,0.93969812
2703,0.97192454
2704,0.89229407
2705,0.22313493
2706,0.03852324
2707,0.99750842
2708,0.00683949
2709,0.92104023
2710,0.36468473
2711,0.01797014
2712,0.04676199
2713,0.04112142
2714,0.91199462
2715,0.08297939
2716,0.00496085
2717,0.94921277
2718,0.16997413
2719,0.11048777
2720,0.53139347
2721,0.04914410
2722,0.96813478
2723,0.01267500
2724,0.24544122
2725,0.01358348
2726,0.84355012
2727,0.94712890
2728,0.02160192
2729,0.37435802
2730,0.34524458
2731,0.02961588
2732,0.24663900
2733,0.00903903
2734,0.01455010
2735,0.01768676
2736,0.29051747
2737,0.01636799
2738,0.69289978
2739,0.14342526
2740,0.80101792
2741,0.99675848
2742,0.99641005
2743,0.09264179
2744,0.25549223
2745,0.91502463
2746,0.91324440
2747,0.56407411
2748,0.05106601
2749,0.08391845
2750,0.01658973
2751,0.06622411
2752,0.12086944
2753,0.08187657
2754,0.06753110
2755,0.81976450
2756,0.22768217
2757,0.05869538
2758,0.10322127
2759,0.06314943
2760,0.19748095
2761,0.76819280
2762,0.96787348
2763,0.34444435
2764,0.01878939
2765,0.12348598
2766,0.05781604
2767,0.57785636
2768,0.00731793
2769,0.98647239
2770,0.02933842
2771,0.05452868
2772,0.10653636
2773,0.94365317
2774,0.11812856
2775,0.21000997
2776,0.51389390
2777,0.03487066
2778,0.08666039
2779,0.02881743
2780,0.38730292
2781,0.74802310
2782,0.00751339
2783,0.00407688
2784,0.05899763
2785,0.02408190
2786,0.00443376
2787,0.00406851
2788,0.06450864
2789,0.03720668
2790,0.01696676
2791,0.01870836
2792,0.89635176
2793,0.94470593
2794,0.48349828
2795,0.16751226
2796,0.00888975
2797,0.02775285
2798,0.64460231
2799,0.91308094
2800,0.05338169
2801,0.93556286
2802,0.03472704
2803,0.95797595
2804,0.03304892
2805,0.04949614
2806,0.02009443
2807,0.05029705
2808,0.03875452
2809,0.09287109
2810,0.01316925
2811,0.00542673
2812,0.97462243
2813,0.01989730
2814,0.00479744
2815,0.80077906
2816,0.05255802
2817,0.04932814
2818,0.59711503
2819,0.97223331
2820,0.93897141
2821,0.03640928
2822,0.09667937
2823,0.30201063
2824,0.41376111
2825,0.04682991
2826,0.97864179
2827,0.04541439
2828,0.01730568
2829,0.89013977
2830,0.02231222
2831,0.03904286
2832,0.10747492
2833,0.87600537
2834,0.95179316
2835,0.01462628
2836,0.02659233
2837,0.06311457
2838,0.04053004
2839,0.05961926
2840,0.01550292
2841,0.98202300
2842,0.98930909
2843,0.93854100
2844,0.02624156
2845,0.01486984
2846,0.23911387
2847,0.01341705
2848,0.03154745
2849,0.03665770
2850,0.06140079
2851,0.86092873
2852,0.01106298
2853,0.92244518
2854,0.00479221
2855,0.50062075
2856,0.01058831
2857,0.13219721
2858,0.01849856
2859,0.07066169
2860,0.01711416
2861,0.16388435
2862,0.43129374
2863,0.02076044
2864,0.55474990
2865,0.92016100
2866,0.00632884
2867,0.08641856
2868,0.00771619
2869,0.08983113
2870,0.01365350
2871,0.01900462
2872,0.27115397
2873,0.13808203
2874,0.02562516
2875,0.05381913
2876,0.02225630
2877,0.06063808
2878,0.24004582
2879,0.11419535
2880,0.88710004
2881,0.50225017
2882,0.28147917
2883,0.00670747
2884,0.63955946
2885,0.93936963
2886,0.99610704
2887,0.86816130
2888,0.14156259
2889,0.04801609
2890,0.47071959
2891,0.97596762
2892,0.00497184
2893,0.44564483
2894,0.30770201
2895,0.93549100
2896,0.05409867
2897,0.00867782
2898,0.60691107
2899,0.07706103
2900,0.06462877
2901,0.06945702
2902,0.13583710
2903,0.00806734
2904,0.03080667
2905,0.55577885
2906,0.15842715
2907,0.00570725
2908,0.14492641
2909,0.01798378
2910,0.55754580
2911,0.09681209
2912,0.72284343
2913,0.02971860
2914,0.97964319
2915,0.14153204
2916,0.31650519
2917,0.15235489
2918,0.69904644
2919,0.07464097
2920,0.04700330
2921,0.21909704
2922,0.08975336
2923,0.01574836
2924,0.78966751
2925,0.84213050
2926,0.66343433
2927,0.09062520
2928,0.78583625
2929,0.96911065
2930,0.08323107
2931,0.99542865
2932,0.97892049
2933,0.12068600
2934,0.01287573
2935,0.23078196
2936,0.00771791
2937,0.02602631
2938,0.71889240
2939,0.96438707
2940,0.52780129
2941,0.00827351
2942,0.89128594
2943,0.02274960
2944,0.42009595
2945,0.05836459
2946,0.06228327
2947,0.03980689
2948,0.09661998
2949,0.01487196
2950,0.03586045
2951,0.00859588
2952,0.53863163
2953,0.97056639
2954,0.08541842
2955,0.03837939
2956,0.97063694
2957,0.37794610
2958,0.04724925
2959,0.22984236
2960,0.03036708
2961,0.00547600
2962,0.74246454
2963,0.16243902
2964,0.85871242
2965,0.89005398
2966,0.05638676
2967,0.27575884
2968,0.01259682
2969,0.30706803
2970,0.01768115
2971,0.10467393
2972,0.01197683
2973,0.24511812
2974,0.89886351
2975,0.20331712
2976,0.06695457
2977,0.96649131
2978,0.00585857
2979,0.03822827
2980,0.00680941
2981,0.02974405
2982,0.63915901
2983,0.84967624
2984,0.13041296
2985,0.14639009
2986,0.02318264
2987,0.04001003
2988,0.03274159
2989,0.06324819
2990,0.02703356
2991,0.84772044
2992,0.96143302
2993,0.21555631
2994,0.23248262
2995,0.03185711
2996,0.07696110
2997,0.19681269
2998,0.10301497
2999,0.60179061
3000,0.10192600
3001,0.00596958
3002,0.96092370
3003,0.00248632
3004,0.36175693
3005,0.89556467
3006,0.11020260
3007,0.24456694
3008,0.40230963
3009,0.11285015
3010,0.00886470
3011,0.03891847
3012,0.95161536
3013,0.16413597
3014,0.00569452
3015,0.00424864
3016,0.00906996
3017,0.89860207
3018,0.02059942
3019,0.63537777
3020,0.06774619
3021,0.28660170
3022,0.97528428
3023,0.00763840
3024,0.08071457
3025,0.19191806
3026,0.91449110
3027,0.11362005
3028,0.13009998
3029,0.17127256
3030,0.01402088
3031,0.02160886
3032,0.06480440
3033,0.64389919
3034,0.21180961
3035,0.49427374
3036,0.41616834
3037,0.14737243
3038,0.35496701
3039,0.01698522
3040,0.04859923
3041,0.09761848
3042,0.90843979
3043,0.02078802
3044,0.18620102
3045,0.74148178
3046,0.03283689
3047,0.02365675
3048,0.97635126
3049,0.81470626
3050,0.99587305
3051,0.94960270
3052,0.01218243
3053,0.90779088
3054,0.11938183
3055,0.04308335
3056,0.58281685
3057,0.00950197
3058,0.99346180
3059,0.00897600
3060,0.93646862
3061,0.99726912
3062,0.14169721
3063,0.31832418
3064,0.05068123
3065,0.00574400
3066,0.56710313
3067,0.15240708
3068,0.53206308
3069,0.04490720
3070,0.00883042
3071,0.00762164
3072,0.02560405
3073,0.26318828
3074,0.57952900
3075,0.14276383
3076,0.00551063
3077,0.97984632
3078,0.98500743
3079,0.07088164
3080,0.00904960
3081,0.07234501
3082,0.86128065
3083,0.02885917
3084,0.39743170
3085,0.53417592
3086,0.04222841
3087,0.04915350
3088,0.05150745
3089,0.08478472
3090,0.02971575
3091,0.06381693
3092,0.00581582
3093,0.88282355
3094,0.00963963
3095,0.12798703
3096,0.09136367
3097,0.02588226
3098,0.99760958
3099,0.01161022
3100,0.02982149
3101,0.00802225
3102,0.00962236
3103,0.02157848
3104,0.19441457
3105,0.43641209
3106,0.07026261
3107,0.86221105
3108,0.02063670
3109,0.00530640
3110,0.00621411
3111,0.07152998
3112,0.00820980
3113,0.05481604
3114,0.00936455
3115,0.88177609
3116,0.05334751
3117,0.00392893
3118,0.35288512
3119,0.45083054
3120,0.00337742
3121,0.01279396
3122,0.01807800
3123,0.98374219
3124,0.02559153
3125,0.30217192
3126,0.01328361
3127,0.92775746
3128,0.00668416
3129,0.03594291
3130,0.63923795
3131,0.89378298
3132,0.02748412
3133,0.07149628
3134,0.01159282
3135,0.00949563
3136,0.13430635
3137,0.02474680
3138,0.02642375
3139,0.97629095
3140,0.09954664
3141,0.00645694
3142,0.94176868
3143,0.63842473
3144,0.97932460
3145,0.03546887
3146,0.06372240
3147,0.08461574
3148,0.20716187
3149,0.96455084
3150,0.00364869
3151,0.31128257
3152,0.00605492
3153,0.01279260
3154,0.03199407
3155,0.02348554
3156,0.02833624
3157,0.17812931
3158,0.00667199
3159,0.04536042
3160,0.59655678
3161,0.02193140
3162,0.96613623
3163,0.01974928
3164,0.19660870
3165,0.01560881
3166,0.06096092
3167,0.02285198
3168,0.01502679
3169,0.96248179
3170,0.03005623
3171,0.19509710
3172,0.08173209
3173,0.01434349
3174,0.93838340
3175,0.78942532
3176,0.00550579
3177,0.38240450
3178,0.20540225
3179,0.00409910
3180,0.08085088
3181,0.04727109
3182,0.11596875
3183,0.62814440
3184,0.00423190
3185,0.42073498
3186,0.09352617
3187,0.97859121
3188,0.01570013
3189,0.03127636
3190,0.99661109
3191,0.69793839
3192,0.01313769
3193,0.06503724
3194,0.03499098
3195,0.88656772
3196,0.86404983
3197,0.00565376
3198,0.00519396
3199,0.33801492
3200,0.98010285
3201,0.05534214
3202,0.00805990
3203,0.07974415
3204,0.35315817
3205,0.93759637
3206,0.78043943
3207,0.02396120
3208,0.09786265
3209,0.95809563
3210,0.00563284
3211,0.96403030
3212,0.06112838
3213,0.83010240
3214,0.03192175
3215,0.07803518
3216,0.96252435
3217,0.93570731
3218,0.90778902
3219,0.92094885
3220,0.73863421
3221,0.11070933
3222,0.24107435
3223,0.87286492
3224,0.01009390
3225,0.00835407
3226,0.16819940
3227,0.99264189
3228,0.97435193
3229,0.79504177
3230,0.03003565
3231,0.04505784
3232,0.34803780
3233,0.20233082
3234,0.18389527
3235,0.03242900
3236,0.34227010
3237,0.92779290
3238,0.01112946
3239,0.46489027
3240,0.03376410
3241,0.02007625
3242,0.50720315
3243,0.09894078
3244,0.09413958
3245,0.87406337
3246,0.22677776
3247,0.22140083
3248,0.08348929
3249,0.02460984
3250,0.56857947
3251,0.01757763
3252,0.03427443
3253,0.00733677
3254,0.35042321
3255,0.01195655
3256,0.00901285
3257,0.00433483
3258,0.83214713
3259,0.02514381
3260,0.53341745
3261,0.17302833
3262,0.02119791
3263,0.28578173
3264,0.01016544
3265,0.10505182
3266,0.11981753
3267,0.88129840
3268,0.98408908
3269,0.05790733
3270,0.11462896
3271,0.92802586
3272,0.28242272
3273,0.07334718
3274,0.00686185
3275,0.16969336
3276,0.32145011
3277,0.22713813
3278,0.97504180
3279,0.64979519
3280,0.07609916
3281,0.00740664
3282,0.16050299
3283,0.00840170
3284,0.95457952
3285,0.00791833
3286,0.68770746
3287,0.35281214
3288,0.77003154
3289,0.00495787
3290,0.20244161
3291,0.02123377
3292,0.08216269
3293,0.62055052
3294,0.76532617
3295,0.88428415
3296,0.02063429
3297,0.78228385
3298,0.73841966
3299,0.97299116
3300,0.00636734
3301,0.03247582
3302,0.62302798
3303,0.01703905
3304,0.32692702
3305,0.99747153
3306,0.99746052
3307,0.68382682
3308,0.48135337
3309,0.03231003
3310,0.97595434
3311,0.45631509
3312,0.38837273
3313,0.06146252
3314,0.35397196
3315,0.13991569
3316,0.92359168
3317,0.97645847
3318,0.68280436
3319,0.98012802
3320,0.00409717
3321,0.01672114
3322,0.01072075
3323,0.04393381
3324,0.84318086
3325,0.10658582
3326,0.00716259
3327,0.13867710
3328,0.02190900
3329,0.93053734
3330,0.98568407
3331,0.14830701
3332,0.91603560
3333,0.65128053
3334,0.18606483
3335,0.96709584
3336,0.96515206
3337,0.83135077
3338,0.30461273
3339,0.02598938
3340,0.96387929
3341,0.94839223
3342,0.47748659
3343,0.02230434
3344,0.53134962
3345,0.33931955
3346,0.90103689
3347,0.80015201
3348,0.55569622
3349,0.01980244
3350,0.07821790
3351,0.36438559
3352,0.71237339
3353,0.02232262
3354,0.01404044
3355,0.36105014
3356,0.01100477
3357,0.39423184
3358,0.00296151
3359,0.02257005
3360,0.00491206
3361,0.00517786
3362,0.08229156
3363,0.05020630
3364,0.11852615
3365,0.02137270
3366,0.90013286
3367,0.08773760
3368,0.15908190
3369,0.01315210
3370,0.73149776
3371,0.15294036
3372,0.02309623
3373,0.00687459
3374,0.57060050
3375,0.06791433
3376,0.01328689
3377,0.70318225
3378,0.96285424
3379,0.05875465
3380,0.15981921
3381,0.01327393
3382,0.10116400
3383,0.28667134
3384,0.94983484
3385,0.93459988
3386,0.02016233
3387,0.02088624
3388,0.23365772
3389,0.13146582
3390,0.30016567
3391,0.99719713
3392,0.00416894
3393,0.13629161
3394,0.14112055
3395,0.16581516
3396,0.97565758
3397,0.99233509
3398,0.00717997
3399,0.03560142
3400,0.07166463
3401,0.03771409
3402,0.02745202
3403,0.94351187
3404,0.13283055
3405,0.04535727
3406,0.35572878
3407,0.81945135
3408,0.05067353
3409,0.01455288
3410,0.99359188
3411,0.08998510
3412,0.96571596
3413,0.93525914
3414,0.13489772
3415,0.31579413
3416,0.01035673
3417,0.07246169
3418,0.01310951
3419,0.06688176
3420,0.73317527
3421,0.01207095
3422,0.04126172
3423,0.08652992
3424,0.04239735
3425,0.01986436
3426,0.04208969
3427,0.01782357
3428,0.04921023
3429,0.77261708
3430,0.00621066
3431,0.49107653
3432,0.30478728
3433,0.01539491
3434,0.97654981
3435,0.06734632
3436,0.12607026
3437,0.26288469
3438,0.21167932
3439,0.27873910
3440,0.93945791
3441,0.55793618
3442,0.00615108
3443,0.39882252
3444,0.54422184
3445,0.16855273
3446,0.44142496
3447,0.04962230
3448,0.03079489
3449,0.04431934
3450,0.06175196
3451,0.02484014
3452,0.17380523
3453,0.86201357
3454,0.99637407
3455,0.85434996
3456,0.51595496
3457,0.20106127
3458,0.20787558
3459,0.00426399
3460,0.08250465
3461,0.97494945
3462,0.20677836
3463,0.02817186
3464,0.01261785
3465,0.04655574
3466,0.01140444
3467,0.01431784
3468,0.27635021
3469,0.91058758
3470,0.01265550
3471,0.32899582
3472,0.02124838
3473,0.00966912
3474,0.00619467
3475,0.64758466
3476,0.06684490
3477,0.02941291
3478,0.00844342
3479,0.97238061
3480,0.94860115
3481,0.07011119
3482,0.05730610
3483,0.86917150
3484,0.00852701
3485,0.79970071
3486,0.96411784
3487,0.06010143
3488,0.01433755
3489,0.20585722
3490,0.03237956
3491,0.05221611
3492,0.07201452
3493,0.09509356
3494,0.25512007
3495,0.30717241
3496,0.77790465
3497,0.71275794
3498,0.00304170
3499,0.46661465
3500,0.91804266
3501,0.74541331
3502,0.00911970
3503,0.08441889
3504,0.04166781
3505,0.00657112
3506,0.01560026
3507,0.16919600
3508,0.65505847
3509,0.01358386
3510,0.00439842
3511,0.90370679
3512,0.01145170
3513,0.02558202
3514,0.05148228
3515,0.03505280
3516,0.01075406
3517,0.95222158
3518,0.49749694
3519,0.97570720
3520,0.03940211
3521,0.01927178
3522,0.17130710
3523,0.14021921
3524,0.23616081
3525,0.15939543
3526,0.27803584
3527,0.03163822
3528,0.03935511
3529,0.69742757
3530,0.01771907
3531,0.03374118
3532,0.97560242
3533,0.01928156
3534,0.20192618
3535,0.01869727
3536,0.02586765
3537,0.04368966
3538,0.01644657
3539,0.96968587
3540,0.00948094
3541,0.10133161
3542,0.01577487
3543,0.71788974
3544,0.07283511
3545,0.09798967
3546,0.02806755
3547,0.01136460
3548,0.01187345
3549,0.02556128
3550,0.02571187
3551,0.96937883
3552,0.99452397
3553,0.34523066
3554,0.44727882
3555,0.97737808
3556,0.15531586
3557,0.54539617
3558,0.01144858
3559,0.22729401
3560,0.00737434
3561,0.10658634
3562,0.10269846
3563,0.90730772
3564,0.31500284
3565,0.95065555
3566,0.92937676
3567,0.04353808
3568,0.00496134
3569,0.82810704
3570,0.21716889
3571,0.83030227
3572,0.64630430
3573,0.00452806
3574,0.02583993
3575,0.48414619
3576,0.99732163
3577,0.02417589
3578,0.98405368
3579,0.93667255
3580,0.29214847
3581,0.00626070
3582,0.57574018
3583,0.03859100
3584,0.98542971
3585,0.33750546
3586,0.81251313
3587,0.00743035
3588,0.13787552
3589,0.97660456
3590,0.04142430
3591,0.49805860
3592,0.91678064
3593,0.85192653
3594,0.97785866
3595,0.03703583
3596,0.06620534
3597,0.90018627
3598,0.01171806
3599,0.01386205
3600,0.95343915
3601,0.01236886
3602,0.00332543
3603,0.04008201
3604,0.05331335
3605,0.26626261
3606,0.98261184
3607,0.00265373
3608,0.33057830
3609,0.00218517
3610,0.15331898
3611,0.61699170
3612,0.21096717
3613,0.92907993
3614,0.88237373
3615,0.02456010
3616,0.01486928
3617,0.03971423
3618,0.98271745
3619,0.76202558
3620,0.10525604
3621,0.61277499
3622,0.01097342
3623,0.96080774
3624,0.02314489
3625,0.63867798
3626,0.72104299
3627,0.44284468
3628,0.22235463
3629,0.06955531
3630,0.94821242
3631,0.07389257
3632,0.03854529
3633,0.03109694
3634,0.04507937
3635,0.01491486
3636,0.05486270
3637,0.03542102
3638,0.94820112
3639,0.02719514
3640,0.09061358
3641,0.09027959
3642,0.00853750
3643,0.00674337
3644,0.99549654
3645,0.84800428
3646,0.90678323
3647,0.06938354
3648,0.60431629
3649,0.90462803
3650,0.01348660
3651,0.02536416
3652,0.01146568
3653,0.02698195
3654,0.64220276
3655,0.46800232
3656,0.01439334
3657,0.00532982
3658,0.03968490
3659,0.84498157
3660,0.31310536
3661,0.47674484
3662,0.02151203
3663,0.14606528
3664,0.00873928
3665,0.38335085
3666,0.94171637
3667,0.04108546
3668,0.79620687
3669,0.69329188
3670,0.15135132
3671,0.00915469
3672,0.02295167
3673,0.66802163
3674,0.16544161
3675,0.96879061
3676,0.05705748
3677,0.10756323
3678,0.97068603
3679,0.89088902
3680,0.01234624
3681,0.06879235
3682,0.01633688
3683,0.11013159
3684,0.47525048
3685,0.30229191
3686,0.99461454
3687,0.16392583
3688,0.19176881
3689,0.88014472
3690,0.01477414
3691,0.80708449
3692,0.29860526
3693,0.98534426
3694,0.00769171
3695,0.90604276
3696,0.01420442
3697,0.71734885
3698,0.00548128
3699,0.04198922
3700,0.32165218
3701,0.07571534
3702,0.98549837
3703,0.12824219
3704,0.95907020
3705,0.98899675
3706,0.13256092
3707,0.27793003
3708,0.32200855
3709,0.01077274
3710,0.02369621
3711,0.97726797
3712,0.11995184
3713,0.11789050
3714,0.29086606
3715,0.01134356
3716,0.11443953
3717,0.70062203
3718,0.90305552
3719,0.10702103
3720,0.91334401
3721,0.27930138
3722,0.94125295
3723,0.98212739
3724,0.01013429
3725,0.12370440
3726,0.03822247
3727,0.18013302
3728,0.30993103
3729,0.52034628
3730,0.89500829
3731,0.02554212
3732,0.12822236
3733,0.07559954
3734,0.02888069
3735,0.18904923
3736,0.00966509
3737,0.01173737
3738,0.99248929
3739,0.97668028
3740,0.49112780
3741,0.87311556
3742,0.94548545
3743,0.04942620
3744,0.65146629
3745,0.32785318
3746,0.44063713
3747,0.08335537
3748,0.68422050
3749,0.01768003
3750,0.05601074
3751,0.02414324
3752,0.02101697
3753,0.33105644
3754,0.94556376
3755,0.01480329
3756,0.02368041
3757,0.03555901
3758,0.01891239
3759,0.58543940
3760,0.68434497
3761,0.94546049
3762,0.64765646
3763,0.19997215
3764,0.12602717
3765,0.38244316
3766,0.04070436
3767,0.18536977
3768,0.08723964
3769,0.94591112
3770,0.08884633
3771,0.97634263
3772,0.37013793
3773,0.02014272
3774,0.01588059
3775,0.08179147
3776,0.13081305
3777,0.11594638
3778,0.00804160
3779,0.02946027
3780,0.14632960
3781,0.32314132
3782,0.72906613
3783,0.12688640
3784,0.17719991
3785,0.92268093
3786,0.06072565
3787,0.49478247
3788,0.02238270
3789,0.75065034
3790,0.95927264
3791,0.98526547
3792,0.94973532
3793,0.07833848
3794,0.31449960
3795,0.50855102
3796,0.87711253
3797,0.09163326
3798,0.16480674
3799,0.02121987
3800,0.01001786
3801,0.03210018
3802,0.97558060
3803,0.14313611
3804,0.76653851
3805,0.02369488
3806,0.20848651
3807,0.99545816
3808,0.29625200
3809,0.06901030
3810,0.08473345
3811,0.20562608
3812,0.05777530
3813,0.02322726
3814,0.94026778
3815,0.05993332
3816,0.48543360
3817,0.06883709
3818,0.96527830
3819,0.90738501
3820,0.35901527
3821,0.06142764
3822,0.64427122
3823,0.06167882
3824,0.04696064
3825,0.99746380
3826,0.30218931
3827,0.04883138
3828,0.87654501
3829,0.06546315
3830,0.07084639
3831,0.99722389
3832,0.00796905
3833,0.13628024
3834,0.53234791
3835,0.04364503
3836,0.63577016
3837,0.99638263
3838,0.58463593
3839,0.95515675
3840,0.12402072
3841,0.07685927
3842,0.10223348
3843,0.19382356
3844,0.07352718
3845,0.99455248
3846,0.01477745
3847,0.97830628
3848,0.00336744
3849,0.01344205
3850,0.40125177
3851,0.96917128
3852,0.05555277
3853,0.65906305
3854,0.88779274
3855,0.00813218
3856,0.03670184
3857,0.01116060
3858,0.04873624
3859,0.03475076
3860,0.01609883
3861,0.05634547
3862,0.02304213
3863,0.97516972
3864,0.99733749
3865,0.19893307
3866,0.99728943
3867,0.01931164
3868,0.58846472
3869,0.02453450
3870,0.54936118
3871,0.03716169
3872,0.45273599
3873,0.30831900
3874,0.11392726
3875,0.99559892
3876,0.28551627
3877,0.97842492
3878,0.05296790
3879,0.00487613
3880,0.99611589
3881,0.98646947
3882,0.20820631
3883,0.34449560
3884,0.01922909
3885,0.04424811
3886,0.89468618
3887,0.18762733
3888,0.08220873
3889,0.14396976
3890,0.04815807
3891,0.93527718
3892,0.01245905
3893,0.82513512
3894,0.08203054
3895,0.32301192
3896,0.20656915
3897,0.95644012
3898,0.50450055
3899,0.43371700
3900,0.05980828
3901,0.00823660
3902,0.95572782
3903,0.64976891
3904,0.03115981
3905,0.08498121
3906,0.97816119
3907,0.07403553
3908,0.10069962
3909,0.99712352
3910,0.00414623
3911,0.00797303
3912,0.25952279
3913,0.02200408
3914,0.89299679
3915,0.05905009
3916,0.70313614
3917,0.04239669
3918,0.06694099
3919,0.01108691
3920,0.05563534
3921,0.00702619
3922,0.32128082
3923,0.02971867
3924,0.03984403
3925,0.98012422
3926,0.33139897
3927,0.01241667
3928,0.05805584
3929,0.89685914
3930,0.98413448
3931,0.00438966
3932,0.26155450
3933,0.01305666
3934,0.91571144
3935,0.00851283
3936,0.09039387
3937,0.23191721
3938,0.96617897
3939,0.05700169
3940,0.11661606
3941,0.97336878
3942,0.01386084
3943,0.19563758
3944,0.89668144
3945,0.81586942
3946,0.05127996
3947,0.01456456
3948,0.19767140
3949,0.97304831
3950,0.07281340
3951,0.05781804
3952,0.94216385
3953,0.02169806
3954,0.99509756
3955,0.00997485
3956,0.09222216
3957,0.33125837
3958,0.06231115
3959,0.92969129
3960,0.07606763
3961,0.03396791
3962,0.02028496
3963,0.87292522
3964,0.40292967
3965,0.11344649
3966,0.57637186
3967,0.01390065
3968,0.00597835
3969,0.06761531
3970,0.24318065
3971,0.97225709
3972,0.50922699
3973,0.45973145
3974,0.01725146
3975,0.82273686
3976,0.97192600
3977,0.20144698
3978,0.03639051
3979,0.61071136
3980,0.84542537
3981,0.94003076
3982,0.96403820
3983,0.00626079
3984,0.63951920
3985,0.02469880
3986,0.41582528
3987,0.00285170
3988,0.82296606
3989,0.00739436
3990,0.43165297
3991,0.85986085
3992,0.01468853
3993,0.12204095
3994,0.64212686
3995,0.96207547
3996,0.48849973
3997,0.00942120
3998,0.11932334
3999,0.04200946
4000,0.01752043
4001,0.05880065
4002,0.01957686
4003,0.12290673
4004,0.66645296
4005,0.26697137
4006,0.11221449
4007,0.00583305
4008,0.99261043
4009,0.06761000
4010,0.99709988
4011,0.92634052
4012,0.04748217
4013,0.03129933
4014,0.99741217
4015,0.93977270
4016,0.10067798
4017,0.07443232
4018,0.13303905
4019,0.01763900
4020,0.01541114
4021,0.05077229
4022,0.02092298
4023,0.01029894
4024,0.00485684
4025,0.74539426
4026,0.86611882
4027,0.00730923
4028,0.03822351
4029,0.04957739
4030,0.00688088
4031,0.90783342
4032,0.11827658
4033,0.02955631
4034,0.04320970
4035,0.03714093
4036,0.02281330
4037,0.01294991
4038,0.97834715
4039,0.00837872
4040,0.36380426
4041,0.98596378
4042,0.04128170
4043,0.07845579
4044,0.02043583
4045,0.00390449
4046,0.01625975
4047,0.14463095
4048,0.12107335
4049,0.08314369
4050,0.09843636
4051,0.10359486
4052,0.10032485
4053,0.87339702
4054,0.04687393
4055,0.01073098
4056,0.07743053
4057,0.29103386
4058,0.53047190
4059,0.05451729
4060,0.09752678
4061,0.97071633
4062,0.12199995
4063,0.36857190
4064,0.32898585
4065,0.21193955
4066,0.01981251
4067,0.49199842
4068,0.01793728
4069,0.01924704
4070,0.05930136
4071,0.97971313
4072,0.00703254
4073,0.04549100
4074,0.07424161
4075,0.02497279
4076,0.58833281
4077,0.06145682
4078,0.31265245
4079,0.23983336
4080,0.00347352
4081,0.77436047
4082,0.94051443
4083,0.25784686
4084,0.04479066
4085,0.11041183
4086,0.14154020
4087,0.01958396
4088,0.10383851
4089,0.01511587
4090,0.20088157
4091,0.00877414
4092,0.19772986
4093,0.34824400
4094,0.01775977
4095,0.01915481
4096,0.01902585
4097,0.18332244
4098,0.01800608
4099,0.96252673
4100,0.50719985
4101,0.08713262
4102,0.10915740
4103,0.20138566
4104,0.97161431
4105,0.53184815
4106,0.22854219
4107,0.70935871
4108,0.98248086
4109,0.96246345
4110,0.06302360
4111,0.00562990
4112,0.97644974
4113,0.27569543
4114,0.07001587
4115,0.01159206
4116,0.02705739
4117,0.99300465
4118,0.04518353
4119,0.14945564
4120,0.96700216
4121,0.53117054
4122,0.81502431
4123,0.00850688
4124,0.44423816
4125,0.01075034
4126,0.10109438
4127,0.07694204
4128,0.13787181
4129,0.38810406
4130,0.02205788
4131,0.25990757
4132,0.89526051
4133,0.96561227
4134,0.02589715
4135,0.27617944
4136,0.03069984
4137,0.89518238
4138,0.00364326
4139,0.02769797
4140,0.99642647
4141,0.85657486
4142,0.08707441
4143,0.08125450
4144,0.96700853
4145,0.12496980
4146,0.12188716
4147,0.17509776
4148,0.13008037
4149,0.03044979
4150,0.26436366
4151,0.03126961
4152,0.01977908
4153,0.15371355
4154,0.54269515
4155,0.78083750
4156,0.05120733
4157,0.00671142
4158,0.91992279
4159,0.20624540
4160,0.26935368
4161,0.32873359
4162,0.00985430
4163,0.00793955
4164,0.96976406
4165,0.26754116
4166,0.01185343
4167,0.98025428
4168,0.19817996
4169,0.13081050
4170,0.99744976
4171,0.03206685
4172,0.87934660
4173,0.03415286
4174,0.02083812
4175,0.29391092
4176,0.02938388
4177,0.00734667
4178,0.72882687
4179,0.17710977
4180,0.94220501
4181,0.29629392
4182,0.00631564
4183,0.80121296
4184,0.96823940
4185,0.85066387
4186,0.95417179
4187,0.05732186
4188,0.02011968
4189,0.06328978
4190,0.00993033
4191,0.18545492
4192,0.92644401
4193,0.10493176
4194,0.90474170
4195,0.08688417
4196,0.99698877
4197,0.83278244
4198,0.10858814
4199,0.93743310
4200,0.01696967
4201,0.52998687
4202,0.14022314
4203,0.10671663
4204,0.05588983
4205,0.06024188
4206,0.53905641
4207,0.13121629
4208,0.27276659
4209,0.25160101
4210,0.41189548
4211,0.09342701
4212,0.11899960
4213,0.34722124
4214,0.04234595
4215,0.03219402
4216,0.01814688
4217,0.98862802
4218,0.99625363
4219,0.00961752
4220,0.24231341
4221,0.98178582
4222,0.12644825
4223,0.39841606
4224,0.04578339
4225,0.05560269
4226,0.99633123
4227,0.26961173
4228,0.01556314
4229,0.50975887
4230,0.85434279
4231,0.02256386
4232,0.01452540
4233,0.08278635
4234,0.00412948
4235,0.36267676
4236,0.03735732
4237,0.08503432
4238,0.04085321
4239,0.07961124
4240,0.59875507
4241,0.95246926
4242,0.00647035
4243,0.05108218
4244,0.97580700
4245,0.06447406
4246,0.02863233
4247,0.00657287
4248,0.03785868
4249,0.56587137
4250,0.40638102
4251,0.12327114
4252,0.00495283
4253,0.82320927
4254,0.02751565
4255,0.03294591
4256,0.10538319
4257,0.00408750
4258,0.90313747
4259,0.00670866
4260,0.97943709
4261,0.95504285
4262,0.44396511
4263,0.92549567
4264,0.01384314
4265,0.34479329
4266,0.93054422
4267,0.00574925
4268,0.95312074
4269,0.13243825
4270,0.15894111
4271,0.01438763
4272,0.12933912
4273,0.00811551
4274,0.01285340
4275,0.94866987
4276,0.61901563
4277,0.04648425
4278,0.01296945
4279,0.16406322
4280,0.96352359
4281,0.43202642
4282,0.15894671
4283,0.00960220
4284,0.01990384
4285,0.35200438
4286,0.14256265
4287,0.62861142
4288,0.69662607
4289,0.02350686
4290,0.70076785
4291,0.03858880
4292,0.02107848
4293,0.68471408
4294,0.90390973
4295,0.49075002
4296,0.21255612
4297,0.98721230
4298,0.09996947
4299,0.01779171
4300,0.08970120
4301,0.99750806
4302,0.02151424
4303,0.06151182
4304,0.23819151
4305,0.01662304
4306,0.04967542
4307,0.04232496
4308,0.96681130
4309,0.94307979
4310,0.07315800
4311,0.00947535
4312,0.97347296
4313,0.92732001
4314,0.03058252
4315,0.01568667
4316,0.90667411
4317,0.91747644
4318,0.82924887
4319,0.00657057
4320,0.81775153
4321,0.00807595
4322,0.30553276
4323,0.17699976
4324,0.52826410
4325,0.34593874
4326,0.00360534
4327,0.53910059
4328,0.98272123
4329,0.01297939
4330,0.08789282
4331,0.05391536
4332,0.02533968
4333,0.02399734
4334,0.18364490
4335,0.07054546
4336,0.04801238
4337,0.08819759
4338,0.05421345
4339,0.42399361
4340,0.09942719
4341,0.06475659
4342,0.11645521
4343,0.98080360
4344,0.88640507
4345,0.02454652
4346,0.00588816
4347,0.03109406
4348,0.07383906
4349,0.00553349
4350,0.02025042
4351,0.02166207
4352,0.98070676
4353,0.24136422
4354,0.06895285
4355,0.05900198
4356,0.96421562
4357,0.06500414
4358,0.16982912
4359,0.00894363
4360,0.97493928
4361,0.50518739
4362,0.81085395
4363,0.06506382
4364,0.77057421
4365,0.17446102
4366,0.10048315
4367,0.95374050
4368,0.00307156
4369,0.05241132
4370,0.18390209
4371,0.07696178
4372,0.99739177
4373,0.02544946
4374,0.08823208
4375,0.67662421
4376,0.06789282
4377,0.14660619
4378,0.97381522
4379,0.99770756
4380,0.13234275
4381,0.02917219
4382,0.09873741
4383,0.22074752
4384,0.84592741
4385,0.03734864
4386,0.10910852
4387,0.00346250
4388,0.15601529
4389,0.02707856
4390,0.77964696
4391,0.05135683
4392,0.91785413
4393,0.04914453
4394,0.43021519
4395,0.03092341
4396,0.88447736
4397,0.00405731
4398,0.99402184
4399,0.11069285
4400,0.95307929
4401,0.11784605
4402,0.11256702
4403,0.01138970
4404,0.03142160
4405,0.14660285
4406,0.00456819
4407,0.07661351
4408,0.33101257
4409,0.12395389
4410,0.01552067
4411,0.00397191
4412,0.01751062
4413,0.05344872
4414,0.59908541
4415,0.03752565
4416,0.26813906
4417,0.03667616
4418,0.02205660
4419,0.35258406
4420,0.02611808
4421,0.02251303
4422,0.00355595
4423,0.08705828
4424,0.00899668
4425,0.06982003
4426,0.04556524
4427,0.00738271
4428,0.02361527
4429,0.13003838
4430,0.02894815
4431,0.29233525
4432,0.00414137
4433,0.05519747
4434,0.02363176
4435,0.12774735
4436,0.01477788
4437,0.29783698
4438,0.05434120
4439,0.30433744
4440,0.87212941
4441,0.01545722
4442,0.50030105
4443,0.11124835
4444,0.27764145
4445,0.11251303
4446,0.02591472
4447,0.57339668
4448,0.02566289
4449,0.80327390
4450,0.08516033
4451,0.82332145
4452,0.93369729
4453,0.22734042
4454,0.84542618
4455,0.03873947
4456,0.08750999
4457,0.97106540
4458,0.02848079
4459,0.14850117
4460,0.51042688
4461,0.06660686
4462,0.01570100
4463,0.00843950
4464,0.07112905
4465,0.02037696
4466,0.12640257
4467,0.99638746
4468,0.91623611
4469,0.03414842
4470,0.07952610
4471,0.01000094
4472,0.33092816
4473,0.19336895
4474,0.19546663
4475,0.98461847
4476,0.14814064
4477,0.03133485
4478,0.82463309
4479,0.25474547
4480,0.50305342
4481,0.10886383
4482,0.01397215
4483,0.95311837
4484,0.02887103
4485,0.03245800
4486,0.98055184
4487,0.10114286
4488,0.07207887
4489,0.01810304
4490,0.07222451
4491,0.00441816
4492,0.02198929
4493,0.35640213
4494,0.27797212
4495,0.12544076
4496,0.21413948
4497,0.22862939
4498,0.01346991
4499,0.02946924
4500,0.32377340
4501,0.01985033
4502,0.22086019
4503,0.97274766
4504,0.28709263
4505,0.08964110
4506,0.55027134
4507,0.08917516
4508,0.00690046
4509,0.01542812
4510,0.20597301
4511,0.26768156
4512,0.01902645
4513,0.00941052
4514,0.03980470
4515,0.53001969
4516,0.93801206
4517,0.12629925
4518,0.98027511
4519,0.07815278
4520,0.14978009
4521,0.74708438
4522,0.32760309
4523,0.95870113
4524,0.69297187
4525,0.96469121
4526,0.09038091
4527,0.04465119
4528,0.00696443
4529,0.98106565
4530,0.59507908
4531,0.02607630
4532,0.01784858
4533,0.25076712
4534,0.72128991
4535,0.01335789
4536,0.46368297
4537,0.09436424
4538,0.06226703
4539,0.59002937
4540,0.23472518
4541,0.01351371
4542,0.02310383
4543,0.97446634
4544,0.96765879
4545,0.07347938
4546,0.29669536
4547,0.10818089
4548,0.70243575
4549,0.08648158
4550,0.05187562
4551,0.95788707
4552,0.63738677
4553,0.29253364
4554,0.03938966
4555,0.16719929
4556,0.04682502
4557,0.63764386
4558,0.97617911
4559,0.61226156
4560,0.00277537
4561,0.01256187
4562,0.97159337
4563,0.01199105
4564,0.06097465
4565,0.12952998
4566,0.09537212
4567,0.35362676
4568,0.00668530
4569,0.02036810
4570,0.01551683
4571,0.02031224
4572,0.11401922
4573,0.02593502
4574,0.36143932
4575,0.00762261
4576,0.13171146
4577,0.29609093
4578,0.03972026
4579,0.02809871
4580,0.13655094
4581,0.18709080
4582,0.93332932
4583,0.02308642
4584,0.94887640
4585,0.89939587
4586,0.17606687
4587,0.29442748
4588,0.03636956
4589,0.02626090
4590,0.04108632
4591,0.01082620
4592,0.03092579
4593,0.01779709
4594,0.94330873
4595,0.02460275
4596,0.08927585
4597,0.97748446
4598,0.43104792
4599,0.66389570
4600,0.00942147
4601,0.00726268
4602,0.04323160
4603,0.08919861
4604,0.01500689
4605,0.16482019
4606,0.07347986
4607,0.10480526
4608,0.98260640
4609,0.01115956
4610,0.96445980
4611,0.09108315
4612,0.13149861
4613,0.07786127
4614,0.95397334
4615,0.96288077
4616,0.03225788
4617,0.25732740
4618,0.96942333
4619,0.75025518
4620,0.96612476
4621,0.08368418
4622,0.54370183
4623,0.04254955
4624,0.40215751
4625,0.00391060
4626,0.07206618
4627,0.07710191
4628,0.87262840
4629,0.12463755
4630,0.07723335
4631,0.94118890
4632,0.06133953
4633,0.81902673
4634,0.04032688
4635,0.06196302
4636,0.07621802
4637,0.96831589
4638,0.06731760
4639,0.03746896
4640,0.08200932
4641,0.08701053
4642,0.97220974
4643,0.99765180
4644,0.99635636
4645,0.01168689
4646,0.64728163
4647,0.09299782
4648,0.04206082
4649,0.54120341
4650,0.00616207
4651,0.68620435
4652,0.02777469
4653,0.34229907
4654,0.11366542
4655,0.02181359
4656,0.71813395
4657,0.97727575
4658,0.02808655
4659,0.80858052
4660,0.13521683
4661,0.21365282
4662,0.04557809
4663,0.06160170
4664,0.20531668
4665,0.00504160
4666,0.60804613
4667,0.01601918
4668,0.04721288
4669,0.02186945
4670,0.14071221
4671,0.99604362
4672,0.11680580
4673,0.00908244
4674,0.01497320
4675,0.95496650
4676,0.03114139
4677,0.02558522
4678,0.01210972
4679,0.96086136
4680,0.09664727
4681,0.01991627
4682,0.02306099
4683,0.48864616
4684,0.01623550
4685,0.55565323
4686,0.43054453
4687,0.01487140
4688,0.05445987
4689,0.10759601
4690,0.04353660
4691,0.20259920
4692,0.04944413
4693,0.98729018
4694,0.02357083
4695,0.54142180
4696,0.11965096
4697,0.38477233
4698,0.99420835
4699,0.07149692
4700,0.54195027
4701,0.07845483
4702,0.00607521
4703,0.29911997
4704,0.02180280
4705,0.06464843
4706,0.04343282
4707,0.00899857
4708,0.05340940
4709,0.03581961
4710,0.32999721
4711,0.97463126
4712,0.26469648
4713,0.02966433
4714,0.00541811
4715,0.09914568
4716,0.00679052
4717,0.04256713
4718,0.63951859
4719,0.44611807
4720,0.02012007
4721,0.11034175
4722,0.97194440
4723,0.80915634
4724,0.04802198
4725,0.00978161
4726,0.06457741
4727,0.07124546
4728,0.17505501
4729,0.02027411
4730,0.00675604
4731,0.00590507
4732,0.07894612
4733,0.95689875
4734,0.03784874
4735,0.01743410
4736,0.94804145
4737,0.29784958
4738,0.73749194
4739,0.49795878
4740,0.99427246
4741,0.03003956
4742,0.95959738
4743,0.05330098
4744,0.05248334
4745,0.27707375
4746,0.05982182
4747,0.05860141
4748,0.01238888
4749,0.17302423
4750,0.70701442
4751,0.97298202
4752,0.04810289
4753,0.39630756
4754,0.15699882
4755,0.19884786
4756,0.01398757
4757,0.04508951
4758,0.07595282
4759,0.09577079
4760,0.93130711
4761,0.55626571
4762,0.04423223
4763,0.01148287
4764,0.00525538
4765,0.21964921
4766,0.21555751
4767,0.58738085
4768,0.92151514
4769,0.52861198
4770,0.01237360
4771,0.01623338
4772,0.08528156
4773,0.00603919
4774,0.56150423
4775,0.00395699
4776,0.01738426
4777,0.03427687
4778,0.01104095
4779,0.97835890
4780,0.99055838
4781,0.23316149
4782,0.98854817
4783,0.10726312
4784,0.26932174
4785,0.10105507
4786,0.02478339
4787,0.88463745
4788,0.10126668
4789,0.00671367
4790,0.00713494
4791,0.00917679
4792,0.85921799
4793,0.98062649
4794,0.06976580
4795,0.00582961
4796,0.99556291
4797,0.01303823
4798,0.70521895
4799,0.63143212
4800,0.49161665
4801,0.66524407
4802,0.00616071
4803,0.01597362
4804,0.02775544
4805,0.01112605
4806,0.34614313
4807,0.96260028
4808,0.09871567
4809,0.06858233
4810,0.03832730
4811,0.13362639
4812,0.17162888
4813,0.75206726
4814,0.97248356
4815,0.21475837
4816,0.30802533
4817,0.03153357
4818,0.12516487
4819,0.12102287
4820,0.99623427
4821,0.71894330
4822,0.01442099
4823,0.55439298
4824,0.18446358
4825,0.77693344
4826,0.02481785
4827,0.08627962
4828,0.01284940
4829,0.03916101
4830,0.02420699
4831,0.37457168
4832,0.17061612
4833,0.18729693
4834,0.02401280
4835,0.04933825
4836,0.04254532
4837,0.05709041
4838,0.02107536
4839,0.00622817
4840,0.96756609
4841,0.28067014
4842,0.97565622
4843,0.04764620
4844,0.14618222
4845,0.10209625
4846,0.01027030
4847,0.96041019
4848,0.71803912
4849,0.00533739
4850,0.31991232
4851,0.04867677
4852,0.53561550
4853,0.49896481
4854,0.74992020
4855,0.21017951
4856,0.72671311
4857,0.11222724
4858,0.12108589
4859,0.05379456
4860,0.07780883
4861,0.66770641
4862,0.07873203
4863,0.01559288
4864,0.58471129
4865,0.20309300
4866,0.00876397
4867,0.12624824
4868,0.13977462
4869,0.00681508
4870,0.17630736
4871,0.31055674
4872,0.28182576
4873,0.08049852
4874,0.98567084
4875,0.29226883
4876,0.02793732
4877,0.01971403
4878,0.91308470
4879,0.71776466
4880,0.87205257
4881,0.94601671
4882,0.04809432
4883,0.06504966
4884,0.12245810
4885,0.83757506
4886,0.96130579
4887,0.01487845
4888,0.05103908
4889,0.18699104
4890,0.04014039
4891,0.66277017
4892,0.97930969
4893,0.84711673
4894,0.16109947
4895,0.10893064
4896,0.57866546
4897,0.91680165
4898,0.20818196
4899,0.91497956
4900,0.01322682
4901,0.88672174
4902,0.24845476
4903,0.05491913
4904,0.05349326
4905,0.24358465
4906,0.01059339
4907,0.65819377
4908,0.05303226
4909,0.06217911
4910,0.93175587
4911,0.21718416
4912,0.03521835
4913,0.87620066
4914,0.04878667
4915,0.96239551
4916,0.33625661
4917,0.48592883
4918,0.97802322
4919,0.55582004
4920,0.03245329
4921,0.96207053
4922,0.98492099
4923,0.00634549
4924,0.94069645
4925,0.09452684
4926,0.01353663
4927,0.86259265
4928,0.51041811
4929,0.02641671
4930,0.97928128
4931,0.82476015
4932,0.73916079
4933,0.97336677
4934,0.10566156
4935,0.07470144
4936,0.05130060
4937,0.52968025
4938,0.02935270
4939,0.94647993
4940,0.02302211
4941,0.00619250
4942,0.45278741
4943,0.01124913
4944,0.03461504
4945,0.17152623
4946,0.09105330
4947,0.07434239
4948,0.18432595
4949,0.90202419
4950,0.41407176
4951,0.23436349
4952,0.14321469
4953,0.15590179
4954,0.71147113
4955,0.47272190
4956,0.15915884
4957,0.16489059
4958,0.98472346
4959,0.66591559
4960,0.00310666
4961,0.52190003
4962,0.10951957
4963,0.24547817
4964,0.93278311
4965,0.01194180
4966,0.02352294
4967,0.27347175
4968,0.00532480
4969,0.17236409
4970,0.98404410
4971,0.19194405
4972,0.07110953
4973,0.01505479
4974,0.04275095
4975,0.77045669
4976,0.15932220
4977,0.55306750
4978,0.01370493
4979,0.86427166
4980,0.59797258
4981,0.00639298
4982,0.07005556
4983,0.89814070
4984,0.38655419
4985,0.57974606
4986,0.98468779
4987,0.96532734
4988,0.02168840
4989,0.00529230
4990,0.00710310
4991,0.76504419
4992,0.01007580
4993,0.07679591
4994,0.13953758
4995,0.01483175
4996,0.88915508
4997,0.02098814
4998,0.36773259
4999,0.53498926
5000,0.01998792
5001,0.01678644
5002,0.07583157
5003,0.45364237
5004,0.31147960
5005,0.04820699
5006,0.03226337
5007,0.82235969
5008,0.96272306
5009,0.03716741
5010,0.00390660
5011,0.59094233
5012,0.03789843
5013,0.10154450
5014,0.12252424
5015,0.51801317
5016,0.92632235
5017,0.47821782
5018,0.94947806
5019,0.96138873
5020,0.02066678
5021,0.28788406
5022,0.01425910
5023,0.00746517
5024,0.28561747
5025,0.06757995
5026,0.04634816
5027,0.14953015
5028,0.99701897
5029,0.83108648
5030,0.01088090
5031,0.03207927
5032,0.24959490
5033,0.94459933
5034,0.93190924
5035,0.01935694
5036,0.02497949
5037,0.00475212
5038,0.01140054
5039,0.27184925
5040,0.89551079
5041,0.29303891
5042,0.95800112
5043,0.05573310
5044,0.00938413
5045,0.36681886
5046,0.11462935
5047,0.01012754
5048,0.42093458
5049,0.10953990
5050,0.08752431
5051,0.85408487
5052,0.01120740
5053,0.09198305
5054,0.06252191
5055,0.01054633
5056,0.91525425
5057,0.02679467
5058,0.95510083
5059,0.07317531
5060,0.14388772
5061,0.03642397
5062,0.01656341
5063,0.01349351
5064,0.03184784
5065,0.48951467
5066,0.54542064
5067,0.04772902
5068,0.96047394
5069,0.72158540
5070,0.95112829
5071,0.07111698
5072,0.03437113
5073,0.01876427
5074,0.01430513
5075,0.64053402
5076,0.35449917
5077,0.11603302
5078,0.14702866
5079,0.96702768
5080,0.02857268
5081,0.00515941
5082,0.05013066
5083,0.05680543
5084,0.00439152
5085,0.95180496
5086,0.99697821
5087,0.01470773
5088,0.07615657
5089,0.01456799
5090,0.41796429
5091,0.06160293
5092,0.99335676
5093,0.39736445
5094,0.09478800
5095,0.09006365
5096,0.02115617
5097,0.03392182
5098,0.14586021
5099,0.00478564
5100,0.06437893
5101,0.25114874
5102,0.58639139
5103,0.00623577
5104,0.00857022
5105,0.05738620
5106,0.99596397
5107,0.97394292
5108,0.60094353
5109,0.92735470
5110,0.01881845
5111,0.97562851
5112,0.88369998
5113,0.21182520
5114,0.96098358
5115,0.91847603
5116,0.59807685
5117,0.79672175
5118,0.91680411
5119,0.03224985
5120,0.98261330
5121,0.02898576
5122,0.02520895
5123,0.82762527
5124,0.01271861
5125,0.96573246
5126,0.08529241
5127,0.46793927
5128,0.04801951
5129,0.64235438
5130,0.02821725
5131,0.01705426
5132,0.20012911
5133,0.19392513
5134,0.76629642
5135,0.51555764
5136,0.00474988
5137,0.72511875
5138,0.02590475
5139,0.28898957
5140,0.07654291
5141,0.30798552
5142,0.09342567
5143,0.00449070
5144,0.01567330
5145,0.00345240
5146,0.02959872
5147,0.01307884
5148,0.03046004
5149,0.01005063
5150,0.27347228
5151,0.78643572
5152,0.11687813
5153,0.05271362
5154,0.96796838
5155,0.18310541
5156,0.00561210
5157,0.01540512
5158,0.00741511
5159,0.04640900
5160,0.19108955
5161,0.05068433
5162,0.00776725
5163,0.06463417
5164,0.03561160
5165,0.12656159
5166,0.50412012
5167,0.06366357
5168,0.07658354
5169,0.05601417
5170,0.13665035
5171,0.74734826
5172,0.70651636
5173,0.06851771
5174,0.02008781
5175,0.99752292
5176,0.31325692
5177,0.96515774
5178,0.91855539
5179,0.91106866
5180,0.02608702
5181,0.17378053
5182,0.18134656
5183,0.00947085
5184,0.11645009
5185,0.07510015
5186,0.00420446
5187,0.07030955
5188,0.98419713
5189,0.02886066
5190,0.07402845
5191,0.36576189
5192,0.13998998
5193,0.27406977
5194,0.36602007
5195,0.36359860
5196,0.06941002
5197,0.02596468
5198,0.03527391
5199,0.01311605
5200,0.00764584
5201,0.10739971
5202,0.07898919
5203,0.01715990
5204,0.19344836
5205,0.00753014
5206,0.06888426
5207,0.54566213
5208,0.01751175
5209,0.66156671
5210,0.93639502
5211,0.92937927
5212,0.24069496
5213,0.28246500
5214,0.02721706
5215,0.66489537
5216,0.92006502
5217,0.02308497
5218,0.66916920
5219,0.00469567
5220,0.96300404
5221,0.02889473
5222,0.04518876
5223,0.37722343
5224,0.59048819
5225,0.00714777
5226,0.97191453
5227,0.86175839
5228,0.91319483
5229,0.99094867
5230,0.04665703
5231,0.31650940
5232,0.95006672
5233,0.01666213
5234,0.04393245
5235,0.00881138
5236,0.00911272
5237,0.93929871
5238,0.15449684
5239,0.02646802
5240,0.02376994
5241,0.04302096
5242,0.03509267
5243,0.07558153
5244,0.98070522
5245,0.53065200
5246,0.12337193
5247,0.07299508
5248,0.04761728
5249,0.32762353
5250,0.16580158
5251,0.41311933
5252,0.62335494
5253,0.01677981
5254,0.03758347
5255,0.32102095
5256,0.00939853
5257,0.25919541
5258,0.91821148
5259,0.76573141
5260,0.11213951
5261,0.01598212
5262,0.86474903
5263,0.00710033
5264,0.51800761
5265,0.09205622
5266,0.97549689
5267,0.00751875
5268,0.11536556
5269,0.02542827
5270,0.28748914
5271,0.13079153
5272,0.95967862
5273,0.01006730
5274,0.50078832
5275,0.76009603
5276,0.13835746
5277,0.76935950
5278,0.23064198
5279,0.00796958
5280,0.01040721
5281,0.00440194
5282,0.98481672
5283,0.06625978
5284,0.01835076
5285,0.00831513
5286,0.01689387
5287,0.06351750
5288,0.08113063
5289,0.03542315
5290,0.00408339
5291,0.99053499
5292,0.82880457
5293,0.14082383
5294,0.79676306
5295,0.03592242
5296,0.15427133
5297,0.00574853
5298,0.33206864
5299,0.00527850
5300,0.01639135
5301,0.23026747
5302,0.37298162
5303,0.14594119
5304,0.08582945
5305,0.06440791
5306,0.10407914
5307,0.78961450
5308,0.07986733
5309,0.14254415
5310,0.03545527
5311,0.84946225
5312,0.27363244
5313,0.05060779
5314,0.75168603
5315,0.23665270
5316,0.09320838
5317,0.10856165
5318,0.00558507
5319,0.68519202
5320,0.03138145
5321,0.07470681
5322,0.20908454
5323,0.02941501
5324,0.90875383
5325,0.16184424
5326,0.00511167
5327,0.02769375
5328,0.04332705
5329,0.94581089
5330,0.01050309
5331,0.11602505
5332,0.00542676
5333,0.05687713
5334,0.97193114
5335,0.55625921
5336,0.01064564
5337,0.05101850
5338,0.19387442
5339,0.09676686
5340,0.01428138
5341,0.01250006
5342,0.97512435
5343,0.08689536
5344,0.03245945
5345,0.01797923
5346,0.21132775
5347,0.96087179
5348,0.04035284
5349,0.03347411
5350,0.81175924
5351,0.99484628
5352,0.78147055
5353,0.02999714
5354,0.31582733
5355,0.90344118
5356,0.01934917
5357,0.20433910
5358,0.99550216
5359,0.01276134
5360,0.04787366
5361,0.68017124
5362,0.09695714
5363,0.01281662
5364,0.00770104
5365,0.95889019
5366,0.00569560
5367,0.00382792
5368,0.88205159
5369,0.71045647
5370,0.04597327
5371,0.02904431
5372,0.01518136
5373,0.26182424
5374,0.00817891
5375,0.02906524
5376,0.05984951
5377,0.00810532
5378,0.04018378
5379,0.31011785
5380,0.52782267
5381,0.04550809
5382,0.28708496
5383,0.11405412
5384,0.07142920
5385,0.06398684
5386,0.02155871
5387,0.73214650
5388,0.01213448
5389,0.97059070
5390,0.59341751
5391,0.00782420
5392,0.00448438
5393,0.98687663
5394,0.03281292
5395,0.74676034
5396,0.04710464
5397,0.23631560
5398,0.17842027
5399,0.29861002
5400,0.02843859
5401,0.36883617
5402,0.00550924
5403,0.10238465
5404,0.03122918
5405,0.06636463
5406,0.89992320
5407,0.84577374
5408,0.02176747
5409,0.01449808
5410,0.25291631
5411,0.23522442
5412,0.96247275
5413,0.09630257
5414,0.00766470
5415,0.99240345
5416,0.03241737
5417,0.06197448
5418,0.08763662
5419,0.28583047
5420,0.04062521
5421,0.05813330
5422,0.04102466
5423,0.05453265
5424,0.90830953
5425,0.96488030
5426,0.03146095
5427,0.02674315
5428,0.01034631
5429,0.00323779
5430,0.62541431
5431,0.02770144
5432,0.76083963
5433,0.21074053
5434,0.96559688
5435,0.57658988
5436,0.97993440
5437,0.04968282
5438,0.27643188
5439,0.27987934
5440,0.94819236
5441,0.00908080
5442,0.07956036
5443,0.62780246
5444,0.01000485
5445,0.88648577
5446,0.14973701
5447,0.16790340
5448,0.03673108
5449,0.00588470
5450,0.95223137
5451,0.00559597
5452,0.96172376
5453,0.18236640
5454,0.06726735
5455,0.95029955
5456,0.00626500
5457,0.06563592
5458,0.00670206
5459,0.94440970
5460,0.97463984
5461,0.01159484
5462,0.02053490
5463,0.01976740
5464,0.00844272
5465,0.13446113
5466,0.82827938
5467,0.99102549
5468,0.06085495
5469,0.12363220
5470,0.99691199
5471,0.30722558
5472,0.14377609
5473,0.00536996
5474,0.37439363
5475,0.00872837
5476,0.06707404
5477,0.81217189
5478,0.24464527
5479,0.96241104
5480,0.05695034
5481,0.07545581
5482,0.00602849
5483,0.31941420
5484,0.66516488
5485,0.17850771
5486,0.06743122
5487,0.47051490
5488,0.19941799
5489,0.13331537
5490,0.02758785
5491,0.51004218
5492,0.05488879
5493,0.01321670
5494,0.84290989
5495,0.77247607
5496,0.02177655
5497,0.13557279
5498,0.06280409
5499,0.00764420
5500,0.00350084
5501,0.20752998
5502,0.02677921
5503,0.09181405
5504,0.95912555
5505,0.97547738
5506,0.02205865
5507,0.32656065
5508,0.04177202
5509,0.97472982
5510,0.00938844
5511,0.99139404
5512,0.00742793
5513,0.04765516
5514,0.33022851
5515,0.00731016
5516,0.04072367
5517,0.11362129
5518,0.21573718
5519,0.03843033
5520,0.02347176
5521,0.99593977
5522,0.80550283
5523,0.22517034
5524,0.97365920
5525,0.07335115
5526,0.12805964
5527,0.71896674
5528,0.00669985
5529,0.02312239
5530,0.09727984
5531,0.05625288
5532,0.11677309
5533,0.10233438
5534,0.14120665
5535,0.05805316
5536,0.14196417
5537,0.04379989
5538,0.01546138
5539,0.08463208
5540,0.87980368
5541,0.01171193
5542,0.14786290
5543,0.00739152
5544,0.01080887
5545,0.95590538
5546,0.49469644
5547,0.03203171
5548,0.05706294
5549,0.98212942
5550,0.02153781
5551,0.11963219
5552,0.06426620
5553,0.07217018
5554,0.36236374
5555,0.13309228
5556,0.09245285
5557,0.54675949
5558,0.98147915
5559,0.06635078
5560,0.98020897
5561,0.67212323
5562,0.00593272
5563,0.07413925
5564,0.01690519
5565,0.98978196
5566,0.35349131
5567,0.02189948
5568,0.05580767
5569,0.06032791
5570,0.98394033
5571,0.02289357
5572,0.00435553
5573,0.06437074
5574,0.87542602
5575,0.34572508
5576,0.03269905
5577,0.04600450
5578,0.18530308
5579,0.30129320
5580,0.99254839
5581,0.30274048
5582,0.01116507
5583,0.01455684
5584,0.55271029
5585,0.01722063
5586,0.24413047
5587,0.62335579
5588,0.14868719
5589,0.22696969
5590,0.11822950
5591,0.02274629
5592,0.57916418
5593,0.00711310
5594,0.02887238
5595,0.08632587
5596,0.54339155
5597,0.92724203
5598,0.03446454
5599,0.87898389
5600,0.97563995
5601,0.07731895
5602,0.11543253
5603,0.44436675
5604,0.00386852
5605,0.77013757
5606,0.09039916
5607,0.00375721
5608,0.32966924
5609,0.86614813
5610,0.04396303
5611,0.08340855
5612,0.04755064
5613,0.17695531
5614,0.20898170
5615,0.00438183
5616,0.02988533
5617,0.87648063
5618,0.99620806
5619,0.11266126
5620,0.03374599
5621,0.18512875
5622,0.02796184
5623,0.00512658
5624,0.19635396
5625,0.73662336
5626,0.15160791
5627,0.99628157
5628,0.05677062
5629,0.13194361
5630,0.97850354
5631,0.03881591
5632,0.01730641
5633,0.00656123
5634,0.56369405
5635,0.09653284
5636,0.00344735
5637,0.11517447
5638,0.80137612
5639,0.00548826
5640,0.01629271
5641,0.17143490
5642,0.02317130
5643,0.86701981
5644,0.08063222
5645,0.02279409
5646,0.89822046
5647,0.11189218
5648,0.03162192
5649,0.05317204
5650,0.01312793
5651,0.16648324
5652,0.02096691
5653,0.01212455
5654,0.01275586
5655,0.97011059
5656,0.24635660
5657,0.22160959
5658,0.01917167
5659,0.12463736
5660,0.02990963
5661,0.91974396
5662,0.04350376
5663,0.21467988
5664,0.01600998
5665,0.91708081
5666,0.09396519
5667,0.95952438
5668,0.99694767
5669,0.53078754
5670,0.90663154
5671,0.10597001
5672,0.02420525
5673,0.32628124
5674,0.87808671
5675,0.21852544
5676,0.99603603
5677,0.06784206
5678,0.08442995
5679,0.96332385
5680,0.01022163
5681,0.04678072
5682,0.56541299
5683,0.25200386
5684,0.04334993
5685,0.08135761
5686,0.13582378
5687,0.15792300
5688,0.02918438
5689,0.04725216
5690,0.02376135
5691,0.00988212
5692,0.02577117
5693,0.27888033
5694,0.05598149
5695,0.42751464
5696,0.17780833
5697,0.25669652
5698,0.03353898
5699,0.33246129
5700,0.04026505
5701,0.97676461
5702,0.07799784
5703,0.27683020
5704,0.91261521
5705,0.73559867
5706,0.06396601
5707,0.02551799
5708,0.14879203
5709,0.94214105
5710,0.95671845
5711,0.06625704
5712,0.00965166
5713,0.01661168
5714,0.29895991
5715,0.03539406
5716,0.00320985
5717,0.84878281
5718,0.94485839
5719,0.00734841
5720,0.53908898
5721,0.00543882
5722,0.99662176
5723,0.49610007
5724,0.02152677
5725,0.07532795
5726,0.36774272
5727,0.95117048
5728,0.86138690
5729,0.00927267
5730,0.31671931
5731,0.98340838
5732,0.01886837
5733,0.18930290
5734,0.99544654
5735,0.02280838
5736,0.00642851
5737,0.95172002
5738,0.86871415
5739,0.01108362
5740,0.19281572
5741,0.07687036
5742,0.06840839
5743,0.83898762
5744,0.23709994
5745,0.00846632
5746,0.02896620
5747,0.07664760
5748,0.06066569
5749,0.29374601
5750,0.97604844
5751,0.00558833
5752,0.09241244
5753,0.02151088
5754,0.00571777
5755,0.07137102
5756,0.01146992
5757,0.12634356
5758,0.91233057
5759,0.21912311
5760,0.02511144
5761,0.01399932
5762,0.53006238
5763,0.94483189
5764,0.00394306
5765,0.78606007
5766,0.98486513
5767,0.05229050
5768,0.85367190
5769,0.00794915
5770,0.06916945
5771,0.99503377
5772,0.17383616
5773,0.62520235
5774,0.97912477
5775,0.11749153
5776,0.91229873
5777,0.00515881
5778,0.03162904
5779,0.01801479
5780,0.02388089
5781,0.27675964
5782,0.02005172
5783,0.37341611
5784,0.91502890
5785,0.79269590
5786,0.00330361
5787,0.07736880
5788,0.98236926
5789,0.02660525
5790,0.98447687
5791,0.99688194
5792,0.04323740
5793,0.18515746
5794,0.13484242
5795,0.07006495
5796,0.07729235
5797,0.94204379
5798,0.99252258
5799,0.03328792
5800,0.20707634
5801,0.25348735
5802,0.96290574
5803,0.27103657
5804,0.04619818
5805,0.08578317
5806,0.95805513
5807,0.04135276
5808,0.99777735
5809,0.02294208
5810,0.08081610
5811,0.96587168
5812,0.98174881
5813,0.93285710
5814,0.92479164
5815,0.95873006
5816,0.96277821
5817,0.95565694
5818,0.03421333
5819,0.99581878
5820,0.34115767
5821,0.03162996
5822,0.99641616
5823,0.01148159
5824,0.84002948
5825,0.04467154
5826,0.02576855
5827,0.01709400
5828,0.93527429
5829,0.27151963
5830,0.06754086
5831,0.10336196
5832,0.44467537
5833,0.16777883
5834,0.06207933
5835,0.68548830
5836,0.12396669
5837,0.62158084
5838,0.00721823
5839,0.00791438
5840,0.00655147
5841,0.93533156
5842,0.09049995
5843,0.16900219
5844,0.11966154
5845,0.47376287
5846,0.94817197
5847,0.13512847
5848,0.09162474
5849,0.03497441
5850,0.98153931
5851,0.94198601
5852,0.86340416
5853,0.14627261
5854,0.80629673
5855,0.01327308
5856,0.08589073
5857,0.08229819
5858,0.43185379
5859,0.03695921
5860,0.95833364
5861,0.02123578
5862,0.64846993
5863,0.06952151
5864,0.16097286
5865,0.18725847
5866,0.08750820
5867,0.14912500
5868,0.06498989
5869,0.04880514
5870,0.00586209
5871,0.11955138
5872,0.01502650
5873,0.07036951
5874,0.98595892
5875,0.99723553
5876,0.04625492
5877,0.94249743
5878,0.14696062
5879,0.03855429
5880,0.23070273
5881,0.17747297
5882,0.02701954
5883,0.16540698
5884,0.78490084
5885,0.00773481
5886,0.48759655
5887,0.90717605
5888,0.42865737
5889,0.91187900
5890,0.00575891
5891,0.03011683
5892,0.62644388
5893,0.07243854
5894,0.06259338
5895,0.08271307
5896,0.01925229
5897,0.03970831
5898,0.69865471
5899,0.10454723
5900,0.09258497
5901,0.65751256
5902,0.46343124
5903,0.95826732
5904,0.95245788
5905,0.53614092
5906,0.05440031
5907,0.97540152
5908,0.03367179
5909,0.06397159
5910,0.11288132
5911,0.13655189
5912,0.97567739
5913,0.00658905
5914,0.06138370
5915,0.16236214
5916,0.01018896
5917,0.00933873
5918,0.94597579
5919,0.12210176
5920,0.98152174
5921,0.05947375
5922,0.12033425
5923,0.05789088
5924,0.24850514
5925,0.08078451
5926,0.97539904
5927,0.20799113
5928,0.09209862
5929,0.01270814
5930,0.11830711
5931,0.94691162
5932,0.03949057
5933,0.93237621
5934,0.54759563
5935,0.18676458
5936,0.00797975
5937,0.07617618
5938,0.36404495
5939,0.00531364
5940,0.96262046
5941,0.04921892
5942,0.13260156
5943,0.07873018
5944,0.35626505
5945,0.96872853
5946,0.09861813
5947,0.07591542
5948,0.09491031
5949,0.80694810
5950,0.01103790
5951,0.37307216
5952,0.12811550
5953,0.46602479
5954,0.44663646
5955,0.03654394
5956,0.92853905
5957,0.87706475
5958,0.81363267
5959,0.24431655
5960,0.04216956
5961,0.01100437
5962,0.29538118
5963,0.00810854
5964,0.88347298
5965,0.13831302
5966,0.04243717
5967,0.00701208
5968,0.05500370
5969,0.57895490
5970,0.95304454
5971,0.04416839
5972,0.95832844
5973,0.13578582
5974,0.90995348
5975,0.60955413
5976,0.00984072
5977,0.38618290
5978,0.36886420
5979,0.92024846
5980,0.19455787
5981,0.29875759
5982,0.02235860
5983,0.02209777
5984,0.89930252
5985,0.04447067
5986,0.11799349
5987,0.03430030
5988,0.71363171
5989,0.91466644
5990,0.01905772
5991,0.98499444
5992,0.08751576
5993,0.30986358
5994,0.01139680
5995,0.06604763
5996,0.03465109
5997,0.95760023
5998,0.76034595
5999,0.85396583
6000,0.02027821
6001,0.61655602
6002,0.77320758
6003,0.22625299
6004,0.05570840
6005,0.00561551
6006,0.76167132
6007,0.96217681
6008,0.60091742
6009,0.88206640
6010,0.02426201
6011,0.94504521
6012,0.07835069
6013,0.16341394
6014,0.02469288
6015,0.03955047
6016,0.07133974
6017,0.03097976
6018,0.99549970
6019,0.03293774
6020,0.95639989
6021,0.36385523
6022,0.95381139
6023,0.89458957
6024,0.02482954
6025,0.04768887
6026,0.05638277
6027,0.51734201
6028,0.07525100
6029,0.67895030
6030,0.01802450
6031,0.02394443
6032,0.05965733
6033,0.01822323
6034,0.58536617
6035,0.16023910
6036,0.96008926
6037,0.65854211
6038,0.91455532
6039,0.00684503
6040,0.04946012
6041,0.96819573
6042,0.96111829
6043,0.82270669
6044,0.94178642
6045,0.93821562
6046,0.01948337
6047,0.09162899
6048,0.24617176
6049,0.51078675
6050,0.01521223
6051,0.15386797
6052,0.06637300
6053,0.00396492
6054,0.02513170
6055,0.06624629
6056,0.12443200
6057,0.01698623
6058,0.22109421
6059,0.76481984
6060,0.02708958
6061,0.32877523
6062,0.06990304
6063,0.95871845
6064,0.01248088
6065,0.03369101
6066,0.15842798
6067,0.01258601
6068,0.50074009
6069,0.00819803
6070,0.04522678
6071,0.02731450
6072,0.99621069
6073,0.02812787
6074,0.15984768
6075,0.05641585
6076,0.21236279
6077,0.05031513
6078,0.34113605
6079,0.03563374
6080,0.76873668
6081,0.00804740
6082,0.65120574
6083,0.01852851
6084,0.98164121
6085,0.16670951
6086,0.03972408
6087,0.04897722
6088,0.12644551
6089,0.08818159
6090,0.03132616
6091,0.02534773
6092,0.96931954
6093,0.28805493
6094,0.06561919
6095,0.44760196
6096,0.93710142
6097,0.07203468
6098,0.00452163
6099,0.90499114
6100,0.96447194
6101,0.86639050
6102,0.08543618
6103,0.24582319
6104,0.09264769
6105,0.01247256
6106,0.02373830
6107,0.54896223
6108,0.96535949
6109,0.01073089
6110,0.30696943
6111,0.90376457
6112,0.01730389
6113,0.00619441
6114,0.06556494
6115,0.96415242
6116,0.79523380
6117,0.00334367
6118,0.06341642
6119,0.56267654
6120,0.36916025
6121,0.01123720
6122,0.08306406
6123,0.93205568
6124,0.13919700
6125,0.59128539
6126,0.00982782
6127,0.86513879
6128,0.00880500
6129,0.75960214
6130,0.02699520
6131,0.04963926
6132,0.95784679
6133,0.09381952
6134,0.32429476
6135,0.05701751
6136,0.88083772
6137,0.10023474
6138,0.01800462
6139,0.10066786
6140,0.03603823
6141,0.99643506
6142,0.93840162
6143,0.88918470
6144,0.02695487
6145,0.95882517
6146,0.55217691
6147,0.03650326
6148,0.76636222
6149,0.32553081
6150,0.00735054
6151,0.04760413
6152,0.05861871
6153,0.04321643
6154,0.82418297
6155,0.02879522
6156,0.37635063
6157,0.05852368
6158,0.14859202
6159,0.02673657
6160,0.82113378
6161,0.42057884
6162,0.96950779
6163,0.90504650
6164,0.02799796
6165,0.24129052
6166,0.96668642
6167,0.98991922
6168,0.81658538
6169,0.45639673
6170,0.85824740
6171,0.30641946
6172,0.90813122
6173,0.18451529
6174,0.30794497
6175,0.66371418
6176,0.01982699
6177,0.06494130
6178,0.93636499
6179,0.08879014
6180,0.85155551
6181,0.95542266
6182,0.14644984
6183,0.03529480
6184,0.14067629
6185,0.65828755
6186,0.34588806
6187,0.00398907
6188,0.06959821
6189,0.15871709
6190,0.12265097
6191,0.99681330
6192,0.19722301
6193,0.02977189
6194,0.97506111
6195,0.01697724
6196,0.97172524
6197,0.98096398
6198,0.87077419
6199,0.06685401
6200,0.96436483
6201,0.00978163
6202,0.02317593
6203,0.01828119
6204,0.11933073
6205,0.02339879
6206,0.04703195
6207,0.01499678
6208,0.98107891
6209,0.14296499
6210,0.58903926
6211,0.93014496
6212,0.02110890
6213,0.01368963
6214,0.38201050
6215,0.11634559
6216,0.02302808
6217,0.04390787
6218,0.15084481
6219,0.12178819
6220,0.04924092
6221,0.49057431
6222,0.00830884
6223,0.00911994
6224,0.01705903
6225,0.00497613
6226,0.00815608
6227,0.02086714
6228,0.02658505
6229,0.96505516
6230,0.00282407
6231,0.05258757
6232,0.07975576
6233,0.04102374
6234,0.99756015
6235,0.38999431
6236,0.18039540
6237,0.28492467
6238,0.05302352
6239,0.80655482
6240,0.01702811
6241,0.49648628
6242,0.01181614
6243,0.01452808
6244,0.00908471
6245,0.00658663
6246,0.96767250
6247,0.06432304
6248,0.01832737
6249,0.35362996
6250,0.36337766
6251,0.09329806
6252,0.91262129
6253,0.89873466
6254,0.94268377
6255,0.96834528
6256,0.99159041
6257,0.53154927
6258,0.99412798
6259,0.01140781
6260,0.00585953
6261,0.06895601
6262,0.11039996
6263,0.18489251
6264,0.56455286
6265,0.06152197
6266,0.96249063
6267,0.06068000
6268,0.06116787
6269,0.01229084
6270,0.08702442
6271,0.01643823
6272,0.12211252
6273,0.04859968
6274,0.10657956
6275,0.01018328
6276,0.98338568
6277,0.06412960
6278,0.08320247
6279,0.97702294
6280,0.09119870
6281,0.00551184
6282,0.15692020
6283,0.18510218
6284,0.58350738
6285,0.45403956
6286,0.01927622
6287,0.03643330
6288,0.98041678
6289,0.80798516
6290,0.06238686
6291,0.06224691
6292,0.04937785
6293,0.11001782
6294,0.66345115
6295,0.08699730
6296,0.79087901
6297,0.01505421
6298,0.20056202
6299,0.95331106
6300,0.89929714
6301,0.01952153
6302,0.03704058
6303,0.01679605
6304,0.59010160
6305,0.88384614
6306,0.77870257
6307,0.42489276
6308,0.70325169
6309,0.02058125
6310,0.84102866
6311,0.70229223
6312,0.94561129
6313,0.99577567
6314,0.03453055
6315,0.48084584
6316,0.43120145
6317,0.07129531
6318,0.24224122
6319,0.10251534
6320,0.11413489
6321,0.00467827
6322,0.99730183
6323,0.00807349
6324,0.20613397
6325,0.00433370
6326,0.01042134
6327,0.21697963
6328,0.01341099
6329,0.03743347
6330,0.66107120
6331,0.01793141
6332,0.99714388
6333,0.85410425
6334,0.00587672
6335,0.98403081
6336,0.32703842
6337,0.70067760
6338,0.10255016
6339,0.12954668
6340,0.01125751
6341,0.01910322
6342,0.66924926
6343,0.03199499
6344,0.05623594
6345,0.01599472
6346,0.11889545
6347,0.10843808
6348,0.13616083
6349,0.93114595
6350,0.85177102
6351,0.41639790
6352,0.55161458
6353,0.04701878
6354,0.01875494
6355,0.07588371
6356,0.11560639
6357,0.22736942
6358,0.00635982
6359,0.25049930
6360,0.15293269
6361,0.15711526
6362,0.02026625
6363,0.97676888
6364,0.01230038
6365,0.03978154
6366,0.00721205
6367,0.03773530
6368,0.27590138
6369,0.95417559
6370,0.31103654
6371,0.04055661
6372,0.00641236
6373,0.43589791
6374,0.03684726
6375,0.40235941
6376,0.49463557
6377,0.16210642
6378,0.02229049
6379,0.01744801
6380,0.00934407
6381,0.25131250
6382,0.03901453
6383,0.02540041
6384,0.05041723
6385,0.99720643
6386,0.11110288
6387,0.02917839
6388,0.88925752
6389,0.71873149
6390,0.82058418
6391,0.90888818
6392,0.06824749
6393,0.02572522
6394,0.01143846
6395,0.84311068
6396,0.21759126
6397,0.98269979
6398,0.94688144
6399,0.95171942
6400,0.90603568
6401,0.97862500
6402,0.92371169
6403,0.00384774
6404,0.00549045
6405,0.50593792
6406,0.95632563
6407,0.91450317
6408,0.34317232
6409,0.74709677
6410,0.03268178
6411,0.18336050
6412,0.17480709
6413,0.96211156
6414,0.00255017
6415,0.97945320
6416,0.09282933
6417,0.61323388
6418,0.03565209
6419,0.07770313
6420,0.23373807
6421,0.06637947
6422,0.03036918
6423,0.09793108
6424,0.89843429
6425,0.61540426
6426,0.14992293
6427,0.16061932
6428,0.11616500
6429,0.96087127
6430,0.98341389
6431,0.09780908
6432,0.08341221
6433,0.00355627
6434,0.05891466
6435,0.04747655
6436,0.11010814
6437,0.97319799
6438,0.06851323
6439,0.06143118
6440,0.03354038
6441,0.01975449
6442,0.02263343
6443,0.01254950
6444,0.93137734
6445,0.96360788
6446,0.16256463
6447,0.03205350
6448,0.01102608
6449,0.64406802
6450,0.03345382
6451,0.71900892
6452,0.12701745
6453,0.01350345
6454,0.14874935
6455,0.11726290
6456,0.84280240
6457,0.03939174
6458,0.72501358
6459,0.01238229
6460,0.02045971
6461,0.05509818
6462,0.03755854
6463,0.00598363
6464,0.97291490
6465,0.52339344
6466,0.07950408
6467,0.36991085
6468,0.03517297
6469,0.97606175
6470,0.92989484
6471,0.35779587
6472,0.12362884
6473,0.04621245
6474,0.32431235
6475,0.07051823
6476,0.18472984
6477,0.00995977
6478,0.09578865
6479,0.78063744
6480,0.00887729
6481,0.01874235
6482,0.68858687
6483,0.06413206
6484,0.10295368
6485,0.12417818
6486,0.44102296
6487,0.01873209
6488,0.06818173
6489,0.01180717
6490,0.36391190
6491,0.24707453
6492,0.97597895
6493,0.02939378
6494,0.10021572
6495,0.11041385
6496,0.05553873
6497,0.93646003
6498,0.88134939
6499,0.39712095
6500,0.99716029
6501,0.99545639
6502,0.00778112
6503,0.95599190
6504,0.00933295
6505,0.81872929
6506,0.99659390
6507,0.14468237
6508,0.06078788
6509,0.07650054
6510,0.10054119
6511,0.98286332
6512,0.04757196
6513,0.94232159
6514,0.00994908
6515,0.05831734
6516,0.00539411
6517,0.03709560
6518,0.08230840
6519,0.17269546
6520,0.93275253
6521,0.10627083
6522,0.00362123
6523,0.44969531
6524,0.09880589
6525,0.22452098
6526,0.09172306
6527,0.00814089
6528,0.01030307
6529,0.02474041
6530,0.01055966
6531,0.96665748
6532,0.35486374
6533,0.40811249
6534,0.81052853
6535,0.11242009
6536,0.82301647
6537,0.03394945
6538,0.01119155
6539,0.11309831
6540,0.03985329
6541,0.93124047
6542,0.01292206
6543,0.02888808
6544,0.03082933
6545,0.11963155
6546,0.07155459
6547,0.89625327
6548,0.13340547
6549,0.98728767
6550,0.05976275
6551,0.10530737
6552,0.67597427
6553,0.06943963
6554,0.07167333
6555,0.50891051
6556,0.98450626
6557,0.44895675
6558,0.95919370
6559,0.44161887
6560,0.83581780
6561,0.26938886
6562,0.71049800
6563,0.95434284
6564,0.01330446
6565,0.58949091
6566,0.97661642
6567,0.24721551
6568,0.27489986
6569,0.58039006
6570,0.05345963
6571,0.02567951
6572,0.03187620
6573,0.98231806
6574,0.04889519
6575,0.75179498
6576,0.06993588
6577,0.05966502
6578,0.06957946
6579,0.17437846
6580,0.00543966
6581,0.00531928
6582,0.14899358
6583,0.21203426
6584,0.73293554
6585,0.07921114
6586,0.52976651
6587,0.84436821
6588,0.00694337
6589,0.07077769
6590,0.02552762
6591,0.03113445
6592,0.03446165
6593,0.10241696
6594,0.14932183
6595,0.66068265
6596,0.05343047
6597,0.01464365
6598,0.18005309
6599,0.87620694
6600,0.24262280
6601,0.56360376
6602,0.03133097
6603,0.40504478
6604,0.01156218
6605,0.02735136
6606,0.68224621
6607,0.01624800
6608,0.86285413
6609,0.00939857
6610,0.03443969
6611,0.06412559
6612,0.96916237
6613,0.04199560
6614,0.27451328
6615,0.09583816
6616,0.02072880
6617,0.01729723
6618,0.96217673
6619,0.04331068
6620,0.22597640
6621,0.99675706
6622,0.80610292
6623,0.00539932
6624,0.04399832
6625,0.08894449
6626,0.08662573
6627,0.03373109
6628,0.01184971
6629,0.03158504
6630,0.15205995
6631,0.03194310
6632,0.02837834
6633,0.12518118
6634,0.03034853
6635,0.28555970
6636,0.02046261
6637,0.06276378
6638,0.05932864
6639,0.96206266
6640,0.01699242
6641,0.05743793
6642,0.94901184
6643,0.11897004
6644,0.23149152
6645,0.19072542
6646,0.88739801
6647,0.18452127
6648,0.91051959
6649,0.93950791
6650,0.20176043
6651,0.94352202
6652,0.39330327
6653,0.20771799
6654,0.10666980
6655,0.08852913
6656,0.00471990
6657,0.83234407
6658,0.05741936
6659,0.96715269
6660,0.03003110
6661,0.17940637
6662,0.97144474
6663,0.02604079
6664,0.05141810
6665,0.91535276
6666,0.08425615
6667,0.44436131
6668,0.02147343
6669,0.15310282
6670,0.11191227
6671,0.95903315
6672,0.03565805
6673,0.00650318
6674,0.06942793
6675,0.67136274
6676,0.33296565
6677,0.02451388
6678,0.12689662
6679,0.07496761
6680,0.21852037
6681,0.31195452
6682,0.04007493
6683,0.18297589
6684,0.07545718
6685,0.95615861
6686,0.75964400
6687,0.00484041
6688,0.00651691
6689,0.93931219
6690,0.98006497
6691,0.99720915
6692,0.01746179
6693,0.40406756
6694,0.04639287
6695,0.96103933
6696,0.08797167
6697,0.04706622
6698,0.97034533
6699,0.83405885
6700,0.36267582
6701,0.01664340
6702,0.93673064
6703,0.89612744
6704,0.11521966
6705,0.97138072
6706,0.02283577
6707,0.02995184
6708,0.03640360
6709,0.25332191
6710,0.10254573
6711,0.05476106
6712,0.01167138
6713,0.41239017
6714,0.97007000
6715,0.02639056
6716,0.02736171
6717,0.67221413
6718,0.97337420
6719,0.05644509
6720,0.00574771
6721,0.00390151
6722,0.50610231
6723,0.06321154
6724,0.01215407
6725,0.99711252
6726,0.89107560
6727,0.95434566
6728,0.05312307
6729,0.94894734
6730,0.23770871
6731,0.17678492
6732,0.13230808
6733,0.94243652
6734,0.01415591
6735,0.99535218
6736,0.37256801
6737,0.99721363
6738,0.97957290
6739,0.00847500
6740,0.00812637
6741,0.00711413
6742,0.17084008
6743,0.07581963
6744,0.04968159
6745,0.00473560
6746,0.71229070
6747,0.51592736
6748,0.91162291
6749,0.10105907
6750,0.96744362
6751,0.17483942
6752,0.01833441
6753,0.29773939
6754,0.00789618
6755,0.16816067
6756,0.97104282
6757,0.07156558
6758,0.76613315
6759,0.03385680
6760,0.10712290
6761,0.02346005
6762,0.95271514
6763,0.00991307
6764,0.05518223
6765,0.14719695
6766,0.88723166
6767,0.98384977
6768,0.92811203
6769,0.04252041
6770,0.01961506
6771,0.04994583
6772,0.97317557
6773,0.02783071
6774,0.01270331
6775,0.04467647
6776,0.15202966
6777,0.05497382
6778,0.05443640
6779,0.14273748
6780,0.92313876
6781,0.01578563
6782,0.14987459
6783,0.11074922
6784,0.00662861
6785,0.75163290
6786,0.73067925
6787,0.86344835
6788,0.88011024
6789,0.10813130
6790,0.01436995
6791,0.76025861
6792,0.97516555
6793,0.14353056
6794,0.32707521
6795,0.96449913
6796,0.68264935
6797,0.09080497
6798,0.27149843
6799,0.02497758
6800,0.78160243
6801,0.71619687
6802,0.34253950
6803,0.06250230
6804,0.61889396
6805,0.00391701
6806,0.70980602
6807,0.00934880
6808,0.03298186
6809,0.09144447
6810,0.88774764
6811,0.02916106
6812,0.02442995
6813,0.91169680
6814,0.03634833
6815,0.21719077
6816,0.04070923
6817,0.01851351
6818,0.97323524
6819,0.01035060
6820,0.03832815
6821,0.95676574
6822,0.00885105
6823,0.13765528
6824,0.01819430
6825,0.02762683
6826,0.05960995
6827,0.00336421
6828,0.95250542
6829,0.00313219
6830,0.98458110
6831,0.05262725
6832,0.01802529
6833,0.09785634
6834,0.02828108
6835,0.60221632
6836,0.58201285
6837,0.99657157
6838,0.34894702
6839,0.10963341
6840,0.76044871
6841,0.05694185
6842,0.90072188
6843,0.00458680
6844,0.08020307
6845,0.98485470
6846,0.17989098
6847,0.01499051
6848,0.85386974
6849,0.02681811
6850,0.01572519
6851,0.40102163
6852,0.19348541
6853,0.81857111
6854,0.04937998
6855,0.03826445
6856,0.08744218
6857,0.86093049
6858,0.95497564
6859,0.95186119
6860,0.93466114
6861,0.02419061
6862,0.09605048
6863,0.03365911
6864,0.07371244
6865,0.00845915
6866,0.17469448
6867,0.66397489
6868,0.89135608
6869,0.24704577
6870,0.64522667
6871,0.93989568
6872,0.02025719
6873,0.05742372
6874,0.07859706
6875,0.17175093
6876,0.96411882
6877,0.86486926
6878,0.01483486
6879,0.02559598
6880,0.06370884
6881,0.36530231
6882,0.94173894
6883,0.39684554
6884,0.12198359
6885,0.04220924
6886,0.98813644
6887,0.91974548
6888,0.76051065
6889,0.21166131
6890,0.94289970
6891,0.04989391
6892,0.01175013
6893,0.03931995
6894,0.18073963
6895,0.05709851
6896,0.99766934
6897,0.07361428
6898,0.97234463
6899,0.02675329
6900,0.55183264
6901,0.00941135
6902,0.05656607
6903,0.04269726
6904,0.04747149
6905,0.98223532
6906,0.91295033
6907,0.10146481
6908,0.06129056
6909,0.00538735
6910,0.78345987
6911,0.01249028
6912,0.96526237
6913,0.96893297
6914,0.00988972
6915,0.03685865
6916,0.97284792
6917,0.33671455
6918,0.86783637
6919,0.01767433
6920,0.05425894
6921,0.51276269
6922,0.00821478
6923,0.04505165
6924,0.03569909
6925,0.01558733
6926,0.74535847
6927,0.00765753
6928,0.00955177
6929,0.01285175
6930,0.41334872
6931,0.08324670
6932,0.06938898
6933,0.80042593
6934,0.08140358
6935,0.20395715
6936,0.01117673
6937,0.00802225
6938,0.17157174
6939,0.06031084
6940,0.96119036
6941,0.00769058
6942,0.81627043
6943,0.07172866
6944,0.94985791
6945,0.59057836
6946,0.00517650
6947,0.89938594
6948,0.01684269
6949,0.11258071
6950,0.93081420
6951,0.66004344
6952,0.04475201
6953,0.00545137
6954,0.01520493
6955,0.94166977
6956,0.04320305
6957,0.99727171
6958,0.96691596
6959,0.05159370
6960,0.06776655
6961,0.14628375
6962,0.69021936
6963,0.03955034
6964,0.70227524
6965,0.00831351
6966,0.04677916
6967,0.01629593
6968,0.98231900
6969,0.99355756
6970,0.00384313
6971,0.00784877
6972,0.10485449
6973,0.01903667
6974,0.37272738
6975,0.11733134
6976,0.01892774
6977,0.08389619
6978,0.02047648
6979,0.02985077
6980,0.50170897
6981,0.09750404
6982,0.99777884
6983,0.29980796
6984,0.03009015
6985,0.37201391
6986,0.91383362
6987,0.12270987
6988,0.03970527
6989,0.00890434
6990,0.00926147
6991,0.00799572
6992,0.04190700
6993,0.85122750
6994,0.83104811
6995,0.03742109
6996,0.57258814
6997,0.92693217
6998,0.00897400
6999,0.06647394
7000,0.44217938
7001,0.15162559
7002,0.09087882
7003,0.11289768
7004,0.00480221
7005,0.07381178
7006,0.01178999
7007,0.96614927
7008,0.08926872
7009,0.03814605
7010,0.16785655
7011,0.91027927
7012,0.00612391
7013,0.46799740
7014,0.77724002
7015,0.00438095
7016,0.95318241
7017,0.04715569
7018,0.28268770
7019,0.01571784
7020,0.04181363
7021,0.01133043
7022,0.38248033
7023,0.15227628
7024,0.80172466
7025,0.04668067
7026,0.02189493
7027,0.01859866
7028,0.05765807
7029,0.04106098
7030,0.22146874
7031,0.94100430
7032,0.01169536
7033,0.83163488
7034,0.12523862
7035,0.28437759
7036,0.78821694
7037,0.96873993
7038,0.02003155
7039,0.00470820
7040,0.08174280
7041,0.95989940
7042,0.01070891
7043,0.67209745
7044,0.04718464
7045,0.24679656
7046,0.59058062
7047,0.90807676
7048,0.93101963
7049,0.18668624
7050,0.14995704
7051,0.02495549
7052,0.03486044
7053,0.14273955
7054,0.02005087
7055,0.12922328
7056,0.15522788
7057,0.24226187
7058,0.59526348
7059,0.04018866
7060,0.02387844
7061,0.86128265
7062,0.95102339
7063,0.06464961
7064,0.02741959
7065,0.16011349
7066,0.19597371
7067,0.03672880
7068,0.08441035
7069,0.96812529
7070,0.98404154
7071,0.06684901
7072,0.00666562
7073,0.05573237
7074,0.08816490
7075,0.99713881
7076,0.46007563
7077,0.97790617
7078,0.96147699
7079,0.62562825
7080,0.05505066
7081,0.22551770
7082,0.03883065
7083,0.69339674
7084,0.07122103
7085,0.49770072
7086,0.26637634
7087,0.01953531
7088,0.01799230
7089,0.95768956
7090,0.12781216
7091,0.20938682
7092,0.02013057
7093,0.60601603
7094,0.78485443
7095,0.45121175
7096,0.22665722
7097,0.02252933
7098,0.97598508
7099,0.00695233
7100,0.99659140
7101,0.83270639
7102,0.46531861
7103,0.99698180
7104,0.00820847
7105,0.03499927
7106,0.01319993
7107,0.12608140
7108,0.10859311
7109,0.00439442
7110,0.00446712
7111,0.31010379
7112,0.26005688
7113,0.19877232
7114,0.98119610
7115,0.07412692
7116,0.03092930
7117,0.48397757
7118,0.02982210
7119,0.36424367
7120,0.14930973
7121,0.02452951
7122,0.03382501
7123,0.05393460
7124,0.83404491
7125,0.06731639
7126,0.48505911
7127,0.13012575
7128,0.14641153
7129,0.87810808
7130,0.04120747
7131,0.96662407
7132,0.41711952
7133,0.01407041
7134,0.95249160
7135,0.34826135
7136,0.05209093
7137,0.15153935
7138,0.72540593
7139,0.04647200
7140,0.05432485
7141,0.01119793
7142,0.06585505
7143,0.00510015
7144,0.95811835
7145,0.14649573
7146,0.03358706
7147,0.00446487
7148,0.99656246
7149,0.07102896
7150,0.03405315
7151,0.00754741
7152,0.08238614
7153,0.39501905
7154,0.05803125
7155,0.17245699
7156,0.00702861
7157,0.03816106
7158,0.01612614
7159,0.03833736
7160,0.06148325
7161,0.96049601
7162,0.00347982
7163,0.93632002
7164,0.99653954
7165,0.01862008
7166,0.07007578
7167,0.46314484
7168,0.98282963
7169,0.13307879
7170,0.98129147
7171,0.44012368
7172,0.96770407
7173,0.94276072
7174,0.01735607
7175,0.06667060
7176,0.43644133
7177,0.91791919
7178,0.58909407
7179,0.00705583
7180,0.03850686
7181,0.19920128
7182,0.07222639
7183,0.91620509
7184,0.01660926
7185,0.35080630
7186,0.83617792
7187,0.04186067
7188,0.67336914
7189,0.71872329
7190,0.03071482
7191,0.12515530
7192,0.03088869
7193,0.55045871
7194,0.03143098
7195,0.98427282
7196,0.02478574
7197,0.01309965
7198,0.02834326
7199,0.16036973
7200,0.05185715
7201,0.03966978
7202,0.23008676
7203,0.02233986
7204,0.13515484
7205,0.09078934
7206,0.88443437
7207,0.97708412
7208,0.60971888
7209,0.74787487
7210,0.89206419
7211,0.01142337
7212,0.18960225
7213,0.98190972
7214,0.07169487
7215,0.04880356
7216,0.02274345
7217,0.26152865
7218,0.09805349
7219,0.00569028
7220,0.50781584
7221,0.40077936
7222,0.00346819
7223,0.97346444
7224,0.96346537
7225,0.12994806
7226,0.02299431
7227,0.01483961
7228,0.14939025
7229,0.10081562
7230,0.94004330
7231,0.05517990
7232,0.33667988
7233,0.05940173
7234,0.97952174
7235,0.07676581
7236,0.04078138
7237,0.27298176
7238,0.61734743
7239,0.41167120
7240,0.00357561
7241,0.30522695
7242,0.22799928
7243,0.02172678
7244,0.94215771
7245,0.09187907
7246,0.05388632
7247,0.07901216
7248,0.95940388
7249,0.24327720
7250,0.00763340
7251,0.54148932
7252,0.30169795
7253,0.21700922
7254,0.16303375
7255,0.17598403
7256,0.55203710
7257,0.70202097
7258,0.12413637
7259,0.05281745
7260,0.78246939
7261,0.96916806
7262,0.04647115
7263,0.94153030
7264,0.03207621
7265,0.19346318
7266,0.04886598
7267,0.02029648
7268,0.00875007
7269,0.08519471
7270,0.02502334
7271,0.02701344
7272,0.33110236
7273,0.10531540
7274,0.00612732
7275,0.93681062
7276,0.00286999
7277,0.05696869
7278,0.21336358
7279,0.06127910
7280,0.06726160
7281,0.84393664
7282,0.96961536
7283,0.05708550
7284,0.29068250
7285,0.12537140
7286,0.19063467
7287,0.00573862
7288,0.92418454
7289,0.93943466
7290,0.02051881
7291,0.12559658
7292,0.08501714
7293,0.54635687
7294,0.17051979
7295,0.04691488
7296,0.01252234
7297,0.46727257
7298,0.90763622
7299,0.72800131
7300,0.31784312
7301,0.92187442
7302,0.96127064
7303,0.33358184
7304,0.03947736
7305,0.12102368
7306,0.13045307
7307,0.08621107
7308,0.02002529
7309,0.00345949
7310,0.08982261
7311,0.96007719
7312,0.02345368
7313,0.65000718
7314,0.03408384
7315,0.01266503
7316,0.06605980
7317,0.09367103
7318,0.10087638
7319,0.71642992
7320,0.02101630
7321,0.93455089
7322,0.00455121
7323,0.03438222
7324,0.90043981
7325,0.02986002
7326,0.04605551
7327,0.41848438
7328,0.95647452
7329,0.00319509
7330,0.97654654
7331,0.07817634
7332,0.02522584
7333,0.08134058
7334,0.09900289
7335,0.07011830
7336,0.21807751
7337,0.02849421
7338,0.04744842
7339,0.05153247
7340,0.06314125
7341,0.50709825
7342,0.02426017
7343,0.97210547
7344,0.04084796
7345,0.02039109
7346,0.85431022
7347,0.19162373
7348,0.00808414
7349,0.96239124
7350,0.50521899
7351,0.99698283
7352,0.45091945
7353,0.05985823
7354,0.16895699
7355,0.03519918
7356,0.88266596
7357,0.00679116
7358,0.04471876
7359,0.16215339
7360,0.09070180
7361,0.01365287
7362,0.02549108
7363,0.76365064
7364,0.02046522
7365,0.03713936
7366,0.01584133
7367,0.36229452
7368,0.04055599
7369,0.01605075
7370,0.12779229
7371,0.03354925
7372,0.02854322
7373,0.03336138
7374,0.67843706
7375,0.97025612
7376,0.24614217
7377,0.00445764
7378,0.91228268
7379,0.89385876
7380,0.39152430
7381,0.00539882
7382,0.03556555
7383,0.00633887
7384,0.02307124
7385,0.98351741
7386,0.06271624
7387,0.97027635
7388,0.00315008
7389,0.91754934
7390,0.60850285
7391,0.07672216
7392,0.06682545
7393,0.02415334
7394,0.01567673
7395,0.85724564
7396,0.99676274
7397,0.01276452
7398,0.15060085
7399,0.02110012
7400,0.01069197
7401,0.02584938
7402,0.00773200
7403,0.26024889
7404,0.01202931
7405,0.15163663
7406,0.93556926
7407,0.00982097
7408,0.12742591
7409,0.02099325
7410,0.14107990
7411,0.12455101
7412,0.99592021
7413,0.16700392
7414,0.02361843
7415,0.99706114
7416,0.52519093
7417,0.78755237
7418,0.01109692
7419,0.83757137
7420,0.89610314
7421,0.81616989
7422,0.07159399
7423,0.43932119
7424,0.07895651
7425,0.13830790
7426,0.03266650
7427,0.97556514
7428,0.19013462
7429,0.85510872
7430,0.95295306
7431,0.03333527
7432,0.01561869
7433,0.30755010
7434,0.30335720
7435,0.58455657
7436,0.93075412
7437,0.07135313
7438,0.94858576
7439,0.03694785
7440,0.00435514
7441,0.89560480
7442,0.02873200
7443,0.08530464
7444,0.06892634
7445,0.95827949
7446,0.25440146
7447,0.96191105
7448,0.42372284
7449,0.63618490
7450,0.25148084
7451,0.21974934
7452,0.01668738
7453,0.96085687
7454,0.01544995
7455,0.17245259
7456,0.12041831
7457,0.03161615
7458,0.03801427
7459,0.21949554
7460,0.03460284
7461,0.05650178
7462,0.72208393
7463,0.24903717
7464,0.08459995
7465,0.00977202
7466,0.00480504
7467,0.78090554
7468,0.25666866
7469,0.03255059
7470,0.17617819
7471,0.76830921
7472,0.24402209
7473,0.02328780
7474,0.01348075
7475,0.05815038
7476,0.00594961
7477,0.04514612
7478,0.00586614
7479,0.01448426
7480,0.68840562
7481,0.08026973
7482,0.00514544
7483,0.99678946
7484,0.01531333
7485,0.01567675
7486,0.20455116
7487,0.14723920
7488,0.04866490
7489,0.06864706
7490,0.00430035
7491,0.19383041
7492,0.07937195
7493,0.06328605
7494,0.01925314
7495,0.01939742
7496,0.11521550
7497,0.03077176
7498,0.06836217
7499,0.00689036
7500,0.07309953
7501,0.30601557
7502,0.38618972
7503,0.90262421
7504,0.01452790
7505,0.07740444
7506,0.02716412
7507,0.03825726
7508,0.75434248
7509,0.29466263
7510,0.93316539
7511,0.05478034
7512,0.11602742
7513,0.00411270
7514,0.04182014
7515,0.26444899
7516,0.06531440
7517,0.01202174
7518,0.01700524
7519,0.96264647
7520,0.06285701
7521,0.00840769
7522,0.01345896
7523,0.93894306
7524,0.19742630
7525,0.96508237
7526,0.00905311
7527,0.99756430
7528,0.12511105
7529,0.09030131
7530,0.07866431
7531,0.01286690
7532,0.96517669
7533,0.12430741
7534,0.01864024
7535,0.88107296
7536,0.86288389
7537,0.18164823
7538,0.00725435
7539,0.01572065
7540,0.60828455
7541,0.02849045
7542,0.90140776
7543,0.12696662
7544,0.04426247
7545,0.90858125
7546,0.99739988
7547,0.09762653
7548,0.11698405
7549,0.23215039
7550,0.05755046
7551,0.96883654
7552,0.28322206
7553,0.27108394
7554,0.30032097
7555,0.91321635
7556,0.18914050
7557,0.01146399
7558,0.22646732
7559,0.13777323
7560,0.63684596
7561,0.21862416
7562,0.06053600
7563,0.04637589
7564,0.37013406
7565,0.07186300
7566,0.48217171
7567,0.80471793
7568,0.06040162
7569,0.97778769
7570,0.12930857
7571,0.01244956
7572,0.05155767
7573,0.01428125
7574,0.02084133
7575,0.16321391
7576,0.01475273
7577,0.17389616
7578,0.02208448
7579,0.84717056
7580,0.97846830
7581,0.16812923
7582,0.53436023
7583,0.93103635
7584,0.01354280
7585,0.53499302
7586,0.10067113
7587,0.88199756
7588,0.00678500
7589,0.95114663
7590,0.34777584
7591,0.08790411
7592,0.01920467
7593,0.02388716
7594,0.05553978
7595,0.99298577
7596,0.01542035
7597,0.77061568
7598,0.54368172
7599,0.04725762
7600,0.02347475
7601,0.01053665
7602,0.02245592
7603,0.90667531
7604,0.04161291
7605,0.17509227
7606,0.83479733
7607,0.24917036
7608,0.03142142
7609,0.00603498
7610,0.14932975
7611,0.01389571
7612,0.06629457
7613,0.05322403
7614,0.10114961
7615,0.77146773
7616,0.42629744
7617,0.03087546
7618,0.37324640
7619,0.17339576
7620,0.02451888
7621,0.11875453
7622,0.95471108
7623,0.98352039
7624,0.05464846
7625,0.07822201
7626,0.19173169
7627,0.97545350
7628,0.91025819
7629,0.14272739
7630,0.96869212
7631,0.05247359
7632,0.24425050
7633,0.39778438
7634,0.00788513
7635,0.44340369
7636,0.32963050
7637,0.53842921
7638,0.95596382
7639,0.00677317
7640,0.05195244
7641,0.13524639
7642,0.11807848
7643,0.06822421
7644,0.00661852
7645,0.22902482
7646,0.04310008
7647,0.07520603
7648,0.00533381
7649,0.03358096
7650,0.97211082
7651,0.97689445
7652,0.52702596
7653,0.01598736
7654,0.04750320
7655,0.97581208
7656,0.54903295
7657,0.53577910
7658,0.08577418
7659,0.45484710
7660,0.12828429
7661,0.04426966
7662,0.02898997
7663,0.25614987
7664,0.67831338
7665,0.00557572
7666,0.01942569
7667,0.04277469
7668,0.01949992
7669,0.09735255
7670,0.21806776
7671,0.73971160
7672,0.89360755
7673,0.92753507
7674,0.08296119
7675,0.21310817
7676,0.12124987
7677,0.12739020
7678,0.53253430
7679,0.03400155
7680,0.00587902
7681,0.00655867
7682,0.00806552
7683,0.90588495
7684,0.02134055
7685,0.94533864
7686,0.99648501
7687,0.01039584
7688,0.07933991
7689,0.88041883
7690,0.02803817
7691,0.02495035
7692,0.20257385
7693,0.20598623
7694,0.48931613
7695,0.00609507
7696,0.20262600
7697,0.49889733
7698,0.00654132
7699,0.09089701
7700,0.02196838
7701,0.10558972
7702,0.31910054
7703,0.95883457
7704,0.87533966
7705,0.00756809
7706,0.17054980
7707,0.36002349
7708,0.03514730
7709,0.04273854
7710,0.02151095
7711,0.07371005
7712,0.01198866
7713,0.52532305
7714,0.00692306
7715,0.35461802
7716,0.00464588
7717,0.05464871
7718,0.45212946
7719,0.87991863
7720,0.19313873
7721,0.03914414
7722,0.08257517
7723,0.27378852
7724,0.04147230
7725,0.03302398
7726,0.56685986
7727,0.95659926
7728,0.03059620
7729,0.75445585
7730,0.73011095
7731,0.15586651
7732,0.98335242
7733,0.01646374
7734,0.04709105
7735,0.07593102
7736,0.01454567
7737,0.26565685
7738,0.16936508
7739,0.12349554
7740,0.98657698
7741,0.99669609
7742,0.01903297
7743,0.36356722
7744,0.96104555
7745,0.94815331
7746,0.06816634
7747,0.86916438
7748,0.29550794
7749,0.37288898
7750,0.02927271
7751,0.05761142
7752,0.96686557
7753,0.17698153
7754,0.02133871
7755,0.50351997
7756,0.48369173
7757,0.09740535
7758,0.80788898
7759,0.10470041
7760,0.06116522
7761,0.56389906
7762,0.09614786
7763,0.22955580
7764,0.06457126
7765,0.07370669
7766,0.00749789
7767,0.06318168
7768,0.99628335
7769,0.80034127
7770,0.61620791
7771,0.27492317
7772,0.01704987
7773,0.17495304
7774,0.92160695
7775,0.76039861
7776,0.02572226
7777,0.18648829
7778,0.97782466
7779,0.87831378
7780,0.08617249
7781,0.11990471
7782,0.85690806
7783,0.07318055
7784,0.09404297
7785,0.99686195
7786,0.88409570
7787,0.94085525
7788,0.97164031
7789,0.27218283
7790,0.95261921
7791,0.99301033
7792,0.92972311
7793,0.22428135
7794,0.97257956
7795,0.68427045
7796,0.04844776
7797,0.03082355
7798,0.04060779
7799,0.99775543
7800,0.43381000
7801,0.42732010
7802,0.01625661
7803,0.00577750
7804,0.01199802
7805,0.12161910
7806,0.87107395
7807,0.93205598
7808,0.65485114
7809,0.01933008
7810,0.97061332
7811,0.95805158
7812,0.05373429
7813,0.93065452
7814,0.98201494
7815,0.31992995
7816,0.32001082
7817,0.00678348
7818,0.00459712
7819,0.10862384
7820,0.03607558
7821,0.00529886
7822,0.11605981
7823,0.97050161
7824,0.00850282
7825,0.95276267
7826,0.52516859
7827,0.14777869
7828,0.98418038
7829,0.80771480
7830,0.38344403
7831,0.92667471
7832,0.08398243
7833,0.99810295
7834,0.00625775
7835,0.05700788
7836,0.96719975
7837,0.02227365
7838,0.02161910
7839,0.03996866
7840,0.96704048
7841,0.03373905
7842,0.15284221
7843,0.04635935
7844,0.87589443
7845,0.01096354
7846,0.76869183
7847,0.00439006
7848,0.51846317
7849,0.85562512
7850,0.15241355
7851,0.00532573
7852,0.72176408
7853,0.01111357
7854,0.18450835
7855,0.95129229
7856,0.03199123
7857,0.05000488
7858,0.02579871
7859,0.97504357
7860,0.30932312
7861,0.42669659
7862,0.15506811
7863,0.06431792
7864,0.06825992
7865,0.02477640
7866,0.93422370
7867,0.01199292
7868,0.71741302
7869,0.79126443
7870,0.40322385
7871,0.05740882
7872,0.25896406
7873,0.97116762
7874,0.96238753
7875,0.02752633
7876,0.13814798
7877,0.87862305
7878,0.99708943
7879,0.92191499
7880,0.98866123
7881,0.34495250
7882,0.97847118
7883,0.44458248
7884,0.01026701
7885,0.06150857
7886,0.00798192
7887,0.03005269
7888,0.95472154
7889,0.02194566
7890,0.91686907
7891,0.03705744
7892,0.26311687
7893,0.61326373
7894,0.00345079
7895,0.20611807
7896,0.02436671
7897,0.07090452
7898,0.06788880
7899,0.11188799
7900,0.34383281
7901,0.12435704
7902,0.02403750
7903,0.79339993
7904,0.00715566
7905,0.09479686
7906,0.37319615
7907,0.62365383
7908,0.59862878
7909,0.12083803
7910,0.02329149
7911,0.99002515
7912,0.03385153
7913,0.01650077
7914,0.01481910
7915,0.87048326
7916,0.03109794
7917,0.81963612
7918,0.08647715
7919,0.14735252
7920,0.94092209
7921,0.13124420
7922,0.03398554
7923,0.01255934
7924,0.02626863
7925,0.16610904
7926,0.15600419
7927,0.12023854
7928,0.22400372
7929,0.10381932
7930,0.84908174
7931,0.01330131
7932,0.01947023
7933,0.04984988
7934,0.00736997
7935,0.49464991
7936,0.07671294
7937,0.32201458
7938,0.18117324
7939,0.05750166
7940,0.28286671
7941,0.01662220
7942,0.01156289
7943,0.27491957
7944,0.04021779
7945,0.00707366
7946,0.38950332
7947,0.10307971
7948,0.13414950
7949,0.93555409
7950,0.07284803
7951,0.91381474
7952,0.89081779
7953,0.59227100
7954,0.13860698
7955,0.22580176
7956,0.12844135
7957,0.03226202
7958,0.47091948
7959,0.05290914
7960,0.03367061
7961,0.09255339
7962,0.01999525
7963,0.56870298
7964,0.22687059
7965,0.06292167
7966,0.94512464
7967,0.02041128
7968,0.76080107
7969,0.01141918
7970,0.99341097
7971,0.00335125
7972,0.01146803
7973,0.01625981
7974,0.00591647
7975,0.28751881
7976,0.73492038
7977,0.02165879
7978,0.87912220
7979,0.03211260
7980,0.81111352
7981,0.07626734
7982,0.05072554
7983,0.23770683
7984,0.01004108
7985,0.01393077
7986,0.03432491
7987,0.06658817
7988,0.07782352
7989,0.00923844
7990,0.30943619
7991,0.97509345
7992,0.30280393
7993,0.24556996
7994,0.93483135
7995,0.02747028
7996,0.58595881
7997,0.95914649
7998,0.09124798
7999,0.97128074
8000,0.00764927
8001,0.02064081
8002,0.82458586
8003,0.05302704
8004,0.10409425
8005,0.11896513
8006,0.16195545
8007,0.11844117
8008,0.36221715
8009,0.00857889
8010,0.10965085
8011,0.26800551
8012,0.30984335
8013,0.18371969
8014,0.98009691
8015,0.13262900
8016,0.05441550
8017,0.16761465
8018,0.72456816
8019,0.02366565
8020,0.00393269
8021,0.03182959
8022,0.08269839
8023,0.10969744
8024,0.84751169
8025,0.01537480
8026,0.87615383
8027,0.00736327
8028,0.31574999
8029,0.17998882
8030,0.25457605
8031,0.80799985
8032,0.03499166
8033,0.00620364
8034,0.18985257
8035,0.24301913
8036,0.00730612
8037,0.01676050
8038,0.04026180
8039,0.00693140
8040,0.00807687
8041,0.05503774
8042,0.78154862
8043,0.77234718
8044,0.02359091
8045,0.06297978
8046,0.02596532
8047,0.27891132
8048,0.99679164
8049,0.03811269
8050,0.28037091
8051,0.92758774
8052,0.00817799
8053,0.97609573
8054,0.00926776
8055,0.08852904
8056,0.97776118
8057,0.96949176
8058,0.10328138
8059,0.05673408
8060,0.00239505
8061,0.04116578
8062,0.58726427
8063,0.02273964
8064,0.21528929
8065,0.54492172
8066,0.26502972
8067,0.74442551
8068,0.02592491
8069,0.12557646
8070,0.48366715
8071,0.93569003
8072,0.20717415
8073,0.97087121
8074,0.88978820
8075,0.00742353
8076,0.98455311
8077,0.97841305
8078,0.09645302
8079,0.98221555
8080,0.10738760
8081,0.11580759
8082,0.00945488
8083,0.91773059
8084,0.00365237
8085,0.62144228
8086,0.01462932
8087,0.01061960
8088,0.05615352
8089,0.92643969
8090,0.04104704
8091,0.99336826
8092,0.96541345
8093,0.06531111
8094,0.71358589
8095,0.02129109
8096,0.99175451
8097,0.01734379
8098,0.00534655
8099,0.67981447
8100,0.11214500
8101,0.19038521
8102,0.00485668
8103,0.00933849
8104,0.95345233
8105,0.23660761
8106,0.00417990
8107,0.22121173
8108,0.75452593
8109,0.82150809
8110,0.16526734
8111,0.00974495
8112,0.94098570
8113,0.06154238
8114,0.02872453
8115,0.08268324
8116,0.97715169
8117,0.85552488
8118,0.19933600
8119,0.04971520
8120,0.05862717
8121,0.00493178
8122,0.97615643
8123,0.03161965
8124,0.12496009
8125,0.02188385
8126,0.51094814
8127,0.96956836
8128,0.15056701
8129,0.02047210
8130,0.63776081
8131,0.10814883
8132,0.00964108
8133,0.05537701
8134,0.95393855
8135,0.72820610
8136,0.11349902
8137,0.05669099
8138,0.00577995
8139,0.04488472
8140,0.00927628
8141,0.03684229
8142,0.38409010
8143,0.12540324
8144,0.14633587
8145,0.38321810
8146,0.02232050
8147,0.16553000
8148,0.09318203
8149,0.42635146
8150,0.03016369
8151,0.98494112
8152,0.76909015
8153,0.02137378
8154,0.08688723
8155,0.20163180
8156,0.04166326
8157,0.04422428
8158,0.16347412
8159,0.00656116
8160,0.67127705
8161,0.20094523
8162,0.01694512
8163,0.01181114
8164,0.33485570
8165,0.01746367
8166,0.10819268
8167,0.97821960
8168,0.08573798
8169,0.89461071
8170,0.23495207
8171,0.04156398
8172,0.31846762
8173,0.71804754
8174,0.06579989
8175,0.81906468
8176,0.11853027
8177,0.09811638
8178,0.58539072
8179,0.08427291
8180,0.00497630
8181,0.16675346
8182,0.95819451
8183,0.43061000
8184,0.02405728
8185,0.05011848
8186,0.36900639
8187,0.62029207
8188,0.97133291
8189,0.21310261
8190,0.15379310
8191,0.04683160
8192,0.95655065
8193,0.04485697
8194,0.02570906
8195,0.03565571
8196,0.96428548
8197,0.20011548
8198,0.49312070
8199,0.04133977
8200,0.44035240
8201,0.15240404
8202,0.01518477
8203,0.14634550
8204,0.72570094
8205,0.07294145
8206,0.05289302
8207,0.15514728
8208,0.98614852
8209,0.76639920
8210,0.34143724
8211,0.04160014
8212,0.00662509
8213,0.00435480
8214,0.87139256
8215,0.13952184
8216,0.06324613
8217,0.51833071
8218,0.25368231
8219,0.00609920
8220,0.07879715
8221,0.96494557
8222,0.02575028
8223,0.18521943
8224,0.19181144
8225,0.37356456
8226,0.24239648
8227,0.01630472
8228,0.02788413
8229,0.00365895
8230,0.25342548
8231,0.02172178
8232,0.99695549
8233,0.03112651
8234,0.36406495
8235,0.90969660
8236,0.98902874
8237,0.01310596
8238,0.01379105
8239,0.02825042
8240,0.92160263
8241,0.99250534
8242,0.01753176
8243,0.09649061
8244,0.11398153
8245,0.15805335
8246,0.12973243
8247,0.98150437
8248,0.31276170
8249,0.34980140
8250,0.40720277
8251,0.10979977
8252,0.25947872
8253,0.27326412
8254,0.27895823
8255,0.90187382
8256,0.16615624
8257,0.00986154
8258,0.63025052
8259,0.35871415
8260,0.00495539
8261,0.01999093
8262,0.23015637
8263,0.08270025
8264,0.00608098
8265,0.05138515
8266,0.22912494
8267,0.96834531
8268,0.06071255
8269,0.49799993
8270,0.03518095
8271,0.26676537
8272,0.12447025
8273,0.11818211
8274,0.09651109
8275,0.96983238
8276,0.10617727
8277,0.24774418
8278,0.10765084
8279,0.11106296
8280,0.15983188
8281,0.00605218
8282,0.03232621
8283,0.99518432
8284,0.27993299
8285,0.94053092
8286,0.03231210
8287,0.02120455
8288,0.85676094
8289,0.49996319
8290,0.02293254
8291,0.02123325
8292,0.00344248
8293,0.20623038
8294,0.51419147
8295,0.42653903
8296,0.02551492
8297,0.86611637
8298,0.41339678
8299,0.98591727
8300,0.02106989
8301,0.01294050
8302,0.03247427
8303,0.03432178
8304,0.06913391
8305,0.01390521
8306,0.56350334
8307,0.97816321
8308,0.00529677
8309,0.23455126
8310,0.13979355
8311,0.97500631
8312,0.87773819
8313,0.25991479
8314,0.08419972
8315,0.98308763
8316,0.76392575
8317,0.03955411
8318,0.01361488
8319,0.02496153
8320,0.01358571
8321,0.01484900
8322,0.51224856
8323,0.09378550
8324,0.01882405
8325,0.00963366
8326,0.43033572
8327,0.02040107
8328,0.03646175
8329,0.21976825
8330,0.98601483
8331,0.24639863
8332,0.29952267
8333,0.00484842
8334,0.69867138
8335,0.91057687
8336,0.64854328
8337,0.08115983
8338,0.00679953
8339,0.08157253
8340,0.05285235
8341,0.22231876
8342,0.96463754
8343,0.05055169
8344,0.96899761
8345,0.01927849
8346,0.91823133
8347,0.16064027
8348,0.16674625
8349,0.18563956
8350,0.23429026
8351,0.02966047
8352,0.95997996
8353,0.63792788
8354,0.00608032
8355,0.91893766
8356,0.04670067
8357,0.27887658
8358,0.12610774
8359,0.77795474
8360,0.98058912
8361,0.26057811
8362,0.94921050
8363,0.13090536
8364,0.99626651
8365,0.73040396
8366,0.01908710
8367,0.41923001
8368,0.79840374
8369,0.01018830
8370,0.09436441
8371,0.76356814
8372,0.09134177
8373,0.54501635
8374,0.20070990
8375,0.22572808
8376,0.10344477
8377,0.01729206
8378,0.23198157
8379,0.01632455
8380,0.51901979
8381,0.57960567
8382,0.99737897
8383,0.01789291
8384,0.00850983
8385,0.05691302
8386,0.89198414
8387,0.98153276
8388,0.18986118
8389,0.09915194
8390,0.00563335
8391,0.06378212
8392,0.00784303
8393,0.70206929
8394,0.47229757
8395,0.19196758
8396,0.09484352
8397,0.99753940
8398,0.96928097
8399,0.09515779
8400,0.16289143
8401,0.65953720
8402,0.91851048
8403,0.65263162
8404,0.03779242
8405,0.89965007
8406,0.15760390
8407,0.96901144
8408,0.00448491
8409,0.02963938
8410,0.04648946
8411,0.12602308
8412,0.07240206
8413,0.08859468
8414,0.03045140
8415,0.33579996
8416,0.00777284
8417,0.06156985
8418,0.01868647
8419,0.81616095
8420,0.01373990
8421,0.99678395
8422,0.04207853
8423,0.26943954
8424,0.00584737
8425,0.58190307
8426,0.99668791
8427,0.41459578
8428,0.96556055
8429,0.09432552
8430,0.02412929
8431,0.49680100
8432,0.01903316
8433,0.85483225
8434,0.18131294
8435,0.05524951
8436,0.87052461
8437,0.82208922
8438,0.02516886
8439,0.08184105
8440,0.02999067
8441,0.50697816
8442,0.01373270
8443,0.25484497
8444,0.04859646
8445,0.01297768
8446,0.02744327
8447,0.19939115
8448,0.06199748
8449,0.58337652
8450,0.03209967
8451,0.07768529
8452,0.00486046
8453,0.99727397
8454,0.52957577
8455,0.22484499
8456,0.42056699
8457,0.08358430
8458,0.99500361
8459,0.31072077
8460,0.17772022
8461,0.07150134
8462,0.05325664
8463,0.02286758
8464,0.07023147
8465,0.02298041
8466,0.90004940
8467,0.00588401
8468,0.72645900
8469,0.11189643
8470,0.05416113
8471,0.97610301
8472,0.98897523
8473,0.06912286
8474,0.00965830
8475,0.91850971
8476,0.14110546
8477,0.39656904
8478,0.61340755
8479,0.00710815
8480,0.00978210
8481,0.00500056
8482,0.01411553
8483,0.00865404
8484,0.26120240
8485,0.10798566
8486,0.16763609
8487,0.04140657
8488,0.00393252
8489,0.78772071
8490,0.08784429
8491,0.90248666
8492,0.62739430
8493,0.01114921
8494,0.03250159
8495,0.94120970
8496,0.18833593
8497,0.06377884
8498,0.05742318
8499,0.33847850
8500,0.02944883
8501,0.09405441
8502,0.09861589
8503,0.80034379
8504,0.04856365
8505,0.01410029
8506,0.03711811
8507,0.04197212
8508,0.03665362
8509,0.01478673
8510,0.04586165
8511,0.01698050
8512,0.01906208
8513,0.01065812
8514,0.03316623
8515,0.18656437
8516,0.04591245
8517,0.04335926
8518,0.21521186
8519,0.02221503
8520,0.00938416
8521,0.10429025
8522,0.84113062
8523,0.09014793
8524,0.98175398
8525,0.00780324
8526,0.72424013
8527,0.02660455
8528,0.07026355
8529,0.68897074
8530,0.70819795
8531,0.85709109
8532,0.64871398
8533,0.01488064
8534,0.01541968
8535,0.99363597
8536,0.13144049
8537,0.08249989
8538,0.40411944
8539,0.03407882
8540,0.18313869
8541,0.19630765
8542,0.07709067
8543,0.95566301
8544,0.96935407
8545,0.13216584
8546,0.04809716
8547,0.14534070
8548,0.48114474
8549,0.07571015
8550,0.05751341
8551,0.10103771
8552,0.04008289
8553,0.09598954
8554,0.24829951
8555,0.04319751
8556,0.17624462
8557,0.80566906
8558,0.97652026
8559,0.82576778
8560,0.97943421
8561,0.68873477
8562,0.09867666
8563,0.08612911
8564,0.02729574
8565,0.02730368
8566,0.91621552
8567,0.74414539
8568,0.95866884
8569,0.17334309
8570,0.72754459
8571,0.02978403
8572,0.99701977
8573,0.28351391
8574,0.04597823
8575,0.07087383
8576,0.00500427
8577,0.80643568
8578,0.96218250
8579,0.06016018
8580,0.51863403
8581,0.52188733
8582,0.01816543
8583,0.48098262
8584,0.78159032
8585,0.01957743
8586,0.06069330
8587,0.04878075
8588,0.12227757
8589,0.01095245
8590,0.46527634
8591,0.97922060
8592,0.09979967
8593,0.07767449
8594,0.00648019
8595,0.95061870
8596,0.34507452
8597,0.00958960
8598,0.85400746
8599,0.86038736
8600,0.07874608
8601,0.06851453
8602,0.07019777
8603,0.12761499
8604,0.66615794
8605,0.03599991
8606,0.04269006
8607,0.36136602
8608,0.97375667
8609,0.02578558
8610,0.04093196
8611,0.61700590
8612,0.14506542
8613,0.97101690
8614,0.93357260
8615,0.29436670
8616,0.10541499
8617,0.05217457
8618,0.65376504
8619,0.03463782
8620,0.07937203
8621,0.91955826
8622,0.10551116
8623,0.90852923
8624,0.01394146
8625,0.09578453
8626,0.04352696
8627,0.04405559
8628,0.45456140
8629,0.01026069
8630,0.91940159
8631,0.11360703
8632,0.05910946
8633,0.92079577
8634,0.13661909
8635,0.78991472
8636,0.92232118
8637,0.98457576
8638,0.01615120
8639,0.53164589
8640,0.02277402
8641,0.28355806
8642,0.00592857
8643,0.86747283
8644,0.00421693
8645,0.01280792
8646,0.31755741
8647,0.38585042
8648,0.04837814
8649,0.23661601
8650,0.00919002
8651,0.00764069
8652,0.79985010
8653,0.00428937
8654,0.01753042
8655,0.00639118
8656,0.01187227
8657,0.29272818
8658,0.28754426
8659,0.04749352
8660,0.01244460
8661,0.25145264
8662,0.00603798
8663,0.09098858
8664,0.00519042
8665,0.00994257
8666,0.95936156
8667,0.04001541
8668,0.03870636
8669,0.17857658
8670,0.00652810
8671,0.37189802
8672,0.95468784
8673,0.02332468
8674,0.06000403
8675,0.96612188
8676,0.92319338
8677,0.00669240
8678,0.05125683
8679,0.09974584
8680,0.31630766
8681,0.15705434
8682,0.94198997
8683,0.54882073
8684,0.30634324
8685,0.00992369
8686,0.08933732
8687,0.02101889
8688,0.95004849
8689,0.08739256
8690,0.04127211
8691,0.96640899
8692,0.12311870
8693,0.02557778
8694,0.99803020
8695,0.98158018
8696,0.02816105
8697,0.96265096
8698,0.11361479
8699,0.04679196
8700,0.05567317
8701,0.94629157
8702,0.02270082
8703,0.06082720
8704,0.00331551
8705,0.39171731
8706,0.99680638
8707,0.02413757
8708,0.01634373
8709,0.01664866
8710,0.13424759
8711,0.02500719
8712,0.03692702
8713,0.15897232
8714,0.79174349
8715,0.02404938
8716,0.01160607
8717,0.46401919
8718,0.94113685
8719,0.02752219
8720,0.04120203
8721,0.04447304
8722,0.96645694
8723,0.01055578
8724,0.00975012
8725,0.03108867
8726,0.03187882
8727,0.01837215
8728,0.18821938
8729,0.99785169
8730,0.74209146
8731,0.61257605
8732,0.82109829
8733,0.78544346
8734,0.00839722
8735,0.08265325
8736,0.79798781
8737,0.90754874
8738,0.14116265
8739,0.27561539
8740,0.96893180
8741,0.97601770
8742,0.99376382
8743,0.04720602
8744,0.00773586
8745,0.15885175
8746,0.18422334
8747,0.09586478
8748,0.03203840
8749,0.06449609
8750,0.04621807
8751,0.13093633
8752,0.58945499
8753,0.88421620
8754,0.19704945
8755,0.96173316
8756,0.23792094
8757,0.17558961
8758,0.03489305
8759,0.27557497
8760,0.00693255
8761,0.79953690
8762,0.02026966
8763,0.97457033
8764,0.23029706
8765,0.19779446
8766,0.00542016
8767,0.12588329
8768,0.03691659
8769,0.07877585
8770,0.04040969
8771,0.00515159
8772,0.01968779
8773,0.03118999
8774,0.68755636
8775,0.01087322
8776,0.03404627
8777,0.33667899
8778,0.08851752
8779,0.02596774
8780,0.00851870
8781,0.95104738
8782,0.07855949
8783,0.03432811
8784,0.00725002
8785,0.01107454
8786,0.09344294
8787,0.00833743
8788,0.96962456
8789,0.05267719
8790,0.95417368
8791,0.12355085
8792,0.04364417
8793,0.06828544
8794,0.91465846
8795,0.74451518
8796,0.00595080
8797,0.75195882
8798,0.76238067
8799,0.04606440
8800,0.01480028
8801,0.02291266
8802,0.01489955
8803,0.64738407
8804,0.01586907
8805,0.07982821
8806,0.20379206
8807,0.02303677
8808,0.44465816
8809,0.32113418
8810,0.02156299
8811,0.30496968
8812,0.94742616
8813,0.01034156
8814,0.63684876
8815,0.92284824
8816,0.89954553
8817,0.98430725
8818,0.90693366
8819,0.22742815
8820,0.48158400
8821,0.09531506
8822,0.74410098
8823,0.94211761
8824,0.01222364
8825,0.04719483
8826,0.21212404
8827,0.59588494
8828,0.26212294
8829,0.06242970
8830,0.02599266
8831,0.05471707
8832,0.27233971
8833,0.01918998
8834,0.68982908
8835,0.00672878
8836,0.06155790
8837,0.14001239
8838,0.30911829
8839,0.13688134
8840,0.07556608
8841,0.98260204
8842,0.94637188
8843,0.04619423
8844,0.57613321
8845,0.13223159
8846,0.01173698
8847,0.05549259
8848,0.98271462
8849,0.06254546
8850,0.93244651
8851,0.10725114
8852,0.57474179
8853,0.22939442
8854,0.00484409
8855,0.02851359
8856,0.02334009
8857,0.03396500
8858,0.09068524
8859,0.47013208
8860,0.06846697
8861,0.06528009
8862,0.06517083
8863,0.30501657
8864,0.01093214
8865,0.66865987
8866,0.96449290
8867,0.03588503
8868,0.83155609
8869,0.40634156
8870,0.07003219
8871,0.35344008
8872,0.05147139
8873,0.01026930
8874,0.36473516
8875,0.09412068
8876,0.01308185
8877,0.99728650
8878,0.00433911
8879,0.07557208
8880,0.01461259
8881,0.22814736
8882,0.18203170
8883,0.24269577
8884,0.95344007
8885,0.28676467
8886,0.10528387
8887,0.03305191
8888,0.03522712
8889,0.01823155
8890,0.10858064
8891,0.21137264
8892,0.14522991
8893,0.33511327
8894,0.14139303
8895,0.96965758
8896,0.34589381
8897,0.41010086
8898,0.51874969
8899,0.09593755
8900,0.19518894
8901,0.40190949
8902,0.99707192
8903,0.48958811
8904,0.60121707
8905,0.52900907
8906,0.95504595
8907,0.07254242
8908,0.07158885
8909,0.81940631
8910,0.61003105
8911,0.02011517
8912,0.29781582
8913,0.04289063
8914,0.08483226
8915,0.07405446
8916,0.00967135
8917,0.06230210
8918,0.04218876
8919,0.21864773
8920,0.07127869
8921,0.10035392
8922,0.96333055
8923,0.04224077
8924,0.65343666
8925,0.49463909
8926,0.01691312
8927,0.66663681
8928,0.92415029
8929,0.53871191
8930,0.51623248
8931,0.08207502
8932,0.95720666
8933,0.05135628
8934,0.10253568
8935,0.71551584
8936,0.87710453
8937,0.01877228
8938,0.94883843
8939,0.10526304
8940,0.18041050
8941,0.00882046
8942,0.28217036
8943,0.33542271
8944,0.65339809
8945,0.65268836
8946,0.14035931
8947,0.96289959
8948,0.13907143
8949,0.42874403
8950,0.72548858
8951,0.99327065
8952,0.11473982
8953,0.03089344
8954,0.02425454
8955,0.93965235
8956,0.75572159
8957,0.94985412
8958,0.91402549
8959,0.23996378
8960,0.01362844
8961,0.82163009
8962,0.01992464
8963,0.96052160
8964,0.28790899
8965,0.02582779
8966,0.21113582
8967,0.01696662
8968,0.01883316
8969,0.01164951
8970,0.00596796
8971,0.01481863
8972,0.00827446
8973,0.36332306
8974,0.02887402
8975,0.77349682
8976,0.12126750
8977,0.05061627
8978,0.45643419
8979,0.00621716
8980,0.01082214
8981,0.79624511
8982,0.05656713
8983,0.54976379
8984,0.00641047
8985,0.02437188
8986,0.01148252
8987,0.02693074
8988,0.00809896
8989,0.29465214
8990,0.01422569
8991,0.13078708
8992,0.01155901
8993,0.08769235
8994,0.96832651
8995,0.52800670
8996,0.01756427
8997,0.97749507
8998,0.03071532
8999,0.08705166
9000,0.08759835
9001,0.18420727
9002,0.01146041
9003,0.97045534
9004,0.21002840
9005,0.82801714
9006,0.94028192
9007,0.19343419
9008,0.06240775
9009,0.09417874
9010,0.80348320
9011,0.90624660
9012,0.01311714
9013,0.01104305
9014,0.11546900
9015,0.01492484
9016,0.30900367
9017,0.06714605
9018,0.86881662
9019,0.19034576
9020,0.03323081
9021,0.31954074
9022,0.03723536
9023,0.19022785
9024,0.04838915
9025,0.53960167
9026,0.12461252
9027,0.99566015
9028,0.08346301
9029,0.01461890
9030,0.54732439
9031,0.16759775
9032,0.19231848
9033,0.97852548
9034,0.03438872
9035,0.01960894
9036,0.02708264
9037,0.04162361
9038,0.16079063
9039,0.16156473
9040,0.02574966
9041,0.40548037
9042,0.10957260
9043,0.43105612
9044,0.00825710
9045,0.04843391
9046,0.02088142
9047,0.07787434
9048,0.15459419
9049,0.97748663
9050,0.08999136
9051,0.96589814
9052,0.03552043
9053,0.01896316
9054,0.06821247
9055,0.33964960
9056,0.45753789
9057,0.04967787
9058,0.99614205
9059,0.04973921
9060,0.02850741
9061,0.27480359
9062,0.92990910
9063,0.01913576
9064,0.02075647
9065,0.43884090
9066,0.09928203
9067,0.30483376
9068,0.02825791
9069,0.02153309
9070,0.06732567
9071,0.09922316
9072,0.86412721
9073,0.61207646
9074,0.94687638
9075,0.00567967
9076,0.88986479
9077,0.01128588
9078,0.16035730
9079,0.60118180
9080,0.71422731
9081,0.33351032
9082,0.50003512
9083,0.43159801
9084,0.04872715
9085,0.97179205
9086,0.87998225
9087,0.97925639
9088,0.79563692
9089,0.16588617
9090,0.31147520
9091,0.32122839
9092,0.34002611
9093,0.02240682
9094,0.02554541
9095,0.65508553
9096,0.92773967
9097,0.00906172
9098,0.06554648
9099,0.13704789
9100,0.00891946
9101,0.88350085
9102,0.05392357
9103,0.75436289
9104,0.21161373
9105,0.08804182
9106,0.13540599
9107,0.01438748
9108,0.38381762
9109,0.16299348
9110,0.00555958
9111,0.88424657
9112,0.01247410
9113,0.60342002
9114,0.02396517
9115,0.83473526
9116,0.06714632
9117,0.90328086
9118,0.22234353
9119,0.59905440
9120,0.05274526
9121,0.54893902
9122,0.07992486
9123,0.19200726
9124,0.01097290
9125,0.58090421
9126,0.11388755
9127,0.04011868
9128,0.00644934
9129,0.01580185
9130,0.41356000
9131,0.97339203
9132,0.10921262
9133,0.02726361
9134,0.08208757
9135,0.41786024
9136,0.00967384
9137,0.05221616
9138,0.02840622
9139,0.02925950
9140,0.94302421
9141,0.05649299
9142,0.03995951
9143,0.85654160
9144,0.14284221
9145,0.03344425
9146,0.00750150
9147,0.09392184
9148,0.22285828
9149,0.07740536
9150,0.18914052
9151,0.01158354
9152,0.70748547
9153,0.19585970
9154,0.87689561
9155,0.98266750
9156,0.64909528
9157,0.94132701
9158,0.30057000
9159,0.00698049
9160,0.22074412
9161,0.01235224
9162,0.06850802
9163,0.00426081
9164,0.03520428
9165,0.02336422
9166,0.96433032
9167,0.01260389
9168,0.32781137
9169,0.96519496
9170,0.79700042
9171,0.95341264
9172,0.88222722
9173,0.38638378
9174,0.05789482
9175,0.08072219
9176,0.00868112
9177,0.29485685
9178,0.45632353
9179,0.06094094
9180,0.01064842
9181,0.35297812
9182,0.00505659
9183,0.01570923
9184,0.33707569
9185,0.03610032
9186,0.11893800
9187,0.03215575
9188,0.02301124
9189,0.82432383
9190,0.00941473
9191,0.06304118
9192,0.97562131
9193,0.00353868
9194,0.01393861
9195,0.01308827
9196,0.75029405
9197,0.02413712
9198,0.00780865
9199,0.06127237
9200,0.07679401
9201,0.99778827
9202,0.04787741
9203,0.04349786
9204,0.13531784
9205,0.00687788
9206,0.31439563
9207,0.46343518
9208,0.00558793
9209,0.01796316
9210,0.94070340
9211,0.85836722
9212,0.39986805
9213,0.06930417
9214,0.02477902
9215,0.07565577
9216,0.27294877
9217,0.03517320
9218,0.20624253
9219,0.03685807
9220,0.02047939
9221,0.37064817
9222,0.06935159
9223,0.98375065
9224,0.10542992
9225,0.98182678
9226,0.97136323
9227,0.04860156
9228,0.01248491
9229,0.01299891
9230,0.11879237
9231,0.05368590
9232,0.91802067
9233,0.00665372
9234,0.07733591
9235,0.08994103
9236,0.01107200
9237,0.07119134
9238,0.16330676
9239,0.13055791
9240,0.66406226
9241,0.17384586
9242,0.00580018
9243,0.97957904
9244,0.01471744
9245,0.04555182
9246,0.23582302
9247,0.04635469
9248,0.98418575
9249,0.99479912
9250,0.03204788
9251,0.62322360
9252,0.00495279
9253,0.00598731
9254,0.16462685
9255,0.99590637
9256,0.09243659
9257,0.34467978
9258,0.87531365
9259,0.02514734
9260,0.07719796
9261,0.94944229
9262,0.73267843
9263,0.02275648
9264,0.03224960
9265,0.01753811
9266,0.82371281
9267,0.58567919
9268,0.06451808
9269,0.80413547
9270,0.00829132
9271,0.00619674
9272,0.06350773
9273,0.03531308
9274,0.03681727
9275,0.02176875
9276,0.01482731
9277,0.12575030
9278,0.98433244
9279,0.10176888
9280,0.52863880
9281,0.96602679
9282,0.24265655
9283,0.83546624
9284,0.07454537
9285,0.28899485
9286,0.10058249
9287,0.58634738
9288,0.12004773
9289,0.08076661
9290,0.05740019
9291,0.06591135
9292,0.36992494
9293,0.27382999
9294,0.09387847
9295,0.32527958
9296,0.13259317
9297,0.97514968
9298,0.05804549
9299,0.01093409
9300,0.12848543
9301,0.26390865
9302,0.04944980
9303,0.05427316
9304,0.05907363
9305,0.00750831
9306,0.11496744
9307,0.58569695
9308,0.97308808
9309,0.96569272
9310,0.04816195
9311,0.84453769
9312,0.84673857
9313,0.87052388
9314,0.01757006
9315,0.49418294
9316,0.91273103
9317,0.43193588
9318,0.00607765
9319,0.05429431
9320,0.02939695
9321,0.86155343
9322,0.79374090
9323,0.34958041
9324,0.01120138
9325,0.03294279
9326,0.25212745
9327,0.05716617
9328,0.54045032
9329,0.08536203
9330,0.83870444
9331,0.11623375
9332,0.02866721
9333,0.04274561
9334,0.38494823
9335,0.02360621
9336,0.06405649
9337,0.76287392
9338,0.08418375
9339,0.25317812
9340,0.08078893
9341,0.02750733
9342,0.04013319
9343,0.02127474
9344,0.08299303
9345,0.00562682
9346,0.05051698
9347,0.03855150
9348,0.02738814
9349,0.05867141
9350,0.08845158
9351,0.02414764
9352,0.08626924
9353,0.03327210
9354,0.03749317
9355,0.28869974
9356,0.37422347
9357,0.03705365
9358,0.25502095
9359,0.97836494
9360,0.10903451
9361,0.00480455
9362,0.02505324
9363,0.10586295
9364,0.42739185
9365,0.00562314
9366,0.12363989
9367,0.96410766
9368,0.08376877
9369,0.05144807
9370,0.96630916
9371,0.38721149
9372,0.02217104
9373,0.01026707
9374,0.02853825
9375,0.19058453
9376,0.80805907
9377,0.08277313
9378,0.99781968
9379,0.09565341
9380,0.04845176
9381,0.98244599
9382,0.12966543
9383,0.96733594
9384,0.54934323
9385,0.96933214
9386,0.00650676
9387,0.39280547
9388,0.30184346
9389,0.63325492
9390,0.02035108
9391,0.22571083
9392,0.03743855
9393,0.03311215
9394,0.31560688
9395,0.90111148
9396,0.02031529
9397,0.99654998
9398,0.01416074
9399,0.00614111
9400,0.35907848
9401,0.02881524
9402,0.08033580
9403,0.01248937
9404,0.98016007
9405,0.57663224
9406,0.00647659
9407,0.00417877
9408,0.44555461
9409,0.22064598
9410,0.85288009
9411,0.19281833
9412,0.03878282
9413,0.03588056
9414,0.01808292
9415,0.21402622
9416,0.03007803
9417,0.02675990
9418,0.04829023
9419,0.33902364
9420,0.97891849
9421,0.10532806
9422,0.99485266
9423,0.05524819
9424,0.84892619
9425,0.98361018
9426,0.34073068
9427,0.11620641
9428,0.07623042
9429,0.61041176
9430,0.00957910
9431,0.92126606
9432,0.01076130
9433,0.89496396
9434,0.01259168
9435,0.99783966
9436,0.98214393
9437,0.00624098
9438,0.33441700
9439,0.00734290
9440,0.25505582
9441,0.68833714
9442,0.08304836
9443,0.04786812
9444,0.06983995
9445,0.92006407
9446,0.00935060
9447,0.97632616
9448,0.04014180
9449,0.03211712
9450,0.03621476
9451,0.01046859
9452,0.98401667
9453,0.39989252
9454,0.02937147
9455,0.02684755
9456,0.00614523
9457,0.48498313
9458,0.01136548
9459,0.28086060
9460,0.02991032
9461,0.92509633
9462,0.32107238
9463,0.05630323
9464,0.12655259
9465,0.00485762
9466,0.52834807
9467,0.90308437
9468,0.10153167
9469,0.00452902
9470,0.96537982
9471,0.01225547
9472,0.94665072
9473,0.08712227
9474,0.96290585
9475,0.03457605
9476,0.02778803
9477,0.09051950
9478,0.57003848
9479,0.13318787
9480,0.90137793
9481,0.93499886
9482,0.17702185
9483,0.94889571
9484,0.08009453
9485,0.25560514
9486,0.95257198
9487,0.81852615
9488,0.97379870
9489,0.25020666
9490,0.02028108
9491,0.03219691
9492,0.98620236
9493,0.09462590
9494,0.10302614
9495,0.00511139
9496,0.01390818
9497,0.05752894
9498,0.44995455
9499,0.96326593
9500,0.21410180
9501,0.14294271
9502,0.96913820
9503,0.97391712
9504,0.31902984
9505,0.76486078
9506,0.99105298
9507,0.02682943
9508,0.03299178
9509,0.10442020
9510,0.02046596
9511,0.16013097
9512,0.30771988
9513,0.77467413
9514,0.16473168
9515,0.07445377
9516,0.32699744
9517,0.03561607
9518,0.02599850
9519,0.03238208
9520,0.00636720
9521,0.01879584
9522,0.42773042
9523,0.06198789
9524,0.04671056
9525,0.00298478
9526,0.50879868
9527,0.04530984
9528,0.07553049
9529,0.26148672
9530,0.03951242
9531,0.03915471
9532,0.02488961
9533,0.41321055
9534,0.84130235
9535,0.71772573
9536,0.01357187
9537,0.99149708
9538,0.03666866
9539,0.41226435
9540,0.98404986
9541,0.23622853
9542,0.39378444
9543,0.01131191
9544,0.01804793
9545,0.08726252
9546,0.97434562
9547,0.59528633
9548,0.01274140
9549,0.20919141
9550,0.74615291
9551,0.64091175
9552,0.95682459
9553,0.46159404
9554,0.97758370
9555,0.43732877
9556,0.02200062
9557,0.95860614
9558,0.12734981
9559,0.10144772
9560,0.00595178
9561,0.07701080
9562,0.99265708
9563,0.15892628
9564,0.96282126
9565,0.00728023
9566,0.09159534
9567,0.99109527
9568,0.03064600
9569,0.07455112
9570,0.15429080
9571,0.07341453
9572,0.15102753
9573,0.87543576
9574,0.73149114
9575,0.07286141
9576,0.97169251
9577,0.21727564
9578,0.00750911
9579,0.00883034
9580,0.92916302
9581,0.89529449
9582,0.01030304
9583,0.88110100
9584,0.92103962
9585,0.04761788
9586,0.00803383
9587,0.01574569
9588,0.93361330
9589,0.03372388
9590,0.12519202
9591,0.27482911
9592,0.58934067
9593,0.03167060
9594,0.96789662
9595,0.97832067
9596,0.02955271
9597,0.87219688
9598,0.97790696
9599,0.09404746
9600,0.80009036
9601,0.75534907
9602,0.00897060
9603,0.08555929
9604,0.08200225
9605,0.11620916
9606,0.00765541
9607,0.18044093
9608,0.45980440
9609,0.53185475
9610,0.01010120
9611,0.00516797
9612,0.02030781
9613,0.04572985
9614,0.32089901
9615,0.16066699
9616,0.86357033
9617,0.03292347
9618,0.52342271
9619,0.16339987
9620,0.00568546
9621,0.19939057
9622,0.01320059
9623,0.48866438
9624,0.15450661
9625,0.00600119
9626,0.04937363
9627,0.08935343
9628,0.97614541
9629,0.72044515
9630,0.94701539
9631,0.99746744
9632,0.99304235
9633,0.05199239
9634,0.09404487
9635,0.99764252
9636,0.98278910
9637,0.00930048
9638,0.06801890
9639,0.11952808
9640,0.18541553
9641,0.01265041
9642,0.10704120
9643,0.09168413
9644,0.97013735
9645,0.16851535
9646,0.48088046
9647,0.39652107
9648,0.00520322
9649,0.45640988
9650,0.02023013
9651,0.98808325
9652,0.63521630
9653,0.29437206
9654,0.22704101
9655,0.02435211
9656,0.37604897
9657,0.96519283
9658,0.99812404
9659,0.05842886
9660,0.05192741
9661,0.06398739
9662,0.97524272
9663,0.01685329
9664,0.01493567
9665,0.07984761
9666,0.05242858
9667,0.10392470
9668,0.25901343
9669,0.08000152
9670,0.46991216
9671,0.25147542
9672,0.07492208
9673,0.06409814
9674,0.68912112
9675,0.10935662
9676,0.08592759
9677,0.01000267
9678,0.95045695
9679,0.03379592
9680,0.35707173
9681,0.53743380
9682,0.19419059
9683,0.94676569
9684,0.02623363
9685,0.84868459
9686,0.10458908
9687,0.17232684
9688,0.02206546
9689,0.01329326
9690,0.15452186
9691,0.86860674
9692,0.08966694
9693,0.02878870
9694,0.67363225
9695,0.00977797
9696,0.95501608
9697,0.40415117
9698,0.06202221
9699,0.00931437
9700,0.10725130
9701,0.07419777
9702,0.99454588
9703,0.13885920
9704,0.05400940
9705,0.12812659
9706,0.73870841
9707,0.13833304
9708,0.02384114
9709,0.15019476
9710,0.58540962
9711,0.06459232
9712,0.49030740
9713,0.48078736
9714,0.01820438
9715,0.04155494
9716,0.24735648
9717,0.02580766
9718,0.02517952
9719,0.07764864
9720,0.98865972
9721,0.97227945
9722,0.10518564
9723,0.01796664
9724,0.10096534
9725,0.88665274
9726,0.15065377
9727,0.11078628
9728,0.32615049
9729,0.01774234
9730,0.96808878
9731,0.02409370
9732,0.00944656
9733,0.01274953
9734,0.05842012
9735,0.40792706
9736,0.17557345
9737,0.03944791
9738,0.06236400
9739,0.96556083
9740,0.07719158
9741,0.06272346
9742,0.04293512
9743,0.68766455
9744,0.02934835
9745,0.79657357
9746,0.01217199
9747,0.43280319
9748,0.72547289
9749,0.97545857
9750,0.00803573
9751,0.98186622
9752,0.01693853
9753,0.97097309
9754,0.30439927
9755,0.99504492
9756,0.11423592
9757,0.96704886
9758,0.21071603
9759,0.03336948
9760,0.00849899
9761,0.16979543
9762,0.00509332
9763,0.08730117
9764,0.91774968
9765,0.10118952
9766,0.16876483
9767,0.83698320
9768,0.59216549
9769,0.01885706
9770,0.61182439
9771,0.07151063
9772,0.05121486
9773,0.78011105
9774,0.01230100
9775,0.08486289
9776,0.00445400
9777,0.13377079
9778,0.13324433
9779,0.20783886
9780,0.98186936
9781,0.13237960
9782,0.84495303
9783,0.21131929
9784,0.36169059
9785,0.96787119
9786,0.67326067
9787,0.09547700
9788,0.00881918
9789,0.36108358
9790,0.23453769
9791,0.06636961
9792,0.14752737
9793,0.13032201
9794,0.67696323
9795,0.05613567
9796,0.04356418
9797,0.83910421
9798,0.65284904
9799,0.06321521
9800,0.04388416
9801,0.01718088
9802,0.15449742
9803,0.01362069
9804,0.84033942
9805,0.00812482
9806,0.74759523
9807,0.04703970
9808,0.03878408
9809,0.06812657
9810,0.01026422
9811,0.02914910
9812,0.05342347
9813,0.00980946
9814,0.10036022
9815,0.25880712
9816,0.25429572
9817,0.03220691
9818,0.41171568
9819,0.94223353
9820,0.11170958
9821,0.04730767
9822,0.01042164
9823,0.94307767
9824,0.35194731
9825,0.98140099
9826,0.00908126
9827,0.99241274
9828,0.57087439
9829,0.55677150
9830,0.96512184
9831,0.01899122
9832,0.06211973
9833,0.16917962
9834,0.05631962
9835,0.37639384
9836,0.97639306
9837,0.99451281
9838,0.00767434
9839,0.06315926
9840,0.99591941
9841,0.03595265
9842,0.42479339
9843,0.80733710
9844,0.08583338
9845,0.00374707
9846,0.78234424
9847,0.46118021
9848,0.03760175
9849,0.00653605
9850,0.18784953
9851,0.05216054
9852,0.04578768
9853,0.01557973
9854,0.07428980
9855,0.23898431
9856,0.06970452
9857,0.96007298
9858,0.03712143
9859,0.86434952
9860,0.07212835
9861,0.06326729
9862,0.06408041
9863,0.00702645
9864,0.90637883
9865,0.99546996
9866,0.05511108
9867,0.00791755
9868,0.46511953
9869,0.11040506
9870,0.84097968
9871,0.95016963
9872,0.09966006
9873,0.02835285
9874,0.90236234
9875,0.15720259
9876,0.07058410
9877,0.12629727
9878,0.03314578
9879,0.85297780
9880,0.01676873
9881,0.93552394
9882,0.92746520
9883,0.03026998
9884,0.02600175
9885,0.04826782
9886,0.14336207
9887,0.02701930
9888,0.95537801
9889,0.99688915
9890,0.33738007
9891,0.02708419
9892,0.14889106
9893,0.27265738
9894,0.07279315
9895,0.06656856
9896,0.84714793
9897,0.12089041
9898,0.05544566
9899,0.12200318
9900,0.23837358
9901,0.06295037
9902,0.05199472
9903,0.05391161
9904,0.77342965
9905,0.05036039
9906,0.13788237
9907,0.35733552
9908,0.00549606
9909,0.96384490
9910,0.94247138
9911,0.10040726
9912,0.04534176
9913,0.01721157
9914,0.14606910
9915,0.96985068
9916,0.07490766
9917,0.08012360
9918,0.01609955
9919,0.66632589
9920,0.01323337
9921,0.46154014
9922,0.00272550
9923,0.43510598
9924,0.20246438
9925,0.31930481
9926,0.11403948
9927,0.23142055
9928,0.00593455
9929,0.95043038
9930,0.94277085
9931,0.48314545
9932,0.19708258
9933,0.19697229
9934,0.02316984
9935,0.89392263
9936,0.98136066
9937,0.28326691
9938,0.38807003
9939,0.04493418
9940,0.19404581
9941,0.03167746
9942,0.06923638
9943,0.01602995
9944,0.06107641
9945,0.96335375
9946,0.05204263
9947,0.07886814
9948,0.03230680
9949,0.00672591
9950,0.03776657
9951,0.28682494
9952,0.01011632
9953,0.99520136
9954,0.84949889
9955,0.12136483
9956,0.72723904
9957,0.00986874
9958,0.97571882
9959,0.18811452
9960,0.81375146
9961,0.03674921
9962,0.03079897
9963,0.01911539
9964,0.17878884
9965,0.03493788
9966,0.01064963
9967,0.00580662
9968,0.09698758
9969,0.00622107
9970,0.12111742
9971,0.98961349
9972,0.04544977
9973,0.02579304
9974,0.04353249
9975,0.95774786
9976,0.27399935
9977,0.19489132
9978,0.16606871
9979,0.00348441
9980,0.06822936
9981,0.07123344
9982,0.00812367
9983,0.11118428
9984,0.02898576
9985,0.00599467
9986,0.03587083
9987,0.14588609
9988,0.07499741
9989,0.07040251
9990,0.11679111
9991,0.95226179
9992,0.05130085
9993,0.04191350
9994,0.62457590
9995,0.00381655
9996,0.25904281
9997,0.60476628
9998,0.98499648
9999,0.10396814
10000,0.40126445
10001,0.93658374
10002,0.43028826
10003,0.20016886
10004,0.01144139
10005,0.95596361
10006,0.95762862
10007,0.03330287
10008,0.97938149
10009,0.95258749
10010,0.08408144
10011,0.03599905
10012,0.89302008
10013,0.02892431
10014,0.23540128
10015,0.07132087
10016,0.05132722
10017,0.01320909
10018,0.00828490
10019,0.05908104
10020,0.03108148
10021,0.04637069
10022,0.98172659
10023,0.98237436
10024,0.69483430
10025,0.03292752
10026,0.02473396
10027,0.08004697
10028,0.85377278
10029,0.07984923
10030,0.00555782
10031,0.06324115
10032,0.59487845
10033,0.74369886
10034,0.01112032
10035,0.03218441
10036,0.07171163
10037,0.93756330
10038,0.00910141
10039,0.39230178
10040,0.13978565
10041,0.01056085
10042,0.93587128
10043,0.03519854
10044,0.25690448
10045,0.01677480
10046,0.00808083
10047,0.89322417
10048,0.09208647
10049,0.83026001
10050,0.01839761
10051,0.44056848
10052,0.94996632
10053,0.06727638
10054,0.50417312
10055,0.23853130
10056,0.00680096
10057,0.95437674
10058,0.95754140
10059,0.05906657
10060,0.89773507
10061,0.14184998
10062,0.00332615
10063,0.07485011
10064,0.96932907
10065,0.25519152
10066,0.04936840
10067,0.03285249
10068,0.01529509
10069,0.05940944
10070,0.03594538
10071,0.60874981
10072,0.92345220
10073,0.58011949
10074,0.16910762
10075,0.81280566
10076,0.94813831
10077,0.07571749
10078,0.01976360
10079,0.07623231
10080,0.08169756
10081,0.08453702
10082,0.35809511
10083,0.02069317
10084,0.09008339
10085,0.24333726
10086,0.09505114
10087,0.80374050
10088,0.04322110
10089,0.78883294
10090,0.00403198
10091,0.07061031
10092,0.00475668
10093,0.03970949
10094,0.31156730
10095,0.03211439
10096,0.03412136
10097,0.97853932
10098,0.21738182
10099,0.22644894
10100,0.01656263
10101,0.00944176
10102,0.03465888
10103,0.03394118
10104,0.94729848
10105,0.00654636
10106,0.20257811
10107,0.00655267
10108,0.35898576
10109,0.06691205
10110,0.13319301
10111,0.03105360
10112,0.02656201
10113,0.07755991
10114,0.06062482
10115,0.00757893
10116,0.65834133
10117,0.07665250
10118,0.08466258
10119,0.32356674
10120,0.49691091
10121,0.20893089
10122,0.25038031
10123,0.12321907
10124,0.00899314
10125,0.09666700
10126,0.96592213
10127,0.02897065
10128,0.05570699
10129,0.04413510
10130,0.12817735
10131,0.74442788
10132,0.35021045
10133,0.08873214
10134,0.97910634
10135,0.05593081
10136,0.01754917
10137,0.00719370
10138,0.52905843
10139,0.91287539
10140,0.19223903
10141,0.09602610
10142,0.01090918
10143,0.11113617
10144,0.00534212
10145,0.02195583
10146,0.08871718
10147,0.36576280
10148,0.57511762
10149,0.79976480
10150,0.09441620
10151,0.04536995
10152,0.01497502
10153,0.93880365
10154,0.06737926
10155,0.05343823
10156,0.35185477
10157,0.21759219
10158,0.73588681
10159,0.24799843
10160,0.97420505
10161,0.02192002
10162,0.90484116
10163,0.99495846
10164,0.00745842
10165,0.01682522
10166,0.00422738
10167,0.70244587
10168,0.39192939
10169,0.76034004
10170,0.00793094
10171,0.23698761
10172,0.25992534
10173,0.14249817
10174,0.00610195
10175,0.25159520
10176,0.00638887
10177,0.99709097
10178,0.01006615
10179,0.03373780
10180,0.16887290
10181,0.00622666
10182,0.04081732
10183,0.93233393
10184,0.99644593
10185,0.93360429
10186,0.25815709
10187,0.02871100
10188,0.04884515
10189,0.00807088
10190,0.00362798
10191,0.97586627
10192,0.96105015
10193,0.11789899
10194,0.04571556
10195,0.02384705
10196,0.69127872
10197,0.02475467
10198,0.05323219
10199,0.07693081
10200,0.00760345
10201,0.01494033
10202,0.05622805
10203,0.02268803
10204,0.91270287
10205,0.01466670
10206,0.99604535
10207,0.03882673
10208,0.96133275
10209,0.64120266
10210,0.97494891
10211,0.62349766
10212,0.87185463
10213,0.29103354
10214,0.16347204
10215,0.02759451
10216,0.30811405
10217,0.79449053
10218,0.01049113
10219,0.04983601
10220,0.07853947
10221,0.00781456
10222,0.00427566
10223,0.95181055
10224,0.88334649
10225,0.08548633
10226,0.02832489
10227,0.99755411
10228,0.00947093
10229,0.41532623
10230,0.99697238
10231,0.01972316
10232,0.16628196
10233,0.28676577
10234,0.10518225
10235,0.01878456
10236,0.04663379
10237,0.54526204
10238,0.08767505
10239,0.93381982
10240,0.06458147
10241,0.02344876
10242,0.23443826
10243,0.07365916
10244,0.00605450
10245,0.94930334
10246,0.03559550
10247,0.52710547
10248,0.53012600
10249,0.77414210
10250,0.01233228
10251,0.04976025
10252,0.02150745
10253,0.83449143
10254,0.31853220
10255,0.14348111
10256,0.95246627
10257,0.67964431
10258,0.02934594
10259,0.04040920
10260,0.97299135
10261,0.01421564
10262,0.00766020
10263,0.84000113
10264,0.68680018
10265,0.02586490
10266,0.72450511
10267,0.82043123
10268,0.01637120
10269,0.04305835
10270,0.59248505
10271,0.01476887
10272,0.07543742
10273,0.75897851
10274,0.71713458
10275,0.22992633
10276,0.12934653
10277,0.14663697
10278,0.12380077
10279,0.97783633
10280,0.02441090
10281,0.57232965
10282,0.02417571
10283,0.54854784
10284,0.28324420
10285,0.06066679
10286,0.10925256
10287,0.25813368
10288,0.90673476
10289,0.78348037
10290,0.08524424
10291,0.06125403
10292,0.02660691
10293,0.14639631
10294,0.47414602
10295,0.13712272
10296,0.96106590
10297,0.15982661
10298,0.03264127
10299,0.17439927
10300,0.86579814
10301,0.00489791
10302,0.80852058
10303,0.06585687
10304,0.17699388
10305,0.02947002
10306,0.88479598
10307,0.13725230
10308,0.09459974
10309,0.08098500
10310,0.09163308
10311,0.10595361
10312,0.96108750
10313,0.10148175
10314,0.00712111
10315,0.74125843
10316,0.16127163
10317,0.06748702
10318,0.34923390
10319,0.01486852
10320,0.10909388
10321,0.07138500
10322,0.10975451
10323,0.07714141
10324,0.01041427
10325,0.27703342
10326,0.52288476
10327,0.00905075
10328,0.81555935
10329,0.24498667
10330,0.02953547
10331,0.07723497
10332,0.03700553
10333,0.42051034
10334,0.87078301
10335,0.94917645
10336,0.52980318
10337,0.42579523
10338,0.34548270
10339,0.53842371
10340,0.67663420
10341,0.05967431
10342,0.66693386
10343,0.91310348
10344,0.76450168
10345,0.01534407
10346,0.95817866
10347,0.93457582
10348,0.02288428
10349,0.72475758
10350,0.17827961
10351,0.97219783
10352,0.02778910
10353,0.94391476
10354,0.48323333
10355,0.12874134
10356,0.10518113
10357,0.11000506
10358,0.97076034
10359,0.02943960
10360,0.94660183
10361,0.94631879
10362,0.00965707
10363,0.02657417
10364,0.24806061
10365,0.01137907
10366,0.05145988
10367,0.02086907
10368,0.97960109
10369,0.02423085
10370,0.00504153
10371,0.24505594
10372,0.03183784
10373,0.48834542
10374,0.96554967
10375,0.00361668
10376,0.03001751
10377,0.14050348
10378,0.57906366
10379,0.03220298
10380,0.13648367
10381,0.07086755
10382,0.90064664
10383,0.99789510
10384,0.04467417
10385,0.07082739
10386,0.07465890
10387,0.01144208
10388,0.07966048
10389,0.02395875
10390,0.38167704
10391,0.00619969
10392,0.20963634
10393,0.01930011
10394,0.86671014
10395,0.13170239
10396,0.44551493
10397,0.11131686
10398,0.94680527
10399,0.12680859
10400,0.55975705
10401,0.54080073
10402,0.47240758
10403,0.05284713
10404,0.02355228
10405,0.74328095
10406,0.48967699
10407,0.01628491
10408,0.93793754
10409,0.12933917
10410,0.41319227
10411,0.05253827
10412,0.06276239
10413,0.02722620
10414,0.97305855
10415,0.13294719
10416,0.49436527
10417,0.05193440
10418,0.96955125
10419,0.14070297
10420,0.67624036
10421,0.87299249
10422,0.58628663
10423,0.10829890
10424,0.49604030
10425,0.33467118
10426,0.02871820
10427,0.06849224
10428,0.01942263
10429,0.02956499
10430,0.15678806
10431,0.75446120
10432,0.96628121
10433,0.11053920
10434,0.01267830
10435,0.04448441
10436,0.02724531
10437,0.00871081
10438,0.01006837
10439,0.00867921
10440,0.00385307
10441,0.81784563
10442,0.94124553
10443,0.37549679
10444,0.28864183
10445,0.03549670
10446,0.00794877
10447,0.76424949
10448,0.01694225
10449,0.96854915
10450,0.98338766
10451,0.23373790
10452,0.98114895
10453,0.74633958
10454,0.16163144
10455,0.01351530
10456,0.00983351
10457,0.00861075
10458,0.94206360
10459,0.04718699
10460,0.02329224
10461,0.50832225
10462,0.16313846
10463,0.04134124
10464,0.96113691
10465,0.02170314
10466,0.15853138
10467,0.03475349
10468,0.68001948
10469,0.57322855
10470,0.79384827
10471,0.01892436
10472,0.86611037
10473,0.09478054
10474,0.15065366
10475,0.02864817
10476,0.08712868
10477,0.98875153
10478,0.88947583
10479,0.05831192
10480,0.97635151
10481,0.96961482
10482,0.12949508
10483,0.04466555
10484,0.96406914
10485,0.05511640
10486,0.08579037
10487,0.09489397
10488,0.18805548
10489,0.37534714
10490,0.78677818
10491,0.04731080
10492,0.00367066
10493,0.98247992
10494,0.20009874
10495,0.96734639
10496,0.08571417
10497,0.05631203
10498,0.22877616
10499,0.06375446
10500,0.98041595
10501,0.43686646
10502,0.52386898
10503,0.91918226
10504,0.23436359
10505,0.05278235
10506,0.32036723
10507,0.15134472
10508,0.02839833
10509,0.04588521
10510,0.80903864
10511,0.23882239
10512,0.02453399
10513,0.07488519
10514,0.88534736
10515,0.01466155
10516,0.85414197
10517,0.03805904
10518,0.22641235
10519,0.57428194
10520,0.98895617
10521,0.25843809
10522,0.00437815
10523,0.01822636
10524,0.85250629
10525,0.62761916
10526,0.25773674
10527,0.41893759
10528,0.85661817
10529,0.96053143
10530,0.05408829
10531,0.05959013
10532,0.02011271
10533,0.04082267
10534,0.09917975
10535,0.32651182
10536,0.97903116
10537,0.07743035
10538,0.02558494
10539,0.07271125
10540,0.45067573
10541,0.93291037
10542,0.07437806
10543,0.94647325
10544,0.84934384
10545,0.94998089
10546,0.99623870
10547,0.89073047
10548,0.03010959
10549,0.97407915
10550,0.18190957
10551,0.01241443
10552,0.02106094
10553,0.04560016
10554,0.92347133
10555,0.06433473
10556,0.24916246
10557,0.06323709
10558,0.88506348
10559,0.94603661
10560,0.05727612
10561,0.00847304
10562,0.17546774
10563,0.89020380
10564,0.67413268
10565,0.01390454
10566,0.58674531
10567,0.05751281
10568,0.06710128
10569,0.09156931
10570,0.41153116
10571,0.09204214
10572,0.12574358
10573,0.28111526
10574,0.96349549
10575,0.01863526
10576,0.02893830
10577,0.96084951
10578,0.86271504
10579,0.05321229
10580,0.00575934
10581,0.02598464
10582,0.94451112
10583,0.98172425
10584,0.04163912
10585,0.96671529
10586,0.39960406
10587,0.91893399
10588,0.02275116
10589,0.13692121
10590,0.50127041
10591,0.01583002
10592,0.71852024
10593,0.05247068
10594,0.05649905
10595,0.00564123
10596,0.14682977
10597,0.92649097
10598,0.10806294
10599,0.08302338
10600,0.06874364
10601,0.64597976
10602,0.05876140
10603,0.95186489
10604,0.00484514
10605,0.82319237
10606,0.98140273
10607,0.01235416
10608,0.02003199
10609,0.13880053
10610,0.05585414
10611,0.92482702
10612,0.02371949
10613,0.05662619
10614,0.02849022
10615,0.03891629
10616,0.14360060
10617,0.61713072
10618,0.95947374
10619,0.00943877
10620,0.95435827
10621,0.10983627
10622,0.45712315
10623,0.09028037
10624,0.16028577
10625,0.14145499
10626,0.11565135
10627,0.09838023
10628,0.25645828
10629,0.01087350
10630,0.97926554
10631,0.00858195
10632,0.03417365
10633,0.02476009
10634,0.43449581
10635,0.93276452
10636,0.75006440
10637,0.99669620
10638,0.13594105
10639,0.40009850
10640,0.17672876
10641,0.19013406
10642,0.37633431
10643,0.00595835
10644,0.02042070
10645,0.99659727
10646,0.00806535
10647,0.00641766
10648,0.00412287
10649,0.95006965
10650,0.17993230
10651,0.16125182
10652,0.99531999
10653,0.40580484
10654,0.91079838
10655,0.15338228
10656,0.97885911
10657,0.25232828
10658,0.20915940
10659,0.02356076
10660,0.00442532
10661,0.95971834
10662,0.04045025
10663,0.18402787
10664,0.09008803
10665,0.00930884
10666,0.53181564
10667,0.30030493
10668,0.63554383
10669,0.01001859
10670,0.02450583
10671,0.00618971
10672,0.00518128
10673,0.08839196
10674,0.31698230
10675,0.53530023
10676,0.03559778
10677,0.97694911
10678,0.06704039
10679,0.03562234
10680,0.00561587
10681,0.55786037
10682,0.04378083
10683,0.45133013
10684,0.04030918
10685,0.95926988
10686,0.98510573
10687,0.01820766
10688,0.02340618
10689,0.87345399
10690,0.01840909
10691,0.42793839
10692,0.90295444
10693,0.89135810
10694,0.01620701
10695,0.41090087
10696,0.08656209
10697,0.01719256
10698,0.89767682
10699,0.99778872
10700,0.90913077
10701,0.15993464
10702,0.01239257
10703,0.94789599
10704,0.35899909
10705,0.97820050
10706,0.62377309
10707,0.93373503
10708,0.00511145
10709,0.11210000
10710,0.01183491
10711,0.00621250
10712,0.16537816
10713,0.11591630
10714,0.00651801
10715,0.17269555
10716,0.78045505
10717,0.09700906
10718,0.00709898
10719,0.41680458
10720,0.80549100
10721,0.97545951
10722,0.95213261
10723,0.94561601
10724,0.00862201
10725,0.17899874
10726,0.66329906
10727,0.99080893
10728,0.03687225
10729,0.08599429
10730,0.01003506
10731,0.99651590
10732,0.07227408
10733,0.06643671
10734,0.11936218
10735,0.97501360
10736,0.00560065
10737,0.30138395
10738,0.00368821
10739,0.91578738
10740,0.32057532
10741,0.23276649
10742,0.92665186
10743,0.01288569
10744,0.80365811
10745,0.22008191
10746,0.80073286
10747,0.01994825
10748,0.95454531
10749,0.99625151
10750,0.81600912
10751,0.01898184
10752,0.05904598
10753,0.15084936
10754,0.32060615
10755,0.02227472
10756,0.11682149
10757,0.80418838
10758,0.58328231
10759,0.07422402
10760,0.21942088
10761,0.01318821
10762,0.09413012
10763,0.38071667
10764,0.96468860
10765,0.88916894
10766,0.04577338
10767,0.13775606
10768,0.00634178
10769,0.13066685
10770,0.98848586
10771,0.04735793
10772,0.01976171
10773,0.00470845
10774,0.01567517
10775,0.36943056
10776,0.52993613
10777,0.02633164
10778,0.05620190
10779,0.83727931
10780,0.00825814
10781,0.05537904
10782,0.00447308
10783,0.86444704
10784,0.13556882
10785,0.33769103
10786,0.94546269
10787,0.10681339
10788,0.01691888
10789,0.99678060
10790,0.30003468
10791,0.08578776
10792,0.01262775
10793,0.77227410
10794,0.18498442
10795,0.34191670
10796,0.06296058
10797,0.05349499
10798,0.76084238
10799,0.27871533
10800,0.13793883
10801,0.02497169
10802,0.00618653
10803,0.04911620
10804,0.98139672
10805,0.83050043
10806,0.06321805
10807,0.09415608
10808,0.08602986
10809,0.08826672
10810,0.93992157
10811,0.04000240
10812,0.02471074
10813,0.03227083
10814,0.06275462
10815,0.41464597
10816,0.09590661
10817,0.97241034
10818,0.07554137
10819,0.05625035
10820,0.00431195
10821,0.10133026
10822,0.03437509
10823,0.04571122
10824,0.00647794
10825,0.06951209
10826,0.08417913
10827,0.00542428
10828,0.75240782
10829,0.07893635
10830,0.10609648
10831,0.38957870
10832,0.22365620
10833,0.03516546
10834,0.05670470
10835,0.33305812
10836,0.03282974
10837,0.46108956
10838,0.43379070
10839,0.21710209
10840,0.01345739
10841,0.15306845
10842,0.87864669
10843,0.97090684
10844,0.44825245
10845,0.07551871
10846,0.12914297
10847,0.02813684
10848,0.22165139
10849,0.05806183
10850,0.17572146
10851,0.20922223
10852,0.91908002
10853,0.04041601
10854,0.00910409
10855,0.01905079
10856,0.08156532
10857,0.04062857
10858,0.17627867
10859,0.97292259
10860,0.23164457
10861,0.08244176
10862,0.08973049
10863,0.22747161
10864,0.94112543
10865,0.22311155
10866,0.07349139
10867,0.07445931
10868,0.03939205
10869,0.95598428
10870,0.29351722
10871,0.03556507
10872,0.05187116
10873,0.07613621
10874,0.98635405
10875,0.13241126
10876,0.09775680
10877,0.05321756
10878,0.00588086
10879,0.93646624
10880,0.03578187
10881,0.95320163
10882,0.91791124
10883,0.73655130
10884,0.96773937
10885,0.00739065
10886,0.80514389
10887,0.05364253
10888,0.96456479
10889,0.10426323
10890,0.81311134
10891,0.01583059
10892,0.01014225
10893,0.95347367
10894,0.97416747
10895,0.95925482
10896,0.08470570
10897,0.04635422
10898,0.02281997
10899,0.00877141
10900,0.02687137
10901,0.48156871
10902,0.07647086
10903,0.13554899
10904,0.01995428
10905,0.71704320
10906,0.08010697
10907,0.05189791
10908,0.67431228
10909,0.01291216
10910,0.95639899
10911,0.97463686
10912,0.00923846
10913,0.92600029
10914,0.99786473
10915,0.74536359
10916,0.97036757
10917,0.14003782
10918,0.33856392
10919,0.17728736
10920,0.97037828
10921,0.98553862
10922,0.94522928
10923,0.83195585
10924,0.56957605
10925,0.05581491
10926,0.62433192
10927,0.02924148
10928,0.48854009
10929,0.94429213
10930,0.34479845
10931,0.13304688
10932,0.01817383
10933,0.16047344
10934,0.20368992
10935,0.95642475
10936,0.38406111
10937,0.13646163
10938,0.97486035
10939,0.28952578
10940,0.88514657
10941,0.99449058
10942,0.45371980
10943,0.00844927
10944,0.02905067
10945,0.16395325
10946,0.02629670
10947,0.05291757
10948,0.00402630
10949,0.03095709
10950,0.01114968
10951,0.94391714
10952,0.05665462
10953,0.03397949
10954,0.06248553
10955,0.33383565
10956,0.53325152
10957,0.00550528
10958,0.02402074
10959,0.00615800
10960,0.96097455
10961,0.34650021
10962,0.65005384
10963,0.24190510
10964,0.00343319
10965,0.70147680
10966,0.94158391
10967,0.94678926
10968,0.17821310
10969,0.15348978
10970,0.06174136
10971,0.11347254
10972,0.46046503
10973,0.51060995
10974,0.34227061
10975,0.68117463
10976,0.11809445
10977,0.96474537
10978,0.11410149
10979,0.00479234
10980,0.93128501
10981,0.51754040
10982,0.98208677
10983,0.06190544
10984,0.03929628
10985,0.95487718
10986,0.06347114
10987,0.04172982
10988,0.18326853
10989,0.07411079
10990,0.07250669
10991,0.06631605
10992,0.02856975
10993,0.08454050
10994,0.00617269
10995,0.17566521
10996,0.34310856
10997,0.03000850
10998,0.03855814
10999,0.06908116
11000,0.03054415
11001,0.02328109
11002,0.41107830
11003,0.52923488
11004,0.97931403
11005,0.00799336
11006,0.00681611
11007,0.13139384
11008,0.21077911
11009,0.04675850
11010,0.06519382
11011,0.00394824
11012,0.15246559
11013,0.51059703
11014,0.04816402
11015,0.09070693
11016,0.01149009
11017,0.92105530
11018,0.00987854
11019,0.11625628
11020,0.91107491
11021,0.01548409
11022,0.28948092
11023,0.00716559
11024,0.81848866
11025,0.10438877
11026,0.68779095
11027,0.21575397
11028,0.88036513
11029,0.01821592
11030,0.03197459
11031,0.01840236
11032,0.88103711
11033,0.07548743
11034,0.01586892
11035,0.93746289
11036,0.06551224
11037,0.99079949
11038,0.23314460
11039,0.98387714
11040,0.01148094
11041,0.04912950
11042,0.95458510
11043,0.04625537
11044,0.17333554
11045,0.91057892
11046,0.03633896
11047,0.58814719
11048,0.02669911
11049,0.01589479
11050,0.82813724
11051,0.26843032
11052,0.36129786
11053,0.58097272
11054,0.98633412
11055,0.82846593
11056,0.16380247
11057,0.03637269
11058,0.06779921
11059,0.02752337
11060,0.25225969
11061,0.65255887
11062,0.97210359
11063,0.00395883
11064,0.85559657
11065,0.97674861
11066,0.03639799
11067,0.06497984
11068,0.93632735
11069,0.94842367
11070,0.05038997
11071,0.03607687
11072,0.94435221
11073,0.03129594
11074,0.99526757
11075,0.08371209
11076,0.10598936
11077,0.02999719
11078,0.61189956
11079,0.02318455
11080,0.00757735
11081,0.01770642
11082,0.83757665
11083,0.10536348
11084,0.04457240
11085,0.10005465
11086,0.19843319
11087,0.01029290
11088,0.01369170
11089,0.98206171
11090,0.97278348
11091,0.02536943
11092,0.91964287
11093,0.79471552
11094,0.09154843
11095,0.94000667
11096,0.35398906
11097,0.06443669
11098,0.14880177
11099,0.95590431
11100,0.10374570
11101,0.17712756
11102,0.02671417
11103,0.90835417
11104,0.05557092
11105,0.11381227
11106,0.96311506
11107,0.97784859
11108,0.31233289
11109,0.97236269
11110,0.07253028
11111,0.93222578
11112,0.05979672
11113,0.00341203
11114,0.12792070
11115,0.28446619
11116,0.14929859
11117,0.95528291
11118,0.12089204
11119,0.93932046
11120,0.00631981
11121,0.12828430
11122,0.00952186
11123,0.99541752
11124,0.77860795
11125,0.98213144
11126,0.05684917
11127,0.08059936
11128,0.94705207
11129,0.01344399
11130,0.04880385
11131,0.89473232
11132,0.08287859
11133,0.70168557
11134,0.07958438
11135,0.94912326
11136,0.29662885
11137,0.01660577
11138,0.96396135
11139,0.04378607
11140,0.95364294
11141,0.01991199
11142,0.16053660
11143,0.95948779
11144,0.01768637
11145,0.14996289
11146,0.95855138
11147,0.01148226
11148,0.97719166
11149,0.04617832
11150,0.74250585
11151,0.08574016
11152,0.01931829
11153,0.77829457
11154,0.03775487
11155,0.22541181
11156,0.02828045
11157,0.53914929
11158,0.96177360
11159,0.01819356
11160,0.89473547
11161,0.98306457
11162,0.21492140
11163,0.86962663
11164,0.04670262
11165,0.43582280
11166,0.11606730
11167,0.02655807
11168,0.98982401
11169,0.47911181
11170,0.02869531
11171,0.83919791
11172,0.03857197
11173,0.00862434
11174,0.08723524
11175,0.23496492
11176,0.04716368
11177,0.95620947
11178,0.00860001
11179,0.00651861
11180,0.89676414
11181,0.30581240
11182,0.96184989
11183,0.52800060
11184,0.00611744
11185,0.90122307
11186,0.04719090
11187,0.98604130
11188,0.05818276
11189,0.19506519
11190,0.06498351
11191,0.99650491
11192,0.24904213
11193,0.08323657
11194,0.10165209
11195,0.16598943
11196,0.01982206
11197,0.07579811
11198,0.75148998
11199,0.91264174
11200,0.24287960
11201,0.01712897
11202,0.00324190
11203,0.12566144
11204,0.01226026
11205,0.05756143
11206,0.00967480
11207,0.19871051
11208,0.01851602
11209,0.96667103
11210,0.03273251
11211,0.07935485
11212,0.08329344
11213,0.00640758
11214,0.87682869
11215,0.05459767
11216,0.16378545
11217,0.20452560
11218,0.11817916
11219,0.99165983
11220,0.11562255
11221,0.34975678
11222,0.20369939
11223,0.00652241
11224,0.08352520
11225,0.99679209
11226,0.01553320
11227,0.12374137
11228,0.41649792
11229,0.12440276
11230,0.00625308
11231,0.97834364
