index,target
0,0.010285
1,0.853951
2,0.090504
3,0.043558
4,0.992261
5,0.006545
6,0.878746
7,0.116663
8,0.018016
9,0.887562
10,0.005957
11,0.003726
12,0.086996
13,0.618107
14,0.439803
15,0.439085
16,0.187590
17,0.900162
18,0.817809
19,0.968644
20,0.137413
21,0.735306
22,0.977313
23,0.121511
24,0.972081
25,0.025067
26,0.009644
27,0.015036
28,0.023003
29,0.002915
30,0.033480
31,0.006007
32,0.005623
33,0.436631
34,0.109085
35,0.184020
36,0.835140
37,0.009676
38,0.084193
39,0.120513
40,0.201826
41,0.945173
42,0.006379
43,0.341299
44,0.893505
45,0.020594
46,0.727405
47,0.118113
48,0.347377
49,0.054799
50,0.063268
51,0.005870
52,0.317594
53,0.011381
54,0.129480
55,0.020963
56,0.031537
57,0.961584
58,0.037128
59,0.785822
60,0.185114
61,0.013988
62,0.867934
63,0.694075
64,0.218038
65,0.004189
66,0.047429
67,0.931091
68,0.976593
69,0.377431
70,0.085783
71,0.443014
72,0.067536
73,0.152060
74,0.096147
75,0.010737
76,0.004023
77,0.005622
78,0.025488
79,0.628682
80,0.210403
81,0.249839
82,0.139640
83,0.115771
84,0.142834
85,0.470364
86,0.626596
87,0.024096
88,0.145706
89,0.002989
90,0.744830
91,0.053336
92,0.071857
93,0.085019
94,0.080451
95,0.767862
96,0.440435
97,0.111943
98,0.974156
99,0.308820
100,0.004692
101,0.079611
102,0.052014
103,0.110948
104,0.488333
105,0.061676
106,0.890973
107,0.688698
108,0.222451
109,0.162293
110,0.952630
111,0.021318
112,0.118100
113,0.013564
114,0.012993
115,0.255639
116,0.931961
117,0.265333
118,0.356739
119,0.986612
120,0.970814
121,0.003134
122,0.229805
123,0.123026
124,0.115743
125,0.099564
126,0.029569
127,0.134677
128,0.131072
129,0.139842
130,0.003856
131,0.040406
132,0.981494
133,0.061177
134,0.973209
135,0.939219
136,0.975828
137,0.874741
138,0.825740
139,0.100717
140,0.018847
141,0.378622
142,0.014352
143,0.059649
144,0.005019
145,0.983452
146,0.758110
147,0.946693
148,0.956495
149,0.048723
150,0.470185
151,0.142104
152,0.069176
153,0.009833
154,0.049679
155,0.027048
156,0.422811
157,0.498144
158,0.072945
159,0.036031
160,0.007207
161,0.518772
162,0.045936
163,0.725140
164,0.047995
165,0.040097
166,0.100555
167,0.014307
168,0.977272
169,0.007280
170,0.044492
171,0.039916
172,0.101289
173,0.901216
174,0.009214
175,0.010752
176,0.976476
177,0.968003
178,0.004047
179,0.935994
180,0.139178
181,0.046055
182,0.865883
183,0.123921
184,0.952202
185,0.076228
186,0.546671
187,0.005621
188,0.149115
189,0.015244
190,0.008084
191,0.929855
192,0.063479
193,0.042913
194,0.110535
195,0.981361
196,0.043338
197,0.983175
198,0.095368
199,0.344708
200,0.141070
201,0.023034
202,0.962430
203,0.004902
204,0.041540
205,0.018758
206,0.109675
207,0.902438
208,0.052631
209,0.998197
210,0.106416
211,0.005477
212,0.478953
213,0.010093
214,0.023178
215,0.268076
216,0.054389
217,0.489339
218,0.824852
219,0.578370
220,0.150240
221,0.044640
222,0.018360
223,0.022707
224,0.265552
225,0.987540
226,0.941772
227,0.053852
228,0.934788
229,0.003468
230,0.037847
231,0.989225
232,0.202898
233,0.029078
234,0.258792
235,0.089461
236,0.233797
237,0.553005
238,0.070557
239,0.973193
240,0.045660
241,0.017452
242,0.205405
243,0.310899
244,0.860001
245,0.142275
246,0.091586
247,0.008896
248,0.640847
249,0.996550
250,0.100244
251,0.048573
252,0.048009
253,0.199647
254,0.059029
255,0.209808
256,0.254346
257,0.842368
258,0.013092
259,0.019560
260,0.188135
261,0.051151
262,0.995942
263,0.935996
264,0.006525
265,0.115678
266,0.855840
267,0.124980
268,0.007748
269,0.003613
270,0.485946
271,0.363723
272,0.062124
273,0.028562
274,0.997201
275,0.996994
276,0.094993
277,0.015745
278,0.012082
279,0.034934
280,0.967610
281,0.947828
282,0.968174
283,0.009193
284,0.153039
285,0.115884
286,0.021377
287,0.015584
288,0.987539
289,0.299446
290,0.238764
291,0.969354
292,0.857080
293,0.986887
294,0.006102
295,0.092375
296,0.118478
297,0.081889
298,0.005311
299,0.988791
300,0.143448
301,0.929200
302,0.861283
303,0.066914
304,0.720740
305,0.802068
306,0.101036
307,0.044757
308,0.527756
309,0.543311
310,0.978721
311,0.066055
312,0.399192
313,0.007298
314,0.555336
315,0.030590
316,0.965221
317,0.027863
318,0.004304
319,0.784687
320,0.168293
321,0.036907
322,0.002618
323,0.036587
324,0.139485
325,0.841946
326,0.109182
327,0.790450
328,0.013895
329,0.010211
330,0.803025
331,0.020237
332,0.193298
333,0.057434
334,0.291133
335,0.230491
336,0.046103
337,0.976338
338,0.012220
339,0.030685
340,0.005113
341,0.986753
342,0.909655
343,0.126214
344,0.077906
345,0.968154
346,0.453524
347,0.086657
348,0.003471
349,0.358015
350,0.996394
351,0.025464
352,0.061441
353,0.046321
354,0.074658
355,0.078839
356,0.939113
357,0.027004
358,0.965615
359,0.190990
360,0.076049
361,0.630749
362,0.008893
363,0.070557
364,0.010693
365,0.675136
366,0.024647
367,0.476648
368,0.434624
369,0.948805
370,0.701300
371,0.818609
372,0.021759
373,0.132943
374,0.022338
375,0.806580
376,0.120739
377,0.035003
378,0.014113
379,0.011203
380,0.068701
381,0.101856
382,0.934014
383,0.070049
384,0.116244
385,0.163346
386,0.035057
387,0.599475
388,0.099858
389,0.035620
390,0.805641
391,0.023476
392,0.019022
393,0.839985
394,0.973173
395,0.815666
396,0.948862
397,0.365337
398,0.163246
399,0.002930
400,0.077166
401,0.006985
402,0.006210
403,0.147063
404,0.012953
405,0.033394
406,0.975871
407,0.573486
408,0.025439
409,0.098438
410,0.081400
411,0.818506
412,0.104454
413,0.448195
414,0.089137
415,0.023729
416,0.890278
417,0.200861
418,0.059048
419,0.982722
420,0.135308
421,0.003136
422,0.013348
423,0.700933
424,0.946027
425,0.015071
426,0.121432
427,0.006385
428,0.931169
429,0.969389
430,0.994881
431,0.113777
432,0.384644
433,0.038732
434,0.872687
435,0.019023
436,0.968323
437,0.054833
438,0.048193
439,0.985970
440,0.834746
441,0.092461
442,0.036412
443,0.006135
444,0.262500
445,0.034964
446,0.988491
447,0.258431
448,0.014417
449,0.511261
450,0.051054
451,0.585600
452,0.953555
453,0.398484
454,0.066052
455,0.884339
456,0.892418
457,0.036762
458,0.288958
459,0.625271
460,0.191265
461,0.725524
462,0.314593
463,0.926626
464,0.033924
465,0.983721
466,0.941422
467,0.011845
468,0.631558
469,0.958197
470,0.116844
471,0.289834
472,0.940525
473,0.028171
474,0.036943
475,0.008751
476,0.015328
477,0.084437
478,0.084470
479,0.682875
480,0.015238
481,0.987243
482,0.109430
483,0.965587
484,0.660411
485,0.021878
486,0.035725
487,0.096736
488,0.009677
489,0.009440
490,0.053613
491,0.016394
492,0.003676
493,0.033579
494,0.426063
495,0.119489
496,0.018448
497,0.660233
498,0.289409
499,0.069102
500,0.970978
501,0.076071
502,0.074255
503,0.330850
504,0.782733
505,0.177033
506,0.016426
507,0.987714
508,0.805968
509,0.046560
510,0.043163
511,0.774147
512,0.024133
513,0.975049
514,0.978663
515,0.948338
516,0.947626
517,0.372794
518,0.127734
519,0.119444
520,0.571311
521,0.140513
522,0.942048
523,0.508583
524,0.094792
525,0.933832
526,0.436411
527,0.006925
528,0.284598
529,0.982712
530,0.011042
531,0.003943
532,0.024283
533,0.011523
534,0.006904
535,0.080276
536,0.092526
537,0.906493
538,0.074934
539,0.911179
540,0.443998
541,0.047493
542,0.003221
543,0.437747
544,0.797361
545,0.011604
546,0.424812
547,0.003412
548,0.049765
549,0.038608
550,0.980956
551,0.805070
552,0.266833
553,0.011473
554,0.094644
555,0.756882
556,0.028430
557,0.073039
558,0.702217
559,0.011962
560,0.052567
561,0.298424
562,0.970821
563,0.430195
564,0.005383
565,0.830246
566,0.092668
567,0.018089
568,0.483269
569,0.236682
570,0.184711
571,0.153400
572,0.763668
573,0.046404
574,0.525492
575,0.090237
576,0.958043
577,0.008335
578,0.030292
579,0.152605
580,0.087105
581,0.130326
582,0.004871
583,0.006616
584,0.002868
585,0.425509
586,0.480094
587,0.596520
588,0.006377
589,0.096555
590,0.094092
591,0.003732
592,0.064288
593,0.019938
594,0.076192
595,0.258674
596,0.071799
597,0.085590
598,0.191462
599,0.953960
600,0.023472
601,0.019628
602,0.028309
603,0.081176
604,0.888614
605,0.058442
606,0.038861
607,0.007963
608,0.006472
609,0.005225
610,0.079486
611,0.120570
612,0.014089
613,0.008520
614,0.133556
615,0.519978
616,0.020553
617,0.055527
618,0.004703
619,0.034827
620,0.021583
621,0.005206
622,0.451276
623,0.027108
624,0.057611
625,0.455203
626,0.881888
627,0.982342
628,0.010750
629,0.919622
630,0.016395
631,0.039653
632,0.514281
633,0.980713
634,0.032668
635,0.537323
636,0.013071
637,0.009087
638,0.011561
639,0.966408
640,0.123449
641,0.809969
642,0.058937
643,0.023299
644,0.932122
645,0.010205
646,0.022500
647,0.071593
648,0.167166
649,0.492232
650,0.057273
651,0.973420
652,0.948060
653,0.017998
654,0.049729
655,0.002950
656,0.209206
657,0.957071
658,0.581140
659,0.158013
660,0.011428
661,0.402422
662,0.058080
663,0.148008
664,0.575379
665,0.034874
666,0.031495
667,0.976455
668,0.303865
669,0.584049
670,0.033552
671,0.375409
672,0.036402
673,0.052051
674,0.997520
675,0.046842
676,0.022857
677,0.558167
678,0.070098
679,0.642572
680,0.224555
681,0.052619
682,0.961929
683,0.109911
684,0.147314
685,0.125044
686,0.087517
687,0.044519
688,0.973136
689,0.099105
690,0.953878
691,0.085841
692,0.004245
693,0.847261
694,0.025402
695,0.871412
696,0.016330
697,0.348306
698,0.995923
699,0.016530
700,0.020432
701,0.147926
702,0.004136
703,0.002650
704,0.017992
705,0.020470
706,0.066938
707,0.494843
708,0.095041
709,0.024494
710,0.040676
711,0.056369
712,0.996781
713,0.092712
714,0.953381
715,0.082958
716,0.008488
717,0.241045
718,0.115902
719,0.017863
720,0.026238
721,0.107803
722,0.313341
723,0.746525
724,0.897074
725,0.770083
726,0.037724
727,0.909092
728,0.158529
729,0.216396
730,0.135127
731,0.010170
732,0.983866
733,0.938020
734,0.147693
735,0.053765
736,0.839626
737,0.043122
738,0.401643
739,0.500626
740,0.990205
741,0.807190
742,0.283603
743,0.170669
744,0.073230
745,0.020695
746,0.940571
747,0.846729
748,0.106728
749,0.666293
750,0.050489
751,0.100374
752,0.089982
753,0.233313
754,0.014502
755,0.018582
756,0.320921
757,0.064228
758,0.007754
759,0.017590
760,0.844737
761,0.063053
762,0.776990
763,0.022017
764,0.005381
765,0.964124
766,0.205077
767,0.811815
768,0.316486
769,0.646468
770,0.135687
771,0.022981
772,0.980523
773,0.007841
774,0.327194
775,0.994532
776,0.407310
777,0.014612
778,0.407972
779,0.308231
780,0.005338
781,0.021983
782,0.576921
783,0.076636
784,0.559764
785,0.971769
786,0.758035
787,0.006652
788,0.936743
789,0.038620
790,0.785790
791,0.056605
792,0.082773
793,0.056071
794,0.318219
795,0.146511
796,0.049986
797,0.007501
798,0.743041
799,0.175322
800,0.458351
801,0.822008
802,0.006072
803,0.006823
804,0.062264
805,0.083907
806,0.013898
807,0.037197
808,0.142413
809,0.335020
810,0.081023
811,0.066266
812,0.976795
813,0.232837
814,0.957786
815,0.025527
816,0.252689
817,0.943957
818,0.511456
819,0.016327
820,0.983730
821,0.997249
822,0.145667
823,0.018784
824,0.393263
825,0.003032
826,0.142350
827,0.110728
828,0.033314
829,0.980362
830,0.862216
831,0.035220
832,0.986668
833,0.447793
834,0.896515
835,0.003792
836,0.278790
837,0.345518
838,0.253794
839,0.991965
840,0.096035
841,0.017992
842,0.211120
843,0.009966
844,0.289315
845,0.996909
846,0.997406
847,0.020166
848,0.006690
849,0.831041
850,0.503756
851,0.870887
852,0.146928
853,0.039457
854,0.906685
855,0.010202
856,0.841865
857,0.967344
858,0.024499
859,0.767365
860,0.009713
861,0.814740
862,0.332221
863,0.899112
864,0.005263
865,0.441995
866,0.897844
867,0.035291
868,0.099266
869,0.843931
870,0.025731
871,0.996896
872,0.030596
873,0.021288
874,0.965257
875,0.576842
876,0.013279
877,0.095291
878,0.179600
879,0.820854
880,0.073011
881,0.072443
882,0.816539
883,0.166303
884,0.026715
885,0.977139
886,0.019280
887,0.969838
888,0.053987
889,0.006333
890,0.199641
891,0.459953
892,0.167454
893,0.082805
894,0.538991
895,0.336930
896,0.901122
897,0.088982
898,0.004932
899,0.714297
900,0.142227
901,0.009216
902,0.556279
903,0.849760
904,0.032449
905,0.977132
906,0.097653
907,0.011946
908,0.987086
909,0.027483
910,0.039347
911,0.060993
912,0.027584
913,0.068026
914,0.029982
915,0.040429
916,0.184118
917,0.491836
918,0.084246
919,0.586770
920,0.007347
921,0.027851
922,0.057467
923,0.997610
924,0.966640
925,0.924373
926,0.057668
927,0.098464
928,0.015218
929,0.555429
930,0.438030
931,0.029956
932,0.939492
933,0.013678
934,0.029729
935,0.042404
936,0.987811
937,0.035991
938,0.030650
939,0.529817
940,0.046796
941,0.977335
942,0.958739
943,0.995110
944,0.437645
945,0.372221
946,0.024863
947,0.838331
948,0.033125
949,0.040938
950,0.983776
951,0.314916
952,0.281795
953,0.072725
954,0.085771
955,0.509209
956,0.946878
957,0.323013
958,0.008934
959,0.510516
960,0.004409
961,0.971031
962,0.044449
963,0.468555
964,0.418282
965,0.054684
966,0.301495
967,0.006235
968,0.010576
969,0.003469
970,0.177996
971,0.110172
972,0.996688
973,0.097210
974,0.591743
975,0.009548
976,0.014227
977,0.851059
978,0.070804
979,0.991926
980,0.921823
981,0.984092
982,0.399823
983,0.027035
984,0.969035
985,0.042849
986,0.955345
987,0.114637
988,0.265338
989,0.838676
990,0.956664
991,0.123185
992,0.025771
993,0.042565
994,0.015233
995,0.996338
996,0.048458
997,0.056648
998,0.174390
999,0.782376
1000,0.941912
1001,0.988297
1002,0.006058
1003,0.009238
1004,0.427861
1005,0.899095
1006,0.994418
1007,0.331936
1008,0.047335
1009,0.296162
1010,0.032274
1011,0.132092
1012,0.064243
1013,0.306515
1014,0.472422
1015,0.039479
1016,0.018443
1017,0.403291
1018,0.739739
1019,0.004350
1020,0.041582
1021,0.974306
1022,0.483311
1023,0.882266
1024,0.011698
1025,0.019452
1026,0.013712
1027,0.098908
1028,0.031394
1029,0.186501
1030,0.003791
1031,0.093517
1032,0.415050
1033,0.005119
1034,0.548279
1035,0.026502
1036,0.195092
1037,0.958586
1038,0.041510
1039,0.942943
1040,0.384060
1041,0.046242
1042,0.037301
1043,0.449822
1044,0.003070
1045,0.115983
1046,0.005167
1047,0.129967
1048,0.684645
1049,0.823348
1050,0.005870
1051,0.105003
1052,0.041555
1053,0.969948
1054,0.622155
1055,0.094714
1056,0.202717
1057,0.266707
1058,0.004467
1059,0.952691
1060,0.249568
1061,0.044368
1062,0.005929
1063,0.202685
1064,0.954844
1065,0.062214
1066,0.014711
1067,0.221850
1068,0.156399
1069,0.986101
1070,0.312479
1071,0.432269
1072,0.031182
1073,0.915564
1074,0.007142
1075,0.016933
1076,0.003782
1077,0.021607
1078,0.027714
1079,0.882930
1080,0.006164
1081,0.038193
1082,0.888463
1083,0.066612
1084,0.894304
1085,0.461674
1086,0.810603
1087,0.309628
1088,0.003681
1089,0.931967
1090,0.033796
1091,0.975478
1092,0.045331
1093,0.066008
1094,0.997829
1095,0.864053
1096,0.049108
1097,0.703093
1098,0.026524
1099,0.378176
1100,0.138253
1101,0.030213
1102,0.128498
1103,0.164434
1104,0.057817
1105,0.150753
1106,0.168714
1107,0.067064
1108,0.022396
1109,0.398614
1110,0.871778
1111,0.011680
1112,0.039195
1113,0.391709
1114,0.498323
1115,0.262301
1116,0.095004
1117,0.837255
1118,0.127505
1119,0.012605
1120,0.033401
1121,0.051058
1122,0.029489
1123,0.558213
1124,0.027921
1125,0.144615
1126,0.957211
1127,0.356682
1128,0.010535
1129,0.055516
1130,0.007059
1131,0.018284
1132,0.010696
1133,0.003818
1134,0.996474
1135,0.020899
1136,0.019728
1137,0.003675
1138,0.944603
1139,0.107848
1140,0.526575
1141,0.984705
1142,0.011796
1143,0.118540
1144,0.726393
1145,0.930274
1146,0.997669
1147,0.088139
1148,0.003322
1149,0.391171
1150,0.909252
1151,0.002937
1152,0.125193
1153,0.987010
1154,0.131562
1155,0.021452
1156,0.175553
1157,0.329987
1158,0.727295
1159,0.867964
1160,0.018173
1161,0.021023
1162,0.301733
1163,0.008776
1164,0.359841
1165,0.022917
1166,0.425241
1167,0.947128
1168,0.971113
1169,0.814791
1170,0.006853
1171,0.020571
1172,0.953526
1173,0.049011
1174,0.031504
1175,0.233311
1176,0.043043
1177,0.005072
1178,0.012451
1179,0.009158
1180,0.961119
1181,0.073030
1182,0.021473
1183,0.062373
1184,0.601226
1185,0.055128
1186,0.875035
1187,0.009527
1188,0.005230
1189,0.161860
1190,0.065458
1191,0.108127
1192,0.932019
1193,0.074301
1194,0.042988
1195,0.008331
1196,0.340755
1197,0.906099
1198,0.114159
1199,0.971118
1200,0.480142
1201,0.179073
1202,0.219342
1203,0.042423
1204,0.536844
1205,0.031017
1206,0.609398
1207,0.020168
1208,0.154467
1209,0.044687
1210,0.953967
1211,0.419579
1212,0.014105
1213,0.009927
1214,0.030811
1215,0.038072
1216,0.013990
1217,0.517592
1218,0.047737
1219,0.015621
1220,0.744982
1221,0.083822
1222,0.505906
1223,0.060075
1224,0.173364
1225,0.754900
1226,0.095686
1227,0.975392
1228,0.095613
1229,0.754320
1230,0.008507
1231,0.956513
1232,0.690686
1233,0.023650
1234,0.037036
1235,0.820450
1236,0.417002
1237,0.178531
1238,0.094456
1239,0.556561
1240,0.625113
1241,0.025090
1242,0.012308
1243,0.286043
1244,0.395216
1245,0.042945
1246,0.004031
1247,0.022236
1248,0.104842
1249,0.988934
1250,0.285444
1251,0.014900
1252,0.900571
1253,0.972363
1254,0.995778
1255,0.779051
1256,0.080616
1257,0.969794
1258,0.005029
1259,0.997317
1260,0.448572
1261,0.068220
1262,0.003930
1263,0.007544
1264,0.094033
1265,0.971920
1266,0.019288
1267,0.967662
1268,0.136939
1269,0.032460
1270,0.363477
1271,0.020984
1272,0.086448
1273,0.305857
1274,0.931021
1275,0.237479
1276,0.033369
1277,0.313064
1278,0.298439
1279,0.010450
1280,0.952625
1281,0.029667
1282,0.930040
1283,0.032204
1284,0.112600
1285,0.456142
1286,0.186207
1287,0.336604
1288,0.250000
1289,0.002867
1290,0.386021
1291,0.175976
1292,0.138895
1293,0.035011
1294,0.167032
1295,0.496594
1296,0.830127
1297,0.049155
1298,0.023442
1299,0.011280
1300,0.290278
1301,0.043550
1302,0.081551
1303,0.962544
1304,0.052744
1305,0.993915
1306,0.180481
1307,0.008956
1308,0.004300
1309,0.983978
1310,0.083701
1311,0.056619
1312,0.533892
1313,0.005711
1314,0.912587
1315,0.037577
1316,0.073237
1317,0.550572
1318,0.301277
1319,0.300168
1320,0.220890
1321,0.900792
1322,0.016230
1323,0.033835
1324,0.056159
1325,0.015898
1326,0.954244
1327,0.828969
1328,0.017973
1329,0.237067
1330,0.919815
1331,0.288673
1332,0.034095
1333,0.017931
1334,0.877309
1335,0.425535
1336,0.013474
1337,0.011578
1338,0.016788
1339,0.061784
1340,0.483621
1341,0.935036
1342,0.959071
1343,0.240445
1344,0.302206
1345,0.046664
1346,0.996753
1347,0.897292
1348,0.075330
1349,0.011767
1350,0.122668
1351,0.072900
1352,0.285811
1353,0.018122
1354,0.125665
1355,0.982369
1356,0.028409
1357,0.509774
1358,0.232213
1359,0.057928
1360,0.949943
1361,0.161916
1362,0.898435
1363,0.928935
1364,0.033935
1365,0.979415
1366,0.052057
1367,0.961487
1368,0.870314
1369,0.274695
1370,0.300593
1371,0.234171
1372,0.023351
1373,0.211039
1374,0.021249
1375,0.949553
1376,0.090415
1377,0.997952
1378,0.031558
1379,0.015729
1380,0.920622
1381,0.826454
1382,0.002419
1383,0.983998
1384,0.018130
1385,0.537329
1386,0.792680
1387,0.969152
1388,0.841098
1389,0.996469
1390,0.010910
1391,0.983070
1392,0.422248
1393,0.602379
1394,0.004573
1395,0.666121
1396,0.071671
1397,0.021136
1398,0.017168
1399,0.986757
1400,0.028631
1401,0.010495
1402,0.007807
1403,0.310861
1404,0.012263
1405,0.101840
1406,0.027375
1407,0.196659
1408,0.018769
1409,0.003730
1410,0.010453
1411,0.089027
1412,0.614598
1413,0.955971
1414,0.026306
1415,0.188398
1416,0.968401
1417,0.052001
1418,0.159365
1419,0.554736
1420,0.240632
1421,0.977525
1422,0.041163
1423,0.005307
1424,0.006631
1425,0.017991
1426,0.034561
1427,0.009644
1428,0.035478
1429,0.013747
1430,0.117732
1431,0.741181
1432,0.082850
1433,0.765261
1434,0.660102
1435,0.012391
1436,0.003922
1437,0.886135
1438,0.013941
1439,0.980306
1440,0.013046
1441,0.052883
1442,0.450125
1443,0.010076
1444,0.093695
1445,0.805573
1446,0.852815
1447,0.081693
1448,0.093344
1449,0.912830
1450,0.258107
1451,0.005244
1452,0.314385
1453,0.967769
1454,0.980464
1455,0.076068
1456,0.053759
1457,0.053106
1458,0.969317
1459,0.971821
1460,0.017787
1461,0.041764
1462,0.057289
1463,0.932989
1464,0.277495
1465,0.026452
1466,0.729625
1467,0.420775
1468,0.967027
1469,0.987208
1470,0.984607
1471,0.260950
1472,0.313915
1473,0.958815
1474,0.374594
1475,0.205700
1476,0.982253
1477,0.832304
1478,0.199324
1479,0.036292
1480,0.257188
1481,0.016200
1482,0.949068
1483,0.044517
1484,0.052488
1485,0.041078
1486,0.129025
1487,0.329464
1488,0.249687
1489,0.027666
1490,0.735793
1491,0.005256
1492,0.978188
1493,0.993950
1494,0.994161
1495,0.090887
1496,0.686929
1497,0.021756
1498,0.782691
1499,0.821769
1500,0.060974
1501,0.082667
1502,0.108750
1503,0.058345
1504,0.073332
1505,0.267394
1506,0.168740
1507,0.702242
1508,0.046211
1509,0.007739
1510,0.192133
1511,0.588973
1512,0.032100
1513,0.504378
1514,0.851927
1515,0.027538
1516,0.099150
1517,0.004991
1518,0.360236
1519,0.090901
1520,0.013291
1521,0.011873
1522,0.109175
1523,0.023893
1524,0.880206
1525,0.009360
1526,0.007280
1527,0.684951
1528,0.030987
1529,0.884929
1530,0.027389
1531,0.292261
1532,0.947476
1533,0.112288
1534,0.078034
1535,0.006555
1536,0.070018
1537,0.484157
1538,0.152659
1539,0.620773
1540,0.940543
1541,0.879346
1542,0.073442
1543,0.003778
1544,0.047427
1545,0.084030
1546,0.780575
1547,0.757102
1548,0.041097
1549,0.905987
1550,0.605779
1551,0.110141
1552,0.003631
1553,0.871609
1554,0.020765
1555,0.006072
1556,0.005587
1557,0.093459
1558,0.011024
1559,0.179309
1560,0.030284
1561,0.051449
1562,0.217295
1563,0.425262
1564,0.136920
1565,0.031590
1566,0.004689
1567,0.165678
1568,0.696457
1569,0.252214
1570,0.045263
1571,0.440271
1572,0.202764
1573,0.433179
1574,0.316020
1575,0.046289
1576,0.792464
1577,0.132476
1578,0.008723
1579,0.649372
1580,0.980907
1581,0.973838
1582,0.106662
1583,0.018295
1584,0.101689
1585,0.974851
1586,0.020360
1587,0.010223
1588,0.937056
1589,0.947806
1590,0.051590
1591,0.030914
1592,0.033638
1593,0.100943
1594,0.006488
1595,0.356327
1596,0.151124
1597,0.763895
1598,0.381970
1599,0.086941
1600,0.053118
1601,0.200590
1602,0.260559
1603,0.923396
1604,0.834774
1605,0.981114
1606,0.012340
1607,0.030990
1608,0.039033
1609,0.780809
1610,0.722092
1611,0.837627
1612,0.098043
1613,0.076948
1614,0.056004
1615,0.956433
1616,0.144182
1617,0.003759
1618,0.028487
1619,0.048090
1620,0.060986
1621,0.860978
1622,0.066997
1623,0.081051
1624,0.961860
1625,0.005754
1626,0.011355
1627,0.264020
1628,0.983350
1629,0.021100
1630,0.043201
1631,0.017397
1632,0.063069
1633,0.883683
1634,0.604535
1635,0.021286
1636,0.097917
1637,0.264389
1638,0.995527
1639,0.105273
1640,0.171670
1641,0.044162
1642,0.036553
1643,0.038549
1644,0.073542
1645,0.007084
1646,0.065928
1647,0.223145
1648,0.010239
1649,0.007659
1650,0.172861
1651,0.100751
1652,0.108470
1653,0.031628
1654,0.107280
1655,0.186972
1656,0.560219
1657,0.155991
1658,0.195946
1659,0.148201
1660,0.008873
1661,0.576003
1662,0.217319
1663,0.243047
1664,0.004936
1665,0.788846
1666,0.322300
1667,0.954112
1668,0.039968
1669,0.019329
1670,0.016920
1671,0.107743
1672,0.107324
1673,0.005988
1674,0.982510
1675,0.015618
1676,0.004499
1677,0.438197
1678,0.147581
1679,0.028744
1680,0.107782
1681,0.174298
1682,0.003197
1683,0.025065
1684,0.006315
1685,0.063850
1686,0.060478
1687,0.186851
1688,0.057104
1689,0.996131
1690,0.236017
1691,0.944582
1692,0.985427
1693,0.983566
1694,0.571494
1695,0.938092
1696,0.961439
1697,0.049247
1698,0.196203
1699,0.516362
1700,0.381033
1701,0.010070
1702,0.026963
1703,0.997459
1704,0.007759
1705,0.556782
1706,0.033322
1707,0.247448
1708,0.015557
1709,0.960823
1710,0.003785
1711,0.069912
1712,0.041837
1713,0.192226
1714,0.178473
1715,0.004888
1716,0.011490
1717,0.199284
1718,0.071285
1719,0.129340
1720,0.004235
1721,0.045417
1722,0.046107
1723,0.911986
1724,0.005067
1725,0.051386
1726,0.015870
1727,0.410784
1728,0.301818
1729,0.021692
1730,0.980503
1731,0.453555
1732,0.010265
1733,0.986314
1734,0.962468
1735,0.095698
1736,0.072780
1737,0.997600
1738,0.168485
1739,0.850124
1740,0.013794
1741,0.979354
1742,0.016884
1743,0.046370
1744,0.012902
1745,0.111916
1746,0.055387
1747,0.005874
1748,0.036671
1749,0.977013
1750,0.052561
1751,0.002645
1752,0.897997
1753,0.266603
1754,0.263065
1755,0.927692
1756,0.699429
1757,0.020612
1758,0.142165
1759,0.015840
1760,0.647799
1761,0.012571
1762,0.904711
1763,0.199022
1764,0.074263
1765,0.075789
1766,0.032792
1767,0.881529
1768,0.985098
1769,0.004000
1770,0.048905
1771,0.843194
1772,0.942740
1773,0.996845
1774,0.718580
1775,0.881958
1776,0.747590
1777,0.003120
1778,0.069605
1779,0.396724
1780,0.005364
1781,0.981151
1782,0.020896
1783,0.770293
1784,0.210050
1785,0.012970
1786,0.660869
1787,0.621303
1788,0.014235
1789,0.020058
1790,0.030069
1791,0.010871
1792,0.183197
1793,0.098779
1794,0.004970
1795,0.042545
1796,0.206545
1797,0.215620
1798,0.060210
1799,0.019652
1800,0.031174
1801,0.028742
1802,0.118290
1803,0.630459
1804,0.002994
1805,0.066580
1806,0.696210
1807,0.010801
1808,0.098888
1809,0.079242
1810,0.015068
1811,0.027015
1812,0.203022
1813,0.074422
1814,0.401578
1815,0.088611
1816,0.075853
1817,0.332249
1818,0.034355
1819,0.112341
1820,0.978181
1821,0.010409
1822,0.246544
1823,0.223709
1824,0.030075
1825,0.972779
1826,0.026938
1827,0.973371
1828,0.010789
1829,0.124004
1830,0.372296
1831,0.069064
1832,0.089590
1833,0.982831
1834,0.093601
1835,0.019217
1836,0.030245
1837,0.031658
1838,0.017580
1839,0.025143
1840,0.064804
1841,0.970136
1842,0.078801
1843,0.188817
1844,0.011096
1845,0.973036
1846,0.057845
1847,0.021685
1848,0.871916
1849,0.369506
1850,0.120152
1851,0.045610
1852,0.059653
1853,0.079622
1854,0.065968
1855,0.017662
1856,0.930858
1857,0.015668
1858,0.033056
1859,0.185653
1860,0.101310
1861,0.008299
1862,0.193169
1863,0.004861
1864,0.820934
1865,0.020528
1866,0.063013
1867,0.058514
1868,0.481291
1869,0.978403
1870,0.021540
1871,0.358042
1872,0.094911
1873,0.014723
1874,0.625044
1875,0.290996
1876,0.043608
1877,0.015132
1878,0.011845
1879,0.096851
1880,0.074749
1881,0.122013
1882,0.006360
1883,0.988604
1884,0.970638
1885,0.007708
1886,0.370092
1887,0.391514
1888,0.096797
1889,0.004060
1890,0.010242
1891,0.435103
1892,0.798962
1893,0.861189
1894,0.066236
1895,0.016854
1896,0.849033
1897,0.003420
1898,0.890714
1899,0.036567
1900,0.098291
1901,0.166407
1902,0.064467
1903,0.025550
1904,0.090018
1905,0.025112
1906,0.997898
1907,0.043842
1908,0.005807
1909,0.230712
1910,0.959408
1911,0.089198
1912,0.050423
1913,0.576362
1914,0.073690
1915,0.978809
1916,0.098056
1917,0.972965
1918,0.435686
1919,0.263642
1920,0.163195
1921,0.964524
1922,0.218341
1923,0.005526
1924,0.886711
1925,0.162175
1926,0.948871
1927,0.970539
1928,0.440889
1929,0.217518
1930,0.947752
1931,0.019736
1932,0.035569
1933,0.259787
1934,0.171800
1935,0.978071
1936,0.273841
1937,0.028198
1938,0.066411
1939,0.034787
1940,0.433449
1941,0.011364
1942,0.950502
1943,0.346711
1944,0.010521
1945,0.003251
1946,0.352541
1947,0.105406
1948,0.312729
1949,0.010029
1950,0.381610
1951,0.924789
1952,0.951634
1953,0.166069
1954,0.043278
1955,0.021819
1956,0.037434
1957,0.682151
1958,0.266440
1959,0.082034
1960,0.058913
1961,0.209129
1962,0.278144
1963,0.133930
1964,0.090039
1965,0.062456
1966,0.976706
1967,0.017460
1968,0.026236
1969,0.175451
1970,0.186145
1971,0.979656
1972,0.821453
1973,0.035863
1974,0.929469
1975,0.680438
1976,0.015123
1977,0.992584
1978,0.035038
1979,0.995746
1980,0.968711
1981,0.550919
1982,0.156276
1983,0.035574
1984,0.389396
1985,0.037498
1986,0.205673
1987,0.573664
1988,0.004045
1989,0.050283
1990,0.307528
1991,0.971181
1992,0.074738
1993,0.007507
1994,0.705409
1995,0.423801
1996,0.247468
1997,0.565763
1998,0.606743
1999,0.869670
2000,0.263336
2001,0.026467
2002,0.044154
2003,0.975891
2004,0.026321
2005,0.045574
2006,0.947838
2007,0.065154
2008,0.204599
2009,0.091324
2010,0.951407
2011,0.918790
2012,0.569238
2013,0.865386
2014,0.984014
2015,0.010907
2016,0.590903
2017,0.861039
2018,0.004188
2019,0.085110
2020,0.006806
2021,0.901404
2022,0.233794
2023,0.332061
2024,0.982039
2025,0.927235
2026,0.773515
2027,0.009263
2028,0.093660
2029,0.003821
2030,0.986441
2031,0.192363
2032,0.987750
2033,0.482780
2034,0.946773
2035,0.988028
2036,0.042930
2037,0.012899
2038,0.031648
2039,0.980246
2040,0.006060
2041,0.700974
2042,0.215064
2043,0.971179
2044,0.723374
2045,0.003598
2046,0.011867
2047,0.217853
2048,0.091664
2049,0.957109
2050,0.959395
2051,0.840181
2052,0.019082
2053,0.239313
2054,0.678113
2055,0.007645
2056,0.021603
2057,0.793401
2058,0.007206
2059,0.011244
2060,0.033289
2061,0.299756
2062,0.160478
2063,0.073246
2064,0.832107
2065,0.681381
2066,0.291436
2067,0.974019
2068,0.620197
2069,0.340151
2070,0.158626
2071,0.442661
2072,0.288776
2073,0.006003
2074,0.084079
2075,0.455405
2076,0.008966
2077,0.107624
2078,0.009214
2079,0.045155
2080,0.010956
2081,0.761751
2082,0.283657
2083,0.030869
2084,0.525271
2085,0.074151
2086,0.017548
2087,0.032038
2088,0.962411
2089,0.050149
2090,0.773621
2091,0.102366
2092,0.028855
2093,0.017491
2094,0.479911
2095,0.996759
2096,0.198802
2097,0.005473
2098,0.722953
2099,0.515022
2100,0.987754
2101,0.022363
2102,0.748838
2103,0.218118
2104,0.025552
2105,0.005153
2106,0.027822
2107,0.712395
2108,0.017442
2109,0.010035
2110,0.009703
2111,0.566694
2112,0.065194
2113,0.284363
2114,0.372569
2115,0.139773
2116,0.918854
2117,0.908358
2118,0.015594
2119,0.930836
2120,0.200892
2121,0.033104
2122,0.163480
2123,0.943935
2124,0.020083
2125,0.854234
2126,0.041211
2127,0.062400
2128,0.050695
2129,0.129920
2130,0.029537
2131,0.107948
2132,0.964621
2133,0.047748
2134,0.019738
2135,0.160861
2136,0.006993
2137,0.993220
2138,0.007669
2139,0.076915
2140,0.012639
2141,0.233539
2142,0.154473
2143,0.860571
2144,0.827574
2145,0.924255
2146,0.247522
2147,0.994076
2148,0.019182
2149,0.955766
2150,0.416116
2151,0.930823
2152,0.735466
2153,0.173054
2154,0.045596
2155,0.142477
2156,0.979399
2157,0.012565
2158,0.633560
2159,0.859584
2160,0.873405
2161,0.010618
2162,0.068309
2163,0.026608
2164,0.075431
2165,0.216574
2166,0.178534
2167,0.425879
2168,0.071986
2169,0.047960
2170,0.942857
2171,0.013842
2172,0.489730
2173,0.973499
2174,0.311237
2175,0.014588
2176,0.074343
2177,0.022405
2178,0.048781
2179,0.048421
2180,0.865368
2181,0.018010
2182,0.005526
2183,0.464131
2184,0.063288
2185,0.130006
2186,0.342547
2187,0.032047
2188,0.075823
2189,0.526632
2190,0.002829
2191,0.962639
2192,0.966222
2193,0.111251
2194,0.031977
2195,0.057711
2196,0.067769
2197,0.959541
2198,0.945601
2199,0.044781
2200,0.015239
2201,0.125596
2202,0.006720
2203,0.946721
2204,0.909578
2205,0.621329
2206,0.224281
2207,0.167804
2208,0.942481
2209,0.275599
2210,0.114387
2211,0.059329
2212,0.565924
2213,0.009827
2214,0.019576
2215,0.009861
2216,0.449357
2217,0.285065
2218,0.031389
2219,0.005370
2220,0.008439
2221,0.028074
2222,0.004439
2223,0.962298
2224,0.275837
2225,0.015421
2226,0.210347
2227,0.684124
2228,0.321408
2229,0.005926
2230,0.642063
2231,0.047198
2232,0.475980
2233,0.007870
2234,0.976979
2235,0.067141
2236,0.240717
2237,0.029141
2238,0.165888
2239,0.760486
2240,0.317830
2241,0.009197
2242,0.009212
2243,0.220421
2244,0.002844
2245,0.010789
2246,0.064016
2247,0.029828
2248,0.061605
2249,0.643156
2250,0.047999
2251,0.505515
2252,0.715308
2253,0.974910
2254,0.012497
2255,0.030957
2256,0.140661
2257,0.005550
2258,0.011972
2259,0.020198
2260,0.354803
2261,0.436703
2262,0.827856
2263,0.381649
2264,0.031633
2265,0.005477
2266,0.484380
2267,0.949611
2268,0.131280
2269,0.273670
2270,0.098706
2271,0.222204
2272,0.111066
2273,0.987603
2274,0.922306
2275,0.003214
2276,0.037442
2277,0.969866
2278,0.634685
2279,0.037980
2280,0.047795
2281,0.255600
2282,0.077498
2283,0.168267
2284,0.598487
2285,0.047125
2286,0.985702
2287,0.067326
2288,0.006943
2289,0.006913
2290,0.007122
2291,0.945000
2292,0.229670
2293,0.030199
2294,0.026503
2295,0.962841
2296,0.871490
2297,0.311935
2298,0.016563
2299,0.039202
2300,0.042886
2301,0.048556
2302,0.072695
2303,0.249012
2304,0.831431
2305,0.050683
2306,0.058195
2307,0.262940
2308,0.154027
2309,0.004478
2310,0.009917
2311,0.007274
2312,0.004154
2313,0.009258
2314,0.975242
2315,0.075532
2316,0.066125
2317,0.783225
2318,0.134886
2319,0.003497
2320,0.118693
2321,0.997874
2322,0.557388
2323,0.132931
2324,0.938961
2325,0.103788
2326,0.497665
2327,0.007173
2328,0.983917
2329,0.150396
2330,0.048537
2331,0.004603
2332,0.078128
2333,0.989592
2334,0.002756
2335,0.107236
2336,0.033042
2337,0.971848
2338,0.078904
2339,0.980897
2340,0.035247
2341,0.009602
2342,0.289824
2343,0.983258
2344,0.077117
2345,0.022177
2346,0.045110
2347,0.436182
2348,0.002532
2349,0.365166
2350,0.113817
2351,0.894755
2352,0.583519
2353,0.969358
2354,0.015508
2355,0.098766
2356,0.249246
2357,0.966878
2358,0.017873
2359,0.017685
2360,0.176768
2361,0.130257
2362,0.008641
2363,0.062889
2364,0.024491
2365,0.648316
2366,0.633674
2367,0.070350
2368,0.022002
2369,0.008690
2370,0.091331
2371,0.988989
2372,0.345263
2373,0.021875
2374,0.006462
2375,0.932162
2376,0.033999
2377,0.191307
2378,0.968237
2379,0.015131
2380,0.016482
2381,0.016435
2382,0.856995
2383,0.639744
2384,0.961419
2385,0.311094
2386,0.065228
2387,0.194732
2388,0.987217
2389,0.006253
2390,0.162096
2391,0.230263
2392,0.020144
2393,0.112511
2394,0.839389
2395,0.080828
2396,0.043278
2397,0.560033
2398,0.027148
2399,0.408130
2400,0.017602
2401,0.029033
2402,0.079482
2403,0.157729
2404,0.979372
2405,0.068670
2406,0.080285
2407,0.416431
2408,0.280649
2409,0.062857
2410,0.046321
2411,0.022181
2412,0.004842
2413,0.966784
2414,0.010359
2415,0.987282
2416,0.626779
2417,0.875012
2418,0.033601
2419,0.021217
2420,0.968051
2421,0.189957
2422,0.006573
2423,0.039863
2424,0.037031
2425,0.650667
2426,0.899210
2427,0.997694
2428,0.004691
2429,0.951578
2430,0.689525
2431,0.697821
2432,0.948709
2433,0.078063
2434,0.099008
2435,0.122454
2436,0.276177
2437,0.972974
2438,0.146953
2439,0.197992
2440,0.316358
2441,0.994466
2442,0.137263
2443,0.068721
2444,0.907746
2445,0.253039
2446,0.389417
2447,0.045211
2448,0.008017
2449,0.852478
2450,0.193492
2451,0.013777
2452,0.456307
2453,0.643485
2454,0.023617
2455,0.325945
2456,0.004924
2457,0.980142
2458,0.287806
2459,0.866021
2460,0.061312
2461,0.015963
2462,0.015108
2463,0.873518
2464,0.006717
2465,0.047247
2466,0.046631
2467,0.022655
2468,0.946074
2469,0.698710
2470,0.994094
2471,0.011750
2472,0.111511
2473,0.021582
2474,0.004572
2475,0.003137
2476,0.852018
2477,0.046568
2478,0.014912
2479,0.209244
2480,0.979806
2481,0.057880
2482,0.230635
2483,0.572351
2484,0.015102
2485,0.813399
2486,0.072535
2487,0.971222
2488,0.695147
2489,0.039252
2490,0.249141
2491,0.003209
2492,0.415901
2493,0.245269
2494,0.017969
2495,0.649264
2496,0.050099
2497,0.190086
2498,0.142177
2499,0.997808
2500,0.016007
2501,0.046742
2502,0.050110
2503,0.185323
2504,0.995718
2505,0.079182
2506,0.054403
2507,0.507058
2508,0.104630
2509,0.046784
2510,0.051141
2511,0.101375
2512,0.053234
2513,0.092708
2514,0.086199
2515,0.108867
2516,0.047493
2517,0.848627
2518,0.162395
2519,0.120619
2520,0.030048
2521,0.183728
2522,0.214190
2523,0.070582
2524,0.014570
2525,0.030846
2526,0.100591
2527,0.500287
2528,0.250197
2529,0.102386
2530,0.632438
2531,0.023092
2532,0.940281
2533,0.195025
2534,0.026615
2535,0.982911
2536,0.063952
2537,0.022230
2538,0.030741
2539,0.661212
2540,0.043436
2541,0.228611
2542,0.152107
2543,0.180828
2544,0.977865
2545,0.005646
2546,0.388794
2547,0.013512
2548,0.558243
2549,0.005258
2550,0.785943
2551,0.346704
2552,0.020860
2553,0.012830
2554,0.003645
2555,0.824239
2556,0.980645
2557,0.275863
2558,0.022035
2559,0.194043
2560,0.122550
2561,0.011162
2562,0.628137
2563,0.207491
2564,0.901238
2565,0.741986
2566,0.082293
2567,0.980616
2568,0.152656
2569,0.005640
2570,0.017297
2571,0.360956
2572,0.044911
2573,0.073519
2574,0.014037
2575,0.970501
2576,0.997078
2577,0.121161
2578,0.032321
2579,0.387519
2580,0.092116
2581,0.934230
2582,0.030072
2583,0.098666
2584,0.168018
2585,0.083530
2586,0.008800
2587,0.171866
2588,0.762193
2589,0.009810
2590,0.012778
2591,0.058872
2592,0.158603
2593,0.141434
2594,0.098794
2595,0.041509
2596,0.045353
2597,0.955845
2598,0.963151
2599,0.125231
2600,0.174627
2601,0.029760
2602,0.073280
2603,0.972590
2604,0.921589
2605,0.037435
2606,0.180630
2607,0.356653
2608,0.993846
2609,0.042120
2610,0.973966
2611,0.863687
2612,0.005911
2613,0.502875
2614,0.004733
2615,0.009971
2616,0.017987
2617,0.024266
2618,0.009334
2619,0.980697
2620,0.032135
2621,0.987188
2622,0.180792
2623,0.033846
2624,0.089536
2625,0.054920
2626,0.867917
2627,0.004060
2628,0.302341
2629,0.968183
2630,0.260934
2631,0.785864
2632,0.972264
2633,0.233435
2634,0.973195
2635,0.527955
2636,0.996902
2637,0.240385
2638,0.011349
2639,0.028142
2640,0.011963
2641,0.018907
2642,0.296401
2643,0.994821
2644,0.919783
2645,0.003520
2646,0.002654
2647,0.534341
2648,0.006097
2649,0.905249
2650,0.129511
2651,0.036827
2652,0.631386
2653,0.577194
2654,0.017582
2655,0.029455
2656,0.097849
2657,0.819179
2658,0.565631
2659,0.359689
2660,0.967236
2661,0.008082
2662,0.003961
2663,0.013186
2664,0.014250
2665,0.966529
2666,0.981632
2667,0.082833
2668,0.367515
2669,0.402909
2670,0.717023
2671,0.428854
2672,0.050410
2673,0.071608
2674,0.055238
2675,0.043877
2676,0.977121
2677,0.995857
2678,0.096569
2679,0.050000
2680,0.977710
2681,0.013169
2682,0.004362
2683,0.718267
2684,0.003519
2685,0.346060
2686,0.936149
2687,0.012840
2688,0.847683
2689,0.092657
2690,0.013799
2691,0.037462
2692,0.007273
2693,0.176180
2694,0.117076
2695,0.103696
2696,0.059592
2697,0.991060
2698,0.352601
2699,0.061055
2700,0.206333
2701,0.936981
2702,0.944900
2703,0.976787
2704,0.893578
2705,0.220382
2706,0.037576
2707,0.997647
2708,0.006563
2709,0.924286
2710,0.359965
2711,0.011269
2712,0.047151
2713,0.040941
2714,0.913119
2715,0.079065
2716,0.002474
2717,0.950881
2718,0.170636
2719,0.110840
2720,0.522228
2721,0.048633
2722,0.973080
2723,0.012550
2724,0.244900
2725,0.011947
2726,0.845102
2727,0.946883
2728,0.013284
2729,0.379292
2730,0.341455
2731,0.025846
2732,0.246948
2733,0.008788
2734,0.012909
2735,0.017459
2736,0.292044
2737,0.016331
2738,0.700466
2739,0.142986
2740,0.809133
2741,0.996813
2742,0.996439
2743,0.091331
2744,0.254021
2745,0.915213
2746,0.922203
2747,0.567022
2748,0.051336
2749,0.078712
2750,0.016377
2751,0.059949
2752,0.121197
2753,0.082247
2754,0.066861
2755,0.816870
2756,0.226907
2757,0.058839
2758,0.104244
2759,0.063400
2760,0.196078
2761,0.767971
2762,0.971702
2763,0.347130
2764,0.016093
2765,0.123247
2766,0.050825
2767,0.576630
2768,0.007275
2769,0.986407
2770,0.028788
2771,0.056125
2772,0.105194
2773,0.948061
2774,0.118020
2775,0.208597
2776,0.513313
2777,0.034939
2778,0.086581
2779,0.028652
2780,0.392525
2781,0.753293
2782,0.005960
2783,0.002955
2784,0.059865
2785,0.022304
2786,0.004163
2787,0.003677
2788,0.060919
2789,0.037509
2790,0.013253
2791,0.017591
2792,0.899812
2793,0.951500
2794,0.487308
2795,0.165204
2796,0.008807
2797,0.028059
2798,0.644411
2799,0.914412
2800,0.052547
2801,0.941032
2802,0.034232
2803,0.965431
2804,0.026669
2805,0.048544
2806,0.018304
2807,0.048301
2808,0.037768
2809,0.091579
2810,0.013094
2811,0.003214
2812,0.978275
2813,0.019505
2814,0.004776
2815,0.798076
2816,0.050875
2817,0.046717
2818,0.601295
2819,0.973446
2820,0.940065
2821,0.032930
2822,0.093874
2823,0.297304
2824,0.407608
2825,0.045090
2826,0.980053
2827,0.044953
2828,0.017555
2829,0.889302
2830,0.021822
2831,0.038404
2832,0.109222
2833,0.878553
2834,0.959601
2835,0.014136
2836,0.025712
2837,0.060443
2838,0.039224
2839,0.057828
2840,0.015285
2841,0.985474
2842,0.989247
2843,0.942054
2844,0.021201
2845,0.015079
2846,0.232399
2847,0.013527
2848,0.030595
2849,0.034988
2850,0.060437
2851,0.869190
2852,0.010694
2853,0.925505
2854,0.003497
2855,0.502402
2856,0.010139
2857,0.133797
2858,0.014135
2859,0.070833
2860,0.016587
2861,0.165117
2862,0.432243
2863,0.015963
2864,0.555775
2865,0.927032
2866,0.005948
2867,0.085520
2868,0.003621
2869,0.088592
2870,0.013718
2871,0.019172
2872,0.269713
2873,0.135510
2874,0.025979
2875,0.048215
2876,0.022278
2877,0.060982
2878,0.239183
2879,0.110284
2880,0.898361
2881,0.503340
2882,0.278608
2883,0.006650
2884,0.642978
2885,0.946938
2886,0.996435
2887,0.874223
2888,0.141268
2889,0.049175
2890,0.464929
2891,0.981099
2892,0.004910
2893,0.449330
2894,0.308895
2895,0.943717
2896,0.053686
2897,0.007724
2898,0.608234
2899,0.076318
2900,0.060175
2901,0.069223
2902,0.137180
2903,0.002758
2904,0.028433
2905,0.553298
2906,0.158789
2907,0.004328
2908,0.142055
2909,0.016586
2910,0.555858
2911,0.097387
2912,0.717379
2913,0.027552
2914,0.985038
2915,0.136785
2916,0.312142
2917,0.149727
2918,0.692568
2919,0.074549
2920,0.046893
2921,0.211361
2922,0.085586
2923,0.011579
2924,0.786598
2925,0.844210
2926,0.657419
2927,0.088532
2928,0.789392
2929,0.969256
2930,0.082717
2931,0.995447
2932,0.982782
2933,0.113509
2934,0.012471
2935,0.228326
2936,0.007532
2937,0.024386
2938,0.719166
2939,0.970688
2940,0.526314
2941,0.007194
2942,0.894383
2943,0.021664
2944,0.422038
2945,0.057379
2946,0.062544
2947,0.039337
2948,0.096115
2949,0.013822
2950,0.035084
2951,0.008246
2952,0.540182
2953,0.974561
2954,0.081589
2955,0.032296
2956,0.970815
2957,0.375981
2958,0.045536
2959,0.226980
2960,0.028937
2961,0.004621
2962,0.740429
2963,0.160629
2964,0.855642
2965,0.890526
2966,0.056777
2967,0.278774
2968,0.012406
2969,0.304611
2970,0.016689
2971,0.097943
2972,0.011939
2973,0.242895
2974,0.904842
2975,0.203227
2976,0.067101
2977,0.965721
2978,0.005582
2979,0.037790
2980,0.006815
2981,0.029451
2982,0.643321
2983,0.850852
2984,0.130240
2985,0.143089
2986,0.022316
2987,0.034519
2988,0.029302
2989,0.061215
2990,0.026635
2991,0.850686
2992,0.964432
2993,0.214387
2994,0.229036
2995,0.031923
2996,0.075035
2997,0.195562
2998,0.099793
2999,0.607484
3000,0.102771
3001,0.003643
3002,0.967279
3003,0.002457
3004,0.365112
3005,0.892701
3006,0.109469
3007,0.243083
3008,0.399109
3009,0.111152
3010,0.008349
3011,0.038027
3012,0.959085
3013,0.164823
3014,0.003071
3015,0.003725
3016,0.007896
3017,0.898685
3018,0.020676
3019,0.629184
3020,0.066339
3021,0.291783
3022,0.975777
3023,0.005022
3024,0.080902
3025,0.186087
3026,0.919964
3027,0.107811
3028,0.127915
3029,0.169735
3030,0.013628
3031,0.015481
3032,0.062457
3033,0.645847
3034,0.211722
3035,0.493450
3036,0.417250
3037,0.140312
3038,0.352005
3039,0.015916
3040,0.046927
3041,0.096625
3042,0.915753
3043,0.019738
3044,0.181859
3045,0.739195
3046,0.032954
3047,0.023615
3048,0.983217
3049,0.810038
3050,0.995964
3051,0.952265
3052,0.011717
3053,0.909688
3054,0.116331
3055,0.042416
3056,0.585834
3057,0.008687
3058,0.994024
3059,0.002976
3060,0.937700
3061,0.997349
3062,0.141002
3063,0.321655
3064,0.048775
3065,0.005709
3066,0.567151
3067,0.144168
3068,0.529124
3069,0.045039
3070,0.008126
3071,0.007109
3072,0.022008
3073,0.265729
3074,0.576061
3075,0.138708
3076,0.003728
3077,0.986007
3078,0.988241
3079,0.070942
3080,0.008992
3081,0.069431
3082,0.865617
3083,0.028878
3084,0.404557
3085,0.537283
3086,0.041958
3087,0.048148
3088,0.047435
3089,0.084514
3090,0.027755
3091,0.060584
3092,0.005749
3093,0.884916
3094,0.009214
3095,0.125271
3096,0.090665
3097,0.022020
3098,0.997693
3099,0.011478
3100,0.029278
3101,0.008137
3102,0.009587
3103,0.020389
3104,0.193709
3105,0.433955
3106,0.063545
3107,0.865402
3108,0.019840
3109,0.004907
3110,0.006187
3111,0.069958
3112,0.002276
3113,0.054495
3114,0.009094
3115,0.882165
3116,0.053367
3117,0.003954
3118,0.351308
3119,0.451116
3120,0.002123
3121,0.011571
3122,0.015617
3123,0.984727
3124,0.025235
3125,0.305779
3126,0.012890
3127,0.927644
3128,0.006128
3129,0.036058
3130,0.642813
3131,0.893480
3132,0.027207
3133,0.071822
3134,0.011008
3135,0.009230
3136,0.135238
3137,0.024507
3138,0.022925
3139,0.980650
3140,0.100918
3141,0.006418
3142,0.948652
3143,0.635338
3144,0.982367
3145,0.034620
3146,0.063205
3147,0.082579
3148,0.207901
3149,0.969101
3150,0.002782
3151,0.312833
3152,0.005839
3153,0.012091
3154,0.031932
3155,0.022787
3156,0.026114
3157,0.176190
3158,0.006541
3159,0.044024
3160,0.603064
3161,0.020440
3162,0.966198
3163,0.019568
3164,0.196647
3165,0.015489
3166,0.061448
3167,0.019305
3168,0.014221
3169,0.969377
3170,0.026949
3171,0.195572
3172,0.081573
3173,0.014521
3174,0.940586
3175,0.789679
3176,0.003386
3177,0.382204
3178,0.203375
3179,0.003979
3180,0.080281
3181,0.045750
3182,0.114506
3183,0.629173
3184,0.003999
3185,0.425391
3186,0.091751
3187,0.982359
3188,0.014374
3189,0.029391
3190,0.996662
3191,0.692736
3192,0.012808
3193,0.058786
3194,0.027678
3195,0.888753
3196,0.872350
3197,0.005345
3198,0.005175
3199,0.341686
3200,0.985925
3201,0.054735
3202,0.006707
3203,0.078462
3204,0.352962
3205,0.942390
3206,0.778498
3207,0.023619
3208,0.092318
3209,0.961557
3210,0.005427
3211,0.967589
3212,0.061338
3213,0.831098
3214,0.030476
3215,0.069706
3216,0.971231
3217,0.939090
3218,0.909581
3219,0.923978
3220,0.741076
3221,0.107669
3222,0.237065
3223,0.877079
3224,0.010112
3225,0.008337
3226,0.164701
3227,0.993005
3228,0.976217
3229,0.799129
3230,0.028483
3231,0.041224
3232,0.346636
3233,0.196378
3234,0.184345
3235,0.032123
3236,0.337192
3237,0.933066
3238,0.011123
3239,0.464214
3240,0.033527
3241,0.019772
3242,0.511784
3243,0.099190
3244,0.093985
3245,0.882104
3246,0.228391
3247,0.217518
3248,0.077282
3249,0.024738
3250,0.566857
3251,0.017115
3252,0.034196
3253,0.006822
3254,0.350988
3255,0.009105
3256,0.009079
3257,0.004241
3258,0.838378
3259,0.025521
3260,0.531524
3261,0.172290
3262,0.020659
3263,0.292799
3264,0.010120
3265,0.105136
3266,0.116591
3267,0.883047
3268,0.986101
3269,0.057857
3270,0.113452
3271,0.928904
3272,0.283775
3273,0.071193
3274,0.006615
3275,0.168109
3276,0.313499
3277,0.225311
3278,0.977927
3279,0.653388
3280,0.074706
3281,0.007310
3282,0.157524
3283,0.007458
3284,0.963100
3285,0.006672
3286,0.689436
3287,0.348814
3288,0.769889
3289,0.004838
3290,0.205954
3291,0.021190
3292,0.081600
3293,0.616745
3294,0.767217
3295,0.886347
3296,0.016575
3297,0.782486
3298,0.735706
3299,0.972956
3300,0.003490
3301,0.030434
3302,0.628721
3303,0.013158
3304,0.325293
3305,0.997632
3306,0.997446
3307,0.683347
3308,0.484628
3309,0.032597
3310,0.976212
3311,0.452779
3312,0.382147
3313,0.061327
3314,0.354380
3315,0.138654
3316,0.929922
3317,0.980677
3318,0.682403
3319,0.983455
3320,0.003760
3321,0.015485
3322,0.010532
3323,0.041864
3324,0.844848
3325,0.103727
3326,0.006852
3327,0.138173
3328,0.020678
3329,0.934328
3330,0.987163
3331,0.149645
3332,0.919192
3333,0.646984
3334,0.185973
3335,0.967228
3336,0.973052
3337,0.837188
3338,0.307683
3339,0.025286
3340,0.969397
3341,0.952204
3342,0.482430
3343,0.022551
3344,0.538440
3345,0.334004
3346,0.906239
3347,0.804070
3348,0.563404
3349,0.015382
3350,0.075510
3351,0.367906
3352,0.717178
3353,0.018629
3354,0.009893
3355,0.363216
3356,0.009755
3357,0.386816
3358,0.002882
3359,0.020461
3360,0.004170
3361,0.003632
3362,0.077864
3363,0.049989
3364,0.117940
3365,0.017980
3366,0.900654
3367,0.081454
3368,0.151864
3369,0.013228
3370,0.728235
3371,0.150273
3372,0.023000
3373,0.006241
3374,0.571795
3375,0.067923
3376,0.011399
3377,0.699657
3378,0.968709
3379,0.058638
3380,0.160482
3381,0.007067
3382,0.095937
3383,0.286557
3384,0.957515
3385,0.938515
3386,0.020482
3387,0.014503
3388,0.233175
3389,0.127913
3390,0.298691
3391,0.997262
3392,0.003243
3393,0.137352
3394,0.136667
3395,0.166186
3396,0.976143
3397,0.993481
3398,0.007133
3399,0.033904
3400,0.071577
3401,0.035103
3402,0.027151
3403,0.946261
3404,0.129266
3405,0.043790
3406,0.357384
3407,0.823356
3408,0.045601
3409,0.014220
3410,0.993649
3411,0.090854
3412,0.973125
3413,0.939306
3414,0.136853
3415,0.315084
3416,0.010221
3417,0.069470
3418,0.012930
3419,0.059729
3420,0.741794
3421,0.011851
3422,0.041513
3423,0.084666
3424,0.041441
3425,0.019841
3426,0.038374
3427,0.012710
3428,0.048976
3429,0.771839
3430,0.005447
3431,0.486442
3432,0.302507
3433,0.015225
3434,0.978202
3435,0.068026
3436,0.119144
3437,0.263449
3438,0.208470
3439,0.275086
3440,0.941225
3441,0.555679
3442,0.006105
3443,0.396717
3444,0.549265
3445,0.167402
3446,0.444046
3447,0.044933
3448,0.029932
3449,0.041629
3450,0.060954
3451,0.024330
3452,0.173997
3453,0.863165
3454,0.996388
3455,0.855981
3456,0.512459
3457,0.195134
3458,0.209837
3459,0.003596
3460,0.081657
3461,0.982967
3462,0.205999
3463,0.028472
3464,0.012299
3465,0.045837
3466,0.008706
3467,0.014499
3468,0.276446
3469,0.912621
3470,0.012702
3471,0.330488
3472,0.019749
3473,0.009354
3474,0.006023
3475,0.641784
3476,0.066699
3477,0.028743
3478,0.008168
3479,0.978521
3480,0.957049
3481,0.069272
3482,0.056066
3483,0.870551
3484,0.007804
3485,0.800115
3486,0.971208
3487,0.053463
3488,0.014465
3489,0.206999
3490,0.031756
3491,0.048212
3492,0.070992
3493,0.094161
3494,0.254908
3495,0.302851
3496,0.771701
3497,0.715452
3498,0.002679
3499,0.467240
3500,0.919978
3501,0.746979
3502,0.009222
3503,0.083533
3504,0.042103
3505,0.006628
3506,0.013739
3507,0.162096
3508,0.658183
3509,0.013394
3510,0.003887
3511,0.908302
3512,0.009433
3513,0.021560
3514,0.050347
3515,0.033569
3516,0.009132
3517,0.956054
3518,0.494756
3519,0.984346
3520,0.038502
3521,0.017682
3522,0.171219
3523,0.136924
3524,0.239094
3525,0.154851
3526,0.273986
3527,0.028720
3528,0.037324
3529,0.698759
3530,0.016381
3531,0.032140
3532,0.984432
3533,0.018373
3534,0.199023
3535,0.015857
3536,0.025870
3537,0.042731
3538,0.009748
3539,0.972969
3540,0.004523
3541,0.101122
3542,0.012563
3543,0.715933
3544,0.073079
3545,0.094700
3546,0.025020
3547,0.004374
3548,0.011347
3549,0.025557
3550,0.025645
3551,0.969893
3552,0.994557
3553,0.350331
3554,0.444183
3555,0.980869
3556,0.154101
3557,0.544673
3558,0.004949
3559,0.224176
3560,0.005822
3561,0.106972
3562,0.102218
3563,0.913841
3564,0.315488
3565,0.955787
3566,0.931823
3567,0.043260
3568,0.004638
3569,0.837801
3570,0.217228
3571,0.832131
3572,0.653337
3573,0.004356
3574,0.024128
3575,0.485691
3576,0.997345
3577,0.023775
3578,0.984015
3579,0.937369
3580,0.293620
3581,0.006168
3582,0.580333
3583,0.037231
3584,0.988979
3585,0.341317
3586,0.815290
3587,0.007397
3588,0.129182
3589,0.980128
3590,0.037084
3591,0.496501
3592,0.918191
3593,0.860813
3594,0.981756
3595,0.037436
3596,0.063655
3597,0.904504
3598,0.011652
3599,0.013787
3600,0.954297
3601,0.006525
3602,0.003232
3603,0.039790
3604,0.052715
3605,0.265708
3606,0.983920
3607,0.002555
3608,0.326023
3609,0.002019
3610,0.152401
3611,0.615808
3612,0.206804
3613,0.933347
3614,0.881835
3615,0.024672
3616,0.012081
3617,0.038993
3618,0.987337
3619,0.759022
3620,0.102986
3621,0.612726
3622,0.009571
3623,0.961027
3624,0.023182
3625,0.634206
3626,0.722229
3627,0.438115
3628,0.220758
3629,0.066020
3630,0.953423
3631,0.068676
3632,0.038452
3633,0.029466
3634,0.045139
3635,0.009643
3636,0.055398
3637,0.033070
3638,0.949714
3639,0.026887
3640,0.091128
3641,0.090045
3642,0.005278
3643,0.005532
3644,0.995727
3645,0.851590
3646,0.911980
3647,0.070355
3648,0.603507
3649,0.907185
3650,0.012881
3651,0.025119
3652,0.011030
3653,0.024222
3654,0.643333
3655,0.468721
3656,0.013995
3657,0.004117
3658,0.039690
3659,0.853653
3660,0.315868
3661,0.480196
3662,0.017716
3663,0.139520
3664,0.008729
3665,0.383752
3666,0.947747
3667,0.040649
3668,0.798718
3669,0.689938
3670,0.146831
3671,0.008486
3672,0.017166
3673,0.668198
3674,0.166792
3675,0.968451
3676,0.055577
3677,0.109918
3678,0.974742
3679,0.897516
3680,0.011400
3681,0.067584
3682,0.015466
3683,0.105528
3684,0.478406
3685,0.298469
3686,0.994930
3687,0.160334
3688,0.191437
3689,0.879209
3690,0.014675
3691,0.805318
3692,0.301559
3693,0.994703
3694,0.006733
3695,0.911472
3696,0.013609
3697,0.721758
3698,0.005357
3699,0.035828
3700,0.320695
3701,0.073630
3702,0.989546
3703,0.125281
3704,0.961059
3705,0.989018
3706,0.134716
3707,0.277995
3708,0.319747
3709,0.005525
3710,0.023850
3711,0.977626
3712,0.113511
3713,0.118135
3714,0.289335
3715,0.010515
3716,0.115732
3717,0.699434
3718,0.902368
3719,0.103074
3720,0.915370
3721,0.276757
3722,0.940971
3723,0.987527
3724,0.010170
3725,0.120220
3726,0.038494
3727,0.182278
3728,0.310496
3729,0.518826
3730,0.898216
3731,0.024153
3732,0.128877
3733,0.072525
3734,0.029340
3735,0.189179
3736,0.005033
3737,0.009163
3738,0.992514
3739,0.976863
3740,0.499003
3741,0.877083
3742,0.949641
3743,0.045181
3744,0.652089
3745,0.326370
3746,0.441240
3747,0.080044
3748,0.687939
3749,0.017051
3750,0.056589
3751,0.023921
3752,0.020808
3753,0.331450
3754,0.945897
3755,0.014564
3756,0.022169
3757,0.035702
3758,0.018166
3759,0.593428
3760,0.680869
3761,0.946668
3762,0.654423
3763,0.196105
3764,0.123372
3765,0.374371
3766,0.040684
3767,0.184426
3768,0.084168
3769,0.954604
3770,0.083271
3771,0.979191
3772,0.373203
3773,0.014598
3774,0.015310
3775,0.080310
3776,0.129358
3777,0.115359
3778,0.007985
3779,0.029495
3780,0.143083
3781,0.324647
3782,0.724196
3783,0.124950
3784,0.173887
3785,0.926377
3786,0.060371
3787,0.494915
3788,0.020093
3789,0.749339
3790,0.963673
3791,0.985869
3792,0.953611
3793,0.078024
3794,0.318560
3795,0.511502
3796,0.882357
3797,0.090315
3798,0.163941
3799,0.021130
3800,0.004909
3801,0.031475
3802,0.982200
3803,0.138595
3804,0.767804
3805,0.023904
3806,0.203250
3807,0.995568
3808,0.295232
3809,0.065692
3810,0.084222
3811,0.201843
3812,0.053413
3813,0.023479
3814,0.941098
3815,0.056320
3816,0.490667
3817,0.068561
3818,0.973842
3819,0.913882
3820,0.361493
3821,0.060099
3822,0.658651
3823,0.059802
3824,0.046894
3825,0.997669
3826,0.302529
3827,0.049014
3828,0.883075
3829,0.064471
3830,0.070596
3831,0.997255
3832,0.007918
3833,0.135350
3834,0.536293
3835,0.044604
3836,0.633062
3837,0.996402
3838,0.581055
3839,0.956536
3840,0.124376
3841,0.073040
3842,0.102589
3843,0.192259
3844,0.073076
3845,0.994687
3846,0.014360
3847,0.980292
3848,0.003276
3849,0.013335
3850,0.403855
3851,0.970419
3852,0.056214
3853,0.657260
3854,0.895553
3855,0.004878
3856,0.036195
3857,0.011133
3858,0.049037
3859,0.032002
3860,0.015029
3861,0.051269
3862,0.022769
3863,0.978772
3864,0.997347
3865,0.200429
3866,0.997327
3867,0.018861
3868,0.585240
3869,0.018605
3870,0.553255
3871,0.034468
3872,0.452064
3873,0.306001
3874,0.112453
3875,0.995648
3876,0.285646
3877,0.984664
3878,0.051441
3879,0.004808
3880,0.996217
3881,0.990541
3882,0.207422
3883,0.346768
3884,0.019125
3885,0.043952
3886,0.899704
3887,0.188557
3888,0.082724
3889,0.143075
3890,0.041868
3891,0.940274
3892,0.010669
3893,0.822472
3894,0.083602
3895,0.324350
3896,0.203515
3897,0.965250
3898,0.502552
3899,0.425598
3900,0.058448
3901,0.004427
3902,0.961276
3903,0.649437
3904,0.029396
3905,0.084395
3906,0.980350
3907,0.068042
3908,0.095547
3909,0.997218
3910,0.003688
3911,0.007815
3912,0.258280
3913,0.020591
3914,0.896201
3915,0.053014
3916,0.713899
3917,0.039762
3918,0.064479
3919,0.011016
3920,0.055717
3921,0.004656
3922,0.319150
3923,0.029500
3924,0.039581
3925,0.980779
3926,0.328680
3927,0.012181
3928,0.056533
3929,0.901583
3930,0.987859
3931,0.003042
3932,0.265984
3933,0.008206
3934,0.919166
3935,0.008429
3936,0.091435
3937,0.233036
3938,0.970412
3939,0.056999
3940,0.118035
3941,0.973829
3942,0.012884
3943,0.198115
3944,0.900451
3945,0.812148
3946,0.051792
3947,0.012211
3948,0.197697
3949,0.976578
3950,0.072939
3951,0.056412
3952,0.942135
3953,0.021792
3954,0.995404
3955,0.009963
3956,0.091823
3957,0.333785
3958,0.061365
3959,0.930672
3960,0.070376
3961,0.033206
3962,0.019865
3963,0.872809
3964,0.396423
3965,0.112909
3966,0.579692
3967,0.013793
3968,0.004167
3969,0.069006
3970,0.241026
3971,0.974283
3972,0.515509
3973,0.460349
3974,0.017004
3975,0.826825
3976,0.972169
3977,0.200490
3978,0.036756
3979,0.611513
3980,0.848425
3981,0.939890
3982,0.972526
3983,0.004642
3984,0.639321
3985,0.024236
3986,0.419211
3987,0.002810
3988,0.831185
3989,0.007406
3990,0.429700
3991,0.860807
3992,0.014431
3993,0.116339
3994,0.653549
3995,0.964421
3996,0.493122
3997,0.004551
3998,0.120653
3999,0.042537
4000,0.017381
4001,0.057540
4002,0.019110
4003,0.121542
4004,0.662067
4005,0.264707
4006,0.112240
4007,0.005631
4008,0.992591
4009,0.068591
4010,0.997259
4011,0.928505
4012,0.047802
4013,0.027342
4014,0.997595
4015,0.948636
4016,0.097043
4017,0.073764
4018,0.130487
4019,0.012426
4020,0.014861
4021,0.050724
4022,0.020090
4023,0.009612
4024,0.004708
4025,0.752288
4026,0.870500
4027,0.006967
4028,0.035792
4029,0.048230
4030,0.006185
4031,0.909619
4032,0.112835
4033,0.029313
4034,0.042889
4035,0.031996
4036,0.021899
4037,0.011815
4038,0.981957
4039,0.007750
4040,0.362391
4041,0.986410
4042,0.038699
4043,0.078377
4044,0.020668
4045,0.003886
4046,0.010317
4047,0.142545
4048,0.117430
4049,0.081788
4050,0.093363
4051,0.102690
4052,0.102494
4053,0.875893
4054,0.045485
4055,0.010670
4056,0.078343
4057,0.293441
4058,0.527774
4059,0.053725
4060,0.098046
4061,0.977924
4062,0.122467
4063,0.372706
4064,0.329977
4065,0.208791
4066,0.017001
4067,0.491807
4068,0.016159
4069,0.019226
4070,0.057118
4071,0.985304
4072,0.003096
4073,0.044970
4074,0.072754
4075,0.024809
4076,0.586408
4077,0.061578
4078,0.312992
4079,0.244286
4080,0.003437
4081,0.774940
4082,0.946291
4083,0.252958
4084,0.044998
4085,0.105209
4086,0.142018
4087,0.016374
4088,0.096480
4089,0.014767
4090,0.202235
4091,0.005924
4092,0.195747
4093,0.350022
4094,0.016493
4095,0.017047
4096,0.018802
4097,0.181170
4098,0.017978
4099,0.971473
4100,0.509355
4101,0.087287
4102,0.104542
4103,0.199224
4104,0.980795
4105,0.533717
4106,0.230343
4107,0.706506
4108,0.986564
4109,0.962650
4110,0.061729
4111,0.003831
4112,0.977206
4113,0.269602
4114,0.066733
4115,0.011554
4116,0.026398
4117,0.993151
4118,0.042655
4119,0.147597
4120,0.972925
4121,0.527501
4122,0.818820
4123,0.008230
4124,0.440801
4125,0.009990
4126,0.100637
4127,0.075177
4128,0.132213
4129,0.391790
4130,0.016619
4131,0.261697
4132,0.898289
4133,0.969211
4134,0.023544
4135,0.275980
4136,0.025432
4137,0.899844
4138,0.003431
4139,0.028571
4140,0.996431
4141,0.864523
4142,0.087876
4143,0.081844
4144,0.975869
4145,0.119484
4146,0.122835
4147,0.173717
4148,0.128094
4149,0.026450
4150,0.267083
4151,0.031697
4152,0.019691
4153,0.147139
4154,0.548305
4155,0.788808
4156,0.051015
4157,0.005391
4158,0.922002
4159,0.205066
4160,0.266270
4161,0.327347
4162,0.009053
4163,0.006877
4164,0.971214
4165,0.263135
4166,0.010926
4167,0.980730
4168,0.193808
4169,0.132656
4170,0.997469
4171,0.031835
4172,0.884492
4173,0.033998
4174,0.019074
4175,0.294408
4176,0.029204
4177,0.005796
4178,0.731902
4179,0.174351
4180,0.950071
4181,0.295273
4182,0.006244
4183,0.805898
4184,0.968380
4185,0.851149
4186,0.956387
4187,0.056310
4188,0.019821
4189,0.064197
4190,0.002420
4191,0.185186
4192,0.928503
4193,0.104992
4194,0.905944
4195,0.087129
4196,0.997051
4197,0.833632
4198,0.106775
4199,0.938459
4200,0.017016
4201,0.534876
4202,0.137655
4203,0.100240
4204,0.055100
4205,0.055914
4206,0.536167
4207,0.127238
4208,0.272596
4209,0.246677
4210,0.412327
4211,0.093880
4212,0.117664
4213,0.349502
4214,0.042549
4215,0.031907
4216,0.017482
4217,0.989072
4218,0.996303
4219,0.009080
4220,0.233602
4221,0.986709
4222,0.127384
4223,0.395675
4224,0.045662
4225,0.054478
4226,0.996356
4227,0.273183
4228,0.013591
4229,0.516073
4230,0.855918
4231,0.021126
4232,0.010355
4233,0.078178
4234,0.004071
4235,0.362193
4236,0.033738
4237,0.081392
4238,0.039962
4239,0.079750
4240,0.596270
4241,0.952290
4242,0.006384
4243,0.049721
4244,0.981982
4245,0.060764
4246,0.028686
4247,0.005809
4248,0.037795
4249,0.564977
4250,0.419050
4251,0.121777
4252,0.004967
4253,0.824205
4254,0.027749
4255,0.031258
4256,0.104000
4257,0.003730
4258,0.905105
4259,0.006066
4260,0.983440
4261,0.958635
4262,0.450709
4263,0.925448
4264,0.013766
4265,0.349442
4266,0.934461
4267,0.005741
4268,0.954559
4269,0.129687
4270,0.160885
4271,0.013986
4272,0.131128
4273,0.008098
4274,0.013106
4275,0.952445
4276,0.622634
4277,0.045826
4278,0.012919
4279,0.165743
4280,0.968857
4281,0.436331
4282,0.161713
4283,0.009509
4284,0.019590
4285,0.351297
4286,0.142730
4287,0.624222
4288,0.702589
4289,0.023563
4290,0.706613
4291,0.032866
4292,0.019815
4293,0.687434
4294,0.909670
4295,0.484804
4296,0.211045
4297,0.987388
4298,0.100491
4299,0.017771
4300,0.085744
4301,0.997579
4302,0.020279
4303,0.058539
4304,0.236987
4305,0.015661
4306,0.049471
4307,0.042859
4308,0.965778
4309,0.945382
4310,0.074538
4311,0.008759
4312,0.974348
4313,0.933239
4314,0.030133
4315,0.015520
4316,0.911858
4317,0.919950
4318,0.832554
4319,0.005454
4320,0.820060
4321,0.007692
4322,0.300598
4323,0.175399
4324,0.526081
4325,0.349920
4326,0.003351
4327,0.540784
4328,0.984357
4329,0.012814
4330,0.087341
4331,0.052620
4332,0.023039
4333,0.021438
4334,0.183680
4335,0.064814
4336,0.045023
4337,0.084801
4338,0.054574
4339,0.423889
4340,0.096317
4341,0.061148
4342,0.116068
4343,0.983224
4344,0.889704
4345,0.024520
4346,0.005901
4347,0.030683
4348,0.071961
4349,0.005401
4350,0.019575
4351,0.021889
4352,0.984937
4353,0.245797
4354,0.068590
4355,0.054161
4356,0.965125
4357,0.063917
4358,0.167536
4359,0.005608
4360,0.976497
4361,0.498101
4362,0.817266
4363,0.061217
4364,0.779414
4365,0.169251
4366,0.098323
4367,0.956594
4368,0.002405
4369,0.048106
4370,0.179917
4371,0.077584
4372,0.997431
4373,0.025606
4374,0.083647
4375,0.680818
4376,0.067705
4377,0.145604
4378,0.976776
4379,0.997751
4380,0.131765
4381,0.029971
4382,0.094656
4383,0.223802
4384,0.848849
4385,0.035964
4386,0.110579
4387,0.001922
4388,0.151381
4389,0.026940
4390,0.783509
4391,0.047553
4392,0.921063
4393,0.048669
4394,0.434737
4395,0.030461
4396,0.889482
4397,0.003394
4398,0.996163
4399,0.105430
4400,0.960160
4401,0.118120
4402,0.109029
4403,0.010826
4404,0.030200
4405,0.139601
4406,0.003068
4407,0.076277
4408,0.327339
4409,0.121055
4410,0.013178
4411,0.003002
4412,0.017365
4413,0.053813
4414,0.604510
4415,0.035661
4416,0.268345
4417,0.036178
4418,0.019963
4419,0.348134
4420,0.024363
4421,0.021048
4422,0.002411
4423,0.081574
4424,0.007210
4425,0.067487
4426,0.044514
4427,0.007336
4428,0.023104
4429,0.125543
4430,0.028690
4431,0.288888
4432,0.003562
4433,0.054917
4434,0.023721
4435,0.128431
4436,0.010894
4437,0.293911
4438,0.051139
4439,0.300930
4440,0.872724
4441,0.012505
4442,0.497615
4443,0.110714
4444,0.271022
4445,0.110356
4446,0.025645
4447,0.575833
4448,0.025166
4449,0.806529
4450,0.076387
4451,0.829165
4452,0.934172
4453,0.232597
4454,0.852028
4455,0.038416
4456,0.089392
4457,0.972399
4458,0.026711
4459,0.144173
4460,0.514466
4461,0.062246
4462,0.015823
4463,0.008079
4464,0.068607
4465,0.020498
4466,0.126768
4467,0.996447
4468,0.921030
4469,0.030212
4470,0.079705
4471,0.006466
4472,0.334302
4473,0.190161
4474,0.199032
4475,0.984927
4476,0.145366
4477,0.031942
4478,0.832416
4479,0.255363
4480,0.499821
4481,0.107514
4482,0.013892
4483,0.959758
4484,0.023518
4485,0.031824
4486,0.980656
4487,0.096225
4488,0.067319
4489,0.017171
4490,0.071265
4491,0.003079
4492,0.021817
4493,0.364195
4494,0.278754
4495,0.123040
4496,0.210602
4497,0.231915
4498,0.013284
4499,0.023538
4500,0.320990
4501,0.018844
4502,0.217761
4503,0.981372
4504,0.288176
4505,0.088211
4506,0.556344
4507,0.085989
4508,0.006446
4509,0.015304
4510,0.207229
4511,0.266335
4512,0.016914
4513,0.002368
4514,0.038626
4515,0.529223
4516,0.945201
4517,0.123537
4518,0.982905
4519,0.078516
4520,0.142972
4521,0.742582
4522,0.331685
4523,0.966329
4524,0.693369
4525,0.967246
4526,0.084968
4527,0.039838
4528,0.002714
4529,0.983436
4530,0.595426
4531,0.026255
4532,0.013623
4533,0.249643
4534,0.727213
4535,0.013162
4536,0.461278
4537,0.092401
4538,0.063224
4539,0.589694
4540,0.235849
4541,0.013069
4542,0.021715
4543,0.977039
4544,0.970898
4545,0.071549
4546,0.295442
4547,0.105379
4548,0.708050
4549,0.083167
4550,0.051856
4551,0.958396
4552,0.646147
4553,0.285700
4554,0.037390
4555,0.160647
4556,0.042937
4557,0.645180
4558,0.979977
4559,0.623197
4560,0.002499
4561,0.012687
4562,0.976440
4563,0.011976
4564,0.059735
4565,0.130067
4566,0.094978
4567,0.356234
4568,0.006045
4569,0.019762
4570,0.013981
4571,0.020351
4572,0.112791
4573,0.025454
4574,0.360460
4575,0.007431
4576,0.125850
4577,0.292628
4578,0.037947
4579,0.027172
4580,0.134614
4581,0.187759
4582,0.933901
4583,0.023037
4584,0.950192
4585,0.905588
4586,0.174547
4587,0.299218
4588,0.035543
4589,0.025887
4590,0.038303
4591,0.010012
4592,0.030627
4593,0.015307
4594,0.944595
4595,0.025028
4596,0.090856
4597,0.984133
4598,0.421305
4599,0.666500
4600,0.009334
4601,0.006659
4602,0.043189
4603,0.083060
4604,0.009206
4605,0.160148
4606,0.066930
4607,0.105786
4608,0.984122
4609,0.009239
4610,0.965054
4611,0.090735
4612,0.128915
4613,0.077650
4614,0.960917
4615,0.966057
4616,0.032602
4617,0.260337
4618,0.970961
4619,0.750310
4620,0.967845
4621,0.083907
4622,0.545293
4623,0.042151
4624,0.395448
4625,0.003871
4626,0.072122
4627,0.075236
4628,0.876093
4629,0.122370
4630,0.075973
4631,0.941664
4632,0.061607
4633,0.823183
4634,0.034732
4635,0.057811
4636,0.073417
4637,0.969487
4638,0.062805
4639,0.037462
4640,0.080623
4641,0.085005
4642,0.972917
4643,0.997698
4644,0.996406
4645,0.007700
4646,0.641015
4647,0.092249
4648,0.036648
4649,0.537552
4650,0.006159
4651,0.690492
4652,0.025123
4653,0.346318
4654,0.113716
4655,0.021317
4656,0.717745
4657,0.979812
4658,0.028066
4659,0.807911
4660,0.132475
4661,0.214316
4662,0.044998
4663,0.060522
4664,0.199967
4665,0.005047
4666,0.611014
4667,0.015215
4668,0.044766
4669,0.021518
4670,0.143123
4671,0.996103
4672,0.116773
4673,0.005964
4674,0.007456
4675,0.959386
4676,0.028605
4677,0.025984
4678,0.011978
4679,0.961404
4680,0.096099
4681,0.019320
4682,0.022319
4683,0.490503
4684,0.015021
4685,0.557271
4686,0.432397
4687,0.013721
4688,0.048680
4689,0.106550
4690,0.043339
4691,0.206190
4692,0.049070
4693,0.987712
4694,0.021400
4695,0.542363
4696,0.117002
4697,0.390290
4698,0.994355
4699,0.071135
4700,0.546401
4701,0.078825
4702,0.006032
4703,0.303750
4704,0.015285
4705,0.064601
4706,0.043257
4707,0.006994
4708,0.053253
4709,0.030726
4710,0.328233
4711,0.980918
4712,0.260738
4713,0.027174
4714,0.005420
4715,0.090813
4716,0.004201
4717,0.040405
4718,0.640140
4719,0.451311
4720,0.019895
4721,0.110967
4722,0.973574
4723,0.816771
4724,0.048005
4725,0.009706
4726,0.059499
4727,0.072060
4728,0.168101
4729,0.019904
4730,0.006684
4731,0.005908
4732,0.077443
4733,0.959102
4734,0.036816
4735,0.017154
4736,0.949860
4737,0.297097
4738,0.742631
4739,0.496126
4740,0.994809
4741,0.030470
4742,0.964507
4743,0.049431
4744,0.052412
4745,0.276813
4746,0.059629
4747,0.057064
4748,0.011517
4749,0.176039
4750,0.704024
4751,0.973518
4752,0.047899
4753,0.398134
4754,0.155176
4755,0.195205
4756,0.009501
4757,0.043864
4758,0.074863
4759,0.096078
4760,0.935738
4761,0.558972
4762,0.043790
4763,0.011273
4764,0.005015
4765,0.215144
4766,0.214610
4767,0.585468
4768,0.923309
4769,0.528436
4770,0.011589
4771,0.015883
4772,0.085296
4773,0.005978
4774,0.570463
4775,0.003864
4776,0.017490
4777,0.034652
4778,0.010644
4779,0.981910
4780,0.990859
4781,0.228817
4782,0.988721
4783,0.105682
4784,0.265900
4785,0.101155
4786,0.023430
4787,0.888419
4788,0.102807
4789,0.005890
4790,0.006669
4791,0.009056
4792,0.861074
4793,0.984371
4794,0.068386
4795,0.005792
4796,0.995583
4797,0.013049
4798,0.712813
4799,0.636868
4800,0.492727
4801,0.666953
4802,0.005992
4803,0.011952
4804,0.025507
4805,0.011030
4806,0.350073
4807,0.964152
4808,0.099636
4809,0.067383
4810,0.037573
4811,0.129907
4812,0.170288
4813,0.758340
4814,0.974139
4815,0.213729
4816,0.307586
4817,0.029108
4818,0.125500
4819,0.120875
4820,0.996258
4821,0.724134
4822,0.013456
4823,0.551419
4824,0.182628
4825,0.784718
4826,0.018968
4827,0.086661
4828,0.012889
4829,0.037652
4830,0.024616
4831,0.374470
4832,0.168697
4833,0.187834
4834,0.023735
4835,0.046292
4836,0.041581
4837,0.056860
4838,0.020800
4839,0.005905
4840,0.968079
4841,0.278728
4842,0.982361
4843,0.045988
4844,0.142752
4845,0.101643
4846,0.010054
4847,0.961087
4848,0.722738
4849,0.005157
4850,0.318827
4851,0.046748
4852,0.536251
4853,0.506843
4854,0.751010
4855,0.208411
4856,0.730201
4857,0.112865
4858,0.120454
4859,0.049279
4860,0.077675
4861,0.678191
4862,0.076391
4863,0.015396
4864,0.584117
4865,0.201109
4866,0.004701
4867,0.127174
4868,0.140837
4869,0.004825
4870,0.169514
4871,0.313469
4872,0.284447
4873,0.080224
4874,0.985647
4875,0.293467
4876,0.027982
4877,0.017991
4878,0.920371
4879,0.721393
4880,0.874744
4881,0.948204
4882,0.048970
4883,0.063235
4884,0.122127
4885,0.841489
4886,0.963637
4887,0.012969
4888,0.048074
4889,0.184879
4890,0.033132
4891,0.665568
4892,0.984059
4893,0.855720
4894,0.162979
4895,0.108283
4896,0.582618
4897,0.919695
4898,0.207379
4899,0.915852
4900,0.011355
4901,0.892469
4902,0.251654
4903,0.051096
4904,0.053363
4905,0.243936
4906,0.010721
4907,0.653669
4908,0.052930
4909,0.060094
4910,0.931010
4911,0.214519
4912,0.035004
4913,0.880949
4914,0.044582
4915,0.968604
4916,0.337432
4917,0.485375
4918,0.979187
4919,0.554940
4920,0.031894
4921,0.970651
4922,0.987458
4923,0.005332
4924,0.944900
4925,0.093297
4926,0.013056
4927,0.866845
4928,0.511830
4929,0.026618
4930,0.979360
4931,0.831416
4932,0.739297
4933,0.974263
4934,0.107445
4935,0.070944
4936,0.052123
4937,0.535405
4938,0.029086
4939,0.947067
4940,0.019993
4941,0.005871
4942,0.446532
4943,0.007236
4944,0.033306
4945,0.166300
4946,0.088801
4947,0.074278
4948,0.180241
4949,0.905148
4950,0.411631
4951,0.235198
4952,0.141157
4953,0.157675
4954,0.714382
4955,0.480193
4956,0.161818
4957,0.165169
4958,0.985742
4959,0.669652
4960,0.002871
4961,0.533565
4962,0.109192
4963,0.245584
4964,0.936901
4965,0.012104
4966,0.020148
4967,0.268360
4968,0.005308
4969,0.173814
4970,0.986029
4971,0.191195
4972,0.067861
4973,0.015002
4974,0.042470
4975,0.771998
4976,0.154554
4977,0.555621
4978,0.011271
4979,0.868421
4980,0.599527
4981,0.005483
4982,0.064828
4983,0.908073
4984,0.384016
4985,0.582579
4986,0.988217
4987,0.968374
4988,0.021620
4989,0.002666
4990,0.007068
4991,0.766535
4992,0.010101
4993,0.069370
4994,0.139330
4995,0.014609
4996,0.897582
4997,0.015968
4998,0.363192
4999,0.536677
5000,0.019690
5001,0.013614
5002,0.073587
5003,0.454394
5004,0.314022
5005,0.044504
5006,0.030458
5007,0.821944
5008,0.966475
5009,0.036769
5010,0.002919
5011,0.587734
5012,0.034762
5013,0.099149
5014,0.117873
5015,0.524932
5016,0.926186
5017,0.484771
5018,0.952368
5019,0.966846
5020,0.020585
5021,0.289186
5022,0.014304
5023,0.002689
5024,0.283392
5025,0.068817
5026,0.042443
5027,0.147220
5028,0.997127
5029,0.837003
5030,0.010614
5031,0.031366
5032,0.250946
5033,0.948597
5034,0.934074
5035,0.018869
5036,0.025516
5037,0.003282
5038,0.011105
5039,0.271087
5040,0.901524
5041,0.289519
5042,0.964501
5043,0.055447
5044,0.009185
5045,0.368499
5046,0.113771
5047,0.003898
5048,0.419089
5049,0.105937
5050,0.087984
5051,0.858592
5052,0.011234
5053,0.093063
5054,0.058736
5055,0.009543
5056,0.920342
5057,0.019551
5058,0.959066
5059,0.073249
5060,0.136505
5061,0.034918
5062,0.015222
5063,0.013400
5064,0.031559
5065,0.482128
5066,0.548814
5067,0.047344
5068,0.960764
5069,0.727859
5070,0.958431
5071,0.065623
5072,0.034104
5073,0.016924
5074,0.014017
5075,0.635626
5076,0.350458
5077,0.115919
5078,0.146156
5079,0.972656
5080,0.025269
5081,0.005148
5082,0.050757
5083,0.054590
5084,0.004169
5085,0.954568
5086,0.997128
5087,0.008078
5088,0.074689
5089,0.013948
5090,0.416440
5091,0.062086
5092,0.993628
5093,0.391222
5094,0.092285
5095,0.089311
5096,0.020031
5097,0.033916
5098,0.144807
5099,0.003880
5100,0.063096
5101,0.250556
5102,0.582991
5103,0.006020
5104,0.008416
5105,0.052407
5106,0.997402
5107,0.980735
5108,0.597052
5109,0.928059
5110,0.018271
5111,0.975848
5112,0.887594
5113,0.210069
5114,0.967301
5115,0.921252
5116,0.604185
5117,0.800532
5118,0.923084
5119,0.032102
5120,0.982786
5121,0.029349
5122,0.024894
5123,0.831566
5124,0.011585
5125,0.966838
5126,0.084395
5127,0.465632
5128,0.043612
5129,0.636660
5130,0.027906
5131,0.015716
5132,0.193447
5133,0.193305
5134,0.765238
5135,0.512997
5136,0.003856
5137,0.729858
5138,0.025309
5139,0.289789
5140,0.070744
5141,0.300757
5142,0.091970
5143,0.004183
5144,0.008996
5145,0.003219
5146,0.029805
5147,0.012185
5148,0.029968
5149,0.010066
5150,0.269954
5151,0.789671
5152,0.113555
5153,0.051177
5154,0.972962
5155,0.174718
5156,0.005537
5157,0.014841
5158,0.007318
5159,0.046761
5160,0.193384
5161,0.050562
5162,0.007698
5163,0.062466
5164,0.027697
5165,0.124587
5166,0.501280
5167,0.060898
5168,0.072818
5169,0.055275
5170,0.136605
5171,0.749523
5172,0.702747
5173,0.068403
5174,0.020115
5175,0.997622
5176,0.315498
5177,0.966795
5178,0.920860
5179,0.914622
5180,0.024274
5181,0.172022
5182,0.183721
5183,0.003453
5184,0.115075
5185,0.074417
5186,0.002606
5187,0.063545
5188,0.985594
5189,0.027330
5190,0.073173
5191,0.354372
5192,0.142057
5193,0.273123
5194,0.371011
5195,0.360311
5196,0.068980
5197,0.018716
5198,0.034440
5199,0.012665
5200,0.005633
5201,0.107406
5202,0.080090
5203,0.017195
5204,0.188075
5205,0.007483
5206,0.063824
5207,0.549665
5208,0.015389
5209,0.663726
5210,0.942714
5211,0.934752
5212,0.240728
5213,0.282877
5214,0.027156
5215,0.664240
5216,0.918293
5217,0.022615
5218,0.671626
5219,0.003506
5220,0.963945
5221,0.028982
5222,0.045804
5223,0.369934
5224,0.586162
5225,0.006972
5226,0.972565
5227,0.867365
5228,0.913718
5229,0.991521
5230,0.045181
5231,0.316050
5232,0.956380
5233,0.016169
5234,0.044116
5235,0.008490
5236,0.008438
5237,0.947890
5238,0.154018
5239,0.026287
5240,0.022547
5241,0.038498
5242,0.034341
5243,0.074109
5244,0.981811
5245,0.528007
5246,0.119527
5247,0.072197
5248,0.042174
5249,0.323985
5250,0.165079
5251,0.413319
5252,0.622467
5253,0.013918
5254,0.036895
5255,0.321047
5256,0.007260
5257,0.258761
5258,0.922213
5259,0.766313
5260,0.110813
5261,0.016180
5262,0.871128
5263,0.007137
5264,0.509763
5265,0.089831
5266,0.978161
5267,0.003833
5268,0.118257
5269,0.024632
5270,0.285874
5271,0.129125
5272,0.964562
5273,0.010165
5274,0.498123
5275,0.762503
5276,0.136006
5277,0.774822
5278,0.230319
5279,0.007838
5280,0.010386
5281,0.004258
5282,0.987093
5283,0.065259
5284,0.016107
5285,0.006797
5286,0.016651
5287,0.060913
5288,0.074195
5289,0.035053
5290,0.004013
5291,0.990542
5292,0.827622
5293,0.134350
5294,0.797247
5295,0.031011
5296,0.155424
5297,0.005624
5298,0.326961
5299,0.005264
5300,0.012704
5301,0.226036
5302,0.371513
5303,0.139357
5304,0.082211
5305,0.062002
5306,0.102527
5307,0.790524
5308,0.080811
5309,0.141464
5310,0.035215
5311,0.855258
5312,0.270078
5313,0.045824
5314,0.754475
5315,0.231005
5316,0.090856
5317,0.105829
5318,0.005316
5319,0.685974
5320,0.032101
5321,0.075045
5322,0.205011
5323,0.029230
5324,0.913518
5325,0.160385
5326,0.004016
5327,0.027793
5328,0.043961
5329,0.952270
5330,0.010483
5331,0.114307
5332,0.004952
5333,0.054690
5334,0.976244
5335,0.557995
5336,0.009712
5337,0.047815
5338,0.199116
5339,0.096940
5340,0.011870
5341,0.004359
5342,0.975553
5343,0.080376
5344,0.032077
5345,0.014306
5346,0.211638
5347,0.965907
5348,0.040283
5349,0.033663
5350,0.813524
5351,0.994908
5352,0.786937
5353,0.029724
5354,0.316211
5355,0.907282
5356,0.017408
5357,0.203677
5358,0.995664
5359,0.008395
5360,0.045751
5361,0.680923
5362,0.097503
5363,0.012048
5364,0.007174
5365,0.963486
5366,0.004390
5367,0.003696
5368,0.885708
5369,0.711297
5370,0.045835
5371,0.028964
5372,0.014703
5373,0.264792
5374,0.008057
5375,0.027687
5376,0.056644
5377,0.007905
5378,0.040098
5379,0.311507
5380,0.526452
5381,0.040649
5382,0.284244
5383,0.111991
5384,0.068605
5385,0.059961
5386,0.015860
5387,0.731801
5388,0.011617
5389,0.970747
5390,0.591227
5391,0.007868
5392,0.004257
5393,0.987068
5394,0.032057
5395,0.752546
5396,0.047267
5397,0.232294
5398,0.177899
5399,0.299575
5400,0.028122
5401,0.375704
5402,0.005519
5403,0.103614
5404,0.031184
5405,0.065793
5406,0.903678
5407,0.845806
5408,0.016100
5409,0.013611
5410,0.252570
5411,0.231873
5412,0.964439
5413,0.092291
5414,0.006828
5415,0.992459
5416,0.031290
5417,0.061731
5418,0.086850
5419,0.287629
5420,0.040840
5421,0.056265
5422,0.041945
5423,0.053908
5424,0.908417
5425,0.972806
5426,0.031905
5427,0.026162
5428,0.005870
5429,0.002871
5430,0.630838
5431,0.026940
5432,0.761510
5433,0.210795
5434,0.966511
5435,0.582587
5436,0.986831
5437,0.045541
5438,0.270695
5439,0.274279
5440,0.954087
5441,0.008818
5442,0.073593
5443,0.633142
5444,0.010056
5445,0.888697
5446,0.146775
5447,0.166287
5448,0.036350
5449,0.005424
5450,0.959301
5451,0.003276
5452,0.965687
5453,0.176380
5454,0.062556
5455,0.959264
5456,0.006214
5457,0.065318
5458,0.006016
5459,0.946976
5460,0.980341
5461,0.011602
5462,0.019517
5463,0.017497
5464,0.007569
5465,0.132048
5466,0.828523
5467,0.991082
5468,0.061402
5469,0.121543
5470,0.997033
5471,0.309778
5472,0.144206
5473,0.003512
5474,0.374768
5475,0.007864
5476,0.063638
5477,0.817382
5478,0.249391
5479,0.968061
5480,0.052520
5481,0.072825
5482,0.005882
5483,0.321232
5484,0.673705
5485,0.179729
5486,0.062521
5487,0.468905
5488,0.196416
5489,0.133947
5490,0.024046
5491,0.519012
5492,0.055252
5493,0.013130
5494,0.843431
5495,0.777936
5496,0.021819
5497,0.130225
5498,0.058177
5499,0.006029
5500,0.003488
5501,0.206441
5502,0.024337
5503,0.090560
5504,0.962176
5505,0.978029
5506,0.018430
5507,0.328230
5508,0.035253
5509,0.979484
5510,0.008913
5511,0.991523
5512,0.006300
5513,0.046635
5514,0.325775
5515,0.003453
5516,0.036858
5517,0.113350
5518,0.214641
5519,0.034422
5520,0.023243
5521,0.995978
5522,0.804885
5523,0.220858
5524,0.979353
5525,0.071280
5526,0.122017
5527,0.717093
5528,0.006632
5529,0.023589
5530,0.097859
5531,0.055412
5532,0.116967
5533,0.102140
5534,0.142696
5535,0.057548
5536,0.140045
5537,0.042380
5538,0.014392
5539,0.082022
5540,0.878598
5541,0.009887
5542,0.147295
5543,0.007328
5544,0.010535
5545,0.956324
5546,0.493422
5547,0.031792
5548,0.057122
5549,0.986990
5550,0.018942
5551,0.118109
5552,0.063907
5553,0.071817
5554,0.365809
5555,0.127302
5556,0.090231
5557,0.556404
5558,0.984087
5559,0.066188
5560,0.980863
5561,0.674719
5562,0.003907
5563,0.074051
5564,0.016092
5565,0.990145
5566,0.354127
5567,0.021758
5568,0.055722
5569,0.060453
5570,0.985288
5571,0.022318
5572,0.003492
5573,0.063345
5574,0.873668
5575,0.344060
5576,0.031441
5577,0.042634
5578,0.183572
5579,0.286157
5580,0.992673
5581,0.301148
5582,0.011105
5583,0.014361
5584,0.557952
5585,0.017487
5586,0.241878
5587,0.629045
5588,0.144616
5589,0.223792
5590,0.117345
5591,0.022431
5592,0.577265
5593,0.007059
5594,0.025207
5595,0.083130
5596,0.548038
5597,0.931152
5598,0.033025
5599,0.883638
5600,0.979112
5601,0.074924
5602,0.113029
5603,0.442961
5604,0.003828
5605,0.780655
5606,0.089914
5607,0.003553
5608,0.328760
5609,0.870654
5610,0.042655
5611,0.083013
5612,0.044108
5613,0.170503
5614,0.203397
5615,0.003090
5616,0.029822
5617,0.883698
5618,0.996315
5619,0.113476
5620,0.033339
5621,0.185335
5622,0.027481
5623,0.004159
5624,0.194945
5625,0.740575
5626,0.152654
5627,0.996306
5628,0.055993
5629,0.127314
5630,0.978636
5631,0.036889
5632,0.016970
5633,0.006649
5634,0.570688
5635,0.094533
5636,0.003221
5637,0.110342
5638,0.802775
5639,0.004381
5640,0.016565
5641,0.167902
5642,0.022401
5643,0.865998
5644,0.075010
5645,0.022451
5646,0.895792
5647,0.111118
5648,0.027649
5649,0.050687
5650,0.011496
5651,0.161799
5652,0.020343
5653,0.009841
5654,0.011842
5655,0.972528
5656,0.239848
5657,0.217019
5658,0.018020
5659,0.122086
5660,0.029195
5661,0.920126
5662,0.042391
5663,0.210944
5664,0.014993
5665,0.918969
5666,0.091129
5667,0.962196
5668,0.997288
5669,0.525886
5670,0.910945
5671,0.105065
5672,0.024110
5673,0.325428
5674,0.877773
5675,0.217398
5676,0.996322
5677,0.068549
5678,0.083499
5679,0.968199
5680,0.010124
5681,0.045898
5682,0.567940
5683,0.245187
5684,0.042613
5685,0.081159
5686,0.129118
5687,0.154938
5688,0.028988
5689,0.044251
5690,0.022553
5691,0.009802
5692,0.024717
5693,0.280652
5694,0.050916
5695,0.427752
5696,0.175454
5697,0.250472
5698,0.033433
5699,0.327594
5700,0.038518
5701,0.978113
5702,0.079251
5703,0.274311
5704,0.912023
5705,0.731003
5706,0.061919
5707,0.025485
5708,0.144707
5709,0.943479
5710,0.956996
5711,0.065956
5712,0.003749
5713,0.016366
5714,0.294489
5715,0.034272
5716,0.003178
5717,0.854962
5718,0.952612
5719,0.005911
5720,0.535925
5721,0.005337
5722,0.996757
5723,0.494624
5724,0.021353
5725,0.071996
5726,0.366144
5727,0.957092
5728,0.864016
5729,0.009234
5730,0.317897
5731,0.983442
5732,0.018688
5733,0.187821
5734,0.995490
5735,0.021600
5736,0.003950
5737,0.952275
5738,0.874401
5739,0.009668
5740,0.193383
5741,0.075625
5742,0.068399
5743,0.843284
5744,0.237186
5745,0.007406
5746,0.028542
5747,0.077893
5748,0.055729
5749,0.290769
5750,0.978425
5751,0.005169
5752,0.091012
5753,0.021285
5754,0.005762
5755,0.068092
5756,0.011461
5757,0.128423
5758,0.916464
5759,0.213642
5760,0.023295
5761,0.006062
5762,0.524514
5763,0.947824
5764,0.002570
5765,0.786484
5766,0.985198
5767,0.048963
5768,0.861688
5769,0.004058
5770,0.069041
5771,0.995308
5772,0.174552
5773,0.626728
5774,0.979176
5775,0.112278
5776,0.916822
5777,0.005009
5778,0.030409
5779,0.017301
5780,0.023751
5781,0.277978
5782,0.020044
5783,0.378322
5784,0.921377
5785,0.792501
5786,0.002839
5787,0.076400
5788,0.982654
5789,0.026292
5790,0.985953
5791,0.997167
5792,0.042351
5793,0.187035
5794,0.133408
5795,0.069785
5796,0.074989
5797,0.947241
5798,0.992547
5799,0.029917
5800,0.206118
5801,0.252330
5802,0.962945
5803,0.269199
5804,0.042882
5805,0.086372
5806,0.958568
5807,0.039082
5808,0.997792
5809,0.020890
5810,0.081158
5811,0.968462
5812,0.985269
5813,0.935356
5814,0.931575
5815,0.965013
5816,0.963033
5817,0.956089
5818,0.033444
5819,0.995897
5820,0.339993
5821,0.030856
5822,0.996422
5823,0.011217
5824,0.840563
5825,0.041611
5826,0.024651
5827,0.014681
5828,0.943424
5829,0.268428
5830,0.066199
5831,0.100042
5832,0.443593
5833,0.171661
5834,0.061885
5835,0.688729
5836,0.121944
5837,0.621328
5838,0.007107
5839,0.005521
5840,0.005732
5841,0.934895
5842,0.089460
5843,0.169600
5844,0.118563
5845,0.475636
5846,0.952930
5847,0.134826
5848,0.087680
5849,0.034295
5850,0.986690
5851,0.942616
5852,0.865967
5853,0.145167
5854,0.814155
5855,0.009784
5856,0.080785
5857,0.078148
5858,0.436359
5859,0.036968
5860,0.967397
5861,0.021627
5862,0.645007
5863,0.070116
5864,0.156209
5865,0.188698
5866,0.086438
5867,0.150502
5868,0.061627
5869,0.049161
5870,0.005080
5871,0.118502
5872,0.006954
5873,0.069390
5874,0.988259
5875,0.997331
5876,0.045566
5877,0.947402
5878,0.148778
5879,0.038320
5880,0.228921
5881,0.176483
5882,0.026303
5883,0.165495
5884,0.781239
5885,0.006568
5886,0.491155
5887,0.914809
5888,0.429534
5889,0.918319
5890,0.005790
5891,0.030954
5892,0.625207
5893,0.066873
5894,0.060895
5895,0.082586
5896,0.018594
5897,0.039410
5898,0.702169
5899,0.104813
5900,0.091152
5901,0.661635
5902,0.465712
5903,0.960987
5904,0.961241
5905,0.531317
5906,0.054040
5907,0.983949
5908,0.033000
5909,0.061421
5910,0.111638
5911,0.131498
5912,0.976450
5913,0.004620
5914,0.061832
5915,0.161904
5916,0.008684
5917,0.009287
5918,0.949415
5919,0.124759
5920,0.981872
5921,0.059310
5922,0.119202
5923,0.058531
5924,0.249335
5925,0.076321
5926,0.977392
5927,0.202530
5928,0.090366
5929,0.009648
5930,0.118691
5931,0.951614
5932,0.038124
5933,0.936837
5934,0.551506
5935,0.184406
5936,0.007853
5937,0.075681
5938,0.364956
5939,0.005217
5940,0.963377
5941,0.049134
5942,0.132924
5943,0.079440
5944,0.351619
5945,0.977373
5946,0.094088
5947,0.072943
5948,0.095829
5949,0.806837
5950,0.010744
5951,0.375647
5952,0.121595
5953,0.462549
5954,0.443429
5955,0.035667
5956,0.931841
5957,0.884490
5958,0.817947
5959,0.247844
5960,0.040172
5961,0.006494
5962,0.290399
5963,0.004808
5964,0.890130
5965,0.139039
5966,0.037045
5967,0.006682
5968,0.054423
5969,0.585584
5970,0.960158
5971,0.042814
5972,0.960362
5973,0.131088
5974,0.910274
5975,0.614984
5976,0.007033
5977,0.384041
5978,0.370375
5979,0.921668
5980,0.189482
5981,0.297350
5982,0.022375
5983,0.021764
5984,0.907522
5985,0.043346
5986,0.119595
5987,0.032684
5988,0.718752
5989,0.916065
5990,0.018163
5991,0.985523
5992,0.086989
5993,0.306860
5994,0.010524
5995,0.061454
5996,0.034575
5997,0.961332
5998,0.765510
5999,0.858826
6000,0.019368
6001,0.625773
6002,0.778042
6003,0.222701
6004,0.053848
6005,0.005606
6006,0.762969
6007,0.964830
6008,0.596022
6009,0.885728
6010,0.023951
6011,0.949852
6012,0.076634
6013,0.159351
6014,0.024170
6015,0.040112
6016,0.070103
6017,0.031342
6018,0.995884
6019,0.033020
6020,0.964868
6021,0.362537
6022,0.962797
6023,0.893773
6024,0.024007
6025,0.047176
6026,0.055225
6027,0.509087
6028,0.074686
6029,0.680157
6030,0.017999
6031,0.023747
6032,0.055609
6033,0.017047
6034,0.588474
6035,0.162162
6036,0.964997
6037,0.662476
6038,0.917734
6039,0.006557
6040,0.047765
6041,0.972465
6042,0.961444
6043,0.824352
6044,0.943646
6045,0.939561
6046,0.014857
6047,0.088202
6048,0.241306
6049,0.515819
6050,0.015380
6051,0.151841
6052,0.065022
6053,0.002668
6054,0.024939
6055,0.066520
6056,0.123719
6057,0.015772
6058,0.223334
6059,0.761000
6060,0.024735
6061,0.329176
6062,0.065623
6063,0.962567
6064,0.009727
6065,0.031502
6066,0.157340
6067,0.012310
6068,0.505921
6069,0.003337
6070,0.043856
6071,0.027258
6072,0.996618
6073,0.022093
6074,0.161456
6075,0.055818
6076,0.201614
6077,0.050267
6078,0.335936
6079,0.033432
6080,0.768433
6081,0.007960
6082,0.655538
6083,0.016970
6084,0.986507
6085,0.166302
6086,0.036150
6087,0.044548
6088,0.126879
6089,0.085716
6090,0.029938
6091,0.022933
6092,0.975142
6093,0.282924
6094,0.065274
6095,0.447769
6096,0.937701
6097,0.065542
6098,0.004061
6099,0.908670
6100,0.964730
6101,0.865088
6102,0.084752
6103,0.248085
6104,0.090050
6105,0.011110
6106,0.023534
6107,0.551250
6108,0.971378
6109,0.006967
6110,0.311331
6111,0.910695
6112,0.014439
6113,0.006106
6114,0.058931
6115,0.969530
6116,0.797961
6117,0.003284
6118,0.063233
6119,0.563566
6120,0.369591
6121,0.010874
6122,0.081927
6123,0.931658
6124,0.138115
6125,0.595065
6126,0.003752
6127,0.869306
6128,0.008879
6129,0.769568
6130,0.026763
6131,0.048684
6132,0.961038
6133,0.086780
6134,0.332201
6135,0.056077
6136,0.885825
6137,0.100945
6138,0.017717
6139,0.102540
6140,0.035780
6141,0.996877
6142,0.939240
6143,0.895719
6144,0.024610
6145,0.963289
6146,0.554080
6147,0.034639
6148,0.774074
6149,0.325918
6150,0.006838
6151,0.047281
6152,0.052882
6153,0.043592
6154,0.831865
6155,0.026607
6156,0.379063
6157,0.057949
6158,0.147862
6159,0.026238
6160,0.820881
6161,0.421056
6162,0.973879
6163,0.904317
6164,0.026434
6165,0.241826
6166,0.968757
6167,0.990082
6168,0.813630
6169,0.458222
6170,0.858893
6171,0.300194
6172,0.909871
6173,0.183328
6174,0.313443
6175,0.664734
6176,0.017052
6177,0.059674
6178,0.937522
6179,0.085158
6180,0.846722
6181,0.955963
6182,0.141442
6183,0.032210
6184,0.137643
6185,0.654995
6186,0.347410
6187,0.003981
6188,0.068265
6189,0.156440
6190,0.123787
6191,0.997040
6192,0.196882
6193,0.025993
6194,0.981448
6195,0.016167
6196,0.972175
6197,0.983466
6198,0.877747
6199,0.066432
6200,0.966083
6201,0.009712
6202,0.022981
6203,0.015242
6204,0.115217
6205,0.022845
6206,0.044600
6207,0.015026
6208,0.986790
6209,0.139468
6210,0.586443
6211,0.928973
6212,0.018007
6213,0.011604
6214,0.386992
6215,0.114311
6216,0.021046
6217,0.041678
6218,0.150169
6219,0.117663
6220,0.048908
6221,0.506361
6222,0.008222
6223,0.009143
6224,0.015648
6225,0.004761
6226,0.007297
6227,0.020003
6228,0.026281
6229,0.970087
6230,0.002780
6231,0.052142
6232,0.078924
6233,0.040745
6234,0.997561
6235,0.392914
6236,0.176386
6237,0.285642
6238,0.049404
6239,0.809976
6240,0.017101
6241,0.492228
6242,0.008730
6243,0.013136
6244,0.002165
6245,0.003429
6246,0.974405
6247,0.060643
6248,0.016817
6249,0.350025
6250,0.362593
6251,0.093697
6252,0.912045
6253,0.897605
6254,0.945703
6255,0.971985
6256,0.991629
6257,0.529531
6258,0.994315
6259,0.010106
6260,0.004570
6261,0.069650
6262,0.110807
6263,0.184874
6264,0.565804
6265,0.061417
6266,0.967005
6267,0.059158
6268,0.054413
6269,0.009835
6270,0.086962
6271,0.016007
6272,0.122371
6273,0.046257
6274,0.106477
6275,0.010188
6276,0.983222
6277,0.063813
6278,0.082627
6279,0.980348
6280,0.090904
6281,0.004433
6282,0.152632
6283,0.187785
6284,0.587971
6285,0.449232
6286,0.018515
6287,0.036070
6288,0.982559
6289,0.803146
6290,0.055581
6291,0.059133
6292,0.044394
6293,0.106375
6294,0.670715
6295,0.085401
6296,0.790677
6297,0.013299
6298,0.198591
6299,0.955216
6300,0.900729
6301,0.018514
6302,0.035447
6303,0.016927
6304,0.591262
6305,0.881905
6306,0.782978
6307,0.421576
6308,0.696900
6309,0.020931
6310,0.836708
6311,0.707532
6312,0.952148
6313,0.995983
6314,0.033426
6315,0.482827
6316,0.431527
6317,0.067807
6318,0.244578
6319,0.101802
6320,0.113227
6321,0.003791
6322,0.997322
6323,0.002999
6324,0.206340
6325,0.004374
6326,0.009832
6327,0.216594
6328,0.013109
6329,0.036938
6330,0.660774
6331,0.016270
6332,0.997200
6333,0.857230
6334,0.005919
6335,0.988820
6336,0.320490
6337,0.700869
6338,0.103630
6339,0.130466
6340,0.006718
6341,0.019079
6342,0.674236
6343,0.032024
6344,0.055770
6345,0.011018
6346,0.116916
6347,0.108028
6348,0.131923
6349,0.936569
6350,0.858224
6351,0.412794
6352,0.556092
6353,0.045556
6354,0.018582
6355,0.076333
6356,0.112502
6357,0.224708
6358,0.004667
6359,0.250755
6360,0.154427
6361,0.156551
6362,0.019525
6363,0.983194
6364,0.012129
6365,0.039443
6366,0.006920
6367,0.034997
6368,0.278158
6369,0.957077
6370,0.311899
6371,0.040349
6372,0.006209
6373,0.445090
6374,0.036940
6375,0.405781
6376,0.498004
6377,0.162070
6378,0.019989
6379,0.017272
6380,0.009116
6381,0.255827
6382,0.038504
6383,0.025401
6384,0.049978
6385,0.997204
6386,0.110527
6387,0.028732
6388,0.886177
6389,0.721681
6390,0.821762
6391,0.915217
6392,0.059958
6393,0.022002
6394,0.010548
6395,0.845251
6396,0.215994
6397,0.985320
6398,0.950060
6399,0.951697
6400,0.907780
6401,0.982089
6402,0.928545
6403,0.002816
6404,0.005502
6405,0.498436
6406,0.956304
6407,0.917104
6408,0.341947
6409,0.744303
6410,0.026584
6411,0.184803
6412,0.176839
6413,0.963124
6414,0.002544
6415,0.979452
6416,0.093706
6417,0.612188
6418,0.034617
6419,0.073985
6420,0.235462
6421,0.066154
6422,0.029927
6423,0.095820
6424,0.898404
6425,0.621462
6426,0.147194
6427,0.154856
6428,0.115875
6429,0.967713
6430,0.986117
6431,0.098651
6432,0.082861
6433,0.003046
6434,0.057149
6435,0.047405
6436,0.106347
6437,0.978494
6438,0.065891
6439,0.062161
6440,0.030727
6441,0.019286
6442,0.022486
6443,0.011411
6444,0.931085
6445,0.966317
6446,0.155994
6447,0.028865
6448,0.011147
6449,0.645641
6450,0.032257
6451,0.718610
6452,0.126284
6453,0.013274
6454,0.151085
6455,0.116836
6456,0.844539
6457,0.038380
6458,0.719297
6459,0.012302
6460,0.019742
6461,0.055947
6462,0.036702
6463,0.004397
6464,0.974686
6465,0.519051
6466,0.074035
6467,0.367236
6468,0.035413
6469,0.977243
6470,0.932060
6471,0.357400
6472,0.121331
6473,0.046219
6474,0.323762
6475,0.070664
6476,0.182788
6477,0.006130
6478,0.093201
6479,0.773780
6480,0.008990
6481,0.018924
6482,0.690972
6483,0.064175
6484,0.102581
6485,0.121623
6486,0.436246
6487,0.018707
6488,0.066901
6489,0.011245
6490,0.363767
6491,0.241443
6492,0.979463
6493,0.028644
6494,0.101485
6495,0.113619
6496,0.057104
6497,0.941522
6498,0.881163
6499,0.395499
6500,0.997251
6501,0.995704
6502,0.007586
6503,0.960267
6504,0.008292
6505,0.822976
6506,0.996635
6507,0.145884
6508,0.060275
6509,0.076364
6510,0.099830
6511,0.983014
6512,0.047427
6513,0.944365
6514,0.008804
6515,0.058912
6516,0.005269
6517,0.036371
6518,0.080017
6519,0.167849
6520,0.935023
6521,0.105612
6522,0.002928
6523,0.442565
6524,0.099148
6525,0.223032
6526,0.087560
6527,0.005200
6528,0.010124
6529,0.024474
6530,0.009277
6531,0.967227
6532,0.353224
6533,0.411528
6534,0.810536
6535,0.112290
6536,0.826585
6537,0.033428
6538,0.009985
6539,0.111318
6540,0.035868
6541,0.931790
6542,0.009719
6543,0.028184
6544,0.030581
6545,0.119339
6546,0.070936
6547,0.903868
6548,0.127576
6549,0.987323
6550,0.053783
6551,0.102927
6552,0.678052
6553,0.065357
6554,0.071539
6555,0.511073
6556,0.985332
6557,0.451814
6558,0.965908
6559,0.448134
6560,0.841995
6561,0.265983
6562,0.707348
6563,0.959020
6564,0.013170
6565,0.592399
6566,0.980035
6567,0.252404
6568,0.273080
6569,0.582434
6570,0.052361
6571,0.025342
6572,0.031430
6573,0.984318
6574,0.049171
6575,0.750992
6576,0.069404
6577,0.058248
6578,0.070463
6579,0.173515
6580,0.003933
6581,0.005259
6582,0.148801
6583,0.211383
6584,0.730520
6585,0.080259
6586,0.532684
6587,0.850347
6588,0.006836
6589,0.070307
6590,0.025965
6591,0.029667
6592,0.034977
6593,0.096018
6594,0.150280
6595,0.661528
6596,0.050804
6597,0.014371
6598,0.179335
6599,0.879501
6600,0.240940
6601,0.561446
6602,0.030146
6603,0.405014
6604,0.011725
6605,0.027733
6606,0.681725
6607,0.015810
6608,0.865823
6609,0.009398
6610,0.034436
6611,0.063326
6612,0.972301
6613,0.034458
6614,0.269598
6615,0.094738
6616,0.020393
6617,0.017196
6618,0.963108
6619,0.043340
6620,0.228383
6621,0.996855
6622,0.814570
6623,0.004385
6624,0.043414
6625,0.087523
6626,0.087843
6627,0.031670
6628,0.010254
6629,0.031255
6630,0.150122
6631,0.030992
6632,0.028711
6633,0.126004
6634,0.029291
6635,0.284191
6636,0.018637
6637,0.059766
6638,0.054111
6639,0.963284
6640,0.015210
6641,0.057418
6642,0.951545
6643,0.114949
6644,0.232738
6645,0.193762
6646,0.888081
6647,0.186362
6648,0.913716
6649,0.945759
6650,0.200496
6651,0.943340
6652,0.394632
6653,0.204027
6654,0.105540
6655,0.086005
6656,0.004656
6657,0.835215
6658,0.054904
6659,0.967077
6660,0.029619
6661,0.177421
6662,0.977832
6663,0.025206
6664,0.049592
6665,0.925108
6666,0.083952
6667,0.442840
6668,0.021471
6669,0.152422
6670,0.110531
6671,0.960375
6672,0.034911
6673,0.006311
6674,0.065200
6675,0.667052
6676,0.333504
6677,0.024064
6678,0.128350
6679,0.074414
6680,0.215457
6681,0.318102
6682,0.038551
6683,0.178795
6684,0.077215
6685,0.961940
6686,0.763224
6687,0.003445
6688,0.005695
6689,0.939299
6690,0.982677
6691,0.997316
6692,0.016624
6693,0.403809
6694,0.041194
6695,0.961432
6696,0.087350
6697,0.045282
6698,0.979004
6699,0.835317
6700,0.362140
6701,0.013744
6702,0.943190
6703,0.906521
6704,0.110511
6705,0.971877
6706,0.021621
6707,0.029887
6708,0.035420
6709,0.250876
6710,0.098651
6711,0.053749
6712,0.006539
6713,0.411022
6714,0.972042
6715,0.026566
6716,0.025512
6717,0.678257
6718,0.976182
6719,0.057060
6720,0.004377
6721,0.002142
6722,0.514526
6723,0.061304
6724,0.007992
6725,0.997316
6726,0.892650
6727,0.954676
6728,0.052275
6729,0.949935
6730,0.241685
6731,0.177133
6732,0.130189
6733,0.951314
6734,0.013625
6735,0.995457
6736,0.370260
6737,0.997240
6738,0.980753
6739,0.003160
6740,0.006313
6741,0.006858
6742,0.171942
6743,0.076728
6744,0.043807
6745,0.004398
6746,0.709487
6747,0.514138
6748,0.919975
6749,0.100008
6750,0.973458
6751,0.178362
6752,0.017483
6753,0.295759
6754,0.007518
6755,0.168693
6756,0.977635
6757,0.071158
6758,0.765573
6759,0.032654
6760,0.107252
6761,0.023742
6762,0.959125
6763,0.009923
6764,0.051940
6765,0.148853
6766,0.889087
6767,0.987128
6768,0.931309
6769,0.040955
6770,0.018902
6771,0.048919
6772,0.974152
6773,0.027714
6774,0.009844
6775,0.045064
6776,0.151507
6777,0.055022
6778,0.051652
6779,0.142415
6780,0.924449
6781,0.014269
6782,0.152851
6783,0.110334
6784,0.005029
6785,0.753113
6786,0.726422
6787,0.864224
6788,0.884587
6789,0.104587
6790,0.013636
6791,0.762481
6792,0.976308
6793,0.137328
6794,0.323139
6795,0.968017
6796,0.685596
6797,0.087082
6798,0.275567
6799,0.025111
6800,0.781051
6801,0.715483
6802,0.341502
6803,0.061724
6804,0.626537
6805,0.003802
6806,0.713953
6807,0.005817
6808,0.032682
6809,0.089664
6810,0.891846
6811,0.029362
6812,0.018535
6813,0.914817
6814,0.032288
6815,0.216365
6816,0.040424
6817,0.017561
6818,0.973663
6819,0.010290
6820,0.038396
6821,0.956625
6822,0.008243
6823,0.135489
6824,0.017540
6825,0.027323
6826,0.059574
6827,0.003361
6828,0.954410
6829,0.002786
6830,0.989729
6831,0.052853
6832,0.015773
6833,0.097043
6834,0.023062
6835,0.603585
6836,0.583391
6837,0.996631
6838,0.340651
6839,0.104417
6840,0.764930
6841,0.055836
6842,0.906986
6843,0.003144
6844,0.078341
6845,0.987565
6846,0.179198
6847,0.011075
6848,0.853557
6849,0.026649
6850,0.015871
6851,0.409974
6852,0.193815
6853,0.819287
6854,0.048869
6855,0.037849
6856,0.087663
6857,0.861136
6858,0.959059
6859,0.951999
6860,0.934642
6861,0.018766
6862,0.089681
6863,0.032470
6864,0.068282
6865,0.003864
6866,0.175719
6867,0.657833
6868,0.891654
6869,0.238140
6870,0.653930
6871,0.942391
6872,0.017866
6873,0.058975
6874,0.073814
6875,0.176182
6876,0.970266
6877,0.863542
6878,0.014057
6879,0.023940
6880,0.058772
6881,0.367387
6882,0.943087
6883,0.392345
6884,0.123499
6885,0.042402
6886,0.990084
6887,0.918939
6888,0.763902
6889,0.203278
6890,0.943440
6891,0.048156
6892,0.011408
6893,0.039746
6894,0.175306
6895,0.055905
6896,0.997808
6897,0.073733
6898,0.977699
6899,0.023179
6900,0.543539
6901,0.008774
6902,0.055168
6903,0.040230
6904,0.047050
6905,0.982977
6906,0.912727
6907,0.098182
6908,0.058888
6909,0.005029
6910,0.783185
6911,0.009691
6912,0.973667
6913,0.974631
6914,0.005139
6915,0.033564
6916,0.976751
6917,0.333853
6918,0.866357
6919,0.017410
6920,0.054233
6921,0.512783
6922,0.004037
6923,0.040149
6924,0.035502
6925,0.012727
6926,0.742151
6927,0.007560
6928,0.003356
6929,0.012639
6930,0.414237
6931,0.081357
6932,0.066209
6933,0.804044
6934,0.081388
6935,0.200790
6936,0.005337
6937,0.004214
6938,0.174133
6939,0.061255
6940,0.960342
6941,0.007540
6942,0.821359
6943,0.071700
6944,0.949584
6945,0.594305
6946,0.003460
6947,0.903623
6948,0.013927
6949,0.110194
6950,0.935180
6951,0.663761
6952,0.043050
6953,0.004201
6954,0.015250
6955,0.941899
6956,0.042934
6957,0.997373
6958,0.967812
6959,0.051716
6960,0.067018
6961,0.145710
6962,0.690601
6963,0.038151
6964,0.704346
6965,0.008208
6966,0.044579
6967,0.015957
6968,0.984753
6969,0.993688
6970,0.003260
6971,0.004392
6972,0.099833
6973,0.018719
6974,0.374637
6975,0.111967
6976,0.019040
6977,0.082582
6978,0.012458
6979,0.024250
6980,0.510228
6981,0.091281
6982,0.997833
6983,0.293842
6984,0.028541
6985,0.369469
6986,0.916524
6987,0.120887
6988,0.039980
6989,0.008757
6990,0.009283
6991,0.007266
6992,0.040484
6993,0.858840
6994,0.835800
6995,0.035817
6996,0.573624
6997,0.930236
6998,0.008577
6999,0.067010
7000,0.443985
7001,0.151523
7002,0.090485
7003,0.109822
7004,0.002890
7005,0.074291
7006,0.007547
7007,0.966717
7008,0.089229
7009,0.037642
7010,0.164556
7011,0.917747
7012,0.006024
7013,0.456972
7014,0.781875
7015,0.004130
7016,0.954552
7017,0.046911
7018,0.283752
7019,0.014467
7020,0.040870
7021,0.010245
7022,0.384291
7023,0.154708
7024,0.802352
7025,0.042230
7026,0.021701
7027,0.018200
7028,0.054957
7029,0.039627
7030,0.213072
7031,0.945698
7032,0.011375
7033,0.835920
7034,0.123158
7035,0.282930
7036,0.790626
7037,0.968054
7038,0.019939
7039,0.003966
7040,0.080157
7041,0.960110
7042,0.009486
7043,0.671317
7044,0.044255
7045,0.240683
7046,0.588344
7047,0.911452
7048,0.932191
7049,0.187168
7050,0.148045
7051,0.025067
7052,0.034627
7053,0.139332
7054,0.018690
7055,0.122478
7056,0.152420
7057,0.242905
7058,0.593886
7059,0.039733
7060,0.022505
7061,0.867234
7062,0.953437
7063,0.064253
7064,0.027286
7065,0.154226
7066,0.197437
7067,0.036849
7068,0.081270
7069,0.970822
7070,0.987703
7071,0.066068
7072,0.006571
7073,0.053664
7074,0.086770
7075,0.997211
7076,0.463177
7077,0.982315
7078,0.965487
7079,0.618920
7080,0.055032
7081,0.228179
7082,0.039184
7083,0.699825
7084,0.070993
7085,0.499677
7086,0.271467
7087,0.016033
7088,0.015102
7089,0.959302
7090,0.129477
7091,0.212090
7092,0.020383
7093,0.612571
7094,0.787480
7095,0.454360
7096,0.219469
7097,0.022430
7098,0.981406
7099,0.004616
7100,0.996871
7101,0.836763
7102,0.462972
7103,0.997083
7104,0.005260
7105,0.033659
7106,0.010865
7107,0.125142
7108,0.103607
7109,0.004133
7110,0.003317
7111,0.315063
7112,0.254724
7113,0.200732
7114,0.982868
7115,0.072698
7116,0.031630
7117,0.484572
7118,0.029924
7119,0.362530
7120,0.146871
7121,0.019980
7122,0.032802
7123,0.053676
7124,0.837871
7125,0.062987
7126,0.484820
7127,0.131706
7128,0.142194
7129,0.886014
7130,0.040841
7131,0.966953
7132,0.419168
7133,0.012467
7134,0.960861
7135,0.349495
7136,0.052595
7137,0.151992
7138,0.723366
7139,0.042504
7140,0.053561
7141,0.011240
7142,0.065712
7143,0.005029
7144,0.958463
7145,0.142482
7146,0.031388
7147,0.002852
7148,0.996543
7149,0.070692
7150,0.033665
7151,0.007542
7152,0.079497
7153,0.397018
7154,0.058841
7155,0.173554
7156,0.007092
7157,0.036594
7158,0.014867
7159,0.038016
7160,0.059103
7161,0.969903
7162,0.003066
7163,0.938666
7164,0.996722
7165,0.018294
7166,0.070618
7167,0.462381
7168,0.984458
7169,0.131073
7170,0.986186
7171,0.441187
7172,0.968989
7173,0.946152
7174,0.017180
7175,0.068986
7176,0.436053
7177,0.922427
7178,0.584645
7179,0.006917
7180,0.038667
7181,0.201019
7182,0.067406
7183,0.918391
7184,0.016666
7185,0.350861
7186,0.839224
7187,0.039689
7188,0.681818
7189,0.721162
7190,0.030114
7191,0.118255
7192,0.029235
7193,0.555150
7194,0.028737
7195,0.986268
7196,0.020983
7197,0.012865
7198,0.028272
7199,0.160453
7200,0.046282
7201,0.038639
7202,0.230288
7203,0.022076
7204,0.133706
7205,0.086424
7206,0.890735
7207,0.981328
7208,0.608496
7209,0.747915
7210,0.892313
7211,0.011257
7212,0.191030
7213,0.988160
7214,0.069453
7215,0.049942
7216,0.022583
7217,0.259515
7218,0.096138
7219,0.005694
7220,0.514260
7221,0.398214
7222,0.002735
7223,0.978518
7224,0.965804
7225,0.130117
7226,0.022798
7227,0.014343
7228,0.149920
7229,0.102258
7230,0.948464
7231,0.054855
7232,0.333502
7233,0.057728
7234,0.980030
7235,0.077383
7236,0.040294
7237,0.271392
7238,0.624682
7239,0.407827
7240,0.003611
7241,0.304800
7242,0.228273
7243,0.021066
7244,0.949243
7245,0.089855
7246,0.052953
7247,0.077271
7248,0.961791
7249,0.241163
7250,0.007451
7251,0.533836
7252,0.300186
7253,0.216594
7254,0.157799
7255,0.173503
7256,0.559604
7257,0.701109
7258,0.124476
7259,0.052756
7260,0.781179
7261,0.976188
7262,0.045036
7263,0.944412
7264,0.032354
7265,0.195096
7266,0.049936
7267,0.015581
7268,0.005094
7269,0.084206
7270,0.024995
7271,0.026887
7272,0.330305
7273,0.097687
7274,0.005190
7275,0.939014
7276,0.002891
7277,0.054268
7278,0.214930
7279,0.061134
7280,0.067432
7281,0.838629
7282,0.974533
7283,0.055575
7284,0.285898
7285,0.119316
7286,0.188171
7287,0.004680
7288,0.927037
7289,0.943585
7290,0.017429
7291,0.121442
7292,0.085768
7293,0.551955
7294,0.167499
7295,0.046205
7296,0.011959
7297,0.470798
7298,0.912269
7299,0.736608
7300,0.319155
7301,0.921659
7302,0.967257
7303,0.336888
7304,0.039422
7305,0.120833
7306,0.129130
7307,0.086252
7308,0.019488
7309,0.003366
7310,0.089396
7311,0.963417
7312,0.022311
7313,0.651984
7314,0.032352
7315,0.011453
7316,0.062193
7317,0.095598
7318,0.100622
7319,0.716782
7320,0.021037
7321,0.940215
7322,0.003413
7323,0.030833
7324,0.903570
7325,0.030673
7326,0.045884
7327,0.414813
7328,0.958480
7329,0.002886
7330,0.979066
7331,0.071073
7332,0.025684
7333,0.082177
7334,0.099874
7335,0.069033
7336,0.213307
7337,0.027629
7338,0.047113
7339,0.051359
7340,0.062732
7341,0.507713
7342,0.024085
7343,0.972662
7344,0.039175
7345,0.020177
7346,0.861329
7347,0.190265
7348,0.007548
7349,0.965056
7350,0.503522
7351,0.997257
7352,0.449053
7353,0.053390
7354,0.165113
7355,0.034818
7356,0.887709
7357,0.005074
7358,0.044924
7359,0.159294
7360,0.093164
7361,0.013164
7362,0.025246
7363,0.765760
7364,0.020371
7365,0.036777
7366,0.015731
7367,0.369127
7368,0.037159
7369,0.016134
7370,0.126079
7371,0.034381
7372,0.028182
7373,0.033139
7374,0.677584
7375,0.971495
7376,0.244313
7377,0.004470
7378,0.913391
7379,0.892656
7380,0.397038
7381,0.005377
7382,0.033588
7383,0.005883
7384,0.019374
7385,0.988185
7386,0.056557
7387,0.974070
7388,0.003105
7389,0.921813
7390,0.608747
7391,0.071964
7392,0.063950
7393,0.023297
7394,0.015570
7395,0.854322
7396,0.996822
7397,0.012415
7398,0.148084
7399,0.021537
7400,0.009736
7401,0.019576
7402,0.006954
7403,0.258867
7404,0.009698
7405,0.149853
7406,0.937592
7407,0.009729
7408,0.128336
7409,0.021124
7410,0.140170
7411,0.126842
7412,0.996007
7413,0.165223
7414,0.021082
7415,0.997283
7416,0.525729
7417,0.790295
7418,0.008717
7419,0.840221
7420,0.903445
7421,0.824352
7422,0.071772
7423,0.438236
7424,0.079425
7425,0.133502
7426,0.031605
7427,0.976766
7428,0.193243
7429,0.853197
7430,0.954481
7431,0.033370
7432,0.014986
7433,0.310523
7434,0.303436
7435,0.586465
7436,0.938699
7437,0.064848
7438,0.953168
7439,0.036723
7440,0.003490
7441,0.901005
7442,0.028229
7443,0.084513
7444,0.068347
7445,0.963206
7446,0.254952
7447,0.962756
7448,0.427320
7449,0.645157
7450,0.254022
7451,0.216178
7452,0.016642
7453,0.961496
7454,0.012467
7455,0.171445
7456,0.115928
7457,0.030686
7458,0.037691
7459,0.216763
7460,0.034793
7461,0.054870
7462,0.724587
7463,0.248355
7464,0.083929
7465,0.005557
7466,0.004280
7467,0.782800
7468,0.255762
7469,0.031284
7470,0.171878
7471,0.773587
7472,0.243586
7473,0.023041
7474,0.013636
7475,0.054116
7476,0.005504
7477,0.042160
7478,0.004941
7479,0.014284
7480,0.689415
7481,0.081777
7482,0.005084
7483,0.996875
7484,0.014641
7485,0.013008
7486,0.195970
7487,0.145654
7488,0.048180
7489,0.066817
7490,0.003058
7491,0.195873
7492,0.078691
7493,0.059643
7494,0.013166
7495,0.019297
7496,0.111271
7497,0.030168
7498,0.061393
7499,0.006699
7500,0.072266
7501,0.305913
7502,0.383552
7503,0.903728
7504,0.014339
7505,0.073068
7506,0.025365
7507,0.035661
7508,0.755766
7509,0.295137
7510,0.937341
7511,0.053485
7512,0.116338
7513,0.004021
7514,0.040187
7515,0.267074
7516,0.062824
7517,0.011158
7518,0.016962
7519,0.964464
7520,0.064195
7521,0.008410
7522,0.013276
7523,0.939169
7524,0.196652
7525,0.972174
7526,0.008953
7527,0.997608
7528,0.125174
7529,0.089655
7530,0.074321
7531,0.006188
7532,0.971667
7533,0.120255
7534,0.016303
7535,0.887060
7536,0.866308
7537,0.180151
7538,0.007146
7539,0.014605
7540,0.608825
7541,0.028574
7542,0.907182
7543,0.119675
7544,0.043440
7545,0.911528
7546,0.997463
7547,0.091737
7548,0.114100
7549,0.231609
7550,0.056937
7551,0.974530
7552,0.279832
7553,0.271199
7554,0.306226
7555,0.917348
7556,0.186039
7557,0.011497
7558,0.224257
7559,0.137509
7560,0.641920
7561,0.214653
7562,0.058430
7563,0.046065
7564,0.371268
7565,0.071378
7566,0.480758
7567,0.812244
7568,0.061088
7569,0.978819
7570,0.132101
7571,0.012266
7572,0.050687
7573,0.014405
7574,0.020615
7575,0.162855
7576,0.011569
7577,0.171435
7578,0.016957
7579,0.844902
7580,0.983195
7581,0.165847
7582,0.534827
7583,0.930121
7584,0.012688
7585,0.534996
7586,0.098736
7587,0.885743
7588,0.004861
7589,0.952506
7590,0.347525
7591,0.088400
7592,0.019198
7593,0.020562
7594,0.055064
7595,0.993227
7596,0.013592
7597,0.764105
7598,0.547601
7599,0.047318
7600,0.023006
7601,0.010324
7602,0.020417
7603,0.912479
7604,0.036333
7605,0.173443
7606,0.837306
7607,0.251523
7608,0.029383
7609,0.006014
7610,0.151414
7611,0.012431
7612,0.063913
7613,0.051895
7614,0.102822
7615,0.778349
7616,0.425428
7617,0.029732
7618,0.376549
7619,0.173550
7620,0.023815
7621,0.116011
7622,0.962910
7623,0.984161
7624,0.051556
7625,0.079667
7626,0.190944
7627,0.980533
7628,0.915256
7629,0.144831
7630,0.971210
7631,0.050531
7632,0.244817
7633,0.397615
7634,0.004504
7635,0.446077
7636,0.326003
7637,0.541727
7638,0.961687
7639,0.006521
7640,0.050648
7641,0.133729
7642,0.111831
7643,0.065293
7644,0.006590
7645,0.229655
7646,0.040640
7647,0.076542
7648,0.004788
7649,0.027514
7650,0.972058
7651,0.979525
7652,0.526519
7653,0.013685
7654,0.047251
7655,0.975898
7656,0.549188
7657,0.540060
7658,0.085522
7659,0.450078
7660,0.125714
7661,0.043626
7662,0.028743
7663,0.254213
7664,0.683311
7665,0.003769
7666,0.013085
7667,0.043410
7668,0.017678
7669,0.096638
7670,0.218138
7671,0.739238
7672,0.891243
7673,0.930811
7674,0.078846
7675,0.212851
7676,0.122919
7677,0.126457
7678,0.537027
7679,0.033490
7680,0.005866
7681,0.002757
7682,0.004650
7683,0.907241
7684,0.018837
7685,0.946986
7686,0.996588
7687,0.008460
7688,0.073588
7689,0.883255
7690,0.027411
7691,0.023074
7692,0.197511
7693,0.204698
7694,0.489644
7695,0.005790
7696,0.198704
7697,0.499599
7698,0.005409
7699,0.088488
7700,0.021074
7701,0.106251
7702,0.323262
7703,0.963721
7704,0.882293
7705,0.007462
7706,0.168734
7707,0.363348
7708,0.028060
7709,0.042660
7710,0.021033
7711,0.070114
7712,0.011999
7713,0.525227
7714,0.006800
7715,0.357181
7716,0.004267
7717,0.053386
7718,0.448410
7719,0.881740
7720,0.187141
7721,0.036415
7722,0.077681
7723,0.272455
7724,0.039430
7725,0.033089
7726,0.570355
7727,0.960583
7728,0.029715
7729,0.758204
7730,0.734592
7731,0.154596
7732,0.986191
7733,0.015180
7734,0.046966
7735,0.076227
7736,0.014345
7737,0.265544
7738,0.167020
7739,0.122589
7740,0.995971
7741,0.997071
7742,0.018921
7743,0.368483
7744,0.963500
7745,0.951127
7746,0.068055
7747,0.873338
7748,0.293154
7749,0.377666
7750,0.027904
7751,0.058729
7752,0.967167
7753,0.169433
7754,0.019493
7755,0.508990
7756,0.486988
7757,0.091927
7758,0.810635
7759,0.101171
7760,0.056760
7761,0.565282
7762,0.095145
7763,0.228798
7764,0.064299
7765,0.073305
7766,0.007470
7767,0.061146
7768,0.996671
7769,0.801933
7770,0.613174
7771,0.270687
7772,0.017013
7773,0.174425
7774,0.924976
7775,0.765105
7776,0.020286
7777,0.190051
7778,0.979072
7779,0.879160
7780,0.082251
7781,0.121104
7782,0.859988
7783,0.074344
7784,0.089949
7785,0.996902
7786,0.888078
7787,0.946858
7788,0.976501
7789,0.270536
7790,0.959909
7791,0.993007
7792,0.936992
7793,0.215866
7794,0.973295
7795,0.685695
7796,0.048744
7797,0.028777
7798,0.040254
7799,0.997775
7800,0.436479
7801,0.421520
7802,0.014262
7803,0.005039
7804,0.010501
7805,0.120919
7806,0.879079
7807,0.933462
7808,0.660139
7809,0.019461
7810,0.975444
7811,0.960474
7812,0.053499
7813,0.929572
7814,0.982004
7815,0.321207
7816,0.319826
7817,0.002984
7818,0.004200
7819,0.108268
7820,0.030834
7821,0.005347
7822,0.113501
7823,0.975694
7824,0.006413
7825,0.954952
7826,0.530816
7827,0.147773
7828,0.985701
7829,0.815687
7830,0.386387
7831,0.934013
7832,0.084215
7833,0.998132
7834,0.006352
7835,0.057528
7836,0.975789
7837,0.022445
7838,0.021438
7839,0.038517
7840,0.968828
7841,0.029018
7842,0.153829
7843,0.045923
7844,0.880304
7845,0.009501
7846,0.771306
7847,0.004333
7848,0.514403
7849,0.854849
7850,0.151687
7851,0.003466
7852,0.720888
7853,0.008548
7854,0.187577
7855,0.954432
7856,0.031358
7857,0.042919
7858,0.024269
7859,0.975360
7860,0.313020
7861,0.429626
7862,0.156062
7863,0.065814
7864,0.068414
7865,0.021904
7866,0.935142
7867,0.011744
7868,0.719670
7869,0.792176
7870,0.400898
7871,0.057129
7872,0.254904
7873,0.973474
7874,0.968587
7875,0.025564
7876,0.136653
7877,0.880826
7878,0.997284
7879,0.928517
7880,0.989580
7881,0.340844
7882,0.978941
7883,0.445520
7884,0.009629
7885,0.061196
7886,0.007284
7887,0.029696
7888,0.954857
7889,0.020666
7890,0.918363
7891,0.032015
7892,0.261298
7893,0.611684
7894,0.003451
7895,0.203201
7896,0.024504
7897,0.071696
7898,0.067007
7899,0.114640
7900,0.342951
7901,0.124783
7902,0.020781
7903,0.795266
7904,0.005839
7905,0.090718
7906,0.369318
7907,0.626228
7908,0.596190
7909,0.120785
7910,0.022895
7911,0.990063
7912,0.033573
7913,0.015132
7914,0.014792
7915,0.879620
7916,0.031042
7917,0.823939
7918,0.088585
7919,0.147245
7920,0.942724
7921,0.130021
7922,0.033146
7923,0.009708
7924,0.024802
7925,0.166884
7926,0.155141
7927,0.120706
7928,0.219688
7929,0.105568
7930,0.854361
7931,0.009144
7932,0.017940
7933,0.048997
7934,0.007169
7935,0.494672
7936,0.076592
7937,0.314678
7938,0.175739
7939,0.057424
7940,0.281621
7941,0.016453
7942,0.011307
7943,0.276766
7944,0.040468
7945,0.006509
7946,0.390210
7947,0.103007
7948,0.130098
7949,0.941274
7950,0.066555
7951,0.912094
7952,0.897135
7953,0.592477
7954,0.137585
7955,0.224067
7956,0.126890
7957,0.032314
7958,0.465707
7959,0.050343
7960,0.032292
7961,0.090850
7962,0.019347
7963,0.564792
7964,0.230124
7965,0.059653
7966,0.947275
7967,0.018937
7968,0.763148
7969,0.007268
7970,0.993590
7971,0.002707
7972,0.011383
7973,0.016326
7974,0.005564
7975,0.290926
7976,0.732478
7977,0.018031
7978,0.877388
7979,0.031793
7980,0.816149
7981,0.070126
7982,0.051083
7983,0.231647
7984,0.009536
7985,0.014059
7986,0.034250
7987,0.060254
7988,0.078349
7989,0.008677
7990,0.303137
7991,0.981946
7992,0.301417
7993,0.244376
7994,0.936546
7995,0.027341
7996,0.593535
7997,0.963243
7998,0.088843
7999,0.979426
8000,0.007602
8001,0.020601
8002,0.826267
8003,0.048878
8004,0.100810
8005,0.119449
8006,0.158649
8007,0.113482
8008,0.360777
8009,0.008061
8010,0.110590
8011,0.266312
8012,0.311780
8013,0.186758
8014,0.982603
8015,0.131334
8016,0.054690
8017,0.169446
8018,0.724233
8019,0.023580
8020,0.003750
8021,0.031334
8022,0.082932
8023,0.105404
8024,0.851436
8025,0.015162
8026,0.876905
8027,0.006281
8028,0.318924
8029,0.175065
8030,0.252121
8031,0.809990
8032,0.033783
8033,0.004083
8034,0.186974
8035,0.243872
8036,0.003822
8037,0.016832
8038,0.041040
8039,0.006973
8040,0.007901
8041,0.053697
8042,0.781943
8043,0.775454
8044,0.021563
8045,0.061382
8046,0.024081
8047,0.276351
8048,0.997060
8049,0.037482
8050,0.285287
8051,0.931658
8052,0.007065
8053,0.976489
8054,0.008105
8055,0.088361
8056,0.978370
8057,0.978315
8058,0.102823
8059,0.055991
8060,0.001991
8061,0.037992
8062,0.588783
8063,0.022257
8064,0.212049
8065,0.543162
8066,0.265071
8067,0.756356
8068,0.025991
8069,0.125896
8070,0.482097
8071,0.942648
8072,0.205371
8073,0.978021
8074,0.889099
8075,0.005816
8076,0.986756
8077,0.984099
8078,0.092557
8079,0.987674
8080,0.105193
8081,0.114001
8082,0.005658
8083,0.918654
8084,0.003347
8085,0.615865
8086,0.007515
8087,0.009565
8088,0.050680
8089,0.927387
8090,0.040215
8091,0.993504
8092,0.966849
8093,0.063968
8094,0.718739
8095,0.021711
8096,0.991760
8097,0.017320
8098,0.005144
8099,0.681033
8100,0.112694
8101,0.184365
8102,0.004503
8103,0.007336
8104,0.955202
8105,0.238868
8106,0.004103
8107,0.223100
8108,0.755477
8109,0.825005
8110,0.157959
8111,0.007472
8112,0.946686
8113,0.059887
8114,0.027936
8115,0.083492
8116,0.979754
8117,0.860114
8118,0.199898
8119,0.049707
8120,0.058451
8121,0.004244
8122,0.976153
8123,0.032236
8124,0.123097
8125,0.022017
8126,0.519682
8127,0.977618
8128,0.146710
8129,0.020394
8130,0.641121
8131,0.107961
8132,0.008920
8133,0.054381
8134,0.955965
8135,0.729366
8136,0.108669
8137,0.056793
8138,0.005707
8139,0.044441
8140,0.008544
8141,0.031767
8142,0.390215
8143,0.125724
8144,0.148719
8145,0.384881
8146,0.019975
8147,0.163830
8148,0.090752
8149,0.425572
8150,0.028056
8151,0.986572
8152,0.771486
8153,0.021206
8154,0.086510
8155,0.202880
8156,0.041604
8157,0.044475
8158,0.158451
8159,0.006592
8160,0.667878
8161,0.203159
8162,0.015736
8163,0.011251
8164,0.337709
8165,0.014446
8166,0.108662
8167,0.978384
8168,0.085311
8169,0.901519
8170,0.235158
8171,0.041041
8172,0.317003
8173,0.723554
8174,0.064720
8175,0.821453
8176,0.117824
8177,0.096998
8178,0.585941
8179,0.080574
8180,0.004502
8181,0.166291
8182,0.959913
8183,0.431645
8184,0.022757
8185,0.050553
8186,0.368046
8187,0.628027
8188,0.976044
8189,0.214326
8190,0.150569
8191,0.044896
8192,0.964175
8193,0.043820
8194,0.025323
8195,0.036194
8196,0.972552
8197,0.195159
8198,0.485836
8199,0.041556
8200,0.444385
8201,0.151501
8202,0.011959
8203,0.146836
8204,0.730877
8205,0.072596
8206,0.049054
8207,0.155381
8208,0.988468
8209,0.770800
8210,0.341988
8211,0.038910
8212,0.004282
8213,0.004252
8214,0.875729
8215,0.136581
8216,0.062956
8217,0.518983
8218,0.253790
8219,0.006171
8220,0.079388
8221,0.965179
8222,0.022922
8223,0.177938
8224,0.189951
8225,0.373332
8226,0.240155
8227,0.015535
8228,0.026935
8229,0.003548
8230,0.253165
8231,0.021628
8232,0.997097
8233,0.030839
8234,0.366328
8235,0.909309
8236,0.989169
8237,0.011941
8238,0.013620
8239,0.028234
8240,0.928399
8241,0.992542
8242,0.015962
8243,0.094898
8244,0.110500
8245,0.159935
8246,0.125147
8247,0.986188
8248,0.311860
8249,0.353412
8250,0.412319
8251,0.104617
8252,0.263723
8253,0.273396
8254,0.278828
8255,0.904599
8256,0.165785
8257,0.002795
8258,0.630484
8259,0.356339
8260,0.004821
8261,0.012044
8262,0.225945
8263,0.078213
8264,0.005977
8265,0.051422
8266,0.228730
8267,0.969756
8268,0.061310
8269,0.499432
8270,0.035389
8271,0.269176
8272,0.122275
8273,0.111877
8274,0.095045
8275,0.973862
8276,0.107167
8277,0.247227
8278,0.104337
8279,0.112040
8280,0.156438
8281,0.004708
8282,0.033215
8283,0.995485
8284,0.277274
8285,0.946413
8286,0.031068
8287,0.020955
8288,0.857033
8289,0.494210
8290,0.022493
8291,0.017303
8292,0.003438
8293,0.204850
8294,0.511375
8295,0.429186
8296,0.025463
8297,0.872784
8298,0.410938
8299,0.986671
8300,0.021071
8301,0.012878
8302,0.032212
8303,0.032349
8304,0.064464
8305,0.013805
8306,0.554200
8307,0.978732
8308,0.004992
8309,0.235572
8310,0.134045
8311,0.979428
8312,0.879875
8313,0.257718
8314,0.082578
8315,0.985145
8316,0.768298
8317,0.031858
8318,0.011179
8319,0.024533
8320,0.013548
8321,0.014792
8322,0.504211
8323,0.094272
8324,0.018304
8325,0.009366
8326,0.438588
8327,0.019533
8328,0.036670
8329,0.217730
8330,0.988814
8331,0.247893
8332,0.294214
8333,0.003699
8334,0.698212
8335,0.919275
8336,0.654330
8337,0.075859
8338,0.006813
8339,0.078653
8340,0.053372
8341,0.224952
8342,0.966531
8343,0.044054
8344,0.969564
8345,0.019110
8346,0.917095
8347,0.161842
8348,0.164693
8349,0.185523
8350,0.236348
8351,0.029934
8352,0.963001
8353,0.644251
8354,0.005820
8355,0.923029
8356,0.046645
8357,0.277062
8358,0.126671
8359,0.781334
8360,0.986026
8361,0.257735
8362,0.952280
8363,0.126681
8364,0.996416
8365,0.730256
8366,0.018541
8367,0.417972
8368,0.805029
8369,0.007391
8370,0.092917
8371,0.766025
8372,0.090232
8373,0.543431
8374,0.201579
8375,0.228999
8376,0.102148
8377,0.016908
8378,0.237712
8379,0.009530
8380,0.519703
8381,0.589305
8382,0.997430
8383,0.016972
8384,0.005882
8385,0.051272
8386,0.900464
8387,0.981987
8388,0.192421
8389,0.096080
8390,0.005218
8391,0.063554
8392,0.006876
8393,0.700996
8394,0.471580
8395,0.191217
8396,0.093911
8397,0.997554
8398,0.971947
8399,0.090437
8400,0.161235
8401,0.655407
8402,0.926930
8403,0.655985
8404,0.035976
8405,0.900800
8406,0.152437
8407,0.976329
8408,0.004314
8409,0.027208
8410,0.046581
8411,0.124318
8412,0.069662
8413,0.089934
8414,0.026235
8415,0.332223
8416,0.005451
8417,0.059658
8418,0.015038
8419,0.820442
8420,0.013440
8421,0.996941
8422,0.041380
8423,0.268717
8424,0.004556
8425,0.574885
8426,0.996968
8427,0.409532
8428,0.968005
8429,0.093219
8430,0.023158
8431,0.493621
8432,0.017749
8433,0.859562
8434,0.179671
8435,0.055252
8436,0.870843
8437,0.828126
8438,0.025019
8439,0.082225
8440,0.029428
8441,0.503409
8442,0.011558
8443,0.250005
8444,0.048440
8445,0.013048
8446,0.027864
8447,0.196152
8448,0.058990
8449,0.589191
8450,0.028022
8451,0.075320
8452,0.003973
8453,0.997372
8454,0.534848
8455,0.221503
8456,0.425925
8457,0.086600
8458,0.995045
8459,0.308226
8460,0.179444
8461,0.065994
8462,0.048131
8463,0.022682
8464,0.061978
8465,0.017974
8466,0.899892
8467,0.005699
8468,0.729076
8469,0.109684
8470,0.054643
8471,0.982948
8472,0.989062
8473,0.065616
8474,0.009466
8475,0.921056
8476,0.140052
8477,0.394739
8478,0.612535
8479,0.006985
8480,0.009213
8481,0.004852
8482,0.014095
8483,0.008069
8484,0.264841
8485,0.109206
8486,0.163698
8487,0.041785
8488,0.003198
8489,0.796263
8490,0.083600
8491,0.903680
8492,0.630906
8493,0.010671
8494,0.032732
8495,0.942416
8496,0.188470
8497,0.064556
8498,0.057579
8499,0.340623
8500,0.028576
8501,0.095454
8502,0.092181
8503,0.808762
8504,0.046764
8505,0.014285
8506,0.036072
8507,0.039948
8508,0.032030
8509,0.014147
8510,0.043005
8511,0.016907
8512,0.018912
8513,0.010351
8514,0.032853
8515,0.188528
8516,0.044850
8517,0.042805
8518,0.218131
8519,0.022423
8520,0.009319
8521,0.100762
8522,0.842193
8523,0.090399
8524,0.984189
8525,0.007466
8526,0.722373
8527,0.026319
8528,0.071427
8529,0.691050
8530,0.719661
8531,0.857172
8532,0.651676
8533,0.014389
8534,0.014225
8535,0.993760
8536,0.128829
8537,0.076647
8538,0.401802
8539,0.034197
8540,0.182093
8541,0.191600
8542,0.072112
8543,0.957751
8544,0.975610
8545,0.132057
8546,0.047830
8547,0.144894
8548,0.489258
8549,0.075118
8550,0.056998
8551,0.099358
8552,0.040057
8553,0.092133
8554,0.247526
8555,0.042768
8556,0.173414
8557,0.807016
8558,0.977887
8559,0.828383
8560,0.979374
8561,0.685856
8562,0.096251
8563,0.080385
8564,0.027311
8565,0.026089
8566,0.917693
8567,0.737684
8568,0.959845
8569,0.172196
8570,0.731529
8571,0.028879
8572,0.997130
8573,0.286129
8574,0.045717
8575,0.071526
8576,0.004986
8577,0.808102
8578,0.968249
8579,0.059205
8580,0.525264
8581,0.522893
8582,0.015561
8583,0.485392
8584,0.778122
8585,0.019221
8586,0.060510
8587,0.048120
8588,0.123420
8589,0.010503
8590,0.466999
8591,0.981276
8592,0.099235
8593,0.074419
8594,0.005863
8595,0.951845
8596,0.337589
8597,0.009529
8598,0.856268
8599,0.866800
8600,0.075328
8601,0.066774
8602,0.070389
8603,0.127634
8604,0.673618
8605,0.035892
8606,0.042293
8607,0.357226
8608,0.974153
8609,0.025652
8610,0.041060
8611,0.618264
8612,0.146964
8613,0.979635
8614,0.938764
8615,0.299293
8616,0.101965
8617,0.049116
8618,0.658273
8619,0.034782
8620,0.078842
8621,0.924276
8622,0.102477
8623,0.913947
8624,0.013912
8625,0.095430
8626,0.042601
8627,0.041117
8628,0.457723
8629,0.007956
8630,0.921087
8631,0.113144
8632,0.056432
8633,0.928981
8634,0.138923
8635,0.785964
8636,0.923007
8637,0.984896
8638,0.015841
8639,0.530855
8640,0.022345
8641,0.288116
8642,0.003820
8643,0.872393
8644,0.004205
8645,0.005965
8646,0.313041
8647,0.378015
8648,0.045948
8649,0.238501
8650,0.005351
8651,0.007652
8652,0.804080
8653,0.004081
8654,0.016424
8655,0.005464
8656,0.011963
8657,0.292454
8658,0.294532
8659,0.045932
8660,0.004923
8661,0.252752
8662,0.005319
8663,0.088261
8664,0.005149
8665,0.010015
8666,0.959610
8667,0.037919
8668,0.037276
8669,0.177019
8670,0.003789
8671,0.368338
8672,0.955303
8673,0.022405
8674,0.053949
8675,0.968503
8676,0.925220
8677,0.006754
8678,0.049305
8679,0.096493
8680,0.320044
8681,0.156089
8682,0.948279
8683,0.544736
8684,0.308034
8685,0.007482
8686,0.089933
8687,0.020859
8688,0.956605
8689,0.081772
8690,0.040951
8691,0.972382
8692,0.120145
8693,0.025513
8694,0.998071
8695,0.982287
8696,0.028168
8697,0.965623
8698,0.112612
8699,0.047335
8700,0.052102
8701,0.948902
8702,0.019423
8703,0.060677
8704,0.003180
8705,0.395778
8706,0.997254
8707,0.018933
8708,0.016279
8709,0.016354
8710,0.135654
8711,0.023415
8712,0.036092
8713,0.152873
8714,0.792614
8715,0.022591
8716,0.011072
8717,0.469913
8718,0.944403
8719,0.026863
8720,0.039751
8721,0.044205
8722,0.966896
8723,0.005907
8724,0.005909
8725,0.028903
8726,0.031973
8727,0.016172
8728,0.188711
8729,0.997881
8730,0.742270
8731,0.611840
8732,0.827025
8733,0.780765
8734,0.007086
8735,0.082227
8736,0.801760
8737,0.912417
8738,0.137339
8739,0.266207
8740,0.972881
8741,0.979724
8742,0.993798
8743,0.047355
8744,0.004508
8745,0.161791
8746,0.178280
8747,0.093577
8748,0.031884
8749,0.063812
8750,0.042672
8751,0.128630
8752,0.595388
8753,0.882175
8754,0.195549
8755,0.968881
8756,0.240580
8757,0.172065
8758,0.033378
8759,0.279157
8760,0.006842
8761,0.799825
8762,0.020458
8763,0.977483
8764,0.227932
8765,0.199070
8766,0.005412
8767,0.123446
8768,0.031676
8769,0.072445
8770,0.041023
8771,0.005095
8772,0.017246
8773,0.030942
8774,0.684975
8775,0.008680
8776,0.029756
8777,0.331452
8778,0.090435
8779,0.023857
8780,0.006274
8781,0.954345
8782,0.075551
8783,0.031582
8784,0.005343
8785,0.010535
8786,0.089045
8787,0.008147
8788,0.974666
8789,0.051544
8790,0.955397
8791,0.117252
8792,0.043468
8793,0.063605
8794,0.915215
8795,0.745624
8796,0.005919
8797,0.750985
8798,0.772522
8799,0.046663
8800,0.014721
8801,0.022957
8802,0.014871
8803,0.647157
8804,0.013558
8805,0.078471
8806,0.202479
8807,0.022793
8808,0.447654
8809,0.320247
8810,0.020002
8811,0.307675
8812,0.949963
8813,0.009952
8814,0.642215
8815,0.921850
8816,0.905733
8817,0.985620
8818,0.909324
8819,0.227713
8820,0.476947
8821,0.095213
8822,0.746646
8823,0.946972
8824,0.012255
8825,0.043220
8826,0.214724
8827,0.601901
8828,0.257484
8829,0.061028
8830,0.020665
8831,0.055377
8832,0.269405
8833,0.019361
8834,0.696141
8835,0.006731
8836,0.061954
8837,0.139620
8838,0.308062
8839,0.133628
8840,0.068404
8841,0.986758
8842,0.948322
8843,0.045861
8844,0.582292
8845,0.126011
8846,0.011551
8847,0.055429
8848,0.983079
8849,0.062354
8850,0.935154
8851,0.101851
8852,0.585009
8853,0.227131
8854,0.002731
8855,0.028559
8856,0.021520
8857,0.033943
8858,0.090762
8859,0.466224
8860,0.067872
8861,0.063715
8862,0.063698
8863,0.302454
8864,0.007780
8865,0.667738
8866,0.968610
8867,0.036179
8868,0.833762
8869,0.398330
8870,0.067401
8871,0.355920
8872,0.051105
8873,0.010194
8874,0.364485
8875,0.090910
8876,0.010128
8877,0.997348
8878,0.002255
8879,0.068258
8880,0.014409
8881,0.231378
8882,0.179987
8883,0.240060
8884,0.959593
8885,0.285440
8886,0.099976
8887,0.032766
8888,0.034401
8889,0.017542
8890,0.108273
8891,0.209773
8892,0.141230
8893,0.330609
8894,0.141528
8895,0.969629
8896,0.343081
8897,0.404958
8898,0.515989
8899,0.090962
8900,0.195927
8901,0.407457
8902,0.997097
8903,0.492416
8904,0.604060
8905,0.526349
8906,0.958867
8907,0.070845
8908,0.070756
8909,0.821011
8910,0.613243
8911,0.020150
8912,0.301132
8913,0.038543
8914,0.080459
8915,0.071624
8916,0.009624
8917,0.062076
8918,0.041032
8919,0.210739
8920,0.071147
8921,0.090755
8922,0.965949
8923,0.039668
8924,0.660652
8925,0.497192
8926,0.017039
8927,0.671038
8928,0.924808
8929,0.533790
8930,0.517093
8931,0.079507
8932,0.959132
8933,0.050311
8934,0.099762
8935,0.717316
8936,0.883420
8937,0.018227
8938,0.951544
8939,0.104523
8940,0.183582
8941,0.005283
8942,0.281457
8943,0.330964
8944,0.656079
8945,0.663752
8946,0.141776
8947,0.967711
8948,0.131635
8949,0.424206
8950,0.718708
8951,0.993285
8952,0.112344
8953,0.031358
8954,0.024543
8955,0.942405
8956,0.753029
8957,0.954474
8958,0.918257
8959,0.234792
8960,0.013413
8961,0.823462
8962,0.017678
8963,0.964630
8964,0.290487
8965,0.024495
8966,0.211501
8967,0.015562
8968,0.018744
8969,0.010381
8970,0.005821
8971,0.014697
8972,0.008278
8973,0.364662
8974,0.028615
8975,0.782982
8976,0.122102
8977,0.049714
8978,0.455038
8979,0.003573
8980,0.009926
8981,0.803454
8982,0.050587
8983,0.552963
8984,0.006149
8985,0.024008
8986,0.009824
8987,0.021753
8988,0.007882
8989,0.298439
8990,0.013652
8991,0.123763
8992,0.011420
8993,0.081773
8994,0.976757
8995,0.528277
8996,0.017443
8997,0.978453
8998,0.030397
8999,0.086133
9000,0.086126
9001,0.185365
9002,0.011139
9003,0.970861
9004,0.205888
9005,0.835961
9006,0.942469
9007,0.193917
9008,0.062371
9009,0.086748
9010,0.805906
9011,0.904837
9012,0.013112
9013,0.011020
9014,0.116674
9015,0.014788
9016,0.305740
9017,0.067414
9018,0.870806
9019,0.190005
9020,0.033271
9021,0.321283
9022,0.035401
9023,0.189773
9024,0.048146
9025,0.544472
9026,0.124007
9027,0.995677
9028,0.085420
9029,0.013806
9030,0.543810
9031,0.167502
9032,0.191718
9033,0.980455
9034,0.033443
9035,0.013821
9036,0.026777
9037,0.041703
9038,0.157901
9039,0.161527
9040,0.025622
9041,0.404272
9042,0.110290
9043,0.426181
9044,0.007031
9045,0.047563
9046,0.019105
9047,0.078220
9048,0.158278
9049,0.978773
9050,0.081105
9051,0.968225
9052,0.031449
9053,0.016698
9054,0.066417
9055,0.341023
9056,0.458179
9057,0.047983
9058,0.996234
9059,0.047147
9060,0.028255
9061,0.274684
9062,0.935545
9063,0.018711
9064,0.020559
9065,0.444546
9066,0.099056
9067,0.302317
9068,0.023700
9069,0.014589
9070,0.066431
9071,0.099051
9072,0.871486
9073,0.615720
9074,0.949749
9075,0.005112
9076,0.896629
9077,0.011184
9078,0.157536
9079,0.608974
9080,0.714088
9081,0.341182
9082,0.505036
9083,0.438223
9084,0.047074
9085,0.975269
9086,0.887014
9087,0.980540
9088,0.795791
9089,0.167162
9090,0.308642
9091,0.324106
9092,0.340379
9093,0.014967
9094,0.025171
9095,0.658218
9096,0.936094
9097,0.005382
9098,0.062951
9099,0.135931
9100,0.006662
9101,0.889293
9102,0.052752
9103,0.755622
9104,0.209011
9105,0.087520
9106,0.134216
9107,0.013495
9108,0.384573
9109,0.162981
9110,0.002478
9111,0.888120
9112,0.012551
9113,0.608099
9114,0.023410
9115,0.835692
9116,0.067834
9117,0.912120
9118,0.219301
9119,0.602903
9120,0.049698
9121,0.550874
9122,0.073609
9123,0.190478
9124,0.010813
9125,0.578798
9126,0.114033
9127,0.039974
9128,0.006249
9129,0.015719
9130,0.412455
9131,0.976964
9132,0.108635
9133,0.018610
9134,0.079441
9135,0.410074
9136,0.009019
9137,0.051894
9138,0.027771
9139,0.029569
9140,0.949938
9141,0.057676
9142,0.035557
9143,0.860001
9144,0.142560
9145,0.032924
9146,0.007445
9147,0.095067
9148,0.224841
9149,0.076918
9150,0.187899
9151,0.007481
9152,0.711574
9153,0.193386
9154,0.873783
9155,0.983489
9156,0.646173
9157,0.943428
9158,0.301245
9159,0.005920
9160,0.218105
9161,0.012211
9162,0.068647
9163,0.004269
9164,0.030891
9165,0.022885
9166,0.966371
9167,0.011607
9168,0.322578
9169,0.971377
9170,0.798329
9171,0.953556
9172,0.886257
9173,0.387371
9174,0.053867
9175,0.077314
9176,0.008058
9177,0.295582
9178,0.458329
9179,0.060386
9180,0.010481
9181,0.357019
9182,0.004634
9183,0.015441
9184,0.337835
9185,0.035180
9186,0.116950
9187,0.028661
9188,0.022020
9189,0.821913
9190,0.008500
9191,0.063095
9192,0.978470
9193,0.003137
9194,0.013695
9195,0.011714
9196,0.757792
9197,0.024013
9198,0.007256
9199,0.059542
9200,0.075213
9201,0.997882
9202,0.048291
9203,0.043920
9204,0.129988
9205,0.004053
9206,0.308306
9207,0.467571
9208,0.005569
9209,0.016784
9210,0.939837
9211,0.863752
9212,0.396485
9213,0.069825
9214,0.022477
9215,0.072902
9216,0.273827
9217,0.034493
9218,0.203254
9219,0.031806
9220,0.020409
9221,0.375440
9222,0.069084
9223,0.983822
9224,0.103512
9225,0.981821
9226,0.971561
9227,0.041057
9228,0.010097
9229,0.011103
9230,0.115299
9231,0.053515
9232,0.924009
9233,0.006194
9234,0.078074
9235,0.085555
9236,0.010968
9237,0.070687
9238,0.157783
9239,0.132303
9240,0.664584
9241,0.171692
9242,0.002631
9243,0.979833
9244,0.014322
9245,0.043925
9246,0.237498
9247,0.040812
9248,0.984625
9249,0.995113
9250,0.031139
9251,0.624903
9252,0.004755
9253,0.005507
9254,0.160548
9255,0.995953
9256,0.091600
9257,0.340941
9258,0.874868
9259,0.025397
9260,0.076198
9261,0.950399
9262,0.736507
9263,0.019433
9264,0.032153
9265,0.014047
9266,0.828764
9267,0.580735
9268,0.064072
9269,0.803064
9270,0.008009
9271,0.002996
9272,0.063274
9273,0.035637
9274,0.037103
9275,0.017174
9276,0.014629
9277,0.125724
9278,0.988410
9279,0.101917
9280,0.526374
9281,0.970002
9282,0.241239
9283,0.834923
9284,0.074129
9285,0.291291
9286,0.099771
9287,0.581250
9288,0.120320
9289,0.079153
9290,0.057296
9291,0.063827
9292,0.376422
9293,0.273243
9294,0.092911
9295,0.327729
9296,0.132268
9297,0.979352
9298,0.055430
9299,0.006627
9300,0.124442
9301,0.264818
9302,0.047222
9303,0.049690
9304,0.056381
9305,0.007337
9306,0.113298
9307,0.590188
9308,0.976821
9309,0.966511
9310,0.048623
9311,0.850474
9312,0.849411
9313,0.873937
9314,0.017673
9315,0.485549
9316,0.919421
9317,0.434214
9318,0.006110
9319,0.049410
9320,0.023269
9321,0.862376
9322,0.788639
9323,0.352106
9324,0.010861
9325,0.032370
9326,0.249508
9327,0.056292
9328,0.540104
9329,0.083246
9330,0.838283
9331,0.113503
9332,0.028867
9333,0.040151
9334,0.388786
9335,0.021751
9336,0.064683
9337,0.767680
9338,0.084103
9339,0.256150
9340,0.080259
9341,0.027035
9342,0.035758
9343,0.020454
9344,0.077890
9345,0.004152
9346,0.049668
9347,0.033069
9348,0.027173
9349,0.058610
9350,0.082000
9351,0.019797
9352,0.084284
9353,0.032359
9354,0.035343
9355,0.290740
9356,0.371847
9357,0.036220
9358,0.254389
9359,0.980590
9360,0.101918
9361,0.004543
9362,0.023654
9363,0.097365
9364,0.425986
9365,0.005252
9366,0.119295
9367,0.967482
9368,0.082033
9369,0.051928
9370,0.968482
9371,0.390496
9372,0.017080
9373,0.005357
9374,0.028565
9375,0.189059
9376,0.815380
9377,0.078658
9378,0.997833
9379,0.087690
9380,0.047496
9381,0.984952
9382,0.128091
9383,0.969377
9384,0.558335
9385,0.974846
9386,0.004958
9387,0.388306
9388,0.296607
9389,0.636320
9390,0.015726
9391,0.227794
9392,0.038288
9393,0.033176
9394,0.318992
9395,0.902447
9396,0.018940
9397,0.996716
9398,0.013154
9399,0.005214
9400,0.362215
9401,0.028931
9402,0.074747
9403,0.011721
9404,0.983515
9405,0.573871
9406,0.002910
9407,0.004167
9408,0.441850
9409,0.218321
9410,0.859354
9411,0.194181
9412,0.034751
9413,0.036419
9414,0.015538
9415,0.210742
9416,0.029955
9417,0.025906
9418,0.047077
9419,0.333126
9420,0.982545
9421,0.104312
9422,0.995061
9423,0.054539
9424,0.847711
9425,0.986239
9426,0.340974
9427,0.115525
9428,0.073850
9429,0.609550
9430,0.002589
9431,0.923298
9432,0.010290
9433,0.898436
9434,0.010685
9435,0.997857
9436,0.986353
9437,0.005928
9438,0.333595
9439,0.007356
9440,0.257437
9441,0.697111
9442,0.080841
9443,0.046997
9444,0.069102
9445,0.921830
9446,0.007430
9447,0.977390
9448,0.039769
9449,0.032556
9450,0.036598
9451,0.010399
9452,0.987286
9453,0.403612
9454,0.026703
9455,0.026426
9456,0.005610
9457,0.485387
9458,0.010773
9459,0.279025
9460,0.030009
9461,0.925343
9462,0.321017
9463,0.055140
9464,0.118402
9465,0.004825
9466,0.530369
9467,0.909937
9468,0.100433
9469,0.002629
9470,0.971156
9471,0.009713
9472,0.951605
9473,0.087914
9474,0.964134
9475,0.029093
9476,0.027460
9477,0.089355
9478,0.574948
9479,0.130384
9480,0.905629
9481,0.935507
9482,0.176346
9483,0.953461
9484,0.080803
9485,0.253342
9486,0.957558
9487,0.815151
9488,0.979413
9489,0.250729
9490,0.019143
9491,0.030918
9492,0.988652
9493,0.092785
9494,0.103094
9495,0.004094
9496,0.013908
9497,0.053351
9498,0.448800
9499,0.968115
9500,0.214863
9501,0.139226
9502,0.970400
9503,0.979564
9504,0.315417
9505,0.769278
9506,0.991140
9507,0.027154
9508,0.032572
9509,0.100669
9510,0.019981
9511,0.162118
9512,0.303643
9513,0.775546
9514,0.165496
9515,0.072359
9516,0.325943
9517,0.033799
9518,0.022994
9519,0.025352
9520,0.003585
9521,0.018584
9522,0.429705
9523,0.060928
9524,0.046266
9525,0.003008
9526,0.514010
9527,0.044674
9528,0.069328
9529,0.259171
9530,0.039573
9531,0.038516
9532,0.022233
9533,0.413345
9534,0.838457
9535,0.720038
9536,0.013759
9537,0.991491
9538,0.034976
9539,0.411834
9540,0.983945
9541,0.237322
9542,0.393558
9543,0.009018
9544,0.017237
9545,0.087210
9546,0.976992
9547,0.607610
9548,0.012822
9549,0.204776
9550,0.745650
9551,0.638930
9552,0.959477
9553,0.467537
9554,0.980859
9555,0.440866
9556,0.022135
9557,0.964552
9558,0.121238
9559,0.100352
9560,0.002467
9561,0.075345
9562,0.993157
9563,0.159923
9564,0.970709
9565,0.006257
9566,0.090678
9567,0.991295
9568,0.030549
9569,0.074161
9570,0.157621
9571,0.074468
9572,0.150631
9573,0.874028
9574,0.737615
9575,0.069857
9576,0.972410
9577,0.219149
9578,0.007318
9579,0.007949
9580,0.931616
9581,0.895733
9582,0.009893
9583,0.881239
9584,0.925139
9585,0.045170
9586,0.007684
9587,0.015403
9588,0.932508
9589,0.029833
9590,0.126073
9591,0.279934
9592,0.594410
9593,0.027627
9594,0.970465
9595,0.979800
9596,0.028829
9597,0.876447
9598,0.982471
9599,0.085332
9600,0.799217
9601,0.750644
9602,0.008821
9603,0.084235
9604,0.081834
9605,0.116985
9606,0.003462
9607,0.181248
9608,0.465171
9609,0.535288
9610,0.008993
9611,0.005153
9612,0.020093
9613,0.045913
9614,0.324427
9615,0.160496
9616,0.870085
9617,0.032601
9618,0.529701
9619,0.163613
9620,0.005421
9621,0.198101
9622,0.012469
9623,0.486103
9624,0.155611
9625,0.005282
9626,0.048241
9627,0.085791
9628,0.979223
9629,0.722198
9630,0.951928
9631,0.997490
9632,0.993136
9633,0.052578
9634,0.092207
9635,0.997696
9636,0.986510
9637,0.008733
9638,0.063533
9639,0.118714
9640,0.180806
9641,0.012041
9642,0.107704
9643,0.092125
9644,0.970178
9645,0.167673
9646,0.480284
9647,0.402502
9648,0.003272
9649,0.460829
9650,0.019645
9651,0.988498
9652,0.641179
9653,0.288042
9654,0.227839
9655,0.022428
9656,0.379415
9657,0.965922
9658,0.998134
9659,0.057753
9660,0.048915
9661,0.056694
9662,0.977179
9663,0.013368
9664,0.013849
9665,0.081367
9666,0.052559
9667,0.102932
9668,0.255044
9669,0.079844
9670,0.481184
9671,0.251759
9672,0.074072
9673,0.058807
9674,0.690778
9675,0.108382
9676,0.083807
9677,0.006325
9678,0.954678
9679,0.032694
9680,0.360888
9681,0.539719
9682,0.194029
9683,0.948263
9684,0.025559
9685,0.853881
9686,0.103576
9687,0.170708
9688,0.022402
9689,0.008884
9690,0.155893
9691,0.871642
9692,0.086587
9693,0.028212
9694,0.679206
9695,0.009439
9696,0.962626
9697,0.397933
9698,0.060902
9699,0.008697
9700,0.106199
9701,0.074505
9702,0.994722
9703,0.136226
9704,0.049463
9705,0.126062
9706,0.735770
9707,0.138393
9708,0.023398
9709,0.150187
9710,0.579993
9711,0.061173
9712,0.486170
9713,0.481138
9714,0.016733
9715,0.041791
9716,0.245646
9717,0.026045
9718,0.020600
9719,0.076903
9720,0.988824
9721,0.973750
9722,0.103848
9723,0.016798
9724,0.098630
9725,0.892572
9726,0.149731
9727,0.107050
9728,0.328419
9729,0.017649
9730,0.972798
9731,0.023173
9732,0.004180
9733,0.012493
9734,0.057607
9735,0.412738
9736,0.172966
9737,0.039248
9738,0.056910
9739,0.973157
9740,0.072790
9741,0.055198
9742,0.041604
9743,0.695314
9744,0.029471
9745,0.795513
9746,0.011349
9747,0.430834
9748,0.726561
9749,0.977819
9750,0.006947
9751,0.983309
9752,0.015231
9753,0.971536
9754,0.298691
9755,0.995235
9756,0.114205
9757,0.967911
9758,0.208640
9759,0.032802
9760,0.007503
9761,0.171218
9762,0.003928
9763,0.086699
9764,0.915863
9765,0.101958
9766,0.168285
9767,0.841079
9768,0.587624
9769,0.012022
9770,0.610347
9771,0.070505
9772,0.051775
9773,0.785694
9774,0.012322
9775,0.081740
9776,0.004327
9777,0.134539
9778,0.127791
9779,0.204757
9780,0.982664
9781,0.132788
9782,0.845760
9783,0.211214
9784,0.364177
9785,0.969800
9786,0.675119
9787,0.094073
9788,0.005941
9789,0.361889
9790,0.234420
9791,0.065447
9792,0.142660
9793,0.122903
9794,0.680546
9795,0.056415
9796,0.043539
9797,0.841047
9798,0.645949
9799,0.056970
9800,0.043221
9801,0.016983
9802,0.156668
9803,0.013375
9804,0.841028
9805,0.007952
9806,0.750533
9807,0.046638
9808,0.038338
9809,0.067699
9810,0.008617
9811,0.024192
9812,0.051436
9813,0.004857
9814,0.098505
9815,0.257636
9816,0.251044
9817,0.030157
9818,0.414864
9819,0.949879
9820,0.109876
9821,0.047474
9822,0.009811
9823,0.945493
9824,0.347718
9825,0.982242
9826,0.008988
9827,0.992466
9828,0.566290
9829,0.554364
9830,0.965504
9831,0.018310
9832,0.058945
9833,0.168143
9834,0.051508
9835,0.378830
9836,0.982048
9837,0.994533
9838,0.003065
9839,0.059315
9840,0.996007
9841,0.035652
9842,0.424505
9843,0.809912
9844,0.085128
9845,0.003544
9846,0.786529
9847,0.462044
9848,0.032054
9849,0.006311
9850,0.182894
9851,0.044948
9852,0.044621
9853,0.015738
9854,0.069353
9855,0.238097
9856,0.064130
9857,0.962415
9858,0.036461
9859,0.870940
9860,0.070322
9861,0.063206
9862,0.064914
9863,0.007050
9864,0.911873
9865,0.995455
9866,0.053577
9867,0.002785
9868,0.467102
9869,0.108340
9870,0.847255
9871,0.954984
9872,0.095246
9873,0.026702
9874,0.906212
9875,0.153877
9876,0.069360
9877,0.126518
9878,0.027251
9879,0.855021
9880,0.012595
9881,0.936086
9882,0.930847
9883,0.030461
9884,0.025930
9885,0.046848
9886,0.146272
9887,0.020107
9888,0.963567
9889,0.997118
9890,0.339588
9891,0.026749
9892,0.140160
9893,0.269704
9894,0.071286
9895,0.066760
9896,0.854008
9897,0.116838
9898,0.052730
9899,0.122382
9900,0.230894
9901,0.061240
9902,0.051042
9903,0.054022
9904,0.780213
9905,0.050087
9906,0.137360
9907,0.355016
9908,0.005054
9909,0.966879
9910,0.947320
9911,0.100608
9912,0.044431
9913,0.017314
9914,0.141667
9915,0.970777
9916,0.074486
9917,0.080110
9918,0.014830
9919,0.674409
9920,0.012920
9921,0.458211
9922,0.002722
9923,0.436370
9924,0.197665
9925,0.317683
9926,0.115769
9927,0.232220
9928,0.005335
9929,0.951861
9930,0.949195
9931,0.483802
9932,0.196654
9933,0.194040
9934,0.021796
9935,0.896900
9936,0.987310
9937,0.277331
9938,0.384659
9939,0.045351
9940,0.191373
9941,0.031316
9942,0.068688
9943,0.016097
9944,0.055841
9945,0.970019
9946,0.052042
9947,0.079920
9948,0.028683
9949,0.005673
9950,0.038077
9951,0.280977
9952,0.006524
9953,0.995273
9954,0.852796
9955,0.123113
9956,0.732040
9957,0.009917
9958,0.976037
9959,0.185409
9960,0.815278
9961,0.036375
9962,0.030965
9963,0.014533
9964,0.177645
9965,0.032424
9966,0.010698
9967,0.005723
9968,0.092829
9969,0.006224
9970,0.120040
9971,0.989684
9972,0.043683
9973,0.025548
9974,0.041441
9975,0.965582
9976,0.273759
9977,0.195654
9978,0.164451
9979,0.003276
9980,0.068977
9981,0.070758
9982,0.007622
9983,0.112719
9984,0.028754
9985,0.006013
9986,0.035784
9987,0.137560
9988,0.074973
9989,0.069826
9990,0.117678
9991,0.953815
9992,0.051013
9993,0.040855
9994,0.632613
9995,0.003043
9996,0.261045
9997,0.602525
9998,0.989489
9999,0.098716
10000,0.409945
10001,0.944011
10002,0.429361
10003,0.204077
10004,0.011377
10005,0.960408
10006,0.957403
10007,0.029031
10008,0.982733
10009,0.958051
10010,0.082977
10011,0.034676
10012,0.895568
10013,0.028563
10014,0.237180
10015,0.071266
10016,0.048014
10017,0.011976
10018,0.004604
10019,0.056135
10020,0.029871
10021,0.046547
10022,0.985195
10023,0.983944
10024,0.692120
10025,0.032918
10026,0.023533
10027,0.076675
10028,0.851975
10029,0.078223
10030,0.005474
10031,0.058419
10032,0.598294
10033,0.753979
10034,0.010371
10035,0.031784
10036,0.071606
10037,0.943081
10038,0.007757
10039,0.391737
10040,0.141532
10041,0.009027
10042,0.943120
10043,0.034201
10044,0.252095
10045,0.016067
10046,0.007545
10047,0.894431
10048,0.091835
10049,0.833803
10050,0.014710
10051,0.439849
10052,0.953980
10053,0.066772
10054,0.512341
10055,0.235069
10056,0.006686
10057,0.957467
10058,0.958012
10059,0.058655
10060,0.905297
10061,0.142232
10062,0.003353
10063,0.075510
10064,0.977087
10065,0.252562
10066,0.050242
10067,0.030001
10068,0.014428
10069,0.059242
10070,0.035534
10071,0.616016
10072,0.922244
10073,0.580733
10074,0.168911
10075,0.817566
10076,0.949614
10077,0.074127
10078,0.019491
10079,0.076049
10080,0.083287
10081,0.082326
10082,0.355620
10083,0.016333
10084,0.086801
10085,0.244442
10086,0.089788
10087,0.807573
10088,0.043997
10089,0.792274
10090,0.003760
10091,0.069460
10092,0.004731
10093,0.039248
10094,0.316511
10095,0.030654
10096,0.032951
10097,0.980676
10098,0.214761
10099,0.227981
10100,0.013719
10101,0.006296
10102,0.035144
10103,0.034066
10104,0.954035
10105,0.004426
10106,0.203150
10107,0.006324
10108,0.361353
10109,0.066234
10110,0.131233
10111,0.029150
10112,0.024479
10113,0.077801
10114,0.059921
10115,0.005922
10116,0.656873
10117,0.075533
10118,0.084996
10119,0.333722
10120,0.496888
10121,0.209250
10122,0.248526
10123,0.121949
10124,0.008131
10125,0.091697
10126,0.974047
10127,0.028894
10128,0.052180
10129,0.043241
10130,0.122683
10131,0.746924
10132,0.355682
10133,0.087726
10134,0.982457
10135,0.054536
10136,0.016893
10137,0.006438
10138,0.529246
10139,0.915285
10140,0.194879
10141,0.096325
10142,0.010738
10143,0.108891
10144,0.003531
10145,0.015882
10146,0.087436
10147,0.366433
10148,0.574204
10149,0.805776
10150,0.095886
10151,0.044214
10152,0.014779
10153,0.938089
10154,0.059865
10155,0.052627
10156,0.360980
10157,0.218380
10158,0.740045
10159,0.245672
10160,0.974283
10161,0.019943
10162,0.909611
10163,0.996167
10164,0.006415
10165,0.016885
10166,0.004098
10167,0.704344
10168,0.387956
10169,0.770371
10170,0.007694
10171,0.237302
10172,0.259769
10173,0.144322
10174,0.005292
10175,0.252519
10176,0.004568
10177,0.997390
10178,0.009971
10179,0.034002
10180,0.167934
10181,0.006056
10182,0.040858
10183,0.933356
10184,0.996635
10185,0.941168
10186,0.259712
10187,0.028159
10188,0.048536
10189,0.008107
10190,0.003364
10191,0.979743
10192,0.967724
10193,0.118452
10194,0.046116
10195,0.021434
10196,0.689587
10197,0.025070
10198,0.052204
10199,0.075194
10200,0.005883
10201,0.015073
10202,0.054108
10203,0.022273
10204,0.917393
10205,0.011950
10206,0.996165
10207,0.032010
10208,0.964662
10209,0.650344
10210,0.978030
10211,0.624416
10212,0.876346
10213,0.294575
10214,0.163000
10215,0.027193
10216,0.308081
10217,0.800109
10218,0.010280
10219,0.048924
10220,0.080016
10221,0.007737
10222,0.004114
10223,0.958367
10224,0.884539
10225,0.084737
10226,0.028013
10227,0.997633
10228,0.009095
10229,0.411715
10230,0.997013
10231,0.018598
10232,0.165817
10233,0.277270
10234,0.104456
10235,0.018631
10236,0.040164
10237,0.543866
10238,0.081643
10239,0.939043
10240,0.064416
10241,0.019751
10242,0.229316
10243,0.072544
10244,0.005681
10245,0.951182
10246,0.034293
10247,0.527648
10248,0.533795
10249,0.774914
10250,0.007594
10251,0.048963
10252,0.021324
10253,0.842256
10254,0.315112
10255,0.140657
10256,0.952664
10257,0.683462
10258,0.027023
10259,0.038725
10260,0.975490
10261,0.013886
10262,0.002972
10263,0.842242
10264,0.690088
10265,0.024763
10266,0.720858
10267,0.827859
10268,0.014037
10269,0.040411
10270,0.593635
10271,0.010831
10272,0.070448
10273,0.765384
10274,0.718271
10275,0.221544
10276,0.131318
10277,0.144079
10278,0.122736
10279,0.980530
10280,0.023824
10281,0.579158
10282,0.024264
10283,0.550957
10284,0.280779
10285,0.060394
10286,0.110578
10287,0.258113
10288,0.914491
10289,0.791830
10290,0.084553
10291,0.060104
10292,0.017335
10293,0.143313
10294,0.468976
10295,0.138521
10296,0.968558
10297,0.157097
10298,0.033010
10299,0.167818
10300,0.876864
10301,0.004840
10302,0.812770
10303,0.065874
10304,0.172901
10305,0.028581
10306,0.890238
10307,0.130567
10308,0.088572
10309,0.079068
10310,0.090818
10311,0.102400
10312,0.961306
10313,0.098729
10314,0.002212
10315,0.742749
10316,0.156961
10317,0.065326
10318,0.348126
10319,0.014395
10320,0.107720
10321,0.071323
10322,0.109950
10323,0.076231
10324,0.003006
10325,0.281920
10326,0.518292
10327,0.007926
10328,0.816048
10329,0.245571
10330,0.029046
10331,0.073917
10332,0.036937
10333,0.417648
10334,0.873541
10335,0.953811
10336,0.520188
10337,0.426454
10338,0.348464
10339,0.529325
10340,0.675528
10341,0.053003
10342,0.675805
10343,0.916693
10344,0.772802
10345,0.015413
10346,0.966441
10347,0.942244
10348,0.023019
10349,0.727139
10350,0.176924
10351,0.975229
10352,0.027784
10353,0.950140
10354,0.483366
10355,0.129540
10356,0.104154
10357,0.102888
10358,0.977257
10359,0.025442
10360,0.949582
10361,0.952476
10362,0.009537
10363,0.026078
10364,0.250658
10365,0.010186
10366,0.049197
10367,0.019338
10368,0.983044
10369,0.024047
10370,0.004927
10371,0.243265
10372,0.031974
10373,0.494450
10374,0.970550
10375,0.003209
10376,0.030535
10377,0.141071
10378,0.571658
10379,0.031434
10380,0.136809
10381,0.070297
10382,0.910256
10383,0.997913
10384,0.043984
10385,0.068552
10386,0.070421
10387,0.010975
10388,0.079625
10389,0.023017
10390,0.382113
10391,0.006083
10392,0.204683
10393,0.019068
10394,0.868863
10395,0.128688
10396,0.441927
10397,0.111073
10398,0.953234
10399,0.126510
10400,0.564131
10401,0.546240
10402,0.472273
10403,0.052770
10404,0.023216
10405,0.746305
10406,0.492217
10407,0.016170
10408,0.942759
10409,0.124346
10410,0.406602
10411,0.053289
10412,0.062864
10413,0.026049
10414,0.978723
10415,0.132224
10416,0.502878
10417,0.050875
10418,0.970446
10419,0.136427
10420,0.677874
10421,0.874426
10422,0.584657
10423,0.107695
10424,0.509459
10425,0.334966
10426,0.028451
10427,0.068883
10428,0.018063
10429,0.029761
10430,0.150532
10431,0.756179
10432,0.971372
10433,0.106134
10434,0.012590
10435,0.044159
10436,0.027163
10437,0.005491
10438,0.009330
10439,0.003101
10440,0.002833
10441,0.821331
10442,0.949834
10443,0.374479
10444,0.285556
10445,0.034568
10446,0.007883
10447,0.766381
10448,0.015480
10449,0.976551
10450,0.984899
10451,0.235668
10452,0.983587
10453,0.751433
10454,0.164574
10455,0.013387
10456,0.009836
10457,0.008646
10458,0.942445
10459,0.047437
10460,0.023535
10461,0.502582
10462,0.163107
10463,0.037930
10464,0.965966
10465,0.021584
10466,0.157492
10467,0.035074
10468,0.679515
10469,0.581639
10470,0.800273
10471,0.015710
10472,0.867361
10473,0.092486
10474,0.151679
10475,0.028399
10476,0.081612
10477,0.988639
10478,0.894034
10479,0.053400
10480,0.978211
10481,0.971586
10482,0.129015
10483,0.045279
10484,0.969477
10485,0.056349
10486,0.084182
10487,0.089484
10488,0.195604
10489,0.372883
10490,0.786402
10491,0.046364
10492,0.003179
10493,0.986451
10494,0.195735
10495,0.971764
10496,0.082836
10497,0.055517
10498,0.227586
10499,0.059460
10500,0.981932
10501,0.436509
10502,0.527879
10503,0.923291
10504,0.227621
10505,0.052959
10506,0.320204
10507,0.152362
10508,0.027650
10509,0.045177
10510,0.813673
10511,0.232542
10512,0.021989
10513,0.073247
10514,0.889299
10515,0.010732
10516,0.856719
10517,0.038104
10518,0.226705
10519,0.577798
10520,0.989072
10521,0.259778
10522,0.004414
10523,0.018161
10524,0.859773
10525,0.634134
10526,0.257933
10527,0.415143
10528,0.862006
10529,0.965078
10530,0.051838
10531,0.058808
10532,0.019505
10533,0.041267
10534,0.095422
10535,0.330960
10536,0.979557
10537,0.076588
10538,0.026097
10539,0.073132
10540,0.453725
10541,0.935988
10542,0.072561
10543,0.946729
10544,0.846884
10545,0.954850
10546,0.996913
10547,0.891842
10548,0.028908
10549,0.978430
10550,0.181204
10551,0.010200
10552,0.021167
10553,0.045118
10554,0.924276
10555,0.064502
10556,0.249212
10557,0.063051
10558,0.885733
10559,0.946167
10560,0.057114
10561,0.003235
10562,0.179146
10563,0.896637
10564,0.675535
10565,0.011683
10566,0.591221
10567,0.053529
10568,0.065355
10569,0.091935
10570,0.413783
10571,0.085171
10572,0.124771
10573,0.281935
10574,0.963907
10575,0.016794
10576,0.026580
10577,0.962093
10578,0.864486
10579,0.053222
10580,0.005233
10581,0.025351
10582,0.948676
10583,0.983970
10584,0.036945
10585,0.967510
10586,0.396315
10587,0.921474
10588,0.020837
10589,0.138218
10590,0.494038
10591,0.011230
10592,0.724489
10593,0.053096
10594,0.050758
10595,0.005319
10596,0.148897
10597,0.934119
10598,0.105808
10599,0.080944
10600,0.068465
10601,0.657988
10602,0.051608
10603,0.953368
10604,0.003316
10605,0.827222
10606,0.982157
10607,0.012168
10608,0.019927
10609,0.132404
10610,0.055735
10611,0.931456
10612,0.020570
10613,0.050172
10614,0.028012
10615,0.039181
10616,0.142908
10617,0.622623
10618,0.962016
10619,0.009022
10620,0.959885
10621,0.108391
10622,0.460404
10623,0.089472
10624,0.155757
10625,0.142996
10626,0.115710
10627,0.098385
10628,0.257756
10629,0.006772
10630,0.985435
10631,0.004196
10632,0.031523
10633,0.023476
10634,0.443577
10635,0.935760
10636,0.753453
10637,0.996754
10638,0.136438
10639,0.406966
10640,0.177169
10641,0.192604
10642,0.373289
10643,0.005575
10644,0.020526
10645,0.996614
10646,0.007850
10647,0.005881
10648,0.003540
10649,0.951992
10650,0.176322
10651,0.155150
10652,0.995433
10653,0.402984
10654,0.909792
10655,0.152713
10656,0.981434
10657,0.247520
10658,0.205498
10659,0.023239
10660,0.003878
10661,0.964517
10662,0.039898
10663,0.176977
10664,0.087355
10665,0.009261
10666,0.531524
10667,0.298291
10668,0.638104
10669,0.009865
10670,0.024319
10671,0.005508
10672,0.003805
10673,0.088507
10674,0.319343
10675,0.535710
10676,0.030428
10677,0.980601
10678,0.064237
10679,0.035585
10680,0.004724
10681,0.552487
10682,0.042994
10683,0.451547
10684,0.038691
10685,0.966247
10686,0.985459
10687,0.018050
10688,0.023338
10689,0.875809
10690,0.010434
10691,0.425447
10692,0.912171
10693,0.891297
10694,0.015973
10695,0.411747
10696,0.087270
10697,0.017224
10698,0.899537
10699,0.997822
10700,0.912589
10701,0.155392
10702,0.011578
10703,0.956026
10704,0.362817
10705,0.983826
10706,0.631366
10707,0.941133
10708,0.003439
10709,0.108202
10710,0.008401
10711,0.003402
10712,0.162173
10713,0.113149
10714,0.005863
10715,0.173694
10716,0.780288
10717,0.091692
10718,0.002149
10719,0.413748
10720,0.804942
10721,0.975576
10722,0.959868
10723,0.947251
10724,0.008523
10725,0.175663
10726,0.674378
10727,0.990943
10728,0.036155
10729,0.080228
10730,0.006659
10731,0.996669
10732,0.073163
10733,0.065045
10734,0.118784
10735,0.978666
10736,0.005307
10737,0.306532
10738,0.003640
10739,0.920562
10740,0.323431
10741,0.233946
10742,0.927095
10743,0.007918
10744,0.807615
10745,0.221564
10746,0.802052
10747,0.014125
10748,0.955458
10749,0.996327
10750,0.816903
10751,0.015595
10752,0.058871
10753,0.144211
10754,0.324597
10755,0.022260
10756,0.115324
10757,0.806743
10758,0.586271
10759,0.074223
10760,0.215659
10761,0.013178
10762,0.093873
10763,0.380324
10764,0.965485
10765,0.894520
10766,0.042722
10767,0.138622
10768,0.005608
10769,0.132274
10770,0.988832
10771,0.047324
10772,0.017910
10773,0.004579
10774,0.015404
10775,0.375160
10776,0.527179
10777,0.024856
10778,0.052903
10779,0.842639
10780,0.007403
10781,0.055377
10782,0.004472
10783,0.865256
10784,0.134041
10785,0.337042
10786,0.949374
10787,0.101789
10788,0.016533
10789,0.996826
10790,0.299121
10791,0.080947
10792,0.011915
10793,0.773620
10794,0.183226
10795,0.344001
10796,0.062368
10797,0.053281
10798,0.766636
10799,0.277018
10800,0.137438
10801,0.023447
10802,0.006148
10803,0.049674
10804,0.985005
10805,0.836949
10806,0.062929
10807,0.089279
10808,0.078317
10809,0.090460
10810,0.946767
10811,0.037914
10812,0.024680
10813,0.032697
10814,0.060638
10815,0.405768
10816,0.096239
10817,0.972143
10818,0.071683
10819,0.057202
10820,0.004275
10821,0.096047
10822,0.032286
10823,0.043597
10824,0.006486
10825,0.063360
10826,0.079258
10827,0.004366
10828,0.754731
10829,0.077376
10830,0.097901
10831,0.386948
10832,0.222120
10833,0.033794
10834,0.055751
10835,0.329761
10836,0.028114
10837,0.457853
10838,0.434363
10839,0.212508
10840,0.012738
10841,0.145570
10842,0.881714
10843,0.978439
10844,0.440646
10845,0.073385
10846,0.130116
10847,0.027921
10848,0.220052
10849,0.056017
10850,0.169209
10851,0.209288
10852,0.922998
10853,0.038947
10854,0.002259
10855,0.017962
10856,0.080912
10857,0.038070
10858,0.177142
10859,0.975813
10860,0.228186
10861,0.080749
10862,0.088529
10863,0.218979
10864,0.946819
10865,0.221911
10866,0.071910
10867,0.073874
10868,0.035781
10869,0.958040
10870,0.290281
10871,0.034195
10872,0.050721
10873,0.075556
10874,0.986446
10875,0.129925
10876,0.097312
10877,0.051258
10878,0.005572
10879,0.936859
10880,0.033758
10881,0.957933
10882,0.926520
10883,0.737159
10884,0.974489
10885,0.006718
10886,0.811442
10887,0.049643
10888,0.969640
10889,0.100528
10890,0.820196
10891,0.015359
10892,0.008586
10893,0.955259
10894,0.979701
10895,0.963446
10896,0.085532
10897,0.045319
10898,0.020515
10899,0.008249
10900,0.026940
10901,0.481663
10902,0.074933
10903,0.134374
10904,0.013907
10905,0.711202
10906,0.081614
10907,0.048965
10908,0.685315
10909,0.012530
10910,0.960714
10911,0.976937
10912,0.009350
10913,0.928156
10914,0.997904
10915,0.749909
10916,0.969365
10917,0.140027
10918,0.335017
10919,0.173849
10920,0.976806
10921,0.988046
10922,0.946223
10923,0.840105
10924,0.568996
10925,0.056297
10926,0.623131
10927,0.028815
10928,0.484591
10929,0.949034
10930,0.351355
10931,0.133241
10932,0.018086
10933,0.162026
10934,0.199786
10935,0.957423
10936,0.381070
10937,0.135426
10938,0.979113
10939,0.291051
10940,0.890275
10941,0.994618
10942,0.452276
10943,0.008585
10944,0.025504
10945,0.164649
10946,0.025245
10947,0.052294
10948,0.004022
10949,0.030234
10950,0.010904
10951,0.947100
10952,0.057843
10953,0.030769
10954,0.062279
10955,0.327293
10956,0.533900
10957,0.003056
10958,0.023384
10959,0.003893
10960,0.965191
10961,0.339175
10962,0.655657
10963,0.240535
10964,0.002817
10965,0.702304
10966,0.942060
10967,0.950167
10968,0.178518
10969,0.154066
10970,0.061890
10971,0.113220
10972,0.456812
10973,0.510162
10974,0.342394
10975,0.675436
10976,0.113674
10977,0.965922
10978,0.113631
10979,0.004417
10980,0.937233
10981,0.517299
10982,0.983508
10983,0.058691
10984,0.036937
10985,0.954856
10986,0.060888
10987,0.035405
10988,0.180551
10989,0.074245
10990,0.068608
10991,0.064928
10992,0.027633
10993,0.080120
10994,0.005709
10995,0.174595
10996,0.344977
10997,0.029095
10998,0.036506
10999,0.068641
11000,0.026771
11001,0.020006
11002,0.416162
11003,0.526344
11004,0.982165
11005,0.006738
11006,0.006839
11007,0.129490
11008,0.206915
11009,0.046837
11010,0.064663
11011,0.003947
11012,0.151904
11013,0.511541
11014,0.041964
11015,0.090012
11016,0.011440
11017,0.925775
11018,0.009149
11019,0.113685
11020,0.912407
11021,0.015328
11022,0.287699
11023,0.006408
11024,0.822950
11025,0.101800
11026,0.696240
11027,0.211988
11028,0.887765
11029,0.017930
11030,0.031232
11031,0.018106
11032,0.879904
11033,0.069966
11034,0.015995
11035,0.939360
11036,0.066083
11037,0.990953
11038,0.231254
11039,0.984119
11040,0.010192
11041,0.049433
11042,0.958649
11043,0.044933
11044,0.173426
11045,0.909810
11046,0.033394
11047,0.591021
11048,0.026297
11049,0.014163
11050,0.833160
11051,0.266872
11052,0.359221
11053,0.588337
11054,0.986990
11055,0.836650
11056,0.157915
11057,0.035882
11058,0.068369
11059,0.027713
11060,0.256408
11061,0.650338
11062,0.972172
11063,0.003122
11064,0.853954
11065,0.976825
11066,0.036883
11067,0.065593
11068,0.936493
11069,0.949679
11070,0.050789
11071,0.035054
11072,0.944352
11073,0.030978
11074,0.995472
11075,0.077578
11076,0.107400
11077,0.029930
11078,0.609336
11079,0.023210
11080,0.004827
11081,0.016820
11082,0.842314
11083,0.098968
11084,0.045579
11085,0.095457
11086,0.197854
11087,0.007683
11088,0.010524
11089,0.986331
11090,0.980035
11091,0.017206
11092,0.928398
11093,0.794248
11094,0.092603
11095,0.942628
11096,0.362477
11097,0.060555
11098,0.148117
11099,0.960488
11100,0.098597
11101,0.174034
11102,0.026190
11103,0.910966
11104,0.054659
11105,0.111261
11106,0.965216
11107,0.984642
11108,0.319946
11109,0.980559
11110,0.070797
11111,0.938221
11112,0.051710
11113,0.003186
11114,0.124218
11115,0.285373
11116,0.150117
11117,0.963383
11118,0.121196
11119,0.940608
11120,0.006062
11121,0.128058
11122,0.009502
11123,0.995592
11124,0.780484
11125,0.985379
11126,0.056189
11127,0.081086
11128,0.954080
11129,0.013286
11130,0.049994
11131,0.899708
11132,0.083217
11133,0.696732
11134,0.078480
11135,0.948390
11136,0.298599
11137,0.016619
11138,0.964979
11139,0.041739
11140,0.954983
11141,0.020075
11142,0.159719
11143,0.960702
11144,0.017098
11145,0.149858
11146,0.960404
11147,0.011381
11148,0.982911
11149,0.043663
11150,0.739802
11151,0.084653
11152,0.019035
11153,0.778180
11154,0.035073
11155,0.225257
11156,0.027818
11157,0.542923
11158,0.962653
11159,0.018228
11160,0.902655
11161,0.984881
11162,0.208599
11163,0.870287
11164,0.046811
11165,0.433140
11166,0.115899
11167,0.026269
11168,0.989794
11169,0.482554
11170,0.028745
11171,0.844524
11172,0.037456
11173,0.008624
11174,0.088045
11175,0.229034
11176,0.046577
11177,0.957349
11178,0.008530
11179,0.006517
11180,0.897615
11181,0.306294
11182,0.965115
11183,0.534835
11184,0.003662
11185,0.903569
11186,0.044672
11187,0.986260
11188,0.056985
11189,0.193012
11190,0.062619
11191,0.996545
11192,0.249188
11193,0.083386
11194,0.100216
11195,0.163132
11196,0.017789
11197,0.076157
11198,0.753088
11199,0.916932
11200,0.239250
11201,0.011442
11202,0.002905
11203,0.122358
11204,0.012204
11205,0.053936
11206,0.007303
11207,0.198023
11208,0.018547
11209,0.967919
11210,0.032855
11211,0.076086
11212,0.079588
11213,0.005573
11214,0.880817
11215,0.054531
11216,0.168179
11217,0.203377
11218,0.114578
11219,0.991721
11220,0.112891
11221,0.342479
11222,0.204603
11223,0.004572
11224,0.083322
11225,0.996822
11226,0.014571
11227,0.119153
11228,0.421282
11229,0.120278
11230,0.003809
11231,0.983330
