index,target
0,0.103391
1,0.814323
2,0.447717
3,0.304678
4,0.978651
5,0.062593
6,0.826122
7,0.492621
8,0.167525
9,0.832072
10,0.054583
11,0.018041
12,0.438844
13,0.742695
14,0.690027
15,0.690433
16,0.568366
17,0.838217
18,0.799045
19,0.918641
20,0.520199
21,0.773767
22,0.941305
23,0.499730
24,0.927922
25,0.216993
26,0.096424
27,0.144712
28,0.201364
29,0.006127
30,0.263117
31,0.055149
32,0.047685
33,0.690270
34,0.479732
35,0.565183
36,0.805710
37,0.096906
38,0.433208
39,0.497257
40,0.579598
41,0.877138
42,0.060273
43,0.655909
44,0.835254
45,0.185464
46,0.772186
47,0.495131
48,0.658361
49,0.347354
50,0.374697
51,0.052131
52,0.647110
53,0.112681
54,0.510213
55,0.189191
56,0.250820
57,0.903027
58,0.280717
59,0.788976
60,0.568922
61,0.136472
62,0.821297
63,0.762445
64,0.590702
65,0.026697
66,0.321212
67,0.862146
68,0.938727
69,0.670964
70,0.436558
71,0.692166
72,0.387240
73,0.537067
74,0.457800
75,0.107102
76,0.023124
77,0.048186
78,0.217325
79,0.744409
80,0.586061
81,0.612154
82,0.524282
83,0.490122
84,0.527323
85,0.699712
86,0.745220
87,0.208311
88,0.530020
89,0.007031
90,0.775651
91,0.341941
92,0.399995
93,0.434923
94,0.423399
95,0.783048
96,0.691307
97,0.486684
98,0.933337
99,0.642096
100,0.033279
101,0.422991
102,0.338045
103,0.482320
104,0.703554
105,0.370088
106,0.834118
107,0.761061
108,0.594050
109,0.545591
110,0.888534
111,0.190923
112,0.493483
113,0.131101
114,0.126620
115,0.615085
116,0.861531
117,0.619062
118,0.662785
119,0.968803
120,0.924652
121,0.009239
122,0.597620
123,0.502269
124,0.492244
125,0.464383
126,0.239987
127,0.517342
128,0.514912
129,0.522566
130,0.020780
131,0.291964
132,0.953845
133,0.367687
134,0.930889
135,0.870659
136,0.937200
137,0.824519
138,0.802335
139,0.466596
140,0.173876
141,0.671145
142,0.139534
143,0.363640
144,0.037979
145,0.960084
146,0.779648
147,0.878298
148,0.894817
149,0.326794
150,0.699631
151,0.525990
152,0.391685
153,0.097966
154,0.329248
155,0.225297
156,0.684603
157,0.708457
158,0.402715
159,0.274845
160,0.070725
161,0.714176
162,0.314431
163,0.771326
164,0.323022
165,0.290398
166,0.466030
167,0.138636
168,0.941555
169,0.071641
170,0.309602
171,0.290013
172,0.467304
173,0.840308
174,0.091623
175,0.108127
176,0.939079
177,0.915946
178,0.023332
179,0.867103
180,0.523039
181,0.314742
182,0.819999
183,0.504166
184,0.887501
185,0.412680
186,0.723585
187,0.048293
188,0.533524
189,0.145751
190,0.081284
191,0.861549
192,0.376412
193,0.301018
194,0.481578
195,0.953811
196,0.302992
197,0.958875
198,0.455915
199,0.657829
200,0.524280
201,0.202876
202,0.904971
203,0.036302
204,0.296939
205,0.173288
206,0.480838
207,0.840991
208,0.339544
209,0.999935
210,0.475726
211,0.046138
212,0.701469
213,0.100714
214,0.203957
215,0.620939
216,0.346788
217,0.704657
218,0.802816
219,0.731579
220,0.534268
221,0.308608
222,0.170298
223,0.200409
224,0.618962
225,0.972282
226,0.873144
227,0.345426
228,0.865287
229,0.014456
230,0.283597
231,0.975630
232,0.580649
233,0.236214
234,0.616321
235,0.444209
236,0.600608
237,0.725034
238,0.398502
239,0.931068
240,0.311456
241,0.163450
242,0.583687
243,0.643448
244,0.817162
245,0.526147
246,0.447920
247,0.087435
248,0.748566
249,0.988709
250,0.464915
251,0.325843
252,0.321852
253,0.579668
254,0.362339
255,0.586034
256,0.612318
257,0.809776
258,0.127115
259,0.177275
260,0.568515
261,0.335582
262,0.985530
263,0.866113
264,0.062308
265,0.490095
266,0.816007
267,0.504492
268,0.077540
269,0.016801
270,0.704268
271,0.664425
272,0.372323
273,0.235738
274,0.993321
275,0.991879
276,0.455969
277,0.150675
278,0.120227
279,0.270926
280,0.916246
281,0.880502
282,0.916856
283,0.091087
284,0.537231
285,0.491804
286,0.191206
287,0.150239
288,0.972206
289,0.638205
290,0.605549
291,0.920922
292,0.815740
293,0.970294
294,0.057140
295,0.450721
296,0.494368
297,0.427420
298,0.042409
299,0.974886
300,0.528113
301,0.860814
302,0.818085
303,0.386691
304,0.769505
305,0.793237
306,0.467836
307,0.308139
308,0.716337
309,0.722204
310,0.945852
311,0.385314
312,0.677533
313,0.071568
314,0.725991
315,0.247116
316,0.909910
317,0.229537
318,0.027985
319,0.788527
320,0.551708
321,0.278855
322,0.002354
323,0.277835
324,0.522381
325,0.809696
326,0.481064
327,0.789888
328,0.134199
329,0.101875
330,0.793483
331,0.182485
332,0.571631
333,0.356286
334,0.632500
335,0.601235
336,0.315295
337,0.938210
338,0.120897
339,0.247507
340,0.038944
341,0.969744
342,0.845498
343,0.506246
344,0.419256
345,0.918574
346,0.696204
347,0.438097
348,0.014082
349,0.663266
350,0.987575
351,0.217474
352,0.369951
353,0.315256
354,0.409280
355,0.419549
356,0.870147
357,0.225352
358,0.911285
359,0.570824
360,0.412683
361,0.746257
362,0.087796
363,0.395877
364,0.107110
365,0.757405
366,0.211744
367,0.700875
368,0.688585
369,0.882936
370,0.764721
371,0.799135
372,0.193653
373,0.515286
374,0.197297
375,0.794523
376,0.498161
377,0.271466
378,0.137093
379,0.111004
380,0.391392
381,0.469528
382,0.864214
383,0.394494
384,0.491228
385,0.547298
386,0.270365
387,0.739189
388,0.465947
389,0.273776
390,0.794452
391,0.204755
392,0.174352
393,0.809192
394,0.930744
395,0.798864
396,0.882100
397,0.666573
398,0.546792
399,0.006297
400,0.415589
401,0.068223
402,0.057780
403,0.531631
404,0.126736
405,0.262330
406,0.937172
407,0.730895
408,0.216642
409,0.462074
410,0.425701
411,0.799328
412,0.472413
413,0.693066
414,0.445382
415,0.207035
416,0.832741
417,0.578738
418,0.363367
419,0.957743
420,0.518467
421,0.009266
422,0.129451
423,0.763842
424,0.878491
425,0.144565
426,0.498623
427,0.060373
428,0.862008
429,0.919643
430,0.982460
431,0.486626
432,0.672765
433,0.287023
434,0.824175
435,0.174091
436,0.918127
437,0.349748
438,0.323685
439,0.967033
440,0.807007
441,0.451414
442,0.276691
443,0.057830
444,0.617974
445,0.269425
446,0.974233
447,0.615996
448,0.139588
449,0.713168
450,0.335893
451,0.733396
452,0.890227
453,0.677374
454,0.383614
455,0.829967
456,0.834751
457,0.278254
458,0.630614
459,0.745154
460,0.572151
461,0.770479
462,0.644448
463,0.858974
464,0.265541
465,0.961044
466,0.871126
467,0.117700
468,0.745379
469,0.897123
470,0.492949
471,0.631440
472,0.871625
473,0.231429
474,0.280164
475,0.086666
476,0.148624
477,0.433947
478,0.433058
479,0.759457
480,0.146718
481,0.971242
482,0.480740
483,0.910589
484,0.753067
485,0.194386
486,0.274570
487,0.459541
488,0.095838
489,0.093558
490,0.343587
491,0.155509
492,0.017460
493,0.262554
494,0.686089
495,0.496040
496,0.170563
497,0.753542
498,0.632278
499,0.392339
500,0.924498
501,0.413067
502,0.408810
503,0.652829
504,0.788136
505,0.560049
506,0.155714
507,0.972548
508,0.795490
509,0.316775
510,0.303394
511,0.785174
512,0.210665
513,0.935129
514,0.945685
515,0.881191
516,0.878574
517,0.668524
518,0.508912
519,0.496391
520,0.729958
521,0.523543
522,0.873502
523,0.710702
524,0.455094
525,0.864718
526,0.690117
527,0.067980
528,0.628699
529,0.957334
530,0.110209
531,0.021898
532,0.211057
533,0.113560
534,0.067076
535,0.423237
536,0.451292
537,0.844129
538,0.410039
539,0.846524
540,0.693206
541,0.320555
542,0.010710
543,0.689800
544,0.791715
545,0.116454
546,0.685209
547,0.013102
548,0.329399
549,0.286271
550,0.952816
551,0.795015
552,0.619588
553,0.113891
554,0.456171
555,0.778290
556,0.232889
557,0.404966
558,0.764536
559,0.118923
560,0.339432
561,0.635776
562,0.922944
563,0.686753
564,0.044338
565,0.804375
566,0.452268
567,0.168487
568,0.702355
569,0.602320
570,0.565910
571,0.537523
572,0.781628
573,0.316656
574,0.716302
575,0.445327
576,0.897017
577,0.083141
578,0.245278
579,0.536887
580,0.441868
581,0.511668
582,0.035100
583,0.063616
584,0.005133
585,0.685264
586,0.702182
587,0.738053
588,0.060516
589,0.458725
590,0.453845
591,0.018151
592,0.378075
593,0.181338
594,0.412404
595,0.616689
596,0.400973
597,0.437979
598,0.571826
599,0.890582
600,0.204965
601,0.178101
602,0.233161
603,0.425685
604,0.832660
605,0.359845
606,0.286692
607,0.079912
608,0.062396
609,0.041272
610,0.421142
611,0.497649
612,0.136637
613,0.084546
614,0.516443
615,0.714775
616,0.187058
617,0.349721
618,0.033344
619,0.268946
620,0.194065
621,0.040388
622,0.695047
623,0.225593
624,0.359865
625,0.696540
626,0.828975
627,0.956172
628,0.107290
629,0.853311
630,0.156127
631,0.290661
632,0.712916
633,0.952359
634,0.258178
635,0.720873
636,0.127279
637,0.089895
638,0.115858
639,0.913294
640,0.502700
641,0.796545
642,0.362067
643,0.204157
644,0.863478
645,0.102769
646,0.198929
647,0.400413
648,0.550134
649,0.706310
650,0.355485
651,0.931806
652,0.880656
653,0.167086
654,0.329752
655,0.006516
656,0.586704
657,0.895831
658,0.734171
659,0.543044
660,0.114002
661,0.678232
662,0.359041
663,0.532552
664,0.731689
665,0.271697
666,0.250707
667,0.938596
668,0.639590
669,0.733479
670,0.264151
671,0.670311
672,0.277711
673,0.338831
674,0.996492
675,0.318378
676,0.201303
677,0.726404
678,0.394284
679,0.749336
680,0.594779
681,0.339490
682,0.904073
683,0.481164
684,0.531598
685,0.504299
686,0.440497
687,0.307952
688,0.931144
689,0.463469
690,0.890239
691,0.437161
692,0.027563
693,0.811435
694,0.216138
695,0.822588
696,0.155170
697,0.660836
698,0.985345
699,0.156857
700,0.184901
701,0.532719
702,0.025489
703,0.002516
704,0.167417
705,0.185465
706,0.386464
707,0.707660
708,0.455563
709,0.211933
710,0.292694
711,0.352867
712,0.990242
713,0.451796
714,0.889300
715,0.429118
716,0.084294
717,0.606498
718,0.490712
719,0.166761
720,0.220652
721,0.477913
722,0.644306
723,0.776194
724,0.837160
725,0.783464
726,0.283424
727,0.844898
728,0.542514
729,0.590519
730,0.518066
731,0.102260
732,0.961345
733,0.868888
734,0.531781
735,0.344300
736,0.806673
737,0.302408
738,0.678965
739,0.708779
740,0.977125
741,0.796022
742,0.628611
743,0.554207
744,0.403566
745,0.187078
746,0.872102
747,0.810810
748,0.477050
749,0.755657
750,0.333826
751,0.465818
752,0.444494
753,0.600524
754,0.140459
755,0.171185
756,0.648441
757,0.378360
758,0.077633
759,0.164573
760,0.810792
761,0.375174
762,0.784721
763,0.196212
764,0.043309
765,0.907601
766,0.582105
767,0.797081
768,0.644800
769,0.750148
770,0.518205
771,0.201182
772,0.950974
773,0.078712
774,0.650213
775,0.981663
776,0.680453
777,0.140609
778,0.679675
779,0.641301
780,0.043173
781,0.196445
782,0.731851
783,0.414522
784,0.727214
785,0.926995
786,0.779622
787,0.065278
788,0.867858
789,0.286648
790,0.789060
791,0.354496
792,0.431522
793,0.350819
794,0.646763
795,0.530685
796,0.331247
797,0.074791
798,0.775725
799,0.557658
800,0.697007
801,0.800903
802,0.056212
803,0.066315
804,0.372171
805,0.431384
806,0.134310
807,0.279988
808,0.525736
809,0.654232
810,0.426071
811,0.384715
812,0.940023
813,0.599304
814,0.896783
815,0.217410
816,0.612674
817,0.875591
818,0.711679
819,0.154758
820,0.960941
821,0.993828
822,0.530283
823,0.172692
824,0.675102
825,0.007721
826,0.527117
827,0.482700
828,0.263084
829,0.950219
830,0.818681
831,0.271407
832,0.969455
833,0.694009
834,0.836959
835,0.019353
836,0.626752
837,0.659030
838,0.612182
839,0.978418
840,0.457899
841,0.167978
842,0.587028
843,0.099213
844,0.631983
845,0.991147
846,0.995742
847,0.184767
848,0.064597
849,0.804927
850,0.710053
851,0.823206
852,0.530933
853,0.288817
854,0.843937
855,0.102535
856,0.809908
857,0.915474
858,0.210763
859,0.781136
860,0.096220
861,0.797987
862,0.653179
863,0.839326
864,0.042453
865,0.690899
866,0.837551
867,0.272181
868,0.463189
869,0.810688
870,0.216817
871,0.991177
872,0.246895
873,0.190289
874,0.910260
875,0.731271
876,0.129006
877,0.457203
878,0.563092
879,0.799105
880,0.404315
881,0.402831
882,0.799321
883,0.549868
884,0.223110
885,0.941157
886,0.175944
887,0.922318
888,0.344003
889,0.060149
890,0.579179
891,0.697584
892,0.550918
893,0.430677
894,0.720562
895,0.654783
896,0.839930
897,0.443535
898,0.036391
899,0.766838
900,0.525615
901,0.091264
902,0.727112
903,0.812270
904,0.256841
905,0.941064
906,0.463097
907,0.118856
908,0.970615
909,0.227641
910,0.288332
911,0.367092
912,0.227226
913,0.388509
914,0.242675
915,0.292072
916,0.565133
917,0.706577
918,0.434130
919,0.735914
920,0.072362
921,0.229194
922,0.356195
923,0.996958
924,0.913833
925,0.857081
926,0.358003
927,0.463693
928,0.146680
929,0.726141
930,0.692203
931,0.242506
932,0.870667
933,0.132336
934,0.241410
935,0.300721
936,0.972912
937,0.275439
938,0.248066
939,0.718038
940,0.320786
941,0.940842
942,0.897754
943,0.982776
944,0.689661
945,0.669288
946,0.213223
947,0.808325
948,0.259862
949,0.294230
950,0.960314
951,0.644544
952,0.627899
953,0.403372
954,0.436005
955,0.711006
956,0.879580
957,0.648872
958,0.088074
959,0.711753
960,0.029225
961,0.924964
962,0.308956
963,0.699420
964,0.683324
965,0.346585
966,0.637718
967,0.058872
968,0.105440
969,0.014609
970,0.561089
971,0.481358
972,0.989548
973,0.460059
974,0.736195
975,0.094326
976,0.137655
977,0.812604
978,0.398722
979,0.978484
980,0.854429
981,0.962604
982,0.677902
983,0.224841
984,0.920542
985,0.301838
986,0.892845
987,0.488253
988,0.619182
989,0.808415
990,0.895100
991,0.502819
992,0.218734
993,0.299659
994,0.146659
995,0.987100
996,0.326310
997,0.355415
998,0.556839
999,0.786773
1000,0.873388
1001,0.973688
1002,0.055824
1003,0.090832
1004,0.685645
1005,0.838779
1006,0.981395
1007,0.652269
1008,0.320480
1009,0.635020
1010,0.256020
1011,0.513956
1012,0.378790
1013,0.640213
1014,0.700408
1015,0.289103
1016,0.170315
1017,0.678239
1018,0.774468
1019,0.028648
1020,0.296279
1021,0.933584
1022,0.703052
1023,0.829175
1024,0.116887
1025,0.177803
1026,0.132769
1027,0.463497
1028,0.250955
1029,0.567857
1030,0.019526
1031,0.452593
1032,0.683103
1033,0.039538
1034,0.723934
1035,0.221638
1036,0.573127
1037,0.897376
1038,0.296886
1039,0.874557
1040,0.672971
1041,0.315419
1042,0.280387
1043,0.694587
1044,0.007886
1045,0.491972
1046,0.039911
1047,0.512565
1048,0.759506
1049,0.802253
1050,0.051558
1051,0.473860
1052,0.296131
1053,0.922044
1054,0.743791
1055,0.455022
1056,0.580324
1057,0.619815
1058,0.030318
1059,0.888449
1060,0.610224
1061,0.307949
1062,0.053441
1063,0.581271
1064,0.892222
1065,0.372139
1066,0.142616
1067,0.593700
1068,0.540457
1069,0.967570
1070,0.643216
1071,0.688245
1072,0.248681
1073,0.850255
1074,0.069897
1075,0.159116
1076,0.019863
1077,0.192919
1078,0.230232
1079,0.828265
1080,0.057447
1081,0.284084
1082,0.832546
1083,0.384756
1084,0.835247
1085,0.697600
1086,0.796441
1087,0.641567
1088,0.017407
1089,0.863335
1090,0.264772
1091,0.936430
1092,0.313337
1093,0.384240
1094,0.998601
1095,0.819428
1096,0.329557
1097,0.765029
1098,0.222879
1099,0.671255
1100,0.520153
1101,0.243471
1102,0.509996
1103,0.547961
1104,0.358078
1105,0.534417
1106,0.551820
1107,0.386497
1108,0.198635
1109,0.677023
1110,0.823764
1111,0.116323
1112,0.287956
1113,0.674790
1114,0.707234
1115,0.617331
1116,0.455616
1117,0.807792
1118,0.508356
1119,0.123509
1120,0.262353
1121,0.334952
1122,0.240550
1123,0.727300
1124,0.231401
1125,0.528449
1126,0.895392
1127,0.662627
1128,0.105714
1129,0.349492
1130,0.069277
1131,0.169678
1132,0.106822
1133,0.020405
1134,0.988356
1135,0.189116
1136,0.179399
1137,0.017286
1138,0.876367
1139,0.478659
1140,0.716873
1141,0.964092
1142,0.117837
1143,0.495838
1144,0.769110
1145,0.860835
1146,0.997721
1147,0.441872
1148,0.011981
1149,0.674679
1150,0.844951
1151,0.006448
1152,0.504479
1153,0.970050
1154,0.514822
1155,0.192057
1156,0.557855
1157,0.652566
1158,0.771943
1159,0.821483
1160,0.169137
1161,0.189248
1162,0.638471
1163,0.086649
1164,0.665729
1165,0.200940
1166,0.685317
1167,0.879984
1168,0.925137
1169,0.798560
1170,0.066585
1171,0.185315
1172,0.889753
1173,0.329308
1174,0.253290
1175,0.600932
1176,0.301928
1177,0.038221
1178,0.122498
1179,0.090448
1180,0.902399
1181,0.403239
1182,0.191928
1183,0.372197
1184,0.739325
1185,0.350490
1186,0.825422
1187,0.094462
1188,0.040579
1189,0.545873
1190,0.382910
1191,0.478821
1192,0.862062
1193,0.408487
1194,0.301644
1195,0.083082
1196,0.655972
1197,0.843540
1198,0.487365
1199,0.925027
1200,0.701763
1201,0.561926
1202,0.592294
1203,0.299348
1204,0.720716
1205,0.248930
1206,0.740712
1207,0.183426
1208,0.538239
1209,0.310258
1210,0.889892
1211,0.683280
1212,0.136814
1213,0.098354
1214,0.249754
1215,0.284721
1216,0.135666
1217,0.714382
1218,0.323133
1219,0.149671
1220,0.775310
1221,0.431426
1222,0.710184
1223,0.364480
1224,0.556458
1225,0.778418
1226,0.456541
1227,0.936186
1228,0.456606
1229,0.778405
1230,0.084445
1231,0.894965
1232,0.760723
1233,0.206348
1234,0.279287
1235,0.799913
1236,0.683168
1237,0.561670
1238,0.455394
1239,0.726623
1240,0.744787
1241,0.214053
1242,0.121367
1243,0.629325
1244,0.676008
1245,0.301918
1246,0.023412
1247,0.196958
1248,0.474561
1249,0.975351
1250,0.629023
1251,0.144045
1252,0.839661
1253,0.928588
1254,0.984938
1255,0.786374
1256,0.425262
1257,0.922382
1258,0.037510
1259,0.994884
1260,0.693919
1261,0.390042
1262,0.021913
1263,0.075876
1264,0.454182
1265,0.927650
1266,0.177136
1267,0.916556
1268,0.519200
1269,0.257987
1270,0.664640
1271,0.188730
1272,0.438836
1273,0.640418
1274,0.862656
1275,0.602974
1276,0.261072
1277,0.642763
1278,0.636167
1279,0.104392
1280,0.888467
1281,0.242136
1282,0.861507
1283,0.259437
1284,0.484930
1285,0.696259
1286,0.567873
1287,0.654177
1288,0.610172
1289,0.005300
1290,0.674039
1291,0.559526
1292,0.522140
1293,0.270283
1294,0.550517
1295,0.707156
1296,0.804707
1297,0.327561
1298,0.205830
1299,0.111636
1300,0.632475
1301,0.305459
1302,0.426158
1303,0.905271
1304,0.341485
1305,0.980742
1306,0.562696
1307,0.088142
1308,0.028065
1309,0.961664
1310,0.432783
1311,0.354258
1312,0.720114
1313,0.049214
1314,0.847996
1315,0.282655
1316,0.404897
1317,0.724462
1318,0.638048
1319,0.638570
1320,0.593067
1321,0.839994
1322,0.153537
1323,0.264632
1324,0.352724
1325,0.152059
1326,0.890100
1327,0.802991
1328,0.167944
1329,0.603196
1330,0.853562
1331,0.630690
1332,0.267182
1333,0.166820
1334,0.826245
1335,0.686478
1336,0.131169
1337,0.115559
1338,0.158048
1339,0.370639
1340,0.702504
1341,0.865416
1342,0.898244
1343,0.605308
1344,0.638515
1345,0.317736
1346,0.989978
1347,0.837555
1348,0.411475
1349,0.117447
1350,0.502031
1351,0.402677
1352,0.630675
1353,0.168019
1354,0.506473
1355,0.956481
1356,0.232539
1357,0.711938
1358,0.601372
1359,0.358378
1360,0.883858
1361,0.545923
1362,0.838326
1363,0.860519
1364,0.266946
1365,0.947900
1366,0.337128
1367,0.903018
1368,0.822355
1369,0.624088
1370,0.636527
1371,0.602232
1372,0.205206
1373,0.586402
1374,0.190730
1375,0.884156
1376,0.446811
1377,0.999558
1378,0.252882
1379,0.150046
1380,0.854698
1381,0.802889
1382,0.001328
1383,0.962012
1384,0.169046
1385,0.721030
1386,0.790773
1387,0.920673
1388,0.808902
1389,0.988306
1390,0.109267
1391,0.958307
1392,0.684505
1393,0.739176
1394,0.031695
1395,0.755552
1396,0.400310
1397,0.189992
1398,0.161253
1399,0.969584
1400,0.233886
1401,0.104540
1402,0.078513
1403,0.641927
1404,0.121069
1405,0.469270
1406,0.226339
1407,0.575791
1408,0.172925
1409,0.018345
1410,0.104534
1411,0.443097
1412,0.742173
1413,0.893514
1414,0.220748
1415,0.569542
1416,0.917967
1417,0.337449
1418,0.542522
1419,0.725803
1420,0.605578
1421,0.942049
1422,0.294798
1423,0.042986
1424,0.063773
1425,0.167399
1426,0.269866
1427,0.094894
1428,0.272666
1429,0.133246
1430,0.494215
1431,0.774812
1432,0.429612
1433,0.781986
1434,0.753566
1435,0.122111
1436,0.021468
1437,0.830199
1438,0.134972
1439,0.950160
1440,0.126382
1441,0.341691
1442,0.694964
1443,0.100452
1444,0.453251
1445,0.794613
1446,0.813661
1447,0.426902
1448,0.452442
1449,0.847918
1450,0.615493
1451,0.041076
1452,0.644233
1453,0.916942
1454,0.950458
1455,0.411850
1456,0.343492
1457,0.341761
1458,0.920872
1459,0.927415
1460,0.166053
1461,0.297287
1462,0.355990
1463,0.863827
1464,0.627355
1465,0.223117
1466,0.771809
1467,0.684908
1468,0.914782
1469,0.971088
1470,0.963731
1471,0.617090
1472,0.644627
1473,0.897871
1474,0.670400
1475,0.583702
1476,0.956049
1477,0.805948
1478,0.578566
1479,0.276720
1480,0.614101
1481,0.154434
1482,0.881499
1483,0.310190
1484,0.340038
1485,0.294920
1486,0.509920
1487,0.652696
1488,0.611890
1489,0.229620
1490,0.773134
1491,0.040833
1492,0.943908
1493,0.980683
1494,0.981124
1495,0.447401
1496,0.760787
1497,0.194187
1498,0.787053
1499,0.801171
1500,0.367532
1501,0.429658
1502,0.480166
1503,0.359095
1504,0.405655
1505,0.620398
1506,0.552860
1507,0.763684
1508,0.315499
1509,0.077205
1510,0.574336
1511,0.736315
1512,0.255231
1513,0.710604
1514,0.814057
1515,0.228056
1516,0.462848
1517,0.037374
1518,0.665533
1519,0.447161
1520,0.128508
1521,0.117913
1522,0.480310
1523,0.207831
1524,0.827538
1525,0.092271
1526,0.072790
1527,0.760232
1528,0.247557
1529,0.830865
1530,0.226395
1531,0.633205
1532,0.880410
1533,0.484934
1534,0.417440
1535,0.063357
1536,0.394417
1537,0.702365
1538,0.536362
1539,0.743777
1540,0.871936
1541,0.827281
1542,0.404379
1543,0.019163
1544,0.321959
1545,0.435446
1546,0.786787
1547,0.779859
1548,0.294417
1549,0.843151
1550,0.740247
1551,0.481198
1552,0.016896
1553,0.822905
1554,0.187961
1555,0.056142
1556,0.047438
1557,0.453066
1558,0.109373
1559,0.562192
1560,0.245780
1561,0.335145
1562,0.590158
1563,0.685906
1564,0.520198
1565,0.252677
1566,0.033247
1567,0.549871
1568,0.762937
1569,0.612041
1570,0.310832
1571,0.690605
1572,0.580190
1573,0.688578
1574,0.645907
1575,0.316209
1576,0.790934
1577,0.515188
1578,0.086403
1579,0.751633
1580,0.952605
1581,0.932605
1582,0.477703
1583,0.169857
1584,0.469251
1585,0.934792
1586,0.183262
1587,0.102726
1588,0.868011
1589,0.881628
1590,0.337404
1591,0.247751
1592,0.262690
1593,0.466990
1594,0.061608
1595,0.662075
1596,0.535588
1597,0.780282
1598,0.671781
1599,0.438850
1600,0.341477
1601,0.578627
1602,0.616471
1603,0.857109
1604,0.805899
1605,0.952999
1606,0.121506
1607,0.247709
1608,0.287459
1609,0.786592
1610,0.767891
1611,0.807978
1612,0.461240
1613,0.416798
1614,0.350529
1615,0.894571
1616,0.527807
1617,0.018947
1618,0.234840
1619,0.323550
1620,0.367392
1621,0.817854
1622,0.386462
1623,0.424622
1624,0.903721
1625,0.049858
1626,0.112807
1627,0.618457
1628,0.959516
1629,0.190578
1630,0.302249
1631,0.162611
1632,0.374865
1633,0.830330
1634,0.740117
1635,0.190830
1636,0.461276
1637,0.619253
1638,0.983954
1639,0.474462
1640,0.556376
1641,0.306674
1642,0.277589
1643,0.285978
1644,0.406818
1645,0.069341
1646,0.382931
1647,0.594222
1648,0.102315
1649,0.076548
1650,0.556773
1651,0.466423
1652,0.479665
1653,0.252890
1654,0.476879
1655,0.568369
1656,0.727370
1657,0.540129
1658,0.574987
1659,0.532304
1660,0.087617
1661,0.731469
1662,0.592192
1663,0.607044
1664,0.036436
1665,0.790008
1666,0.647716
1667,0.891243
1668,0.290387
1669,0.177043
1670,0.158698
1671,0.479555
1672,0.478053
1673,0.055137
1674,0.956986
1675,0.149330
1676,0.030758
1677,0.689438
1678,0.531868
1679,0.236098
1680,0.478476
1681,0.557763
1682,0.010178
1683,0.213874
1684,0.059965
1685,0.376894
1686,0.368305
1687,0.567796
1688,0.355007
1689,0.986136
1690,0.602713
1691,0.876239
1692,0.965829
1693,0.960615
1694,0.730465
1695,0.869008
1696,0.902924
1697,0.329131
1698,0.574735
1699,0.713504
1700,0.671968
1701,0.100955
1702,0.224996
1703,0.996207
1704,0.077199
1705,0.727007
1706,0.260854
1707,0.609306
1708,0.148803
1709,0.901878
1710,0.019158
1711,0.394249
1712,0.297951
1713,0.571280
1714,0.560606
1715,0.035477
1716,0.115197
1717,0.577649
1718,0.398159
1719,0.510308
1720,0.026659
1721,0.313708
1722,0.315063
1723,0.847614
1724,0.038413
1725,0.334687
1726,0.151131
1727,0.681566
1728,0.637945
1729,0.193551
1730,0.950311
1731,0.695066
1732,0.102336
1733,0.968201
1734,0.904875
1735,0.457095
1736,0.402833
1737,0.997022
1738,0.551427
1739,0.812982
1740,0.133043
1741,0.947406
1742,0.159149
1743,0.316623
1744,0.126182
1745,0.483840
1746,0.348485
1747,0.052044
1748,0.279259
1749,0.939187
1750,0.340751
1751,0.002699
1752,0.838119
1753,0.620006
1754,0.618384
1755,0.859534
1756,0.763777
1757,0.186914
1758,0.526678
1759,0.151245
1760,0.750538
1761,0.123314
1762,0.842293
1763,0.578322
1764,0.408003
1765,0.412005
1766,0.260290
1767,0.828012
1768,0.965029
1769,0.022844
1770,0.326342
1771,0.810199
1772,0.874244
1773,0.990705
1774,0.768196
1775,0.828004
1776,0.776130
1777,0.008879
1778,0.394063
1779,0.676629
1780,0.044087
1781,0.953072
1782,0.188548
1783,0.783555
1784,0.585578
1785,0.127229
1786,0.754548
1787,0.743296
1788,0.137855
1789,0.182305
1790,0.242363
1791,0.107597
1792,0.564978
1793,0.462330
1794,0.036588
1795,0.299917
1796,0.584280
1797,0.589639
1798,0.364109
1799,0.178411
1800,0.248195
1801,0.234502
1802,0.494810
1803,0.746286
1804,0.007040
1805,0.386084
1806,0.762830
1807,0.107509
1808,0.462506
1809,0.420818
1810,0.144882
1811,0.224005
1812,0.581398
1813,0.407984
1814,0.678581
1815,0.443767
1816,0.412755
1817,0.652894
1818,0.267591
1819,0.485493
1820,0.943121
1821,0.104148
1822,0.608469
1823,0.595723
1824,0.244186
1825,0.929578
1826,0.224067
1827,0.931337
1828,0.108393
1829,0.505015
1830,0.669890
1831,0.392393
1832,0.445694
1833,0.958165
1834,0.453201
1835,0.176014
1836,0.243364
1837,0.252519
1838,0.163878
1839,0.214025
1840,0.380584
1841,0.922625
1842,0.419712
1843,0.568340
1844,0.110657
1845,0.930395
1846,0.358479
1847,0.194314
1848,0.823907
1849,0.667672
1850,0.496551
1851,0.312507
1852,0.362776
1853,0.422855
1854,0.382793
1855,0.165527
1856,0.862584
1857,0.150261
1858,0.260113
1859,0.566919
1860,0.468082
1861,0.082936
1862,0.572263
1863,0.035153
1864,0.801321
1865,0.186840
1866,0.374438
1867,0.359855
1868,0.701562
1869,0.944029
1870,0.192586
1871,0.663632
1872,0.455778
1873,0.142038
1874,0.744341
1875,0.633072
1876,0.304551
1877,0.146463
1878,0.118765
1879,0.460277
1880,0.409806
1881,0.500905
1882,0.059967
1883,0.974582
1884,0.924272
1885,0.077224
1886,0.667814
1887,0.674891
1888,0.459688
1889,0.023683
1890,0.103029
1891,0.688660
1892,0.792410
1893,0.817778
1894,0.384501
1895,0.158629
1896,0.812469
1897,0.013217
1898,0.833937
1899,0.277868
1900,0.461820
1901,0.550419
1902,0.379531
1903,0.216553
1904,0.447591
1905,0.214220
1906,0.999331
1907,0.305579
1908,0.051253
1909,0.598621
1910,0.898795
1911,0.447072
1912,0.331812
1913,0.730465
1914,0.404642
1915,0.945857
1916,0.461281
1917,0.930010
1918,0.689592
1919,0.618364
1920,0.547119
1921,0.908629
1922,0.590785
1923,0.046713
1924,0.830112
1925,0.546247
1926,0.882934
1927,0.924028
1928,0.691204
1929,0.590191
1930,0.881603
1931,0.179287
1932,0.274697
1933,0.616035
1934,0.554972
1935,0.943049
1936,0.624072
1937,0.233105
1938,0.383819
1939,0.270442
1940,0.687429
1941,0.112634
1942,0.885040
1943,0.659218
1944,0.104898
1945,0.011090
1946,0.661810
1947,0.475695
1948,0.642661
1949,0.099195
1950,0.672101
1951,0.857589
1952,0.886713
1953,0.549892
1954,0.303245
1955,0.194001
1956,0.281174
1957,0.758681
1958,0.619885
1959,0.427458
1960,0.361508
1961,0.585337
1962,0.626398
1963,0.516004
1964,0.445338
1965,0.372389
1966,0.939453
1967,0.164171
1968,0.220849
1969,0.558221
1970,0.566810
1971,0.948402
1972,0.801544
1973,0.274725
1974,0.860793
1975,0.758818
1976,0.146321
1977,0.978843
1978,0.269721
1979,0.984766
1980,0.919565
1981,0.724657
1982,0.540134
1983,0.273544
1984,0.674070
1985,0.281209
1986,0.583872
1987,0.731785
1988,0.023580
1989,0.331606
1990,0.640449
1991,0.925253
1992,0.407217
1993,0.074945
1994,0.764349
1995,0.684973
1996,0.609151
1997,0.729127
1998,0.740336
1999,0.821894
2000,0.618913
2001,0.221383
2002,0.306565
2003,0.937419
2004,0.221366
2005,0.314009
2006,0.881599
2007,0.380947
2008,0.581401
2009,0.449701
2010,0.886331
2011,0.852542
2012,0.729789
2013,0.819118
2014,0.961560
2015,0.107741
2016,0.734152
2017,0.817966
2018,0.025837
2019,0.435281
2020,0.066459
2021,0.839906
2022,0.600560
2023,0.652730
2024,0.955217
2025,0.858996
2026,0.784809
2027,0.091914
2028,0.452933
2029,0.019962
2030,0.968704
2031,0.572327
2032,0.972705
2033,0.702934
2034,0.878252
2035,0.973006
2036,0.301570
2037,0.125723
2038,0.251383
2039,0.951345
2040,0.056511
2041,0.764122
2042,0.589742
2043,0.925205
2044,0.769403
2045,0.016541
2046,0.117916
2047,0.591563
2048,0.448690
2049,0.895759
2050,0.898721
2051,0.809105
2052,0.175356
2053,0.604151
2054,0.757974
2055,0.077119
2056,0.193057
2057,0.791092
2058,0.070580
2059,0.111754
2060,0.263644
2061,0.636699
2062,0.544717
2063,0.403731
2064,0.805251
2065,0.758239
2066,0.633807
2067,0.933127
2068,0.743094
2069,0.655606
2070,0.542526
2071,0.692902
2072,0.631023
2073,0.054567
2074,0.431368
2075,0.696360
2076,0.088330
2077,0.478058
2078,0.091500
2079,0.312412
2080,0.109253
2081,0.781478
2082,0.628817
2083,0.247208
2084,0.715948
2085,0.407416
2086,0.164295
2087,0.254548
2088,0.904259
2089,0.331389
2090,0.784581
2091,0.469490
2092,0.235871
2093,0.163987
2094,0.701753
2095,0.990081
2096,0.576812
2097,0.045172
2098,0.770551
2099,0.712959
2100,0.972797
2101,0.197962
2102,0.777235
2103,0.591913
2104,0.216867
2105,0.039571
2106,0.228697
2107,0.766531
2108,0.163080
2109,0.100429
2110,0.095662
2111,0.728537
2112,0.380447
2113,0.628650
2114,0.669803
2115,0.523719
2116,0.852943
2117,0.845010
2118,0.148533
2119,0.861532
2120,0.579325
2121,0.260522
2122,0.547331
2123,0.875679
2124,0.181799
2125,0.815194
2126,0.296214
2127,0.372339
2128,0.332664
2129,0.511703
2130,0.240530
2131,0.478370
2132,0.908878
2133,0.322921
2134,0.178419
2135,0.543735
2136,0.068289
2137,0.979669
2138,0.076729
2139,0.415543
2140,0.123923
2141,0.600885
2142,0.538524
2143,0.817645
2144,0.803369
2145,0.856145
2146,0.609090
2147,0.981026
2148,0.175155
2149,0.891664
2150,0.682806
2151,0.862402
2152,0.773685
2153,0.556115
2154,0.311517
2155,0.526827
2156,0.947664
2157,0.123381
2158,0.747178
2159,0.816821
2160,0.824520
2161,0.106486
2162,0.390084
2163,0.223829
2164,0.411248
2165,0.591906
2166,0.560479
2167,0.686711
2168,0.399397
2169,0.321607
2170,0.873968
2171,0.133924
2172,0.704737
2173,0.931708
2174,0.644067
2175,0.141395
2176,0.407736
2177,0.198019
2178,0.327496
2179,0.324396
2180,0.820308
2181,0.167542
2182,0.046718
2183,0.698816
2184,0.374524
2185,0.510831
2186,0.656947
2187,0.254295
2188,0.413330
2189,0.717258
2190,0.004881
2191,0.904732
2192,0.912625
2193,0.488073
2194,0.254400
2195,0.357641
2196,0.388570
2197,0.899173
2198,0.877182
2199,0.309418
2200,0.146792
2201,0.505562
2202,0.065279
2203,0.879015
2204,0.845619
2205,0.744132
2206,0.595051
2207,0.551606
2208,0.873591
2209,0.625350
2210,0.490223
2211,0.362856
2212,0.728767
2213,0.097301
2214,0.179266
2215,0.098338
2216,0.694240
2217,0.629436
2218,0.250684
2219,0.042707
2220,0.083807
2221,0.230644
2222,0.030099
2223,0.904578
2224,0.623936
2225,0.147136
2226,0.585832
2227,0.759918
2228,0.648916
2229,0.054452
2230,0.748120
2231,0.319409
2232,0.701158
2233,0.079120
2234,0.939569
2235,0.386463
2236,0.606207
2237,0.237626
2238,0.549660
2239,0.780015
2240,0.645980
2241,0.090640
2242,0.092203
2243,0.593199
2244,0.005149
2245,0.108172
2246,0.378697
2247,0.243648
2248,0.370371
2249,0.749525
2250,0.321890
2251,0.709839
2252,0.767880
2253,0.934819
2254,0.122508
2255,0.249371
2256,0.525074
2257,0.047282
2258,0.118697
2259,0.184083
2260,0.662011
2261,0.689417
2262,0.803582
2263,0.671924
2264,0.252513
2265,0.045508
2266,0.702762
2267,0.884083
2268,0.513667
2269,0.623503
2270,0.463080
2271,0.594081
2272,0.483436
2273,0.971934
2274,0.855710
2275,0.010844
2276,0.281618
2277,0.922721
2278,0.747077
2279,0.283394
2280,0.322256
2281,0.613447
2282,0.416208
2283,0.551640
2284,0.738780
2285,0.318832
2286,0.966399
2287,0.387361
2288,0.068122
2289,0.067290
2290,0.070121
2291,0.876856
2292,0.598860
2293,0.244897
2294,0.221595
2295,0.905847
2296,0.823255
2297,0.642567
2298,0.156359
2299,0.287784
2300,0.301525
2301,0.326295
2302,0.401162
2303,0.610043
2304,0.804397
2305,0.335027
2306,0.359186
2307,0.618285
2308,0.538661
2309,0.030396
2310,0.098737
2311,0.071481
2312,0.025734
2313,0.091948
2314,0.935798
2315,0.412010
2316,0.383772
2317,0.787437
2318,0.517413
2319,0.014966
2320,0.495036
2321,0.999179
2322,0.727235
2323,0.515549
2324,0.870165
2325,0.471999
2326,0.707712
2327,0.070463
2328,0.961502
2329,0.535079
2330,0.324049
2331,0.032030
2332,0.417281
2333,0.976101
2334,0.003783
2335,0.477684
2336,0.260422
2337,0.927199
2338,0.421210
2339,0.952495
2340,0.272383
2341,0.094961
2342,0.632332
2343,0.959511
2344,0.415112
2345,0.197682
2346,0.311878
2347,0.690047
2348,0.001934
2349,0.665573
2350,0.488862
2351,0.836134
2352,0.733241
2353,0.920676
2354,0.148660
2355,0.462473
2356,0.610100
2357,0.914170
2358,0.167929
2359,0.165678
2360,0.560131
2361,0.512132
2362,0.085471
2363,0.374177
2364,0.211429
2365,0.751103
2366,0.747138
2367,0.394521
2368,0.195754
2369,0.085841
2370,0.448018
2371,0.975374
2372,0.658300
2373,0.195000
2374,0.061291
2375,0.863440
2376,0.265808
2377,0.571947
2378,0.918743
2379,0.144157
2380,0.155811
2381,0.155726
2382,0.816429
2383,0.748958
2384,0.901513
2385,0.643045
2386,0.381189
2387,0.574959
2388,0.971123
2389,0.059367
2390,0.545182
2391,0.597391
2392,0.182094
2393,0.487453
2394,0.807487
2395,0.425008
2396,0.302648
2397,0.727204
2398,0.225733
2399,0.681291
2400,0.165183
2401,0.237400
2402,0.420841
2403,0.541572
2404,0.947599
2405,0.390997
2406,0.424222
2407,0.682055
2408,0.626705
2409,0.373443
2410,0.314923
2411,0.196681
2412,0.035296
2413,0.914533
2414,0.102851
2415,0.971261
2416,0.744431
2417,0.825521
2418,0.262245
2419,0.191018
2420,0.916825
2421,0.570069
2422,0.062202
2423,0.291300
2424,0.280005
2425,0.751908
2426,0.838692
2427,0.997990
2428,0.033233
2429,0.886825
2430,0.761713
2431,0.764106
2432,0.881919
2433,0.417304
2434,0.462799
2435,0.499933
2436,0.625238
2437,0.930388
2438,0.531437
2439,0.575929
2440,0.645693
2441,0.981435
2442,0.521188
2443,0.391638
2444,0.844925
2445,0.613418
2446,0.674258
2447,0.309968
2448,0.079773
2449,0.814184
2450,0.571933
2451,0.133090
2452,0.696140
2453,0.749467
2454,0.205878
2455,0.649903
2456,0.036209
2457,0.949558
2458,0.631295
2459,0.820292
2460,0.368927
2461,0.152543
2462,0.145453
2463,0.823403
2464,0.065237
2465,0.318937
2466,0.317769
2467,0.199815
2468,0.878691
2469,0.763556
2470,0.980987
2471,0.116971
2472,0.483580
2473,0.192896
2474,0.031619
2475,0.009406
2476,0.813755
2477,0.318423
2478,0.143997
2479,0.584889
2480,0.948898
2481,0.357297
2482,0.599566
2483,0.730705
2484,0.145932
2485,0.797686
2486,0.402571
2487,0.925162
2488,0.762911
2489,0.288697
2490,0.609923
2491,0.010511
2492,0.683382
2493,0.608138
2494,0.167271
2495,0.751059
2496,0.331129
2497,0.570272
2498,0.526690
2499,0.998417
2500,0.152899
2501,0.320343
2502,0.330686
2503,0.567065
2504,0.984626
2505,0.420612
2506,0.345776
2507,0.711381
2508,0.473842
2509,0.319527
2510,0.334755
2511,0.468943
2512,0.341622
2513,0.451360
2514,0.438276
2515,0.479657
2516,0.321134
2517,0.812334
2518,0.545745
2519,0.497342
2520,0.243427
2521,0.565250
2522,0.588498
2523,0.396453
2524,0.140628
2525,0.248489
2526,0.468069
2527,0.707520
2528,0.610921
2529,0.469275
2530,0.746133
2531,0.202572
2532,0.871203
2533,0.575668
2534,0.223441
2535,0.958211
2536,0.378007
2537,0.198397
2538,0.246705
2539,0.754652
2540,0.302986
2541,0.598118
2542,0.536574
2543,0.563097
2544,0.942843
2545,0.048603
2546,0.674899
2547,0.130458
2548,0.727558
2549,0.042415
2550,0.788903
2551,0.658839
2552,0.187778
2553,0.125659
2554,0.017047
2555,0.801463
2556,0.952055
2557,0.625447
2558,0.196221
2559,0.573109
2560,0.500010
2561,0.111416
2562,0.745355
2563,0.585117
2564,0.840387
2565,0.774582
2566,0.428088
2567,0.951463
2568,0.537238
2569,0.047896
2570,0.163055
2571,0.663749
2572,0.309165
2573,0.407186
2574,0.135592
2575,0.923981
2576,0.992143
2577,0.498540
2578,0.257901
2579,0.674947
2580,0.450839
2581,0.864995
2582,0.244350
2583,0.463445
2584,0.553497
2585,0.430424
2586,0.087057
2587,0.554963
2588,0.781280
2589,0.098122
2590,0.125085
2591,0.361193
2592,0.542217
2593,0.525204
2594,0.462627
2595,0.296189
2596,0.311965
2597,0.893422
2598,0.906151
2599,0.506347
2600,0.558749
2601,0.242214
2602,0.404264
2603,0.929681
2604,0.855193
2605,0.283004
2606,0.563477
2607,0.662593
2608,0.980602
2609,0.299661
2610,0.933190
2611,0.819226
2612,0.052009
2613,0.709517
2614,0.033652
2615,0.099516
2616,0.168250
2617,0.209472
2618,0.092577
2619,0.950906
2620,0.257111
2621,0.971339
2622,0.563264
2623,0.265204
2624,0.445883
2625,0.346880
2626,0.821253
2627,0.024131
2628,0.638091
2629,0.918487
2630,0.616476
2631,0.788587
2632,0.928439
2633,0.601584
2634,0.931330
2635,0.715957
2636,0.991262
2637,0.605722
2638,0.111873
2639,0.231368
2640,0.118570
2641,0.173374
2642,0.634881
2643,0.982197
2644,0.853529
2645,0.015509
2646,0.002887
2647,0.720429
2648,0.056846
2649,0.842575
2650,0.510880
2651,0.280100
2652,0.746580
2653,0.731495
2654,0.165427
2655,0.240499
2656,0.461330
2657,0.799525
2658,0.728863
2659,0.664452
2660,0.914220
2661,0.080707
2662,0.022253
2663,0.128564
2664,0.137936
2665,0.913702
2666,0.954464
2667,0.429529
2668,0.666996
2669,0.678792
2670,0.768344
2671,0.688210
2672,0.333205
2673,0.398898
2674,0.350174
2675,0.305380
2676,0.941218
2677,0.985123
2678,0.458554
2679,0.330899
2680,0.942230
2681,0.128559
2682,0.029193
2683,0.768288
2684,0.015490
2685,0.657736
2686,0.866471
2687,0.125292
2688,0.811707
2689,0.451798
2690,0.134452
2691,0.281738
2692,0.071761
2693,0.558965
2694,0.493483
2695,0.472211
2696,0.362591
2697,0.977515
2698,0.660838
2699,0.367342
2700,0.582875
2701,0.867997
2702,0.876724
2703,0.939908
2704,0.835392
2705,0.593138
2706,0.282348
2707,0.997539
2708,0.062345
2709,0.857568
2710,0.664341
2711,0.111816
2712,0.319076
2713,0.294309
2714,0.848482
2715,0.420126
2716,0.001617
2717,0.885708
2718,0.553980
2719,0.482808
2720,0.717201
2721,0.325117
2722,0.930653
2723,0.123498
2724,0.608404
2725,0.119444
2726,0.810076
2727,0.878893
2728,0.129356
2729,0.671270
2730,0.657213
2731,0.219083
2732,0.608322
2733,0.086825
2734,0.125618
2735,0.164260
2736,0.633413
2737,0.154484
2738,0.763600
2739,0.527786
2740,0.795638
2741,0.990417
2742,0.987856
2743,0.449342
2744,0.614148
2745,0.850074
2746,0.854931
2747,0.729112
2748,0.334639
2749,0.419718
2750,0.155375
2751,0.364097
2752,0.498983
2753,0.428495
2754,0.385373
2755,0.799347
2756,0.596526
2757,0.361643
2758,0.472346
2759,0.375695
2760,0.574775
2761,0.783192
2762,0.927130
2763,0.658829
2764,0.154047
2765,0.502899
2766,0.334099
2767,0.731652
2768,0.071880
2769,0.968492
2770,0.238426
2771,0.350297
2772,0.474175
2773,0.881933
2774,0.494037
2775,0.585081
2776,0.712871
2777,0.269602
2778,0.438566
2779,0.235666
2780,0.674915
2781,0.776750
2782,0.054047
2783,0.006680
2784,0.363781
2785,0.198446
2786,0.025472
2787,0.017427
2788,0.367358
2789,0.281787
2790,0.128472
2791,0.165173
2792,0.839644
2793,0.886485
2794,0.703903
2795,0.549457
2796,0.087115
2797,0.230713
2798,0.749637
2799,0.849331
2800,0.339632
2801,0.872231
2802,0.267502
2803,0.910176
2804,0.222572
2805,0.324717
2806,0.169453
2807,0.325105
2808,0.283341
2809,0.450463
2810,0.127942
2811,0.010443
2812,0.944110
2813,0.179195
2814,0.033953
2815,0.792423
2816,0.333738
2817,0.319059
2818,0.739457
2819,0.931903
2820,0.869939
2821,0.259379
2822,0.456998
2823,0.635573
2824,0.680751
2825,0.309864
2826,0.949442
2827,0.311907
2828,0.164237
2829,0.833197
2830,0.194275
2831,0.285865
2832,0.480103
2833,0.827013
2834,0.899354
2835,0.137434
2836,0.217094
2837,0.364832
2838,0.288017
2839,0.358360
2840,0.147260
2841,0.965969
2842,0.975646
2843,0.873306
2844,0.190375
2845,0.144363
2846,0.600293
2847,0.130895
2848,0.246322
2849,0.269727
2850,0.366243
2851,0.821411
2852,0.106789
2853,0.858124
2854,0.014597
2855,0.708525
2856,0.102793
2857,0.515806
2858,0.136754
2859,0.397963
2860,0.157225
2861,0.548337
2862,0.688203
2863,0.152800
2864,0.726324
2865,0.859083
2866,0.054258
2867,0.434884
2868,0.016665
2869,0.441891
2870,0.132776
2871,0.175048
2872,0.620861
2873,0.518995
2874,0.218766
2875,0.324398
2876,0.197831
2877,0.366472
2878,0.604364
2879,0.481871
2880,0.837044
2881,0.709245
2882,0.626380
2883,0.063844
2884,0.748743
2885,0.879758
2886,0.988135
2887,0.824475
2888,0.526117
2889,0.327184
2890,0.698796
2891,0.952984
2892,0.035256
2893,0.693965
2894,0.641887
2895,0.875757
2896,0.344321
2897,0.077082
2898,0.740701
2899,0.415311
2900,0.365143
2901,0.392658
2902,0.519899
2903,0.004021
2904,0.233816
2905,0.725601
2906,0.542563
2907,0.028297
2908,0.525907
2909,0.157131
2910,0.726782
2911,0.460478
2912,0.768702
2913,0.228142
2914,0.964862
2915,0.520174
2916,0.645832
2917,0.534021
2918,0.762309
2919,0.407990
2920,0.319309
2921,0.587426
2922,0.435893
2923,0.115459
2924,0.789504
2925,0.810535
2926,0.753801
2927,0.442358
2928,0.789628
2929,0.920724
2930,0.429913
2931,0.983523
2932,0.957843
2933,0.487408
2934,0.122581
2935,0.597665
2936,0.074884
2937,0.210934
2938,0.768220
2939,0.924266
2940,0.716086
2941,0.071189
2942,0.835645
2943,0.194815
2944,0.684294
2945,0.356618
2946,0.372531
2947,0.289372
2948,0.459307
2949,0.134125
2950,0.271707
2951,0.082338
2952,0.721503
2953,0.934111
2954,0.426110
2955,0.257486
2956,0.924313
2957,0.669830
2958,0.312329
2959,0.598290
2960,0.237473
2961,0.032248
2962,0.775067
2963,0.544283
2964,0.815948
2965,0.833660
2966,0.354041
2967,0.626089
2968,0.122247
2969,0.640207
2970,0.157610
2971,0.461227
2972,0.119004
2973,0.606310
2974,0.842012
2975,0.580542
2976,0.387040
2977,0.911649
2978,0.047215
2979,0.283497
2980,0.066590
2981,0.240592
2982,0.749242
2983,0.812901
2984,0.513293
2985,0.527418
2986,0.198268
2987,0.267455
2988,0.238727
2989,0.367542
2990,0.222467
2991,0.812625
2992,0.908448
2993,0.589240
2994,0.598346
2995,0.253579
2996,0.409153
2997,0.574150
2998,0.464507
2999,0.740537
3000,0.470289
3001,0.017049
3002,0.915054
3003,0.001390
3004,0.665749
3005,0.835273
3006,0.480663
3007,0.607426
3008,0.677665
3009,0.482840
3010,0.083203
3011,0.285145
3012,0.898176
3013,0.548365
3014,0.008181
3015,0.018083
3016,0.078840
3017,0.839042
3018,0.186966
3019,0.746185
3020,0.385436
3021,0.631996
3022,0.936125
3023,0.037729
3024,0.425884
3025,0.567003
3026,0.853521
3027,0.478051
3028,0.508073
3029,0.554073
3030,0.132317
3031,0.148155
3032,0.373229
3033,0.750197
3034,0.587550
3035,0.705800
3036,0.683521
3037,0.523433
3038,0.660979
3039,0.152222
3040,0.319066
3041,0.459623
3042,0.850314
3043,0.179957
3044,0.565442
3045,0.774408
3046,0.259665
3047,0.206699
3048,0.959316
3049,0.796693
3050,0.985710
3051,0.887575
3052,0.117018
3053,0.845969
3054,0.491372
3055,0.299155
3056,0.733515
3057,0.085517
3058,0.980866
3059,0.006833
3060,0.868652
3061,0.995363
3062,0.525894
3063,0.647393
3064,0.326894
3065,0.049352
3066,0.728680
3067,0.529713
3068,0.717774
3069,0.309518
3070,0.081516
3071,0.069977
3072,0.194946
3073,0.619328
3074,0.732452
3075,0.521971
3076,0.018441
3077,0.967253
3078,0.973702
3079,0.396743
3080,0.088310
3081,0.391714
3082,0.819487
3083,0.236865
3084,0.679423
3085,0.720767
3086,0.298086
3087,0.326142
3088,0.320756
3089,0.434769
3090,0.229093
3091,0.366002
3092,0.049741
3093,0.830742
3094,0.091620
3095,0.504917
3096,0.448992
3097,0.196062
3098,0.997817
3099,0.114670
3100,0.241118
3101,0.080956
3102,0.095765
3103,0.184409
3104,0.572373
3105,0.689251
3106,0.376175
3107,0.818872
3108,0.180514
3109,0.035806
3110,0.058082
3111,0.395559
3112,0.000967
3113,0.347131
3114,0.089850
3115,0.829210
3116,0.342847
3117,0.021912
3118,0.661081
3119,0.694911
3120,0.000347
3121,0.115874
3122,0.149765
3123,0.964113
3124,0.216514
3125,0.639609
3126,0.126020
3127,0.859672
3128,0.056220
3129,0.275209
3130,0.748685
3131,0.835754
3132,0.227477
3133,0.400773
3134,0.109671
3135,0.090857
3136,0.517716
3137,0.211735
3138,0.201053
3139,0.951683
3140,0.466824
3141,0.060632
3142,0.882737
3143,0.747362
3144,0.956647
3145,0.268848
3146,0.374900
3147,0.429264
3148,0.584222
3149,0.920729
3150,0.004120
3151,0.644007
3152,0.051459
3153,0.120302
3154,0.254164
3155,0.201030
3156,0.220161
3157,0.558891
3158,0.062790
3159,0.307178
3160,0.739333
3161,0.186089
3162,0.911949
3163,0.177642
3164,0.574726
3165,0.148283
3166,0.369106
3167,0.176051
3168,0.137902
3169,0.920848
3170,0.224532
3171,0.573906
3172,0.427870
3173,0.139836
3174,0.870488
3175,0.789976
3176,0.012772
3177,0.672700
3178,0.581854
3179,0.022742
3180,0.423556
3181,0.314779
3182,0.487861
3183,0.746095
3184,0.022716
3185,0.684975
3186,0.450193
3187,0.956524
3188,0.138611
3189,0.239591
3190,0.989450
3191,0.762463
3192,0.125076
3193,0.359996
3194,0.228333
3195,0.833045
3196,0.822721
3197,0.043794
3198,0.040137
3199,0.656015
3200,0.966926
3201,0.347673
3202,0.065030
3203,0.418260
3204,0.660865
3205,0.873692
3206,0.786698
3207,0.205801
3208,0.451602
3209,0.903245
3210,0.045100
3211,0.915952
3212,0.369915
3213,0.804646
3214,0.245900
3215,0.393769
3216,0.925329
3217,0.869597
3218,0.845820
3219,0.857262
3220,0.774864
3221,0.477990
3222,0.604445
3223,0.826350
3224,0.100611
3225,0.083033
3226,0.548021
3227,0.979329
3228,0.937943
3229,0.792344
3230,0.233039
3231,0.295930
3232,0.659559
3233,0.575205
3234,0.565489
3235,0.255728
3236,0.655443
3237,0.863179
3238,0.110864
3239,0.698731
3240,0.263572
3241,0.180783
3242,0.711769
3243,0.462970
3244,0.453811
3245,0.828851
3246,0.597411
3247,0.591317
3248,0.415830
3249,0.212658
3250,0.730059
3251,0.160815
3252,0.266292
3253,0.066342
3254,0.660663
3255,0.089537
3256,0.089604
3257,0.026638
3258,0.807883
3259,0.215870
3260,0.719739
3261,0.555444
3262,0.187466
3263,0.632194
3264,0.101193
3265,0.473722
3266,0.493737
3267,0.829794
3268,0.967241
3269,0.357554
3270,0.487913
3271,0.860505
3272,0.628421
3273,0.397040
3274,0.063561
3275,0.551520
3276,0.644825
3277,0.595553
3278,0.942836
3279,0.752570
3280,0.407325
3281,0.071594
3282,0.541341
3283,0.073747
3284,0.906279
3285,0.064431
3286,0.761414
3287,0.659375
3288,0.783641
3289,0.034648
3290,0.582375
3291,0.189914
3292,0.425895
3293,0.742649
3294,0.782338
3295,0.831422
3296,0.156807
3297,0.787886
3298,0.773787
3299,0.930108
3300,0.014594
3301,0.245185
3302,0.745787
3303,0.127851
3304,0.649617
3305,0.997461
3306,0.996027
3307,0.759709
3308,0.703145
3309,0.256878
3310,0.937883
3311,0.695614
3312,0.672376
3313,0.367570
3314,0.661657
3315,0.521758
3316,0.860903
3317,0.950987
3318,0.759241
3319,0.960251
3320,0.018582
3321,0.148486
3322,0.105964
3323,0.297711
3324,0.810732
3325,0.471796
3326,0.066770
3327,0.521753
3328,0.186601
3329,0.864541
3330,0.971013
3331,0.533751
3332,0.853184
3333,0.751075
3334,0.566689
3335,0.915628
3336,0.930967
3337,0.807787
3338,0.640401
3339,0.216029
3340,0.921144
3341,0.887644
3342,0.702217
3343,0.198506
3344,0.720527
3345,0.654012
3346,0.842357
3347,0.793196
3348,0.727850
3349,0.147591
3350,0.411019
3351,0.666815
3352,0.767444
3353,0.172225
3354,0.098965
3355,0.665240
3356,0.097748
3357,0.674036
3358,0.005728
3359,0.183851
3360,0.025403
3361,0.016820
3362,0.417140
3363,0.330105
3364,0.494341
3365,0.167385
3366,0.839694
3367,0.426143
3368,0.537581
3369,0.128124
3370,0.772072
3371,0.533957
3372,0.202836
3373,0.058194
3374,0.730626
3375,0.389079
3376,0.112446
3377,0.763875
3378,0.919503
3379,0.360863
3380,0.544251
3381,0.068820
3382,0.458664
3383,0.630642
3384,0.896299
3385,0.869034
3386,0.184686
3387,0.140452
3388,0.601380
3389,0.508463
3390,0.635710
3391,0.994054
3392,0.010978
3393,0.519542
3394,0.519207
3395,0.549822
3396,0.936955
3397,0.979978
3398,0.070135
3399,0.266770
3400,0.398982
3401,0.270247
3402,0.225826
3403,0.879006
3404,0.510077
3405,0.306111
3406,0.662922
3407,0.801269
3408,0.313138
3409,0.138156
3410,0.980117
3411,0.446250
3412,0.931158
3413,0.870407
3414,0.519411
3415,0.645472
3416,0.102292
3417,0.393388
3418,0.126666
3419,0.363367
3420,0.774577
3421,0.118674
3422,0.296730
3423,0.433773
3424,0.297307
3425,0.180084
3426,0.285412
3427,0.124432
3428,0.327104
3429,0.783515
3430,0.045217
3431,0.704488
3432,0.639414
3433,0.146392
3434,0.944043
3435,0.388658
3436,0.498262
3437,0.618642
3438,0.585867
3439,0.624724
3440,0.872295
3441,0.726711
3442,0.057217
3443,0.676801
3444,0.724032
3445,0.550745
3446,0.692846
3447,0.309116
3448,0.242681
3449,0.297315
3450,0.367806
3451,0.210868
3452,0.557388
3453,0.819229
3454,0.987484
3455,0.814523
3456,0.712316
3457,0.576213
3458,0.585903
3459,0.016434
3460,0.428019
3461,0.958335
3462,0.582486
3463,0.232743
3464,0.121405
3465,0.315187
3466,0.085584
3467,0.139432
3468,0.624766
3469,0.847839
3470,0.124459
3471,0.652264
3472,0.179764
3473,0.092998
3474,0.054808
3475,0.749392
3476,0.385708
3477,0.235645
3478,0.081725
3479,0.945122
3480,0.895049
3481,0.392013
3482,0.352160
3483,0.822243
3484,0.077622
3485,0.792404
3486,0.925479
3487,0.341976
3488,0.139172
3489,0.583483
3490,0.251742
3491,0.325488
3492,0.398760
3493,0.454282
3494,0.613333
3495,0.638480
3496,0.784273
3497,0.767002
3498,0.003181
3499,0.699334
3500,0.852867
3501,0.776500
3502,0.090805
3503,0.432472
3504,0.298204
3505,0.063782
3506,0.133807
3507,0.547844
3508,0.753426
3509,0.130323
3510,0.021141
3511,0.844498
3512,0.093293
3513,0.192214
3514,0.332241
3515,0.263692
3516,0.090842
3517,0.894062
3518,0.706666
3519,0.963336
3520,0.285577
3521,0.165709
3522,0.554554
3523,0.519558
3524,0.603981
3525,0.539632
3526,0.623517
3527,0.234497
3528,0.281688
3529,0.763397
3530,0.155666
3531,0.257228
3532,0.963505
3533,0.170032
3534,0.577470
3535,0.152097
3536,0.218795
3537,0.301169
3538,0.098597
3539,0.930508
3540,0.031057
3541,0.468023
3542,0.123050
3543,0.767191
3544,0.403165
3545,0.455388
3546,0.213509
3547,0.028979
3548,0.111809
3549,0.217059
3550,0.218550
3551,0.921028
3552,0.981799
3553,0.659926
3554,0.692742
3555,0.952441
3556,0.537922
3557,0.723250
3558,0.036404
3559,0.594863
3560,0.050855
3561,0.477479
3562,0.469614
3563,0.849242
3564,0.645061
3565,0.893408
3566,0.862761
3567,0.302636
3568,0.032691
3569,0.807314
3570,0.590742
3571,0.805080
3572,0.752353
3573,0.029144
3574,0.208994
3575,0.703792
3576,0.995332
3577,0.207036
3578,0.961638
3579,0.868062
3580,0.633891
3581,0.058410
3582,0.732355
3583,0.279754
3584,0.975474
3585,0.655879
3586,0.798310
3587,0.073550
3588,0.510704
3589,0.949598
3590,0.279625
3591,0.707963
3592,0.851827
3593,0.817712
3594,0.954704
3595,0.281317
3596,0.377311
3597,0.842635
3598,0.116841
3599,0.133105
3600,0.889725
3601,0.062195
3602,0.010865
3603,0.290686
3604,0.340523
3605,0.619771
3606,0.961873
3607,0.002103
3608,0.650651
3609,0.000250
3610,0.537528
3611,0.742151
3612,0.585615
3613,0.864424
3614,0.828909
3615,0.212137
3616,0.119839
3617,0.287545
3618,0.971449
3619,0.779952
3620,0.470920
3621,0.741539
3622,0.095013
3623,0.902065
3624,0.203387
3625,0.747694
3626,0.769520
3627,0.690588
3628,0.592947
3629,0.384143
3630,0.889647
3631,0.390684
3632,0.285869
3633,0.239945
3634,0.311073
3635,0.096275
3636,0.348534
3637,0.260027
3638,0.884264
3639,0.224970
3640,0.448339
3641,0.445889
3642,0.041961
3643,0.046366
3644,0.984790
3645,0.813810
3646,0.847267
3647,0.395081
3648,0.739919
3649,0.844206
3650,0.125660
3651,0.214287
3652,0.109642
3653,0.209550
3654,0.749537
3655,0.699697
3656,0.135714
3657,0.024819
3658,0.289596
3659,0.813787
3660,0.644836
3661,0.701498
3662,0.166222
3663,0.523243
3664,0.086516
3665,0.672096
3666,0.881447
3667,0.293629
3668,0.792205
3669,0.761083
3670,0.531675
3671,0.084225
3672,0.161860
3673,0.755769
3674,0.549729
3675,0.918985
3676,0.351170
3677,0.480879
3678,0.934525
3679,0.837289
3680,0.113637
3681,0.388138
3682,0.149467
3683,0.475720
3684,0.701551
3685,0.635904
3686,0.982581
3687,0.543715
3688,0.570954
3689,0.827184
3690,0.141503
3691,0.794791
3692,0.637636
3693,0.981996
3694,0.065646
3695,0.846809
3696,0.131870
3697,0.769197
3698,0.043933
3699,0.274956
3700,0.647782
3701,0.406547
3702,0.975993
3703,0.504428
3704,0.901512
3705,0.975575
3706,0.516793
3707,0.626265
3708,0.648102
3709,0.046456
3710,0.207236
3711,0.941408
3712,0.487303
3713,0.494997
3714,0.632841
3715,0.105810
3716,0.490392
3717,0.763775
3718,0.840863
3719,0.471267
3720,0.850043
3721,0.625103
3722,0.872338
3723,0.972244
3724,0.100808
3725,0.497224
3726,0.285544
3727,0.564267
3728,0.642365
3729,0.714934
3730,0.837882
3731,0.209816
3732,0.509680
3733,0.402178
3734,0.238766
3735,0.569044
3736,0.037870
3737,0.090744
3738,0.978625
3739,0.938987
3740,0.707410
3741,0.826407
3742,0.884003
3743,0.312004
3744,0.752300
3745,0.650462
3746,0.692166
3747,0.422942
3748,0.760704
3749,0.160928
3750,0.351890
3751,0.207894
3752,0.187201
3753,0.651976
3754,0.877609
3755,0.140758
3756,0.195823
3757,0.273589
3758,0.169140
3759,0.735690
3760,0.759087
3761,0.878837
3762,0.752256
3763,0.576328
3764,0.505626
3765,0.670536
3766,0.293781
3767,0.565376
3768,0.432325
3769,0.891995
3770,0.432560
3771,0.946758
3772,0.668914
3773,0.140661
3774,0.148683
3775,0.423183
3776,0.510855
3777,0.489277
3778,0.079827
3779,0.239561
3780,0.528167
3781,0.649373
3782,0.770957
3783,0.504286
3784,0.557515
3785,0.858693
3786,0.365328
3787,0.706266
3788,0.182286
3789,0.777265
3790,0.906985
3791,0.966870
3792,0.889732
3793,0.417438
3794,0.646029
3795,0.711902
3796,0.828317
3797,0.446755
3798,0.548974
3799,0.190123
3800,0.035982
3801,0.251642
3802,0.955848
3803,0.520910
3804,0.782717
3805,0.207940
3806,0.582692
3807,0.984062
3808,0.634748
3809,0.382565
3810,0.434371
3811,0.580683
3812,0.342499
3813,0.205195
3814,0.872412
3815,0.354099
3816,0.705390
3817,0.390739
3818,0.932894
3819,0.848794
3820,0.663836
3821,0.366732
3822,0.752953
3823,0.364288
3824,0.318251
3825,0.997648
3826,0.638095
3827,0.327190
3828,0.829148
3829,0.379049
3830,0.396655
3831,0.994177
3832,0.078624
3833,0.517921
3834,0.719365
3835,0.307683
3836,0.747110
3837,0.987490
3838,0.733201
3839,0.893472
3840,0.503488
3841,0.403595
3842,0.469552
3843,0.573775
3844,0.406079
3845,0.981919
3846,0.138719
3847,0.950585
3848,0.011363
3849,0.130160
3850,0.679019
3851,0.923785
3852,0.352407
3853,0.753424
3854,0.836697
3855,0.035241
3856,0.276946
3857,0.111242
3858,0.326883
3859,0.254304
3860,0.143867
3861,0.335254
3862,0.202246
3863,0.945839
3864,0.995286
3865,0.578770
3866,0.995052
3867,0.174137
3868,0.735076
3869,0.171234
3870,0.725268
3871,0.267297
3872,0.695399
3873,0.640414
3874,0.487513
3875,0.984341
3876,0.629779
3877,0.963805
3878,0.337165
3879,0.034292
3880,0.986569
3881,0.976865
3882,0.584039
3883,0.658499
3884,0.175372
3885,0.305917
3886,0.839186
3887,0.568766
3888,0.429107
3889,0.527956
3890,0.297395
3891,0.871734
3892,0.106329
3893,0.802006
3894,0.430601
3895,0.649192
3896,0.581633
3897,0.910325
3898,0.709330
3899,0.686583
3900,0.361129
3901,0.030013
3902,0.902864
3903,0.751336
3904,0.240471
3905,0.433598
3906,0.950628
3907,0.389377
3908,0.457236
3909,0.993547
3910,0.017545
3911,0.078220
3912,0.616385
3913,0.186512
3914,0.836834
3915,0.341170
3916,0.766797
3917,0.289650
3918,0.379741
3919,0.109696
3920,0.350496
3921,0.032547
3922,0.647166
3923,0.240530
3924,0.289837
3925,0.951033
3926,0.651159
3927,0.120692
3928,0.353558
3929,0.839892
3930,0.972826
3931,0.007914
3932,0.619364
3933,0.082092
3934,0.853304
3935,0.084046
3936,0.448539
3937,0.600149
3938,0.923538
3939,0.354921
3940,0.493406
3941,0.932459
3942,0.125683
3943,0.576864
3944,0.839556
3945,0.797278
3946,0.336395
3947,0.121010
3948,0.576235
3949,0.939221
3950,0.403741
3951,0.355318
3952,0.873120
3953,0.193821
3954,0.983323
3955,0.099453
3956,0.450002
3957,0.653246
3958,0.370511
3959,0.862247
3960,0.396588
3961,0.264046
3962,0.182513
3963,0.824324
3964,0.676899
3965,0.487187
3966,0.732131
3967,0.133825
3968,0.025507
3969,0.390770
3970,0.605435
3971,0.933457
3972,0.713194
3973,0.697698
3974,0.161759
3975,0.802314
3976,0.927157
3977,0.579723
3978,0.278503
3979,0.741174
3980,0.812087
3981,0.870727
3982,0.929515
3983,0.032484
3984,0.748156
3985,0.209809
3986,0.683697
3987,0.004457
3988,0.804662
3989,0.073483
3990,0.686998
3991,0.817886
3992,0.140179
3993,0.491310
3994,0.751684
3995,0.908531
3996,0.705636
3997,0.031392
3998,0.497448
3999,0.299791
4000,0.164493
4001,0.356580
4002,0.175612
4003,0.498731
4004,0.754606
4005,0.619609
4006,0.484843
4007,0.048239
4008,0.979056
4009,0.389960
4010,0.993702
4011,0.860057
4012,0.322445
4013,0.226550
4014,0.997202
4015,0.881992
4016,0.459958
4017,0.406178
4018,0.513051
4019,0.122401
4020,0.142982
4021,0.333594
4022,0.182020
4023,0.095637
4024,0.033419
4025,0.777936
4026,0.823051
4027,0.067757
4028,0.274422
4029,0.324546
4030,0.057934
4031,0.845938
4032,0.485747
4033,0.238797
4034,0.301616
4035,0.254720
4036,0.195581
4037,0.117501
4038,0.955226
4039,0.077872
4040,0.666132
4041,0.968182
4042,0.286398
4043,0.418006
4044,0.186228
4045,0.021143
4046,0.103254
4047,0.527667
4048,0.494893
4049,0.428513
4050,0.453167
4051,0.470288
4052,0.469493
4053,0.825612
4054,0.313285
4055,0.106890
4056,0.418089
4057,0.633500
4058,0.716740
4059,0.345388
4060,0.461243
4061,0.942915
4062,0.500157
4063,0.668877
4064,0.651648
4065,0.585727
4066,0.160857
4067,0.705610
4068,0.153616
4069,0.175755
4070,0.354700
4071,0.965397
4072,0.008819
4073,0.309913
4074,0.404461
4075,0.212753
4076,0.735388
4077,0.368394
4078,0.643166
4079,0.606957
4080,0.014012
4081,0.784673
4082,0.878344
4083,0.614007
4084,0.309399
4085,0.473957
4086,0.525432
4087,0.155637
4088,0.458614
4089,0.143379
4090,0.580131
4091,0.053186
4092,0.575082
4093,0.660401
4094,0.155913
4095,0.159453
4096,0.172411
4097,0.563346
4098,0.167581
4099,0.926204
4100,0.710711
4101,0.440153
4102,0.473336
4103,0.579041
4104,0.952224
4105,0.719498
4106,0.598445
4107,0.765305
4108,0.968990
4109,0.905210
4110,0.369434
4111,0.020036
4112,0.940283
4113,0.622120
4114,0.384691
4115,0.115979
4116,0.221141
4117,0.979456
4118,0.300112
4119,0.531817
4120,0.930378
4121,0.718960
4122,0.799982
4123,0.082061
4124,0.692003
4125,0.100404
4126,0.467190
4127,0.410225
4128,0.514425
4129,0.674748
4130,0.156915
4131,0.617508
4132,0.837749
4133,0.920628
4134,0.206125
4135,0.624236
4136,0.216142
4137,0.838970
4138,0.013663
4139,0.233236
4140,0.988064
4141,0.818957
4142,0.440602
4143,0.426557
4144,0.937054
4145,0.496809
4146,0.501770
4147,0.556539
4148,0.511255
4149,0.221632
4150,0.619702
4151,0.251966
4152,0.178934
4153,0.533602
4154,0.723865
4155,0.789510
4156,0.334618
4157,0.044094
4158,0.855287
4159,0.581779
4160,0.619141
4161,0.650608
4162,0.089314
4163,0.066897
4164,0.925915
4165,0.618332
4166,0.108665
4167,0.951164
4168,0.573560
4169,0.514873
4170,0.996431
4171,0.253040
4172,0.830514
4173,0.265278
4174,0.174751
4175,0.633918
4176,0.238085
4177,0.050655
4178,0.772906
4179,0.560122
4180,0.884447
4181,0.634913
4182,0.058950
4183,0.794876
4184,0.917725
4185,0.812676
4186,0.894483
4187,0.352737
4188,0.181735
4189,0.376463
4190,0.001343
4191,0.566956
4192,0.860015
4193,0.473984
4194,0.843399
4195,0.438885
4196,0.991918
4197,0.806029
4198,0.476638
4199,0.869614
4200,0.160128
4201,0.719246
4202,0.520915
4203,0.466314
4204,0.346914
4205,0.350717
4206,0.720384
4207,0.508773
4208,0.622912
4209,0.608576
4210,0.681279
4211,0.453507
4212,0.492852
4213,0.659595
4214,0.300218
4215,0.255970
4216,0.164876
4217,0.975649
4218,0.986841
4219,0.089035
4220,0.602788
4221,0.969749
4222,0.507791
4223,0.676468
4224,0.311983
4225,0.346793
4226,0.987226
4227,0.623243
4228,0.131368
4229,0.712487
4230,0.815891
4231,0.189475
4232,0.103181
4233,0.417638
4234,0.023974
4235,0.665092
4236,0.264170
4237,0.425525
4238,0.289923
4239,0.422303
4240,0.738502
4241,0.887241
4242,0.060742
4243,0.330702
4244,0.955212
4245,0.368506
4246,0.235241
4247,0.050725
4248,0.283641
4249,0.728746
4250,0.683107
4251,0.498749
4252,0.036993
4253,0.801684
4254,0.227800
4255,0.249344
4256,0.472283
4257,0.018155
4258,0.843103
4259,0.055538
4260,0.959819
4261,0.897406
4262,0.694303
4263,0.858308
4264,0.133886
4265,0.659606
4266,0.864926
4267,0.049988
4268,0.890624
4269,0.510633
4270,0.544013
4271,0.135688
4272,0.512150
4273,0.080708
4274,0.126978
4275,0.888245
4276,0.743852
4277,0.315459
4278,0.126319
4279,0.549284
4280,0.919861
4281,0.689501
4282,0.544306
4283,0.094186
4284,0.179170
4285,0.660737
4286,0.527436
4287,0.745396
4288,0.764205
4289,0.205852
4290,0.764953
4291,0.259162
4292,0.179795
4293,0.760511
4294,0.845746
4295,0.704290
4296,0.587287
4297,0.971386
4298,0.465583
4299,0.166086
4300,0.435931
4301,0.996991
4302,0.182853
4303,0.359496
4304,0.602278
4305,0.149724
4306,0.329331
4307,0.300599
4308,0.911965
4309,0.877150
4310,0.407137
4311,0.086311
4312,0.933671
4313,0.864076
4314,0.245810
4315,0.148542
4316,0.847614
4317,0.853726
4318,0.805659
4319,0.045049
4320,0.800518
4321,0.077343
4322,0.637361
4323,0.558477
4324,0.716622
4325,0.659210
4326,0.012248
4327,0.721684
4328,0.963342
4329,0.125086
4330,0.439354
4331,0.339586
4332,0.202335
4333,0.191220
4334,0.565312
4335,0.380306
4336,0.311443
4337,0.433339
4338,0.346203
4339,0.684783
4340,0.458753
4341,0.368991
4342,0.490853
4343,0.959452
4344,0.833554
4345,0.210789
4346,0.053829
4347,0.246548
4348,0.400127
4349,0.044631
4350,0.177768
4351,0.194357
4352,0.964527
4353,0.607568
4354,0.391042
4355,0.344415
4356,0.910141
4357,0.378514
4358,0.550878
4359,0.047323
4360,0.938921
4361,0.708409
4362,0.799011
4363,0.368916
4364,0.785538
4365,0.553187
4366,0.461914
4367,0.894747
4368,0.001141
4369,0.323633
4370,0.562294
4371,0.415902
4372,0.996124
4373,0.216283
4374,0.431296
4375,0.758798
4376,0.388997
4377,0.530558
4378,0.940260
4379,0.998197
4380,0.513673
4381,0.241626
4382,0.455313
4383,0.594715
4384,0.811555
4385,0.274927
4386,0.481911
4387,0.000076
4388,0.535194
4389,0.224446
4390,0.787566
4391,0.320495
4392,0.854969
4393,0.326869
4394,0.688951
4395,0.245413
4396,0.833333
4397,0.012957
4398,0.986338
4399,0.474512
4400,0.900609
4401,0.494747
4402,0.479555
4403,0.107820
4404,0.243581
4405,0.523330
4406,0.008033
4407,0.413961
4408,0.650120
4409,0.499609
4410,0.128159
4411,0.007358
4412,0.163423
4413,0.343787
4414,0.739754
4415,0.273222
4416,0.620895
4417,0.275206
4418,0.180962
4419,0.659840
4420,0.210324
4421,0.189021
4422,0.001207
4423,0.426648
4424,0.071364
4425,0.387064
4426,0.310969
4427,0.072325
4428,0.202476
4429,0.506615
4430,0.233977
4431,0.633250
4432,0.015996
4433,0.348603
4434,0.206998
4435,0.509561
4436,0.107828
4437,0.636062
4438,0.334464
4439,0.637410
4440,0.824115
4441,0.122908
4442,0.707863
4443,0.483166
4444,0.623143
4445,0.481979
4446,0.218108
4447,0.731212
4448,0.216129
4449,0.795710
4450,0.414245
4451,0.803203
4452,0.864849
4453,0.599366
4454,0.812911
4455,0.285093
4456,0.443308
4457,0.928164
4458,0.224503
4459,0.528615
4460,0.713262
4461,0.371574
4462,0.151472
4463,0.080902
4464,0.391365
4465,0.185782
4466,0.507676
4467,0.988134
4468,0.854728
4469,0.244776
4470,0.421197
4471,0.061116
4472,0.653374
4473,0.569931
4474,0.577157
4475,0.964581
4476,0.530077
4477,0.252818
4478,0.804640
4479,0.614116
4480,0.709247
4481,0.478047
4482,0.135840
4483,0.899460
4484,0.205348
4485,0.255199
4486,0.950692
4487,0.458006
4488,0.387028
4489,0.161000
4490,0.399296
4491,0.008576
4492,0.195225
4493,0.664714
4494,0.625575
4495,0.502003
4496,0.587669
4497,0.599352
4498,0.130028
4499,0.206229
4500,0.648390
4501,0.173140
4502,0.590630
4503,0.953630
4504,0.630424
4505,0.441934
4506,0.726116
4507,0.436865
4508,0.061104
4509,0.147378
4510,0.584305
4511,0.619971
4512,0.159324
4513,0.000995
4514,0.285926
4515,0.717162
4516,0.877100
4517,0.502598
4518,0.958162
4519,0.418449
4520,0.527701
4521,0.775866
4522,0.651607
4523,0.913341
4524,0.762130
4525,0.915223
4526,0.433407
4527,0.290267
4528,0.003406
4529,0.959984
4530,0.737915
4531,0.220728
4532,0.131949
4533,0.610256
4534,0.770908
4535,0.128506
4536,0.697662
4537,0.452350
4538,0.373993
4539,0.735977
4540,0.602145
4541,0.127154
4542,0.194618
4543,0.940878
4544,0.924512
4545,0.400729
4546,0.635301
4547,0.474661
4548,0.765777
4549,0.430589
4550,0.335880
4551,0.897288
4552,0.749330
4553,0.629872
4554,0.282396
4555,0.545073
4556,0.300752
4557,0.749574
4558,0.949247
4559,0.743421
4560,0.001704
4561,0.124141
4562,0.938502
4563,0.118645
4564,0.366772
4565,0.511551
4566,0.456027
4567,0.662518
4568,0.055866
4569,0.179292
4570,0.136043
4571,0.184904
4572,0.485564
4573,0.217577
4574,0.664915
4575,0.074081
4576,0.506071
4577,0.633412
4578,0.283208
4579,0.226184
4580,0.517320
4581,0.568131
4582,0.864652
4583,0.202529
4584,0.884017
4585,0.842796
4586,0.558027
4587,0.636015
4588,0.273788
4589,0.219314
4590,0.285005
4591,0.100394
4592,0.247194
4593,0.146302
4594,0.876148
4595,0.214086
4596,0.446947
4597,0.962575
4598,0.685971
4599,0.755686
4600,0.092637
4601,0.064240
4602,0.302265
4603,0.429349
4604,0.090642
4605,0.543073
4606,0.386221
4607,0.474663
4608,0.962526
4609,0.091064
4610,0.909799
4611,0.446186
4612,0.511157
4613,0.417221
4614,0.902241
4615,0.910981
4616,0.258291
4617,0.616284
4618,0.924474
4619,0.777782
4620,0.916784
4621,0.432019
4622,0.722869
4623,0.299842
4624,0.676677
4625,0.020680
4626,0.401414
4627,0.410229
4628,0.824085
4629,0.500347
4630,0.415099
4631,0.872643
4632,0.370489
4633,0.801409
4634,0.268640
4635,0.357571
4636,0.405527
4637,0.921256
4638,0.372847
4639,0.281382
4640,0.423909
4641,0.435070
4642,0.929610
4643,0.997877
4644,0.987850
4645,0.076361
4646,0.749848
4647,0.452118
4648,0.277880
4649,0.722080
4650,0.057458
4651,0.761162
4652,0.214165
4653,0.658539
4654,0.487880
4655,0.190530
4656,0.768548
4657,0.949002
4658,0.231350
4659,0.795697
4660,0.515119
4661,0.589111
4662,0.311999
4663,0.367594
4664,0.578706
4665,0.038065
4666,0.741592
4667,0.146986
4668,0.308010
4669,0.193458
4670,0.526749
4671,0.986119
4672,0.492747
4673,0.054478
4674,0.073606
4675,0.898897
4676,0.235112
4677,0.219322
4678,0.119130
4679,0.901564
4680,0.458413
4681,0.177545
4682,0.197401
4683,0.704755
4684,0.143932
4685,0.727177
4686,0.688052
4687,0.133035
4688,0.326303
4689,0.476812
4690,0.303491
4691,0.582722
4692,0.328103
4693,0.972685
4694,0.191945
4695,0.722032
4696,0.493213
4697,0.674424
4698,0.981283
4699,0.397618
4700,0.722814
4701,0.420172
4702,0.055486
4703,0.638559
4704,0.146921
4705,0.379161
4706,0.301894
4707,0.067914
4708,0.342462
4709,0.246660
4710,0.651849
4711,0.952575
4712,0.616778
4713,0.227435
4714,0.044105
4715,0.448361
4716,0.026647
4717,0.291731
4718,0.747977
4719,0.694915
4720,0.180376
4721,0.483432
4722,0.932045
4723,0.798561
4724,0.323880
4725,0.096687
4726,0.362926
4727,0.400731
4728,0.552195
4729,0.181420
4730,0.065138
4731,0.053409
4732,0.416913
4733,0.898443
4734,0.279420
4735,0.161611
4736,0.882144
4737,0.635621
4738,0.774880
4739,0.707134
4740,0.982242
4741,0.244953
4742,0.908555
4743,0.329551
4744,0.339875
4745,0.624483
4746,0.363039
4747,0.355919
4748,0.115186
4749,0.557929
4750,0.765276
4751,0.930493
4752,0.324098
4753,0.677116
4754,0.539825
4755,0.575593
4756,0.093899
4757,0.305467
4758,0.409743
4759,0.457264
4760,0.866074
4761,0.726585
4762,0.305109
4763,0.113098
4764,0.038120
4765,0.591045
4766,0.589347
4767,0.734920
4768,0.856982
4769,0.717699
4770,0.115852
4771,0.153357
4772,0.436315
4773,0.054510
4774,0.729382
4775,0.020944
4776,0.164520
4777,0.267902
4778,0.106052
4779,0.954820
4780,0.977147
4781,0.597525
4782,0.974724
4783,0.474843
4784,0.619241
4785,0.466569
4786,0.205488
4787,0.832813
4788,0.470309
4789,0.052346
4790,0.064585
4791,0.088998
4792,0.817860
4793,0.963297
4794,0.389424
4795,0.050835
4796,0.984036
4797,0.127331
4798,0.766490
4799,0.747385
4800,0.705816
4801,0.755791
4802,0.055099
4803,0.118289
4804,0.217056
4805,0.110515
4806,0.660151
4807,0.907987
4808,0.463722
4809,0.387423
4810,0.282379
4811,0.512023
4812,0.553992
4813,0.779700
4814,0.933259
4815,0.588404
4816,0.641216
4817,0.237979
4818,0.505981
4819,0.499865
4820,0.986810
4821,0.770311
4822,0.130560
4823,0.725262
4824,0.564792
4825,0.788209
4826,0.173455
4827,0.437788
4828,0.125649
4829,0.283053
4830,0.211428
4831,0.670476
4832,0.552548
4833,0.567989
4834,0.208115
4835,0.317017
4836,0.296942
4837,0.354456
4838,0.187512
4839,0.053110
4840,0.917252
4841,0.626273
4842,0.956088
4843,0.314048
4844,0.526747
4845,0.467958
4846,0.100465
4847,0.902371
4848,0.769684
4849,0.039881
4850,0.647806
4851,0.317354
4852,0.720492
4853,0.709378
4854,0.778134
4855,0.584672
4856,0.772290
4857,0.486296
4858,0.497916
4859,0.329540
4860,0.416148
4861,0.757654
4862,0.414851
4863,0.148062
4864,0.734327
4865,0.579328
4866,0.033372
4867,0.507350
4868,0.523834
4869,0.034461
4870,0.553862
4871,0.643971
4872,0.628606
4873,0.422620
4874,0.966250
4875,0.634223
4876,0.230672
4877,0.167462
4878,0.854396
4879,0.769135
4880,0.825083
4881,0.882140
4882,0.326142
4883,0.374222
4884,0.500675
4885,0.809284
4886,0.906989
4887,0.126187
4888,0.323720
4889,0.567203
4890,0.262892
4891,0.755362
4892,0.962363
4893,0.814679
4894,0.546470
4895,0.479954
4896,0.733620
4897,0.853763
4898,0.585110
4899,0.850077
4900,0.113185
4901,0.834680
4902,0.610892
4903,0.335248
4904,0.341935
4905,0.606761
4906,0.106552
4907,0.753105
4908,0.341093
4909,0.364593
4910,0.862584
4911,0.589746
4912,0.270433
4913,0.828203
4914,0.308221
4915,0.918926
4916,0.654234
4917,0.702749
4918,0.946916
4919,0.725746
4920,0.253701
4921,0.923983
4922,0.972093
4923,0.043181
4924,0.876648
4925,0.453523
4926,0.127457
4927,0.820621
4928,0.712068
4929,0.222046
4930,0.947579
4931,0.805088
4932,0.774282
4933,0.933191
4934,0.477627
4935,0.397044
4936,0.338030
4937,0.719421
4938,0.239187
4939,0.878853
4940,0.182177
4941,0.052364
4942,0.693995
4943,0.070464
4944,0.261094
4945,0.550199
4946,0.442447
4947,0.408362
4948,0.562587
4949,0.843340
4950,0.680848
4951,0.602412
4952,0.525518
4953,0.541530
4954,0.766685
4955,0.701694
4956,0.544921
4957,0.548135
4958,0.966536
4959,0.755814
4960,0.005556
4961,0.717513
4962,0.479882
4963,0.607659
4964,0.868018
4965,0.120091
4966,0.184615
4967,0.620738
4968,0.041441
4969,0.556189
4970,0.967012
4971,0.570591
4972,0.389545
4973,0.144733
4974,0.299742
4975,0.784413
4976,0.539659
4977,0.726257
4978,0.111926
4979,0.821191
4980,0.739107
4981,0.045413
4982,0.381560
4983,0.844431
4984,0.672782
4985,0.733364
4986,0.973541
4987,0.917962
4988,0.193131
4989,0.002999
4990,0.069133
4991,0.782435
4992,0.100688
4993,0.392857
4994,0.522270
4995,0.140947
4996,0.836786
4997,0.151881
4998,0.665384
4999,0.719662
5000,0.180288
5001,0.132052
5002,0.405454
5003,0.696026
5004,0.643555
5005,0.307842
5006,0.245609
5007,0.801255
5008,0.913415
5009,0.278336
5010,0.006236
5011,0.736156
5012,0.269498
5013,0.464080
5014,0.493677
5015,0.715369
5016,0.858596
5017,0.702614
5018,0.887478
5019,0.914149
5020,0.186689
5021,0.631500
5022,0.137993
5023,0.003136
5024,0.628968
5025,0.390386
5026,0.299724
5027,0.531666
5028,0.992795
5029,0.806422
5030,0.106336
5031,0.249902
5032,0.610834
5033,0.882612
5034,0.864919
5035,0.172858
5036,0.215477
5037,0.011331
5038,0.110175
5039,0.622421
5040,0.840325
5041,0.631025
5042,0.908623
5043,0.350570
5044,0.091131
5045,0.667530
5046,0.488976
5047,0.021253
5048,0.683704
5049,0.475510
5050,0.440803
5051,0.816509
5052,0.111732
5053,0.452034
5054,0.360381
5055,0.093869
5056,0.853841
5057,0.177653
5058,0.897967
5059,0.403839
5060,0.519139
5061,0.269425
5062,0.145839
5063,0.130110
5064,0.253203
5065,0.703077
5066,0.724232
5067,0.319896
5068,0.901861
5069,0.771414
5070,0.897241
5071,0.382577
5072,0.266104
5073,0.159910
5074,0.134886
5075,0.747974
5076,0.660674
5077,0.491235
5078,0.530983
5079,0.929222
5080,0.214725
5081,0.039659
5082,0.332681
5083,0.345847
5084,0.025647
5085,0.891624
5086,0.992805
5087,0.080686
5088,0.411242
5089,0.135895
5090,0.683037
5091,0.371757
5092,0.980234
5093,0.674854
5094,0.450756
5095,0.443552
5096,0.182524
5097,0.265258
5098,0.529413
5099,0.021130
5100,0.375635
5101,0.610558
5102,0.733750
5103,0.054762
5104,0.083625
5105,0.339013
5106,0.995721
5107,0.952352
5108,0.738703
5109,0.859778
5110,0.169183
5111,0.936645
5112,0.831946
5113,0.585763
5114,0.915817
5115,0.855569
5116,0.739179
5117,0.792832
5118,0.856820
5119,0.255271
5120,0.957251
5121,0.237967
5122,0.213666
5123,0.804845
5124,0.114991
5125,0.914423
5126,0.432721
5127,0.699068
5128,0.304718
5129,0.748468
5130,0.230409
5131,0.149896
5132,0.573954
5133,0.573559
5134,0.782132
5135,0.713249
5136,0.020172
5137,0.772535
5138,0.214548
5139,0.631906
5140,0.398008
5141,0.638781
5142,0.451408
5143,0.026233
5144,0.088369
5145,0.010826
5146,0.241863
5147,0.120804
5148,0.243021
5149,0.100487
5150,0.621465
5151,0.790042
5152,0.486764
5153,0.335962
5154,0.929251
5155,0.558994
5156,0.046837
5157,0.143585
5158,0.072920
5159,0.317869
5160,0.572050
5161,0.333366
5162,0.077037
5163,0.373041
5164,0.228370
5165,0.503790
5166,0.708951
5167,0.366649
5168,0.402627
5169,0.348015
5170,0.518813
5171,0.777065
5172,0.764945
5173,0.389618
5174,0.182531
5175,0.997273
5176,0.644506
5177,0.914079
5178,0.854590
5179,0.849465
5180,0.210309
5181,0.555169
5182,0.564766
5183,0.013813
5184,0.488716
5185,0.410540
5186,0.002315
5187,0.375554
5188,0.966289
5189,0.228046
5190,0.404152
5191,0.663197
5192,0.525322
5193,0.623069
5194,0.668218
5195,0.664578
5196,0.392520
5197,0.171951
5198,0.268464
5199,0.124178
5200,0.048431
5201,0.477911
5202,0.421981
5203,0.161666
5204,0.568419
5205,0.074225
5206,0.377905
5207,0.723839
5208,0.147819
5209,0.754513
5210,0.874190
5211,0.865352
5212,0.605205
5213,0.628027
5214,0.226012
5215,0.755004
5216,0.852197
5217,0.199851
5218,0.756712
5219,0.015063
5220,0.906330
5221,0.237349
5222,0.313479
5223,0.668778
5224,0.735551
5225,0.068345
5226,0.928926
5227,0.821167
5228,0.848963
5229,0.977925
5230,0.310848
5231,0.644942
5232,0.893996
5233,0.154740
5234,0.306592
5235,0.084241
5236,0.083981
5237,0.881195
5238,0.538751
5239,0.221993
5240,0.199278
5241,0.285260
5242,0.267405
5243,0.407803
5244,0.954763
5245,0.717184
5246,0.496257
5247,0.402379
5248,0.298642
5249,0.649013
5250,0.548275
5251,0.682154
5252,0.744222
5253,0.135824
5254,0.278985
5255,0.648121
5256,0.071288
5257,0.615943
5258,0.855284
5259,0.782409
5260,0.483317
5261,0.153727
5262,0.823325
5263,0.069997
5264,0.712880
5265,0.444329
5266,0.943727
5267,0.019950
5268,0.493849
5269,0.212331
5270,0.629661
5271,0.510047
5272,0.908833
5273,0.101238
5274,0.707571
5275,0.780284
5276,0.519935
5277,0.785043
5278,0.599174
5279,0.078564
5280,0.104116
5281,0.027371
5282,0.970654
5283,0.382043
5284,0.153354
5285,0.066427
5286,0.157499
5287,0.366634
5288,0.408479
5289,0.272345
5290,0.023576
5291,0.976913
5292,0.803586
5293,0.517191
5294,0.791911
5295,0.247787
5296,0.539284
5297,0.048107
5298,0.651420
5299,0.041970
5300,0.124402
5301,0.595706
5302,0.669521
5303,0.522746
5304,0.428328
5305,0.372421
5306,0.469981
5307,0.790095
5308,0.424512
5309,0.525297
5310,0.273017
5311,0.814808
5312,0.621624
5313,0.313556
5314,0.778948
5315,0.601133
5316,0.446488
5317,0.474735
5318,0.043119
5319,0.760007
5320,0.254243
5321,0.409882
5322,0.584014
5323,0.238645
5324,0.848205
5325,0.543539
5326,0.023103
5327,0.229700
5328,0.305299
5329,0.887785
5330,0.104646
5331,0.488067
5332,0.036784
5333,0.347672
5334,0.937936
5335,0.727298
5336,0.096489
5337,0.322951
5338,0.576763
5339,0.460137
5340,0.117815
5341,0.028814
5342,0.936054
5343,0.423600
5344,0.256353
5345,0.138399
5346,0.586794
5347,0.911981
5348,0.292425
5349,0.264411
5350,0.797586
5351,0.982424
5352,0.788968
5353,0.241841
5354,0.646299
5355,0.844474
5356,0.164018
5357,0.582225
5358,0.984435
5359,0.083442
5360,0.313049
5361,0.759084
5362,0.460028
5363,0.119949
5364,0.070362
5365,0.906895
5366,0.029346
5367,0.017837
5368,0.830814
5369,0.766156
5370,0.314842
5371,0.237619
5372,0.141902
5373,0.619014
5374,0.080928
5375,0.227800
5376,0.352873
5377,0.078995
5378,0.290912
5379,0.643335
5380,0.716772
5381,0.292988
5382,0.628947
5383,0.485124
5384,0.390051
5385,0.364783
5386,0.152144
5387,0.773077
5388,0.116504
5389,0.923795
5390,0.736647
5391,0.078482
5392,0.027351
5393,0.970231
5394,0.255878
5395,0.777932
5396,0.320823
5397,0.601019
5398,0.561352
5399,0.636968
5400,0.230978
5401,0.669489
5402,0.045959
5403,0.471829
5404,0.249164
5405,0.382987
5406,0.841658
5407,0.811229
5408,0.153419
5409,0.131972
5410,0.612902
5411,0.600019
5412,0.908523
5413,0.452027
5414,0.066494
5415,0.978570
5416,0.249541
5417,0.368785
5418,0.438619
5419,0.630603
5420,0.293595
5421,0.351806
5422,0.297763
5423,0.343924
5424,0.845326
5425,0.930257
5426,0.253366
5427,0.220396
5428,0.051324
5429,0.005393
5430,0.746168
5431,0.224674
5432,0.780524
5433,0.587121
5434,0.913320
5435,0.733382
5436,0.970156
5437,0.311731
5438,0.621586
5439,0.623994
5440,0.891435
5441,0.087533
5442,0.406993
5443,0.746772
5444,0.100400
5445,0.832136
5446,0.531520
5447,0.550460
5448,0.277535
5449,0.044304
5450,0.898776
5451,0.011438
5452,0.909295
5453,0.558956
5454,0.372502
5455,0.898309
5456,0.058116
5457,0.380640
5458,0.055426
5459,0.879681
5460,0.950516
5461,0.115426
5462,0.178119
5463,0.163718
5464,0.075484
5465,0.514207
5466,0.803954
5467,0.977580
5468,0.369148
5469,0.500256
5470,0.991995
5471,0.641924
5472,0.529312
5473,0.015224
5474,0.669623
5475,0.078952
5476,0.376947
5477,0.798190
5478,0.609591
5479,0.918170
5480,0.339834
5481,0.405910
5482,0.053550
5483,0.647515
5484,0.756840
5485,0.562683
5486,0.372290
5487,0.699608
5488,0.577854
5489,0.516171
5490,0.208937
5491,0.714162
5492,0.348669
5493,0.127892
5494,0.810458
5495,0.785384
5496,0.194472
5497,0.511686
5498,0.358613
5499,0.056080
5500,0.015009
5501,0.583895
5502,0.209910
5503,0.447751
5504,0.903575
5505,0.942928
5506,0.170390
5507,0.650309
5508,0.271776
5509,0.948050
5510,0.087632
5511,0.978013
5512,0.059960
5513,0.319386
5514,0.649583
5515,0.014038
5516,0.278619
5517,0.486561
5518,0.589503
5519,0.267543
5520,0.203616
5521,0.985537
5522,0.794567
5523,0.593185
5524,0.947314
5525,0.397116
5526,0.499256
5527,0.767768
5528,0.064395
5529,0.205687
5530,0.460923
5531,0.348780
5532,0.492962
5533,0.469675
5534,0.526673
5535,0.358485
5536,0.525673
5537,0.301353
5538,0.139019
5539,0.428323
5540,0.826854
5541,0.098616
5542,0.531374
5543,0.072260
5544,0.105057
5545,0.893933
5546,0.706557
5547,0.255159
5548,0.355556
5549,0.970510
5550,0.173925
5551,0.494077
5552,0.378035
5553,0.400801
5554,0.666443
5555,0.508479
5556,0.445993
5557,0.725686
5558,0.962563
5559,0.384792
5560,0.951742
5561,0.757414
5562,0.021415
5563,0.405676
5564,0.154813
5565,0.976966
5566,0.661489
5567,0.193767
5568,0.349180
5569,0.364942
5570,0.965303
5571,0.198422
5572,0.014780
5573,0.374765
5574,0.824672
5575,0.657468
5576,0.251326
5577,0.300107
5578,0.564841
5579,0.633907
5580,0.979143
5581,0.637223
5582,0.110589
5583,0.138604
5584,0.726048
5585,0.163806
5586,0.605638
5587,0.744918
5588,0.528781
5589,0.595159
5590,0.492962
5591,0.199375
5592,0.731571
5593,0.069067
5594,0.214351
5595,0.430918
5596,0.722993
5597,0.862060
5598,0.259868
5599,0.829794
5600,0.946441
5601,0.410841
5602,0.486526
5603,0.691887
5604,0.019866
5605,0.786232
5606,0.444694
5607,0.015946
5608,0.650783
5609,0.823152
5610,0.300047
5611,0.430624
5612,0.307563
5613,0.554450
5614,0.581232
5615,0.008776
5616,0.242042
5617,0.828850
5618,0.986911
5619,0.486399
5620,0.263289
5621,0.566394
5622,0.229592
5623,0.025552
5624,0.575812
5625,0.774813
5626,0.536807
5627,0.987222
5628,0.351157
5629,0.508093
5630,0.944788
5631,0.279473
5632,0.159509
5633,0.063691
5634,0.729623
5635,0.456600
5636,0.010398
5637,0.481954
5638,0.793822
5639,0.029380
5640,0.156468
5641,0.551961
5642,0.198773
5643,0.820596
5644,0.410792
5645,0.198375
5646,0.836751
5647,0.483385
5648,0.229815
5649,0.332468
5650,0.115203
5651,0.545736
5652,0.185646
5653,0.098175
5654,0.118090
5655,0.928771
5656,0.604882
5657,0.590816
5658,0.167758
5659,0.501088
5660,0.238481
5661,0.854154
5662,0.299542
5663,0.586600
5664,0.143297
5665,0.852788
5666,0.449193
5667,0.904496
5668,0.994567
5669,0.717426
5670,0.846415
5671,0.473574
5672,0.208306
5673,0.649773
5674,0.826824
5675,0.591470
5676,0.987207
5677,0.390349
5678,0.431367
5679,0.917644
5680,0.101160
5681,0.314112
5682,0.729726
5683,0.608362
5684,0.299848
5685,0.424738
5686,0.511166
5687,0.539871
5688,0.237833
5689,0.306600
5690,0.199644
5691,0.097714
5692,0.212602
5693,0.627253
5694,0.333558
5695,0.686781
5696,0.560160
5697,0.611535
5698,0.263749
5699,0.651180
5700,0.286335
5701,0.943708
5702,0.420153
5703,0.624640
5704,0.847761
5705,0.772918
5706,0.370962
5707,0.215959
5708,0.529978
5709,0.875168
5710,0.894542
5711,0.383464
5712,0.018852
5713,0.155489
5714,0.634601
5715,0.268282
5716,0.009817
5717,0.813453
5718,0.888122
5719,0.053265
5720,0.720963
5721,0.042301
5722,0.989911
5723,0.706170
5724,0.191253
5725,0.401304
5726,0.666920
5727,0.895780
5728,0.819742
5729,0.091313
5730,0.646182
5731,0.960411
5732,0.172841
5733,0.567807
5734,0.983633
5735,0.192739
5736,0.022007
5737,0.887182
5738,0.824674
5739,0.095003
5740,0.572641
5741,0.410943
5742,0.389801
5743,0.809922
5744,0.603163
5745,0.072906
5746,0.233819
5747,0.416722
5748,0.349360
5749,0.632476
5750,0.944192
5751,0.040113
5752,0.447373
5753,0.191519
5754,0.049902
5755,0.389508
5756,0.114394
5757,0.509235
5758,0.850713
5759,0.588210
5760,0.203448
5761,0.054923
5762,0.715840
5763,0.881396
5764,0.002210
5765,0.788934
5766,0.965127
5767,0.326711
5768,0.817963
5769,0.023583
5770,0.391297
5771,0.983147
5772,0.557269
5773,0.745605
5774,0.946326
5775,0.487666
5776,0.850955
5777,0.037532
5778,0.245753
5779,0.163719
5780,0.206771
5781,0.625612
5782,0.182166
5783,0.670643
5784,0.854181
5785,0.790927
5786,0.004770
5787,0.413683
5788,0.956525
5789,0.220987
5790,0.966894
5791,0.992991
5792,0.299350
5793,0.567129
5794,0.515908
5795,0.394137
5796,0.411080
5797,0.879432
5798,0.978896
5799,0.242409
5800,0.582843
5801,0.613254
5802,0.906025
5803,0.622243
5804,0.301345
5805,0.437561
5806,0.897433
5807,0.287533
5808,0.998315
5809,0.188182
5810,0.425924
5811,0.918473
5812,0.965433
5813,0.866313
5814,0.862723
5815,0.910124
5816,0.905855
5817,0.894056
5818,0.262602
5819,0.985213
5820,0.656321
5821,0.247217
5822,0.987960
5823,0.111787
5824,0.808781
5825,0.296364
5826,0.212329
5827,0.141534
5828,0.874732
5829,0.621401
5830,0.384297
5831,0.465903
5832,0.692773
5833,0.554649
5834,0.371362
5835,0.760330
5836,0.500419
5837,0.743443
5838,0.069401
5839,0.046782
5840,0.049395
5841,0.865308
5842,0.444336
5843,0.552762
5844,0.495169
5845,0.700689
5846,0.888774
5847,0.517571
5848,0.440528
5849,0.267348
5850,0.969541
5851,0.873520
5852,0.820618
5853,0.530095
5854,0.797409
5855,0.097915
5856,0.423492
5857,0.419142
5858,0.688613
5859,0.279023
5860,0.915610
5861,0.192608
5862,0.750083
5863,0.394118
5864,0.540866
5865,0.568318
5866,0.437879
5867,0.534378
5868,0.370931
5869,0.327212
5870,0.038512
5871,0.494912
5872,0.067781
5873,0.392851
5874,0.973608
5875,0.995018
5876,0.311282
5877,0.879702
5878,0.532863
5879,0.284983
5880,0.598040
5881,0.560109
5882,0.221823
5883,0.548475
5884,0.787483
5885,0.063058
5886,0.705484
5887,0.849174
5888,0.687337
5889,0.852392
5890,0.050751
5891,0.247506
5892,0.744491
5893,0.385437
5894,0.367021
5895,0.429513
5896,0.172405
5897,0.288990
5898,0.764770
5899,0.473575
5900,0.448367
5901,0.754479
5902,0.698442
5903,0.902156
5904,0.901180
5905,0.719173
5906,0.345692
5907,0.962058
5908,0.261112
5909,0.368530
5910,0.484598
5911,0.512868
5912,0.937740
5913,0.032608
5914,0.370308
5915,0.545946
5916,0.086269
5917,0.092671
5918,0.883451
5919,0.503337
5920,0.954752
5921,0.362141
5922,0.496799
5923,0.360108
5924,0.609542
5925,0.414014
5926,0.941584
5927,0.581758
5928,0.447781
5929,0.095000
5930,0.494942
5931,0.886775
5932,0.284193
5933,0.867805
5934,0.724404
5935,0.565487
5936,0.078980
5937,0.411038
5938,0.666186
5939,0.040678
5940,0.906610
5941,0.327367
5942,0.514864
5943,0.420767
5944,0.660963
5945,0.941392
5946,0.454076
5947,0.403325
5948,0.456555
5949,0.795400
5950,0.106790
5951,0.670274
5952,0.498887
5953,0.698191
5954,0.693394
5955,0.274521
5956,0.863178
5957,0.830376
5958,0.799891
5959,0.608920
5960,0.291520
5961,0.061907
5962,0.632203
5963,0.034217
5964,0.833564
5965,0.521524
5966,0.280958
5967,0.064135
5968,0.346114
5969,0.734108
5970,0.900100
5971,0.300586
5972,0.901147
5973,0.513171
5974,0.846340
5975,0.742305
5976,0.068182
5977,0.673045
5978,0.667974
5979,0.855818
5980,0.569546
5981,0.635417
5982,0.197866
5983,0.193798
5984,0.844372
5985,0.303737
5986,0.495695
5987,0.259472
5988,0.767867
5989,0.850408
5990,0.168674
5991,0.965786
5992,0.440443
5993,0.642550
5994,0.105401
5995,0.369838
5996,0.269360
5997,0.902919
5998,0.781159
5999,0.816718
6000,0.176522
6001,0.744267
6002,0.785562
6003,0.594431
6004,0.344283
6005,0.047836
6006,0.781511
6007,0.909123
6008,0.738628
6009,0.831122
6010,0.209751
6011,0.884284
6012,0.415805
6013,0.542923
6014,0.209220
6015,0.290733
6016,0.395552
6017,0.249492
6018,0.985249
6019,0.259719
6020,0.909215
6021,0.665278
6022,0.905700
6023,0.835643
6024,0.208496
6025,0.321763
6026,0.351477
6027,0.712587
6028,0.409283
6029,0.758092
6030,0.168255
6031,0.206240
6032,0.349505
6033,0.160255
6034,0.735561
6035,0.545144
6036,0.910160
6037,0.754553
6038,0.851770
6039,0.063069
6040,0.323005
6041,0.928848
6042,0.902141
6043,0.802569
6044,0.875329
6045,0.870942
6046,0.142887
6047,0.441950
6048,0.605896
6049,0.713075
6050,0.147091
6051,0.536186
6052,0.379498
6053,0.002923
6054,0.213738
6055,0.384936
6056,0.503576
6057,0.151306
6058,0.594447
6059,0.780661
6060,0.212625
6061,0.651586
6062,0.381824
6063,0.905204
6064,0.096883
6065,0.253919
6066,0.541793
6067,0.122378
6068,0.709786
6069,0.012314
6070,0.304809
6071,0.226029
6072,0.989036
6073,0.196134
6074,0.544928
6075,0.351657
6076,0.581276
6077,0.331489
6078,0.654381
6079,0.262777
6080,0.782978
6081,0.079644
6082,0.752961
6083,0.159000
6084,0.968835
6085,0.550020
6086,0.275333
6087,0.308885
6088,0.507781
6089,0.436224
6090,0.241737
6091,0.200992
6092,0.935272
6093,0.628363
6094,0.381863
6095,0.694354
6096,0.868341
6097,0.382146
6098,0.024229
6099,0.845002
6100,0.908254
6101,0.820294
6102,0.434245
6103,0.609172
6104,0.446714
6105,0.109779
6106,0.206170
6107,0.724858
6108,0.926183
6109,0.067822
6110,0.642310
6111,0.845772
6112,0.139785
6113,0.056580
6114,0.360656
6115,0.921558
6116,0.792360
6117,0.011370
6118,0.376499
6119,0.728310
6120,0.667807
6121,0.108238
6122,0.428349
6123,0.862855
6124,0.522211
6125,0.737411
6126,0.018951
6127,0.821534
6128,0.087141
6129,0.781980
6130,0.224094
6131,0.325531
6132,0.902335
6133,0.439217
6134,0.651750
6135,0.352392
6136,0.831254
6137,0.467776
6138,0.166249
6139,0.469689
6140,0.273835
6141,0.990988
6142,0.869338
6143,0.836494
6144,0.211703
6145,0.906583
6146,0.725268
6147,0.268134
6148,0.784593
6149,0.649437
6150,0.067151
6151,0.321196
6152,0.340875
6153,0.303257
6154,0.805156
6155,0.222354
6156,0.671438
6157,0.359467
6158,0.531967
6159,0.220548
6160,0.800575
6161,0.684127
6162,0.932949
6163,0.842748
6164,0.221892
6165,0.605790
6166,0.919790
6167,0.977123
6168,0.798051
6169,0.696814
6170,0.816856
6171,0.638238
6172,0.846089
6173,0.564920
6174,0.643063
6175,0.755505
6176,0.160362
6177,0.363578
6178,0.868580
6179,0.434572
6180,0.811216
6181,0.893478
6182,0.525729
6183,0.256535
6184,0.520029
6185,0.752933
6186,0.658157
6187,0.022538
6188,0.390692
6189,0.540906
6190,0.502921
6191,0.991879
6192,0.574771
6193,0.219689
6194,0.954009
6195,0.153684
6196,0.927964
6197,0.960200
6198,0.826315
6199,0.385474
6200,0.912286
6201,0.096859
6202,0.202456
6203,0.146844
6204,0.490425
6205,0.201449
6206,0.307647
6207,0.144904
6208,0.970025
6209,0.522214
6210,0.735239
6211,0.860206
6212,0.167898
6213,0.114411
6214,0.673301
6215,0.490677
6216,0.189658
6217,0.297220
6218,0.534273
6219,0.493326
6220,0.327829
6221,0.708955
6222,0.082368
6223,0.090534
6224,0.149808
6225,0.033890
6226,0.071936
6227,0.180966
6228,0.220656
6229,0.922975
6230,0.004011
6231,0.337443
6232,0.419616
6233,0.293826
6234,0.996778
6235,0.675688
6236,0.558926
6237,0.629076
6238,0.329926
6239,0.796745
6240,0.161012
6241,0.706601
6242,0.085901
6243,0.127592
6244,0.000600
6245,0.013377
6246,0.933842
6247,0.366149
6248,0.158968
6249,0.660490
6250,0.665035
6251,0.453615
6252,0.847507
6253,0.837820
6254,0.877601
6255,0.927937
6256,0.978000
6257,0.718130
6258,0.981185
6259,0.101752
6260,0.031572
6261,0.393080
6262,0.483133
6263,0.565933
6264,0.728517
6265,0.370122
6266,0.913888
6267,0.362294
6268,0.347317
6269,0.098232
6270,0.439115
6271,0.152829
6272,0.501404
6273,0.316662
6274,0.476344
6275,0.100859
6276,0.959086
6277,0.376853
6278,0.428281
6279,0.950461
6280,0.448367
6281,0.029928
6282,0.537551
6283,0.567619
6284,0.735600
6285,0.695062
6286,0.171450
6287,0.276401
6288,0.957184
6289,0.794337
6290,0.349656
6291,0.361336
6292,0.309740
6293,0.475603
6294,0.755893
6295,0.434341
6296,0.790547
6297,0.128929
6298,0.578807
6299,0.892756
6300,0.839848
6301,0.170788
6302,0.272748
6303,0.158695
6304,0.736001
6305,0.828983
6306,0.788273
6307,0.685483
6308,0.763296
6309,0.188043
6310,0.807443
6311,0.765940
6312,0.887502
6313,0.985687
6314,0.262164
6315,0.702272
6316,0.687292
6317,0.390252
6318,0.607577
6319,0.469871
6320,0.487078
6321,0.019215
6322,0.994787
6323,0.007266
6324,0.583088
6325,0.028776
6326,0.097526
6327,0.591083
6328,0.128592
6329,0.280853
6330,0.754140
6331,0.154971
6332,0.993264
6333,0.815214
6334,0.053033
6335,0.974892
6336,0.648452
6337,0.764517
6338,0.471609
6339,0.512573
6340,0.064882
6341,0.174332
6342,0.756714
6343,0.254366
6344,0.352257
6345,0.109051
6346,0.492259
6347,0.478191
6348,0.514928
6349,0.867505
6350,0.816658
6351,0.681822
6352,0.725880
6353,0.312467
6354,0.171390
6355,0.413458
6356,0.485428
6357,0.595274
6358,0.032792
6359,0.611398
6360,0.538453
6361,0.541008
6362,0.177690
6363,0.959275
6364,0.120327
6365,0.288890
6366,0.067484
6367,0.271549
6368,0.625061
6369,0.895829
6370,0.642591
6371,0.291618
6372,0.058439
6373,0.692068
6374,0.279471
6375,0.679534
6376,0.707042
6377,0.545353
6378,0.181325
6379,0.162603
6380,0.089150
6381,0.613469
6382,0.285316
6383,0.215558
6384,0.331327
6385,0.993204
6386,0.482128
6387,0.235963
6388,0.831599
6389,0.768256
6390,0.801294
6391,0.849682
6392,0.364091
6393,0.195824
6394,0.105727
6395,0.811072
6396,0.589726
6397,0.965544
6398,0.884767
6399,0.886640
6400,0.843492
6401,0.955452
6402,0.860033
6403,0.004505
6404,0.046441
6405,0.708463
6406,0.894041
6407,0.850992
6408,0.656337
6409,0.776454
6410,0.222499
6411,0.565728
6412,0.559751
6413,0.905974
6414,0.001946
6415,0.947238
6416,0.453528
6417,0.741930
6418,0.268425
6419,0.407322
6420,0.601763
6421,0.384849
6422,0.242984
6423,0.458539
6424,0.838010
6425,0.743360
6426,0.531486
6427,0.539399
6428,0.491184
6429,0.916300
6430,0.967372
6431,0.462168
6432,0.430893
6433,0.008127
6434,0.356144
6435,0.321023
6436,0.476099
6437,0.944761
6438,0.382516
6439,0.371672
6440,0.246629
6441,0.177793
6442,0.199329
6443,0.113533
6444,0.862498
6445,0.913270
6446,0.540489
6447,0.235568
6448,0.110614
6449,0.750610
6450,0.257534
6451,0.769031
6452,0.507004
6453,0.128488
6454,0.534888
6455,0.493544
6456,0.810724
6457,0.286265
6458,0.769596
6459,0.121329
6460,0.179490
6461,0.349761
6462,0.278119
6463,0.029493
6464,0.934370
6465,0.714812
6466,0.405461
6467,0.667363
6468,0.272732
6469,0.941396
6470,0.863358
6471,0.663261
6472,0.502560
6473,0.316952
6474,0.649044
6475,0.397397
6476,0.564584
6477,0.056843
6478,0.452706
6479,0.785152
6480,0.088195
6481,0.173117
6482,0.762007
6483,0.378302
6484,0.470989
6485,0.502422
6486,0.690297
6487,0.172605
6488,0.386789
6489,0.111306
6490,0.665692
6491,0.605954
6492,0.948052
6493,0.234963
6494,0.467756
6495,0.486986
6496,0.354083
6497,0.872285
6498,0.828352
6499,0.676840
6500,0.993785
6501,0.984670
6502,0.076086
6503,0.900974
6504,0.082979
6505,0.799880
6506,0.988880
6507,0.530585
6508,0.365149
6509,0.412592
6510,0.463913
6511,0.958752
6512,0.320235
6513,0.876080
6514,0.086454
6515,0.360150
6516,0.043310
6517,0.278750
6518,0.422906
6519,0.551890
6520,0.865370
6521,0.474865
6522,0.006224
6523,0.692828
6524,0.462850
6525,0.594212
6526,0.439716
6527,0.040458
6528,0.101644
6529,0.210518
6530,0.091879
6531,0.914894
6532,0.661556
6533,0.680586
6534,0.796935
6535,0.484733
6536,0.803242
6537,0.262418
6538,0.099721
6539,0.482849
6540,0.274470
6541,0.862680
6542,0.095589
6543,0.233490
6544,0.247429
6545,0.497060
6546,0.396891
6547,0.841425
6548,0.508472
6549,0.971208
6550,0.344125
6551,0.470534
6552,0.757853
6553,0.381861
6554,0.399954
6555,0.711685
6556,0.965580
6557,0.695232
6558,0.911910
6559,0.692847
6560,0.809300
6561,0.620345
6562,0.765473
6563,0.898271
6564,0.128611
6565,0.737250
6566,0.949585
6567,0.611175
6568,0.622993
6569,0.733504
6570,0.338109
6571,0.216842
6572,0.253198
6573,0.963224
6574,0.328041
6575,0.778089
6576,0.393933
6577,0.358534
6578,0.394977
6579,0.557579
6580,0.022037
6581,0.041231
6582,0.532830
6583,0.586907
6584,0.772554
6585,0.422495
6586,0.718064
6587,0.812613
6588,0.066739
6589,0.396949
6590,0.219131
6591,0.240969
6592,0.270179
6593,0.457341
6594,0.534417
6595,0.754418
6596,0.333170
6597,0.139188
6598,0.562808
6599,0.827018
6600,0.605643
6601,0.727711
6602,0.244049
6603,0.679024
6604,0.116704
6605,0.228078
6606,0.759189
6607,0.151732
6608,0.820061
6609,0.093085
6610,0.268316
6611,0.375714
6612,0.928820
6613,0.269228
6614,0.621808
6615,0.455785
6616,0.185085
6617,0.161170
6618,0.904629
6619,0.303957
6620,0.597145
6621,0.990801
6622,0.797448
6623,0.028901
6624,0.304727
6625,0.440106
6626,0.440244
6627,0.252894
6628,0.102269
6629,0.250301
6630,0.534423
6631,0.248959
6632,0.234266
6633,0.506061
6634,0.238527
6635,0.629007
6636,0.171322
6637,0.362860
6638,0.345121
6639,0.906292
6640,0.145901
6641,0.356329
6642,0.886343
6643,0.489479
6644,0.600414
6645,0.572243
6646,0.832547
6647,0.566777
6648,0.848644
6649,0.877626
6650,0.580024
6651,0.874246
6652,0.676159
6653,0.581901
6654,0.475046
6655,0.437876
6656,0.032972
6657,0.807267
6658,0.351139
6659,0.914442
6660,0.240916
6661,0.560345
6662,0.942639
6663,0.215555
6664,0.329394
6665,0.857872
6666,0.433679
6667,0.692130
6668,0.192382
6669,0.537627
6670,0.482259
6671,0.900882
6672,0.270157
6673,0.059894
6674,0.381109
6675,0.756109
6676,0.653470
6677,0.208774
6678,0.509208
6679,0.410061
6680,0.590466
6681,0.645434
6682,0.286535
6683,0.562532
6684,0.414612
6685,0.903887
6686,0.781453
6687,0.013799
6688,0.049378
6689,0.870492
6690,0.957481
6691,0.994611
6692,0.156970
6693,0.679194
6694,0.295473
6695,0.901881
6696,0.440882
6697,0.312365
6698,0.946472
6699,0.805982
6700,0.664665
6701,0.133448
6702,0.874171
6703,0.842790
6704,0.482551
6705,0.926407
6706,0.193003
6707,0.242366
6708,0.272518
6709,0.611675
6710,0.462393
6711,0.343868
6712,0.062102
6713,0.680604
6714,0.928088
6715,0.222352
6716,0.218501
6717,0.757527
6718,0.937869
6719,0.354908
6720,0.029082
6721,0.000388
6722,0.712005
6723,0.368206
6724,0.079928
6725,0.994818
6726,0.834599
6727,0.890552
6728,0.338995
6729,0.884547
6730,0.605296
6731,0.560528
6732,0.513045
6733,0.886194
6734,0.132559
6735,0.983298
6736,0.668081
6737,0.993522
6738,0.952066
6739,0.009754
6740,0.059748
6741,0.066967
6742,0.555005
6743,0.414039
6744,0.305294
6745,0.029069
6746,0.766005
6747,0.712503
6748,0.853614
6749,0.466090
6750,0.931987
6751,0.560554
6752,0.163580
6753,0.634750
6754,0.074524
6755,0.552687
6756,0.942157
6757,0.399134
6758,0.782294
6759,0.257875
6760,0.477294
6761,0.206822
6762,0.898444
6763,0.098446
6764,0.338093
6765,0.532764
6766,0.832945
6767,0.970785
6768,0.862623
6769,0.294292
6770,0.173370
6771,0.328541
6772,0.933309
6773,0.229236
6774,0.098304
6775,0.309594
6776,0.536314
6777,0.348153
6778,0.336376
6779,0.525909
6780,0.856625
6781,0.138712
6782,0.536483
6783,0.481356
6784,0.037864
6785,0.778110
6786,0.771621
6787,0.818966
6788,0.830806
6789,0.473530
6790,0.131305
6791,0.780890
6792,0.938165
6793,0.520227
6794,0.648738
6795,0.917912
6796,0.760037
6797,0.439025
6798,0.624067
6799,0.213853
6800,0.786799
6801,0.767954
6802,0.657611
6803,0.370019
6804,0.744143
6805,0.020160
6806,0.766827
6807,0.050577
6808,0.260030
6809,0.444919
6810,0.834246
6811,0.238972
6812,0.171064
6813,0.849244
6814,0.255565
6815,0.590656
6816,0.292832
6817,0.164606
6818,0.932135
6819,0.103446
6820,0.285171
6821,0.895056
6822,0.082235
6823,0.519188
6824,0.164840
6825,0.226889
6826,0.363292
6827,0.012435
6828,0.891869
6829,0.004189
6830,0.976471
6831,0.340861
6832,0.151467
6833,0.459282
6834,0.202023
6835,0.739737
6836,0.734747
6837,0.989197
6838,0.657314
6839,0.473552
6840,0.780807
6841,0.350410
6842,0.844283
6843,0.009460
6844,0.418021
6845,0.972385
6846,0.561704
6847,0.110685
6848,0.814641
6849,0.224113
6850,0.151938
6851,0.680622
6852,0.573351
6853,0.799182
6854,0.327577
6855,0.283447
6856,0.440800
6857,0.817958
6858,0.897863
6859,0.886889
6860,0.865101
6861,0.172328
6862,0.444734
6863,0.258082
6864,0.389845
6865,0.020944
6866,0.557942
6867,0.753843
6868,0.834151
6869,0.604916
6870,0.751797
6871,0.873696
6872,0.166592
6873,0.360168
6874,0.408006
6875,0.558108
6876,0.923272
6877,0.819457
6878,0.136995
6879,0.208335
6880,0.360048
6881,0.667274
6882,0.874614
6883,0.675440
6884,0.502404
6885,0.299294
6886,0.976739
6887,0.853018
6888,0.781312
6889,0.582650
6890,0.875207
6891,0.323621
6892,0.113596
6893,0.289525
6894,0.557896
6895,0.350346
6896,0.998561
6897,0.405417
6898,0.942251
6899,0.204292
6900,0.723145
6901,0.086867
6902,0.348006
6903,0.291103
6904,0.321462
6905,0.958205
6906,0.848132
6907,0.461033
6908,0.361881
6909,0.038037
6910,0.787387
6911,0.096449
6912,0.931838
6913,0.934193
6914,0.039436
6915,0.263528
6916,0.939618
6917,0.652926
6918,0.820801
6919,0.164186
6920,0.344743
6921,0.713098
6922,0.023296
6923,0.290990
6924,0.272846
6925,0.124485
6926,0.775805
6927,0.075889
6928,0.012538
6929,0.124289
6930,0.682268
6931,0.425796
6932,0.383838
6933,0.793940
6934,0.425814
6935,0.579020
6936,0.043395
6937,0.026356
6938,0.556593
6939,0.366923
6940,0.900957
6941,0.075592
6942,0.800952
6943,0.400154
6944,0.883848
6945,0.737142
6946,0.013805
6947,0.841996
6948,0.134613
6949,0.481462
6950,0.865971
6951,0.754700
6952,0.302052
6953,0.026112
6954,0.146256
6955,0.872980
6956,0.302290
6957,0.995543
6958,0.917162
6959,0.336142
6960,0.386829
6961,0.530263
6962,0.761877
6963,0.284767
6964,0.764750
6965,0.082147
6966,0.307374
6967,0.152536
6968,0.964131
6969,0.980315
6970,0.011214
6971,0.029684
6972,0.466903
6973,0.173273
6974,0.669556
6975,0.484371
6976,0.174552
6977,0.429145
6978,0.122713
6979,0.209154
6980,0.710940
6981,0.448177
6982,0.998784
6983,0.634310
6984,0.233141
6985,0.667876
6986,0.851123
6987,0.498263
6988,0.290574
6989,0.086215
6990,0.091219
6991,0.071951
6992,0.293154
6993,0.815771
6994,0.806974
6995,0.274051
6996,0.731063
6997,0.861730
6998,0.085731
6999,0.386474
7000,0.692882
7001,0.535811
7002,0.446759
7003,0.482340
7004,0.005487
7005,0.408626
7006,0.075116
7007,0.913073
7008,0.444742
7009,0.281910
7010,0.547777
7011,0.851481
7012,0.055309
7013,0.697179
7014,0.787285
7015,0.025204
7016,0.891583
7017,0.319136
7018,0.628557
7019,0.141341
7020,0.295330
7021,0.102238
7022,0.672188
7023,0.538765
7024,0.793180
7025,0.298692
7026,0.193203
7027,0.170285
7028,0.348316
7029,0.293340
7030,0.588758
7031,0.877524
7032,0.114027
7033,0.806666
7034,0.502280
7035,0.628500
7036,0.790122
7037,0.917956
7038,0.180862
7039,0.022077
7040,0.423073
7041,0.899706
7042,0.094661
7043,0.756752
7044,0.308377
7045,0.605541
7046,0.735982
7047,0.847133
7048,0.863463
7049,0.567967
7050,0.532977
7051,0.214175
7052,0.268988
7053,0.524060
7054,0.171709
7055,0.501621
7056,0.536951
7057,0.606496
7058,0.737403
7059,0.290826
7060,0.199235
7061,0.821084
7062,0.889413
7063,0.378856
7064,0.227654
7065,0.540094
7066,0.576466
7067,0.279183
7068,0.427814
7069,0.924555
7070,0.972606
7071,0.383713
7072,0.062726
7073,0.343273
7074,0.439130
7075,0.993475
7076,0.698243
7077,0.956593
7078,0.911123
7079,0.743648
7080,0.347878
7081,0.596753
7082,0.287970
7083,0.763793
7084,0.397017
7085,0.708746
7086,0.621551
7087,0.153042
7088,0.145092
7089,0.898799
7090,0.510179
7091,0.587545
7092,0.183554
7093,0.741279
7094,0.789017
7095,0.695547
7096,0.592635
7097,0.199126
7098,0.953776
7099,0.032377
7100,0.991165
7101,0.807474
7102,0.698132
7103,0.992332
7104,0.040889
7105,0.264767
7106,0.108395
7107,0.506046
7108,0.471771
7109,0.024968
7110,0.011823
7111,0.643972
7112,0.614271
7113,0.578405
7114,0.958148
7115,0.403160
7116,0.250972
7117,0.703587
7118,0.242578
7119,0.664504
7120,0.531331
7121,0.181447
7122,0.261055
7123,0.342932
7124,0.807704
7125,0.374850
7126,0.703155
7127,0.513762
7128,0.527835
7129,0.830025
7130,0.293636
7131,0.914308
7132,0.683291
7133,0.122633
7134,0.901982
7135,0.660106
7136,0.339531
7137,0.535571
7138,0.770248
7139,0.300288
7140,0.343938
7141,0.111729
7142,0.382371
7143,0.038436
7144,0.897166
7145,0.526537
7146,0.251956
7147,0.005249
7148,0.988628
7149,0.397854
7150,0.265585
7151,0.075850
7152,0.422071
7153,0.676758
7154,0.360339
7155,0.556337
7156,0.069259
7157,0.277384
7158,0.143388
7159,0.283348
7160,0.361422
7161,0.922020
7162,0.008462
7163,0.869587
7164,0.989809
7165,0.169562
7166,0.395231
7167,0.697934
7168,0.963553
7169,0.513986
7170,0.967751
7171,0.691724
7172,0.918715
7173,0.877986
7174,0.161688
7175,0.391138
7176,0.689503
7177,0.856550
7178,0.735778
7179,0.067190
7180,0.286121
7181,0.578984
7182,0.387606
7183,0.852246
7184,0.157599
7185,0.660253
7186,0.808147
7187,0.289461
7188,0.758835
7189,0.769258
7190,0.245388
7191,0.494371
7192,0.238262
7193,0.725827
7194,0.234607
7195,0.968026
7196,0.188539
7197,0.125878
7198,0.232218
7199,0.544926
7200,0.316065
7201,0.286115
7202,0.599135
7203,0.196340
7204,0.516875
7205,0.437419
7206,0.833790
7207,0.953547
7208,0.740666
7209,0.777045
7210,0.834685
7211,0.113179
7212,0.570711
7213,0.973253
7214,0.393743
7215,0.329519
7216,0.200317
7217,0.615931
7218,0.459286
7219,0.049240
7220,0.712575
7221,0.677044
7222,0.003752
7223,0.944727
7224,0.911840
7225,0.512599
7226,0.200679
7227,0.138571
7228,0.534087
7229,0.469367
7230,0.882015
7231,0.346435
7232,0.654002
7233,0.356773
7234,0.949376
7235,0.415792
7236,0.291663
7237,0.622585
7238,0.744184
7239,0.680703
7240,0.016540
7241,0.639929
7242,0.597086
7243,0.188904
7244,0.883652
7245,0.444843
7246,0.341208
7247,0.415827
7248,0.903842
7249,0.606554
7250,0.074639
7251,0.720546
7252,0.637652
7253,0.590167
7254,0.544159
7255,0.557874
7256,0.726813
7257,0.764657
7258,0.504535
7259,0.340391
7260,0.787442
7261,0.937920
7262,0.311017
7263,0.876443
7264,0.257259
7265,0.573469
7266,0.329482
7267,0.149316
7268,0.038627
7269,0.432878
7270,0.213640
7271,0.224655
7272,0.652958
7273,0.461541
7274,0.040149
7275,0.869735
7276,0.005866
7277,0.345521
7278,0.588781
7279,0.367904
7280,0.387600
7281,0.808365
7282,0.934078
7283,0.349061
7284,0.629794
7285,0.497580
7286,0.568480
7287,0.032792
7288,0.859106
7289,0.875180
7290,0.163743
7291,0.499296
7292,0.436304
7293,0.724868
7294,0.550545
7295,0.315730
7296,0.118997
7297,0.700077
7298,0.847799
7299,0.773800
7300,0.647375
7301,0.855853
7302,0.915358
7303,0.654331
7304,0.288568
7305,0.498448
7306,0.510658
7307,0.437568
7308,0.177844
7309,0.012623
7310,0.443575
7311,0.906697
7312,0.197354
7313,0.751917
7314,0.255516
7315,0.114500
7316,0.372212
7317,0.456778
7318,0.466678
7319,0.767762
7320,0.189046
7321,0.871165
7322,0.013617
7323,0.247977
7324,0.841638
7325,0.245570
7326,0.314166
7327,0.683078
7328,0.897432
7329,0.005706
7330,0.946584
7331,0.398272
7332,0.216791
7333,0.427626
7334,0.464228
7335,0.393179
7336,0.588361
7337,0.227250
7338,0.318778
7339,0.336546
7340,0.373208
7341,0.710571
7342,0.209854
7343,0.928282
7344,0.288065
7345,0.183143
7346,0.816629
7347,0.570252
7348,0.075718
7349,0.910125
7350,0.709863
7351,0.993930
7352,0.694946
7353,0.342397
7354,0.550414
7355,0.269222
7356,0.832230
7357,0.038694
7358,0.309006
7359,0.543766
7360,0.451953
7361,0.128434
7362,0.216678
7363,0.781356
7364,0.184912
7365,0.279245
7366,0.151101
7367,0.667119
7368,0.280692
7369,0.153733
7370,0.506154
7371,0.266668
7372,0.232882
7373,0.261850
7374,0.758310
7375,0.925931
7376,0.607216
7377,0.030347
7378,0.848004
7379,0.835143
7380,0.676197
7381,0.043806
7382,0.264730
7383,0.051280
7384,0.176180
7385,0.973417
7386,0.353759
7387,0.933159
7388,0.009083
7389,0.855353
7390,0.740870
7391,0.400495
7392,0.377777
7393,0.204693
7394,0.148896
7395,0.815055
7396,0.990589
7397,0.122796
7398,0.532469
7399,0.192020
7400,0.096080
7401,0.177351
7402,0.067873
7403,0.616843
7404,0.096656
7405,0.534005
7406,0.868209
7407,0.095889
7408,0.509390
7409,0.189278
7410,0.523595
7411,0.506852
7412,0.985871
7413,0.550719
7414,0.189675
7415,0.994409
7416,0.715882
7417,0.789589
7418,0.086123
7419,0.808527
7420,0.841221
7421,0.801725
7422,0.400722
7423,0.690183
7424,0.421654
7425,0.516351
7426,0.252412
7427,0.939676
7428,0.571835
7429,0.814732
7430,0.891267
7431,0.262709
7432,0.143689
7433,0.641971
7434,0.639278
7435,0.734509
7436,0.869511
7437,0.380372
7438,0.888482
7439,0.278336
7440,0.014968
7441,0.840302
7442,0.232128
7443,0.433055
7444,0.391264
7445,0.906392
7446,0.614143
7447,0.904941
7448,0.685386
7449,0.749513
7450,0.613021
7451,0.589546
7452,0.157003
7453,0.901416
7454,0.122795
7455,0.554763
7456,0.490489
7457,0.246800
7458,0.282840
7459,0.590058
7460,0.268950
7461,0.346925
7462,0.770756
7463,0.609088
7464,0.432441
7465,0.047622
7466,0.027941
7467,0.787608
7468,0.614676
7469,0.250736
7470,0.555187
7471,0.784300
7472,0.606457
7473,0.203672
7474,0.131368
7475,0.344456
7476,0.045839
7477,0.298663
7478,0.036407
7479,0.139137
7480,0.760911
7481,0.426439
7482,0.038500
7483,0.990937
7484,0.140921
7485,0.126648
7486,0.576750
7487,0.530416
7488,0.323914
7489,0.385159
7490,0.008430
7491,0.574834
7492,0.421138
7493,0.363178
7494,0.128331
7495,0.177111
7496,0.484167
7497,0.243986
7498,0.367834
7499,0.065202
7500,0.401653
7501,0.639253
7502,0.673196
7503,0.842079
7504,0.139143
7505,0.406498
7506,0.215131
7507,0.274910
7508,0.778700
7509,0.634208
7510,0.867538
7511,0.343403
7512,0.491784
7513,0.023944
7514,0.291354
7515,0.619738
7516,0.375555
7517,0.110814
7518,0.159715
7519,0.908528
7520,0.377078
7521,0.083588
7522,0.129828
7523,0.869908
7524,0.576358
7525,0.928216
7526,0.088340
7527,0.996977
7528,0.505942
7529,0.443780
7530,0.407439
7531,0.057618
7532,0.926491
7533,0.498318
7534,0.155015
7535,0.831948
7536,0.820304
7537,0.562595
7538,0.069954
7539,0.141177
7540,0.740817
7541,0.233886
7542,0.843227
7543,0.497726
7544,0.303306
7545,0.846166
7546,0.996093
7547,0.449481
7548,0.488030
7549,0.599270
7550,0.355735
7551,0.933914
7552,0.626588
7553,0.622567
7554,0.639354
7555,0.851913
7556,0.566619
7557,0.114941
7558,0.595022
7559,0.520156
7560,0.749165
7561,0.589137
7562,0.360063
7563,0.314720
7564,0.668868
7565,0.399708
7566,0.702412
7567,0.797303
7568,0.367185
7569,0.945715
7570,0.513371
7571,0.121274
7572,0.332534
7573,0.138685
7574,0.187367
7575,0.545952
7576,0.115910
7577,0.555086
7578,0.159420
7579,0.810804
7580,0.959270
7581,0.549048
7582,0.719527
7583,0.861656
7584,0.124515
7585,0.720008
7586,0.463056
7587,0.831265
7588,0.035179
7589,0.886388
7590,0.658910
7591,0.441779
7592,0.175610
7593,0.186414
7594,0.349588
7595,0.979671
7596,0.132246
7597,0.782063
7598,0.723694
7599,0.320749
7600,0.203609
7601,0.103544
7602,0.184882
7603,0.847588
7604,0.276884
7605,0.556433
7606,0.807480
7607,0.611452
7608,0.239050
7609,0.055861
7610,0.535380
7611,0.122424
7612,0.377343
7613,0.336790
7614,0.470354
7615,0.786030
7616,0.685596
7617,0.240843
7618,0.670318
7619,0.557207
7620,0.207555
7621,0.490256
7622,0.906021
7623,0.962041
7624,0.335542
7625,0.421160
7626,0.571753
7627,0.951511
7628,0.849960
7629,0.528919
7630,0.926077
7631,0.332277
7632,0.607659
7633,0.677106
7634,0.030862
7635,0.692296
7636,0.650496
7637,0.721771
7638,0.903336
7639,0.062292
7640,0.333566
7641,0.516586
7642,0.484517
7643,0.381829
7644,0.062217
7645,0.598726
7646,0.293684
7647,0.413721
7648,0.034819
7649,0.227870
7650,0.927704
7651,0.947641
7652,0.716311
7653,0.132329
7654,0.321007
7655,0.937143
7656,0.724484
7657,0.720978
7658,0.436291
7659,0.695172
7660,0.506608
7661,0.305409
7662,0.234386
7663,0.613262
7664,0.759481
7665,0.018932
7666,0.127197
7667,0.302900
7668,0.164964
7669,0.458355
7670,0.591558
7671,0.774407
7672,0.833927
7673,0.861212
7674,0.420945
7675,0.587619
7676,0.500391
7677,0.507251
7678,0.718521
7679,0.263945
7680,0.051605
7681,0.003874
7682,0.032414
7683,0.843025
7684,0.172790
7685,0.879263
7686,0.988818
7687,0.084125
7688,0.406447
7689,0.829356
7690,0.227947
7691,0.202416
7692,0.576514
7693,0.582740
7694,0.705506
7695,0.050430
7696,0.576783
7697,0.708288
7698,0.045306
7699,0.442200
7700,0.189695
7701,0.475346
7702,0.648712
7703,0.907226
7704,0.828952
7705,0.074319
7706,0.553236
7707,0.665253
7708,0.230795
7709,0.300833
7710,0.190003
7711,0.394636
7712,0.119728
7713,0.715962
7714,0.065244
7715,0.662470
7716,0.027478
7717,0.342101
7718,0.694388
7719,0.828945
7720,0.567218
7721,0.277252
7722,0.416779
7723,0.623331
7724,0.288460
7725,0.261385
7726,0.730426
7727,0.901556
7728,0.241643
7729,0.779706
7730,0.773585
7731,0.539792
7732,0.967909
7733,0.144715
7734,0.319291
7735,0.413711
7736,0.138258
7737,0.619061
7738,0.550629
7739,0.501575
7740,0.985721
7741,0.992261
7742,0.174145
7743,0.667315
7744,0.906643
7745,0.886047
7746,0.388993
7747,0.823825
7748,0.634068
7749,0.669899
7750,0.230993
7751,0.360079
7752,0.914787
7753,0.553491
7754,0.176875
7755,0.710863
7756,0.703785
7757,0.450202
7758,0.796370
7759,0.469546
7760,0.353622
7761,0.728504
7762,0.456110
7763,0.598173
7764,0.379214
7765,0.403223
7766,0.074281
7767,0.369857
7768,0.989377
7769,0.793355
7770,0.742038
7771,0.622373
7772,0.159891
7773,0.557383
7774,0.857753
7775,0.781189
7776,0.183699
7777,0.569585
7778,0.945123
7779,0.827198
7780,0.427764
7781,0.498290
7782,0.817275
7783,0.406103
7784,0.444745
7785,0.990881
7786,0.832431
7787,0.879745
7788,0.938539
7789,0.621146
7790,0.900159
7791,0.979159
7792,0.867477
7793,0.591001
7794,0.930879
7795,0.760432
7796,0.326419
7797,0.236494
7798,0.291382
7799,0.998330
7800,0.688985
7801,0.684135
7802,0.137950
7803,0.037714
7804,0.104747
7805,0.498414
7806,0.827115
7807,0.864228
7808,0.753884
7809,0.176979
7810,0.936038
7811,0.901323
7812,0.343133
7813,0.861010
7814,0.955077
7815,0.648183
7816,0.646947
7817,0.007077
7818,0.026501
7819,0.478763
7820,0.246933
7821,0.043001
7822,0.487726
7823,0.936951
7824,0.060766
7825,0.891896
7826,0.716804
7827,0.532038
7828,0.966424
7829,0.797975
7830,0.673115
7831,0.864739
7832,0.433512
7833,0.999823
7834,0.060233
7835,0.356732
7836,0.937072
7837,0.197872
7838,0.192595
7839,0.286293
7840,0.919843
7841,0.236568
7842,0.538093
7843,0.315359
7844,0.827279
7845,0.094056
7846,0.784136
7847,0.028404
7848,0.713500
7849,0.814786
7850,0.535385
7851,0.014285
7852,0.768734
7853,0.084674
7854,0.567469
7855,0.890268
7856,0.251057
7857,0.301833
7858,0.209594
7859,0.935575
7860,0.643031
7861,0.686304
7862,0.540312
7863,0.381503
7864,0.390195
7865,0.195497
7866,0.865734
7867,0.117038
7868,0.768415
7869,0.790588
7870,0.677812
7871,0.355627
7872,0.613652
7873,0.932082
7874,0.919178
7875,0.217321
7876,0.518819
7877,0.828097
7878,0.994242
7879,0.859839
7880,0.976076
7881,0.656905
7882,0.944817
7883,0.693193
7884,0.095174
7885,0.367545
7886,0.072648
7887,0.241659
7888,0.891993
7889,0.186661
7890,0.851395
7891,0.255018
7892,0.617219
7893,0.741528
7894,0.013603
7895,0.582079
7896,0.211762
7897,0.399867
7898,0.387620
7899,0.487786
7900,0.656746
7901,0.505104
7902,0.187791
7903,0.791577
7904,0.051260
7905,0.448484
7906,0.667702
7907,0.745099
7908,0.738127
7909,0.497548
7910,0.202907
7911,0.976628
7912,0.262910
7913,0.144977
7914,0.142697
7915,0.827275
7916,0.249220
7917,0.801859
7918,0.442020
7919,0.531506
7920,0.873940
7921,0.512680
7922,0.261554
7923,0.096009
7924,0.212994
7925,0.549769
7926,0.538878
7927,0.498181
7928,0.592824
7929,0.474644
7930,0.814503
7931,0.090931
7932,0.167178
7933,0.326204
7934,0.070642
7935,0.706119
7936,0.415085
7937,0.646230
7938,0.559476
7939,0.356634
7940,0.627556
7941,0.155891
7942,0.113146
7943,0.625220
7944,0.292494
7945,0.062056
7946,0.674505
7947,0.470634
7948,0.512846
7949,0.872448
7950,0.385464
7951,0.847281
7952,0.837593
7953,0.737274
7954,0.521966
7955,0.595586
7956,0.508060
7957,0.257348
7958,0.699156
7959,0.331698
7960,0.257192
7961,0.449224
7962,0.177460
7963,0.728842
7964,0.597472
7965,0.364515
7966,0.880359
7967,0.173455
7968,0.781569
7969,0.071249
7970,0.980110
7971,0.003346
7972,0.113010
7973,0.154998
7974,0.046579
7975,0.632221
7976,0.773172
7977,0.167601
7978,0.826348
7979,0.253189
7980,0.798222
7981,0.394270
7982,0.334203
7983,0.599582
7984,0.094377
7985,0.136097
7986,0.266552
7987,0.365117
7988,0.417932
7989,0.085912
7990,0.638719
7991,0.955115
7992,0.637506
7993,0.607389
7994,0.866959
7995,0.227631
7996,0.736677
7997,0.906486
7998,0.442330
7999,0.947374
8000,0.076212
8001,0.186763
8002,0.803351
8003,0.326375
8004,0.468085
8005,0.495494
8006,0.542612
8007,0.486618
8008,0.663585
8009,0.080798
8010,0.481869
8011,0.619474
8012,0.642191
8013,0.566929
8014,0.956754
8015,0.514939
8016,0.346694
8017,0.553115
8018,0.770228
8019,0.206251
8020,0.018429
8021,0.251228
8022,0.429624
8023,0.475132
8024,0.813459
8025,0.145910
8026,0.826386
8027,0.059391
8028,0.646848
8029,0.559316
8030,0.611931
8031,0.796412
8032,0.266128
8033,0.024030
8034,0.568784
8035,0.606609
8036,0.019731
8037,0.158222
8038,0.294037
8039,0.068376
8040,0.079326
8041,0.342567
8042,0.787073
8043,0.784214
8044,0.192663
8045,0.367846
8046,0.208475
8047,0.625694
8048,0.992303
8049,0.281940
8050,0.628887
8051,0.862515
8052,0.068912
8053,0.938291
8054,0.081098
8055,0.442883
8056,0.944416
8057,0.943827
8058,0.471633
8059,0.352692
8060,0.000164
8061,0.284235
8062,0.736013
8063,0.198404
8064,0.588924
8065,0.722504
8066,0.619264
8067,0.778623
8068,0.219462
8069,0.506369
8070,0.702666
8071,0.874134
8072,0.582275
8073,0.943294
8074,0.833177
8075,0.051195
8076,0.969862
8077,0.962354
8078,0.452119
8079,0.972474
8080,0.474617
8081,0.488924
8082,0.048814
8083,0.852794
8084,0.012300
8085,0.742617
8086,0.074933
8087,0.094665
8088,0.333111
8089,0.859413
8090,0.292250
8091,0.979970
8092,0.914367
8093,0.377921
8094,0.768037
8095,0.193197
8096,0.978081
8097,0.163233
8098,0.039613
8099,0.759466
8100,0.485817
8101,0.565573
8102,0.030838
8103,0.072801
8104,0.892709
8105,0.604327
8106,0.024374
8107,0.594221
8108,0.779066
8109,0.801245
8110,0.541807
8111,0.074664
8112,0.879444
8113,0.363514
8114,0.230453
8115,0.430730
8116,0.948438
8117,0.817075
8118,0.578517
8119,0.330397
8120,0.360785
8121,0.027082
8122,0.937766
8123,0.254822
8124,0.501724
8125,0.194883
8126,0.713993
8127,0.942266
8128,0.533977
8129,0.184393
8130,0.748554
8131,0.478345
8132,0.087719
8133,0.344947
8134,0.893725
8135,0.772133
8136,0.479256
8137,0.354745
8138,0.048822
8139,0.308929
8140,0.084646
8141,0.252147
8142,0.674140
8143,0.505163
8144,0.532877
8145,0.673073
8146,0.181317
8147,0.549350
8148,0.447313
8149,0.685819
8150,0.231393
8151,0.969018
8152,0.783821
8153,0.190365
8154,0.439103
8155,0.580653
8156,0.296231
8157,0.308200
8158,0.542160
8159,0.063471
8160,0.756222
8161,0.580869
8162,0.150703
8163,0.111328
8164,0.654516
8165,0.139989
8166,0.479065
8167,0.943701
8168,0.436450
8169,0.839721
8170,0.602411
8171,0.295776
8172,0.646787
8173,0.769555
8174,0.382012
8175,0.801094
8176,0.493088
8177,0.461508
8178,0.735357
8179,0.425118
8180,0.030666
8181,0.549106
8182,0.899760
8183,0.687972
8184,0.201004
8185,0.332173
8186,0.667308
8187,0.745206
8188,0.937643
8189,0.588441
8190,0.534479
8191,0.310726
8192,0.908074
8193,0.305051
8194,0.216699
8195,0.275683
8196,0.929463
8197,0.574474
8198,0.704810
8199,0.296161
8200,0.692583
8201,0.536627
8202,0.118468
8203,0.531273
8204,0.772455
8205,0.401671
8206,0.328190
8207,0.540127
8208,0.974151
8209,0.783996
8210,0.656173
8211,0.286876
8212,0.027592
8213,0.027333
8214,0.825823
8215,0.520899
8216,0.375783
8217,0.714343
8218,0.613525
8219,0.057589
8220,0.421296
8221,0.909604
8222,0.201175
8223,0.561734
8224,0.570312
8225,0.669540
8226,0.604704
8227,0.148777
8228,0.223966
8229,0.015935
8230,0.613612
8231,0.193917
8232,0.992484
8233,0.248791
8234,0.666823
8235,0.845169
8236,0.975737
8237,0.118995
8238,0.131612
8239,0.232606
8240,0.860082
8241,0.978977
8242,0.152428
8243,0.455082
8244,0.482628
8245,0.543799
8246,0.505354
8247,0.967830
8248,0.644090
8249,0.660875
8250,0.680842
8251,0.474855
8252,0.618014
8253,0.623366
8254,0.625330
8255,0.840981
8256,0.549679
8257,0.004223
8258,0.745959
8259,0.662912
8260,0.034532
8261,0.119996
8262,0.597544
8263,0.418708
8264,0.054970
8265,0.336311
8266,0.597514
8267,0.921869
8268,0.367271
8269,0.708099
8270,0.272571
8271,0.620957
8272,0.502752
8273,0.486183
8274,0.457489
8275,0.932762
8276,0.477301
8277,0.608540
8278,0.473181
8279,0.484608
8280,0.540601
8281,0.033461
8282,0.260551
8283,0.983769
8284,0.625096
8285,0.878657
8286,0.248603
8287,0.189077
8288,0.816573
8289,0.706998
8290,0.198615
8291,0.161866
8292,0.013925
8293,0.582661
8294,0.712591
8295,0.686244
8296,0.216910
8297,0.823151
8298,0.682308
8299,0.969304
8300,0.189343
8301,0.125912
8302,0.255782
8303,0.255513
8304,0.379265
8305,0.134226
8306,0.726665
8307,0.945370
8308,0.037456
8309,0.601819
8310,0.516831
8311,0.948015
8312,0.827811
8313,0.614526
8314,0.432187
8315,0.965145
8316,0.781691
8317,0.253402
8318,0.110854
8319,0.212048
8320,0.131850
8321,0.142853
8322,0.711862
8323,0.454238
8324,0.169908
8325,0.093292
8326,0.689445
8327,0.177482
8328,0.277928
8329,0.591202
8330,0.974892
8331,0.609359
8332,0.634386
8333,0.017618
8334,0.763414
8335,0.852079
8336,0.752566
8337,0.412298
8338,0.066603
8339,0.422910
8340,0.342200
8341,0.595335
8342,0.913680
8343,0.306104
8344,0.920382
8345,0.175151
8346,0.851368
8347,0.545629
8348,0.550480
8349,0.566182
8350,0.602673
8351,0.241612
8352,0.906172
8353,0.749129
8354,0.051397
8355,0.856643
8356,0.317325
8357,0.625094
8358,0.506328
8359,0.786410
8360,0.967040
8361,0.615243
8362,0.887695
8363,0.507468
8364,0.987719
8365,0.772448
8366,0.171284
8367,0.683669
8368,0.794435
8369,0.072972
8370,0.452281
8371,0.781564
8372,0.448249
8373,0.722870
8374,0.579393
8375,0.597143
8376,0.469129
8377,0.161016
8378,0.602563
8379,0.094195
8380,0.714316
8381,0.735451
8382,0.996174
8383,0.159821
8384,0.052867
8385,0.335008
8386,0.838740
8387,0.954660
8388,0.571036
8389,0.459448
8390,0.041842
8391,0.375827
8392,0.066982
8393,0.764199
8394,0.700138
8395,0.571523
8396,0.453584
8397,0.996720
8398,0.927880
8399,0.447205
8400,0.546373
8401,0.753355
8402,0.859014
8403,0.753001
8404,0.275832
8405,0.839423
8406,0.535898
8407,0.938460
8408,0.028397
8409,0.225682
8410,0.317310
8411,0.503524
8412,0.393139
8413,0.444467
8414,0.220612
8415,0.652376
8416,0.045058
8417,0.363107
8418,0.144924
8419,0.800527
8420,0.130777
8421,0.991607
8422,0.295766
8423,0.621105
8424,0.031169
8425,0.731933
8426,0.991567
8427,0.680744
8428,0.917222
8429,0.452549
8430,0.204439
8431,0.706256
8432,0.166277
8433,0.816907
8434,0.562343
8435,0.348373
8436,0.822863
8437,0.803605
8438,0.213857
8439,0.427854
8440,0.239906
8441,0.709372
8442,0.115739
8443,0.611034
8444,0.324881
8445,0.127356
8446,0.228891
8447,0.577234
8448,0.361427
8449,0.735629
8450,0.230426
8451,0.410452
8452,0.022514
8453,0.995274
8454,0.718494
8455,0.594187
8456,0.685412
8457,0.437641
8458,0.982652
8459,0.641588
8460,0.562070
8461,0.383025
8462,0.323864
8463,0.201091
8464,0.371193
8465,0.167095
8466,0.839795
8467,0.049005
8468,0.772554
8469,0.482373
8470,0.345554
8471,0.958387
8472,0.975611
8473,0.381868
8474,0.093860
8475,0.854452
8476,0.523294
8477,0.676194
8478,0.741628
8479,0.069041
8480,0.091456
8481,0.035287
8482,0.136494
8483,0.080525
8484,0.618903
8485,0.479935
8486,0.548650
8487,0.297406
8488,0.010005
8489,0.791838
8490,0.430453
8491,0.841633
8492,0.746357
8493,0.106292
8494,0.258642
8495,0.873546
8496,0.568944
8497,0.378705
8498,0.357062
8499,0.655698
8500,0.236833
8501,0.455973
8502,0.451595
8503,0.795326
8504,0.318561
8505,0.137422
8506,0.276414
8507,0.290738
8508,0.256430
8509,0.137917
8510,0.301858
8511,0.159374
8512,0.173825
8513,0.103719
8514,0.260967
8515,0.568420
8516,0.308428
8517,0.300499
8518,0.590607
8519,0.198266
8520,0.092257
8521,0.466613
8522,0.809503
8523,0.445974
8524,0.962956
8525,0.073938
8526,0.769877
8527,0.222438
8528,0.398068
8529,0.761317
8530,0.767483
8531,0.816103
8532,0.752466
8533,0.139298
8534,0.137825
8535,0.980424
8536,0.510692
8537,0.415568
8538,0.678451
8539,0.266689
8540,0.563807
8541,0.570899
8542,0.401413
8543,0.895843
8544,0.936654
8545,0.514607
8546,0.321532
8547,0.529390
8548,0.703866
8549,0.412076
8550,0.355922
8551,0.466659
8552,0.290891
8553,0.450412
8554,0.609364
8555,0.300515
8556,0.557167
8557,0.794546
8558,0.942613
8559,0.803755
8560,0.946989
8561,0.760581
8562,0.458335
8563,0.424363
8564,0.227340
8565,0.219989
8566,0.851827
8567,0.774111
8568,0.899613
8569,0.556158
8570,0.771864
8571,0.238053
8572,0.992825
8573,0.629372
8574,0.313905
8575,0.398752
8576,0.037624
8577,0.796146
8578,0.917897
8579,0.361707
8580,0.715810
8581,0.715217
8582,0.149020
8583,0.703074
8584,0.786634
8585,0.177171
8586,0.365487
8587,0.324847
8588,0.502463
8589,0.104889
8590,0.698906
8591,0.953404
8592,0.463524
8593,0.409819
8594,0.051955
8595,0.886809
8596,0.655032
8597,0.094274
8598,0.815564
8599,0.819689
8600,0.410578
8601,0.385119
8602,0.395653
8603,0.508929
8604,0.756351
8605,0.274275
8606,0.298791
8607,0.664111
8608,0.933263
8609,0.216435
8610,0.294895
8611,0.742659
8612,0.531279
8613,0.948548
8614,0.869907
8615,0.636092
8616,0.468730
8617,0.326706
8618,0.753498
8619,0.270201
8620,0.419202
8621,0.857673
8622,0.470782
8623,0.848967
8624,0.135231
8625,0.456906
8626,0.302076
8627,0.295069
8628,0.696961
8629,0.079646
8630,0.855178
8631,0.487583
8632,0.352961
8633,0.860148
8634,0.521399
8635,0.789071
8636,0.856304
8637,0.964326
8638,0.152039
8639,0.717884
8640,0.199039
8641,0.630160
8642,0.020424
8643,0.824045
8644,0.026555
8645,0.053854
8646,0.644614
8647,0.671029
8648,0.314180
8649,0.604311
8650,0.042092
8651,0.076290
8652,0.793538
8653,0.024260
8654,0.155945
8655,0.046073
8656,0.119120
8657,0.632666
8658,0.633183
8659,0.314026
8660,0.036184
8661,0.612159
8662,0.041633
8663,0.441245
8664,0.039841
8665,0.099435
8666,0.898517
8667,0.283152
8668,0.280160
8669,0.561771
8670,0.019439
8671,0.668693
8672,0.891694
8673,0.198105
8674,0.344414
8675,0.918703
8676,0.857778
8677,0.065682
8678,0.328434
8679,0.458850
8680,0.646288
8681,0.540862
8682,0.882257
8683,0.723037
8684,0.640389
8685,0.074200
8686,0.445494
8687,0.188634
8688,0.895046
8689,0.427341
8690,0.294169
8691,0.929408
8692,0.497209
8693,0.216393
8694,0.999702
8695,0.955777
8696,0.232250
8697,0.911119
8698,0.486299
8699,0.320147
8700,0.338794
8701,0.882981
8702,0.177866
8703,0.367660
8704,0.010143
8705,0.676306
8706,0.994002
8707,0.173791
8708,0.154445
8709,0.155366
8710,0.518166
8711,0.205049
8712,0.275627
8713,0.537459
8714,0.791020
8715,0.199147
8716,0.110208
8717,0.699669
8718,0.876024
8719,0.223210
8720,0.289760
8721,0.306489
8722,0.913589
8723,0.052185
8724,0.053501
8725,0.235885
8726,0.253641
8727,0.153779
8728,0.569096
8729,0.999148
8730,0.775119
8731,0.741417
8732,0.803146
8733,0.787567
8734,0.069675
8735,0.428245
8736,0.793510
8737,0.847712
8738,0.520841
8739,0.621001
8740,0.930399
8741,0.948717
8742,0.980499
8743,0.321123
8744,0.030972
8745,0.544977
8746,0.561309
8747,0.454052
8748,0.255775
8749,0.377575
8750,0.299866
8751,0.509733
8752,0.737782
8753,0.829172
8754,0.574024
8755,0.919977
8756,0.604492
8757,0.554957
8758,0.262127
8759,0.626196
8760,0.067464
8761,0.792340
8762,0.184861
8763,0.942057
8764,0.596812
8765,0.577313
8766,0.044081
8767,0.503578
8768,0.253393
8769,0.402206
8770,0.293980
8771,0.039123
8772,0.162172
8773,0.248618
8774,0.760468
8775,0.085741
8776,0.241349
8777,0.653255
8778,0.445533
8779,0.207976
8780,0.059037
8781,0.891328
8782,0.412467
8783,0.251873
8784,0.044066
8785,0.105232
8786,0.442832
8787,0.081550
8788,0.934202
8789,0.336020
8790,0.892118
8791,0.493488
8792,0.305040
8793,0.376016
8794,0.850207
8795,0.775947
8796,0.054240
8797,0.778035
8798,0.782835
8799,0.316205
8800,0.141604
8801,0.200699
8802,0.142707
8803,0.750318
8804,0.130790
8805,0.418144
8806,0.579982
8807,0.200764
8808,0.694244
8809,0.647600
8810,0.181682
8811,0.640570
8812,0.884567
8813,0.098856
8814,0.749003
8815,0.855819
8816,0.843452
8817,0.966220
8818,0.845784
8819,0.596469
8820,0.701233
8821,0.455569
8822,0.775733
8823,0.879797
8824,0.121105
8825,0.301683
8826,0.589486
8827,0.739474
8828,0.616107
8829,0.368951
8830,0.187688
8831,0.348245
8832,0.622090
8833,0.176110
8834,0.762605
8835,0.065804
8836,0.371695
8837,0.522403
8838,0.641058
8839,0.516410
8840,0.389406
8841,0.969933
8842,0.882352
8843,0.315555
8844,0.733237
8845,0.506783
8846,0.115438
8847,0.349945
8848,0.958194
8849,0.373122
8850,0.865796
8851,0.469158
8852,0.733019
8853,0.596850
8854,0.003551
8855,0.234347
8856,0.192502
8857,0.265947
8858,0.447215
8859,0.699191
8860,0.388449
8861,0.377357
8862,0.377637
8863,0.637867
8864,0.077458
8865,0.755806
8866,0.919316
8867,0.275745
8868,0.804935
8869,0.678171
8870,0.386487
8871,0.662396
8872,0.336166
8873,0.101317
8874,0.666377
8875,0.448746
8876,0.101047
8877,0.994835
8878,0.000820
8879,0.390505
8880,0.139456
8881,0.598378
8882,0.562417
8883,0.604584
8884,0.899331
8885,0.629641
8886,0.465324
8887,0.259341
8888,0.267186
8889,0.164203
8890,0.479284
8891,0.586469
8892,0.525393
8893,0.652603
8894,0.525335
8895,0.921796
8896,0.657104
8897,0.679947
8898,0.713654
8899,0.447111
8900,0.575524
8901,0.679839
8902,0.992557
8903,0.706137
8904,0.739800
8905,0.716941
8906,0.897836
8907,0.398135
8908,0.397762
8909,0.800955
8910,0.741680
8911,0.182366
8912,0.637504
8913,0.285637
8914,0.425922
8915,0.400102
8916,0.095938
8917,0.371638
8918,0.295338
8919,0.587151
8920,0.397023
8921,0.451608
8922,0.912028
8923,0.290310
8924,0.753640
8925,0.708024
8926,0.159437
8927,0.756491
8928,0.857610
8929,0.720855
8930,0.713539
8931,0.420870
8932,0.898365
8933,0.331597
8934,0.466476
8935,0.767335
8936,0.829141
8937,0.169163
8938,0.886614
8939,0.473579
8940,0.564772
8941,0.041606
8942,0.627913
8943,0.651961
8944,0.752835
8945,0.754426
8946,0.525589
8947,0.916754
8948,0.513951
8949,0.685803
8950,0.769385
8951,0.979797
8952,0.488255
8953,0.249936
8954,0.211140
8955,0.873834
8956,0.778480
8957,0.891943
8958,0.852608
8959,0.602150
8960,0.130016
8961,0.802323
8962,0.165699
8963,0.908875
8964,0.631970
8965,0.211292
8966,0.586966
8967,0.149743
8968,0.172093
8969,0.103998
8970,0.050480
8971,0.141392
8972,0.082640
8973,0.665949
8974,0.236101
8975,0.786974
8976,0.499924
8977,0.330529
8978,0.696211
8979,0.016186
8980,0.098749
8981,0.793934
8982,0.331882
8983,0.725304
8984,0.057104
8985,0.209759
8986,0.098033
8987,0.194092
8988,0.078675
8989,0.635761
8990,0.132601
8991,0.503972
8992,0.115086
8993,0.427068
8994,0.939668
8995,0.716901
8996,0.162965
8997,0.944864
8998,0.245659
8999,0.437246
9000,0.437079
9001,0.566115
9002,0.111853
9003,0.923593
9004,0.583730
9005,0.806881
9006,0.874012
9007,0.573058
9008,0.372544
9009,0.439151
9010,0.794746
9011,0.842814
9012,0.127214
9013,0.108911
9014,0.491419
9015,0.142122
9016,0.640089
9017,0.387617
9018,0.822929
9019,0.569498
9020,0.262941
9021,0.648225
9022,0.272493
9023,0.570296
9024,0.324047
9025,0.722690
9026,0.502875
9027,0.984466
9028,0.434820
9029,0.134672
9030,0.722930
9031,0.552569
9032,0.570534
9033,0.950984
9034,0.262942
9035,0.133956
9036,0.222753
9037,0.297239
9038,0.541961
9039,0.544843
9040,0.218043
9041,0.679329
9042,0.481870
9043,0.686392
9044,0.068671
9045,0.321882
9046,0.174820
9047,0.418284
9048,0.542339
9049,0.945451
9050,0.426076
9051,0.917884
9052,0.251650
9053,0.157492
9054,0.384644
9055,0.656232
9056,0.697004
9057,0.323380
9058,0.986669
9059,0.320211
9060,0.233394
9061,0.623625
9062,0.866327
9063,0.173341
9064,0.186783
9065,0.692055
9066,0.464785
9067,0.638271
9068,0.206359
9069,0.141170
9070,0.384723
9071,0.464902
9072,0.822539
9073,0.742088
9074,0.884288
9075,0.039089
9076,0.837411
9077,0.111511
9078,0.541773
9079,0.740617
9080,0.767066
9081,0.656802
9082,0.709816
9083,0.689473
9084,0.318353
9085,0.935857
9086,0.831920
9087,0.951272
9088,0.791764
9089,0.550564
9090,0.641582
9091,0.649158
9092,0.655603
9093,0.144515
9094,0.214154
9095,0.753395
9096,0.866993
9097,0.044855
9098,0.374759
9099,0.518375
9100,0.064165
9101,0.833131
9102,0.340424
9103,0.779099
9104,0.585430
9105,0.440485
9106,0.516283
9107,0.130955
9108,0.672403
9109,0.546197
9110,0.001692
9111,0.832701
9112,0.122892
9113,0.740548
9114,0.204171
9115,0.806665
9116,0.388292
9117,0.847294
9118,0.592327
9119,0.739696
9120,0.330167
9121,0.724473
9122,0.405109
9123,0.571109
9124,0.108377
9125,0.732560
9126,0.487286
9127,0.290025
9128,0.058865
9129,0.150923
9130,0.681456
9131,0.939480
9132,0.479035
9133,0.171421
9134,0.421452
9135,0.681166
9136,0.089004
9137,0.338724
9138,0.230631
9139,0.239818
9140,0.884648
9141,0.356589
9142,0.273175
9143,0.817567
9144,0.526118
9145,0.260721
9146,0.074320
9147,0.455515
9148,0.594913
9149,0.416140
9150,0.567942
9151,0.074181
9152,0.766234
9153,0.571907
9154,0.824887
9155,0.959305
9156,0.750406
9157,0.875273
9158,0.637827
9159,0.053009
9160,0.592462
9161,0.121068
9162,0.390521
9163,0.027598
9164,0.248021
9165,0.201535
9166,0.913255
9167,0.114947
9168,0.649542
9169,0.925709
9170,0.792363
9171,0.889425
9172,0.830728
9173,0.673519
9174,0.343147
9175,0.417123
9176,0.081197
9177,0.634225
9178,0.696761
9179,0.368026
9180,0.105092
9181,0.662354
9182,0.032621
9183,0.148323
9184,0.655202
9185,0.271927
9186,0.492421
9187,0.233585
9188,0.195062
9189,0.801649
9190,0.084465
9191,0.374753
9192,0.945046
9193,0.009445
9194,0.133042
9195,0.116778
9196,0.779197
9197,0.207995
9198,0.071248
9199,0.363285
9200,0.410832
9201,0.999231
9202,0.324455
9203,0.305357
9204,0.510962
9205,0.024318
9206,0.642067
9207,0.699237
9208,0.047362
9209,0.158029
9210,0.870822
9211,0.819088
9212,0.677317
9213,0.393631
9214,0.198296
9215,0.403446
9216,0.623775
9217,0.267397
9218,0.580382
9219,0.253316
9220,0.183853
9221,0.669600
9222,0.392946
9223,0.960739
9224,0.472198
9225,0.954912
9226,0.925615
9227,0.294949
9228,0.100114
9229,0.110123
9230,0.490891
9231,0.343525
9232,0.857484
9233,0.058067
9234,0.417521
9235,0.436297
9236,0.109365
9237,0.396318
9238,0.541646
9239,0.514521
9240,0.755289
9241,0.555102
9242,0.002500
9243,0.948096
9244,0.138621
9245,0.306411
9246,0.603345
9247,0.293478
9248,0.963642
9249,0.982868
9250,0.248426
9251,0.744097
9252,0.033718
9253,0.045529
9254,0.545261
9255,0.985286
9256,0.448657
9257,0.657269
9258,0.825021
9259,0.215254
9260,0.414173
9261,0.885158
9262,0.773735
9263,0.176389
9264,0.256991
9265,0.136807
9266,0.803836
9267,0.734829
9268,0.377840
9269,0.794195
9270,0.080752
9271,0.007249
9272,0.376790
9273,0.273677
9274,0.279233
9275,0.161741
9276,0.141171
9277,0.505163
9278,0.974006
9279,0.468946
9280,0.716280
9281,0.922217
9282,0.605476
9283,0.805845
9284,0.406870
9285,0.632548
9286,0.464630
9287,0.734272
9288,0.497105
9289,0.420295
9290,0.356522
9291,0.376820
9292,0.669967
9293,0.623127
9294,0.451676
9295,0.650394
9296,0.514231
9297,0.947727
9298,0.349459
9299,0.063292
9300,0.504855
9301,0.618832
9302,0.320346
9303,0.329763
9304,0.352861
9305,0.071866
9306,0.486889
9307,0.735245
9308,0.940461
9309,0.913572
9310,0.325279
9311,0.812411
9312,0.812163
9313,0.824960
9314,0.165119
9315,0.704436
9316,0.853351
9317,0.688527
9318,0.056295
9319,0.329265
9320,0.203712
9321,0.818932
9322,0.790116
9323,0.660444
9324,0.108585
9325,0.259149
9326,0.610298
9327,0.354025
9328,0.721737
9329,0.429840
9330,0.807843
9331,0.486137
9332,0.236409
9333,0.290965
9334,0.674024
9335,0.195256
9336,0.379231
9337,0.782673
9338,0.432365
9339,0.614180
9340,0.422768
9341,0.225280
9342,0.274484
9343,0.184219
9344,0.416783
9345,0.025272
9346,0.329054
9347,0.259665
9348,0.226419
9349,0.361165
9350,0.428115
9351,0.180018
9352,0.433379
9353,0.256590
9354,0.272492
9355,0.632347
9356,0.669495
9357,0.278634
9358,0.613576
9359,0.951572
9360,0.470657
9361,0.031258
9362,0.206528
9363,0.464639
9364,0.686015
9365,0.041441
9366,0.496086
9367,0.916189
9368,0.427747
9369,0.336881
9370,0.919189
9371,0.674468
9372,0.160251
9373,0.044200
9374,0.233318
9375,0.568709
9376,0.797947
9377,0.418930
9378,0.998773
9379,0.441179
9380,0.322114
9381,0.964679
9382,0.509709
9383,0.920626
9384,0.725754
9385,0.934748
9386,0.036689
9387,0.674114
9388,0.636659
9389,0.747319
9390,0.149554
9391,0.596342
9392,0.284495
9393,0.260615
9394,0.646712
9395,0.840822
9396,0.174406
9397,0.989704
9398,0.128183
9399,0.041332
9400,0.664132
9401,0.235578
9402,0.409212
9403,0.116759
9404,0.960090
9405,0.731643
9406,0.005819
9407,0.025260
9408,0.692028
9409,0.591473
9410,0.816177
9411,0.572397
9412,0.270925
9413,0.276475
9414,0.149957
9415,0.586743
9416,0.243823
9417,0.219030
9418,0.318917
9419,0.653637
9420,0.957098
9421,0.472485
9422,0.982790
9423,0.345752
9424,0.811676
9425,0.968144
9426,0.656142
9427,0.490401
9428,0.406981
9429,0.740806
9430,0.002201
9431,0.856782
9432,0.103108
9433,0.838340
9434,0.106586
9435,0.998970
9436,0.968450
9437,0.052996
9438,0.653774
9439,0.072111
9440,0.615150
9441,0.762636
9442,0.424947
9443,0.318820
9444,0.392338
9445,0.855176
9446,0.073784
9447,0.941358
9448,0.290195
9449,0.256709
9450,0.277653
9451,0.104720
9452,0.971505
9453,0.678536
9454,0.223900
9455,0.222529
9456,0.047869
9457,0.702681
9458,0.107199
9459,0.626113
9460,0.243473
9461,0.858174
9462,0.648258
9463,0.348472
9464,0.495268
9465,0.034649
9466,0.717903
9467,0.846044
9468,0.466968
9469,0.002374
9470,0.925309
9471,0.096090
9472,0.886216
9473,0.440718
9474,0.908035
9475,0.236811
9476,0.228590
9477,0.443710
9478,0.730014
9479,0.513634
9480,0.842972
9481,0.866174
9482,0.559125
9483,0.890049
9484,0.424908
9485,0.612819
9486,0.896520
9487,0.798826
9488,0.947250
9489,0.610988
9490,0.175045
9491,0.247292
9492,0.974661
9493,0.452568
9494,0.471136
9495,0.024610
9496,0.134961
9497,0.342177
9498,0.694789
9499,0.917876
9500,0.589057
9501,0.522850
9502,0.923549
9503,0.947710
9504,0.644792
9505,0.783028
9506,0.977707
9507,0.225657
9508,0.257602
9509,0.470275
9510,0.182136
9511,0.545311
9512,0.640742
9513,0.785061
9514,0.549195
9515,0.401844
9516,0.649764
9517,0.264634
9518,0.201546
9519,0.216473
9520,0.016352
9521,0.171153
9522,0.687447
9523,0.369706
9524,0.316515
9525,0.007445
9526,0.711965
9527,0.310146
9528,0.392711
9529,0.616994
9530,0.289577
9531,0.286322
9532,0.197005
9533,0.681399
9534,0.808317
9535,0.768145
9536,0.132784
9537,0.977791
9538,0.271341
9539,0.681058
9540,0.961794
9541,0.603244
9542,0.675967
9543,0.088862
9544,0.162435
9545,0.439575
9546,0.940804
9547,0.740206
9548,0.125154
9549,0.582756
9550,0.776659
9551,0.748008
9552,0.899041
9553,0.699106
9554,0.952424
9555,0.691449
9556,0.196003
9557,0.908761
9558,0.499803
9559,0.466143
9560,0.001578
9561,0.410772
9562,0.979527
9563,0.543222
9564,0.924251
9565,0.058842
9566,0.447937
9567,0.977529
9568,0.246523
9569,0.406161
9570,0.543012
9571,0.407135
9572,0.534667
9573,0.825009
9574,0.773172
9575,0.394330
9576,0.928463
9577,0.591998
9578,0.072505
9579,0.079432
9580,0.862953
9581,0.836744
9582,0.098033
9583,0.828496
9584,0.858006
9585,0.311852
9586,0.076733
9587,0.147588
9588,0.863659
9589,0.243054
9590,0.506566
9591,0.626464
9592,0.737242
9593,0.229034
9594,0.923824
9595,0.948945
9596,0.236960
9597,0.825370
9598,0.956958
9599,0.435641
9600,0.792833
9601,0.777836
9602,0.087493
9603,0.433370
9604,0.427785
9605,0.492989
9606,0.014620
9607,0.563621
9608,0.698521
9609,0.719493
9610,0.089193
9611,0.039654
9612,0.182933
9613,0.315169
9614,0.649025
9615,0.544371
9616,0.821979
9617,0.258445
9618,0.717027
9619,0.546804
9620,0.044891
9621,0.575857
9622,0.122449
9623,0.703459
9624,0.539899
9625,0.041345
9626,0.324848
9627,0.436544
9628,0.947163
9629,0.770097
9630,0.887147
9631,0.996443
9632,0.979424
9633,0.339465
9634,0.450562
9635,0.997945
9636,0.968893
9637,0.085957
9638,0.375628
9639,0.496186
9640,0.563394
9641,0.120197
9642,0.477842
9643,0.450788
9644,0.922672
9645,0.551680
9646,0.702269
9647,0.678013
9648,0.011329
9649,0.697163
9650,0.179356
9651,0.974307
9652,0.748231
9653,0.631091
9654,0.596639
9655,0.198475
9656,0.671294
9657,0.912036
9658,0.999750
9659,0.357513
9660,0.325891
9661,0.353336
9662,0.941336
9663,0.129936
9664,0.135108
9665,0.425088
9666,0.339484
9667,0.470764
9668,0.614235
9669,0.422448
9670,0.702710
9671,0.611227
9672,0.407080
9673,0.360918
9674,0.761375
9675,0.478742
9676,0.431583
9677,0.060181
9678,0.892042
9679,0.261562
9680,0.663684
9681,0.721655
9682,0.573163
9683,0.881927
9684,0.216363
9685,0.814171
9686,0.472072
9687,0.555041
9688,0.197544
9689,0.087394
9690,0.540034
9691,0.823616
9692,0.438239
9693,0.231481
9694,0.757950
9695,0.093091
9696,0.905452
9697,0.678184
9698,0.366468
9699,0.086100
9700,0.477106
9701,0.409161
9702,0.982006
9703,0.518624
9704,0.328395
9705,0.506200
9706,0.773781
9707,0.521642
9708,0.205192
9709,0.534888
9710,0.733781
9711,0.367528
9712,0.703613
9713,0.701774
9714,0.157860
9715,0.297005
9716,0.607791
9717,0.219722
9718,0.185846
9719,0.414925
9720,0.975090
9721,0.932339
9722,0.472300
9723,0.158292
9724,0.464421
9725,0.834586
9726,0.534613
9727,0.477218
9728,0.650593
9729,0.164990
9730,0.929688
9731,0.203958
9732,0.025779
9733,0.122616
9734,0.357798
9735,0.681211
9736,0.555702
9737,0.288003
9738,0.354697
9739,0.931115
9740,0.402906
9741,0.347984
9742,0.296826
9743,0.761926
9744,0.239730
9745,0.791745
9746,0.112686
9747,0.688311
9748,0.771237
9749,0.942383
9750,0.067960
9751,0.959546
9752,0.146365
9753,0.926800
9754,0.636597
9755,0.983058
9756,0.487134
9757,0.916426
9758,0.585638
9759,0.259865
9760,0.074261
9761,0.554555
9762,0.021636
9763,0.439591
9764,0.850331
9765,0.468576
9766,0.552349
9767,0.807260
9768,0.736744
9769,0.119150
9770,0.740836
9771,0.395502
9772,0.335788
9773,0.788827
9774,0.121733
9775,0.426891
9776,0.028303
9777,0.517275
9778,0.508509
9779,0.583405
9780,0.956585
9781,0.515662
9782,0.811351
9783,0.586927
9784,0.665066
9785,0.922478
9786,0.757670
9787,0.456458
9788,0.054118
9789,0.664550
9790,0.602160
9791,0.381851
9792,0.526311
9793,0.502262
9794,0.758811
9795,0.352007
9796,0.303832
9797,0.808546
9798,0.751611
9799,0.355565
9800,0.303023
9801,0.159439
9802,0.540665
9803,0.130669
9804,0.809101
9805,0.079715
9806,0.777813
9807,0.317292
9808,0.285407
9809,0.389628
9810,0.085188
9811,0.209102
9812,0.336003
9813,0.034757
9814,0.465450
9815,0.615247
9816,0.611490
9817,0.242702
9818,0.682673
9819,0.884429
9820,0.482480
9821,0.320249
9822,0.097547
9823,0.877390
9824,0.659347
9825,0.955921
9826,0.088220
9827,0.978708
9828,0.729381
9829,0.726203
9830,0.909807
9831,0.169677
9832,0.361229
9833,0.551869
9834,0.337119
9835,0.670446
9836,0.955416
9837,0.981750
9838,0.008394
9839,0.362537
9840,0.985954
9841,0.273715
9842,0.685289
9843,0.796479
9844,0.436288
9845,0.015550
9846,0.788790
9847,0.698057
9848,0.254307
9849,0.059749
9850,0.564390
9851,0.308707
9852,0.312925
9853,0.149879
9854,0.392448
9855,0.603747
9856,0.378787
9857,0.904693
9858,0.277501
9859,0.822147
9860,0.395879
9861,0.376310
9862,0.379035
9863,0.068948
9864,0.847593
9865,0.983661
9866,0.342984
9867,0.004059
9868,0.699080
9869,0.478796
9870,0.811766
9871,0.892146
9872,0.456321
9873,0.223315
9874,0.843765
9875,0.538244
9876,0.393418
9877,0.506651
9878,0.226278
9879,0.815340
9880,0.123478
9881,0.867111
9882,0.861903
9883,0.245775
9884,0.219556
9885,0.317113
9886,0.530377
9887,0.183104
9888,0.906778
9889,0.992707
9890,0.655757
9891,0.224198
9892,0.526241
9893,0.621926
9894,0.399341
9895,0.385511
9896,0.814202
9897,0.492267
9898,0.339655
9899,0.501851
9900,0.600369
9901,0.370371
9902,0.334553
9903,0.345072
9904,0.786570
9905,0.331881
9906,0.520082
9907,0.662294
9908,0.038298
9909,0.914191
9910,0.879205
9911,0.466795
9912,0.307197
9913,0.162011
9914,0.525130
9915,0.922797
9916,0.407740
9917,0.422674
9918,0.142679
9919,0.756992
9920,0.126684
9921,0.696867
9922,0.003520
9923,0.690152
9924,0.576956
9925,0.646644
9926,0.489545
9927,0.599871
9928,0.042683
9929,0.887150
9930,0.882777
9931,0.702670
9932,0.576227
9933,0.574293
9934,0.193274
9935,0.837519
9936,0.971617
9937,0.626300
9938,0.673256
9939,0.311174
9940,0.571266
9941,0.250094
9942,0.391154
9943,0.153337
9944,0.350331
9945,0.922963
9946,0.338387
9947,0.421780
9948,0.234111
9949,0.049042
9950,0.284392
9951,0.627930
9952,0.061801
9953,0.983191
9954,0.814480
9955,0.501202
9956,0.771747
9957,0.098657
9958,0.937059
9959,0.566214
9960,0.798901
9961,0.277685
9962,0.247531
9963,0.139968
9964,0.561310
9965,0.256146
9966,0.106818
9967,0.049313
9968,0.452094
9969,0.058703
9970,0.496864
9971,0.976229
9972,0.305007
9973,0.218022
9974,0.296633
9975,0.911046
9976,0.623661
9977,0.575643
9978,0.548324
9979,0.011402
9980,0.391265
9981,0.396739
9982,0.076356
9983,0.485206
9984,0.235991
9985,0.054953
9986,0.274655
9987,0.522211
9988,0.409746
9989,0.396264
9990,0.493301
9991,0.889913
9992,0.335444
9993,0.293352
9994,0.746216
9995,0.007749
9996,0.617317
9997,0.739608
9998,0.975865
9999,0.463401
10000,0.680540
10001,0.875399
10002,0.687135
10003,0.581246
10004,0.112877
10005,0.901163
10006,0.895942
10007,0.235504
10008,0.957799
10009,0.897124
10010,0.429556
10011,0.268987
10012,0.836035
10013,0.234089
10014,0.603244
10015,0.399033
10016,0.324401
10017,0.119450
10018,0.032065
10019,0.351708
10020,0.245966
10021,0.317716
10022,0.965210
10023,0.961542
10024,0.762168
10025,0.260667
10026,0.206356
10027,0.414249
10028,0.813561
10029,0.420975
10030,0.045533
10031,0.359733
10032,0.738384
10033,0.777751
10034,0.103631
10035,0.255964
10036,0.400300
10037,0.874711
10038,0.077352
10039,0.675353
10040,0.524978
10041,0.088501
10042,0.874540
10043,0.268205
10044,0.613517
10045,0.153157
10046,0.075371
10047,0.835835
10048,0.449790
10049,0.805757
10050,0.141338
10051,0.691395
10052,0.890939
10053,0.384999
10054,0.711728
10055,0.601475
10056,0.064540
10057,0.895706
10058,0.896722
10059,0.360791
10060,0.842943
10061,0.526023
10062,0.012182
10063,0.410841
10064,0.940707
10065,0.613667
10066,0.331139
10067,0.243103
10068,0.139542
10069,0.361510
10070,0.273273
10071,0.742249
10072,0.856030
10073,0.733740
10074,0.552152
10075,0.798553
10076,0.883783
10077,0.405412
10078,0.178688
10079,0.413067
10080,0.429964
10081,0.427597
10082,0.662111
10083,0.154966
10084,0.438391
10085,0.607642
10086,0.445114
10087,0.795497
10088,0.305078
10089,0.790543
10090,0.018724
10091,0.394564
10092,0.033592
10093,0.288221
10094,0.644621
10095,0.245850
10096,0.260244
10097,0.951645
10098,0.590505
10099,0.596386
10100,0.132425
10101,0.059564
10102,0.271279
10103,0.266038
10104,0.891197
10105,0.029959
10106,0.581147
10107,0.059596
10108,0.664316
10109,0.383966
10110,0.513609
10111,0.238963
10112,0.211008
10113,0.417056
10114,0.366079
10115,0.052842
10116,0.753164
10117,0.412375
10118,0.435156
10119,0.652310
10120,0.707997
10121,0.585947
10122,0.609898
10123,0.499717
10124,0.081181
10125,0.449793
10126,0.933396
10127,0.236498
10128,0.338728
10129,0.302929
10130,0.501064
10131,0.776515
10132,0.661978
10133,0.440358
10134,0.956901
10135,0.346681
10136,0.158501
10137,0.061249
10138,0.717239
10139,0.850132
10140,0.573273
10141,0.458386
10142,0.106865
10143,0.480166
10144,0.015416
10145,0.151583
10146,0.440514
10147,0.666660
10148,0.731226
10149,0.794926
10150,0.456741
10151,0.306805
10152,0.141871
10153,0.869002
10154,0.364279
10155,0.341295
10156,0.663772
10157,0.591658
10158,0.774187
10159,0.608167
10160,0.933542
10161,0.181113
10162,0.845776
10163,0.986205
10164,0.061304
10165,0.158602
10166,0.024808
10167,0.764399
10168,0.674333
10169,0.782369
10170,0.076948
10171,0.603996
10172,0.615899
10173,0.528702
10174,0.041660
10175,0.611355
10176,0.032091
10177,0.995574
10178,0.100079
10179,0.265769
10180,0.551905
10181,0.056416
10182,0.293805
10183,0.864210
10184,0.989157
10185,0.872451
10186,0.616133
10187,0.233210
10188,0.325594
10189,0.081188
10190,0.012578
10191,0.948670
10192,0.917051
10193,0.494775
10194,0.315543
10195,0.191400
10196,0.761387
10197,0.214384
10198,0.339053
10199,0.410087
10200,0.052478
10201,0.144528
10202,0.345041
10203,0.197227
10204,0.851802
10205,0.119226
10206,0.986255
10207,0.256485
10208,0.908507
10209,0.749946
10210,0.943119
10211,0.744912
10212,0.825961
10213,0.633809
10214,0.546286
10215,0.227117
10216,0.640373
10217,0.792487
10218,0.103141
10219,0.328360
10220,0.422474
10221,0.077303
10222,0.024833
10223,0.897409
10224,0.830536
10225,0.434822
10226,0.231593
10227,0.997455
10228,0.090500
10229,0.681533
10230,0.991806
10231,0.171170
10232,0.549017
10233,0.626488
10234,0.473782
10235,0.172405
10236,0.291811
10237,0.722708
10238,0.427027
10239,0.870289
10240,0.378966
10241,0.179598
10242,0.598031
10243,0.402078
10244,0.049053
10245,0.886064
10246,0.267577
10247,0.716541
10248,0.718951
10249,0.785051
10250,0.075818
10251,0.325849
10252,0.190811
10253,0.809073
10254,0.646774
10255,0.524129
10256,0.887523
10257,0.759003
10258,0.224854
10259,0.286383
10260,0.936327
10261,0.134498
10262,0.006723
10263,0.809912
10264,0.761353
10265,0.212904
10266,0.769911
10267,0.802891
10268,0.136639
10269,0.292457
10270,0.737934
10271,0.107475
10272,0.396587
10273,0.781445
10274,0.769020
10275,0.594009
10276,0.513061
10277,0.528504
10278,0.500480
10279,0.951093
10280,0.207464
10281,0.732016
10282,0.210159
10283,0.724790
10284,0.627326
10285,0.365819
10286,0.481877
10287,0.615561
10288,0.849623
10289,0.790178
10290,0.435360
10291,0.364422
10292,0.162914
10293,0.529029
10294,0.699596
10295,0.521429
10296,0.918974
10297,0.541212
10298,0.259925
10299,0.552357
10300,0.824886
10301,0.035353
10302,0.797505
10303,0.383253
10304,0.555455
10305,0.233486
10306,0.833467
10307,0.512004
10308,0.442089
10309,0.420805
10310,0.446797
10311,0.469951
10312,0.902300
10313,0.462390
10314,0.000673
10315,0.774951
10316,0.541022
10317,0.381824
10318,0.659217
10319,0.139778
10320,0.478857
10321,0.399476
10322,0.481413
10323,0.413850
10324,0.007470
10325,0.627202
10326,0.714672
10327,0.079349
10328,0.799161
10329,0.607905
10330,0.236251
10331,0.406225
10332,0.278870
10333,0.683777
10334,0.822593
10335,0.890905
10336,0.715957
10337,0.685404
10338,0.658552
10339,0.718714
10340,0.757548
10341,0.341592
10342,0.757092
10343,0.851325
10344,0.784051
10345,0.147336
10346,0.912266
10347,0.873504
10348,0.202377
10349,0.770860
10350,0.561202
10351,0.936059
10352,0.228324
10353,0.884826
10354,0.703500
10355,0.510325
10356,0.472896
10357,0.470624
10358,0.941499
10359,0.215781
10360,0.884034
10361,0.887791
10362,0.094266
10363,0.220045
10364,0.610603
10365,0.101712
10366,0.327924
10367,0.177051
10368,0.958460
10369,0.209734
10370,0.036087
10371,0.607716
10372,0.254489
10373,0.706169
10374,0.923910
10375,0.010285
10376,0.244849
10377,0.524653
10378,0.730611
10379,0.250116
10380,0.519251
10381,0.396781
10382,0.845532
10383,0.999486
10384,0.307411
10385,0.390482
10386,0.395288
10387,0.109103
10388,0.420782
10389,0.201796
10390,0.671795
10391,0.057464
10392,0.581781
10393,0.174585
10394,0.821764
10395,0.509347
10396,0.691876
10397,0.483432
10398,0.889343
10399,0.506727
10400,0.728307
10401,0.722988
10402,0.700283
10403,0.341089
10404,0.202627
10405,0.776111
10406,0.705231
10407,0.154108
10408,0.873495
10409,0.503174
10410,0.679975
10411,0.341748
10412,0.373507
10413,0.219899
10414,0.945523
10415,0.514405
10416,0.708955
10417,0.334739
10418,0.923279
10419,0.520105
10420,0.758672
10421,0.823435
10422,0.734014
10423,0.477990
10424,0.710261
10425,0.653953
10426,0.234330
10427,0.391480
10428,0.168033
10429,0.240784
10430,0.534580
10431,0.779360
10432,0.926088
10433,0.475250
10434,0.123810
10435,0.307166
10436,0.226494
10437,0.046111
10438,0.092014
10439,0.008750
10440,0.004802
10441,0.800256
10442,0.883965
10443,0.669580
10444,0.631052
10445,0.267572
10446,0.079175
10447,0.781528
10448,0.148452
10449,0.938470
10450,0.964465
10451,0.601592
10452,0.960645
10453,0.777758
10454,0.547886
10455,0.130047
10456,0.096897
10457,0.085156
10458,0.873319
10459,0.321180
10460,0.205451
10461,0.709954
10462,0.546958
10463,0.283119
10464,0.912062
10465,0.193057
10466,0.541643
10467,0.271346
10468,0.759326
10469,0.732274
10470,0.792471
10471,0.149777
10472,0.821154
10473,0.451053
10474,0.535987
10475,0.234688
10476,0.426777
10477,0.974586
10478,0.835354
10479,0.341991
10480,0.943978
10481,0.926619
10482,0.511838
10483,0.311485
10484,0.921200
10485,0.351368
10486,0.433232
10487,0.444170
10488,0.576746
10489,0.670132
10490,0.789572
10491,0.316322
10492,0.010009
10493,0.968802
10494,0.575533
10495,0.927307
10496,0.429473
10497,0.351880
10498,0.596931
10499,0.362927
10500,0.955098
10501,0.689536
10502,0.716509
10503,0.856963
10504,0.597238
10505,0.340485
10506,0.647041
10507,0.536598
10508,0.228081
10509,0.312616
10510,0.796458
10511,0.600347
10512,0.194681
10513,0.403423
10514,0.833149
10515,0.107241
10516,0.815939
10517,0.284731
10518,0.596139
10519,0.731803
10520,0.975463
10521,0.616515
10522,0.029800
10523,0.168427
10524,0.817568
10525,0.746852
10526,0.615303
10527,0.683077
10528,0.818275
10529,0.910073
10530,0.336171
10531,0.360838
10532,0.177820
10533,0.295431
10534,0.457139
10535,0.651998
10536,0.946926
10537,0.413937
10538,0.220012
10539,0.403679
10540,0.695964
10541,0.866959
10542,0.400492
10543,0.879393
10544,0.811156
10545,0.891969
10546,0.991376
10547,0.834274
10548,0.236687
10549,0.944708
10550,0.563855
10551,0.101750
10552,0.190035
10553,0.311020
10554,0.857319
10555,0.379718
10556,0.610891
10557,0.375415
10558,0.830914
10559,0.878670
10560,0.355324
10561,0.010872
10562,0.561609
10563,0.837517
10564,0.757138
10565,0.116805
10566,0.736511
10567,0.343472
10568,0.380883
10569,0.449949
10570,0.681715
10571,0.434413
10572,0.505272
10573,0.627575
10574,0.907264
10575,0.158139
10576,0.222845
10577,0.904258
10578,0.819367
10579,0.342117
10580,0.041782
10581,0.215614
10582,0.882748
10583,0.961840
10584,0.279217
10585,0.916067
10586,0.677142
10587,0.854796
10588,0.188077
10589,0.521130
10590,0.707649
10591,0.111746
10592,0.769618
10593,0.340746
10594,0.332841
10595,0.043473
10596,0.533034
10597,0.864785
10598,0.474962
10599,0.424594
10600,0.391187
10601,0.752981
10602,0.336483
10603,0.889512
10604,0.011770
10605,0.803719
10606,0.955472
10607,0.120801
10608,0.181462
10609,0.515629
10610,0.351474
10611,0.862449
10612,0.186591
10613,0.331060
10614,0.231132
10615,0.287879
10616,0.526753
10617,0.743680
10618,0.904330
10619,0.089213
10620,0.899965
10621,0.480129
10622,0.697460
10623,0.443555
10624,0.539794
10625,0.526712
10626,0.490304
10627,0.462164
10628,0.614446
10629,0.065595
10630,0.965800
10631,0.026264
10632,0.250334
10633,0.204807
10634,0.691441
10635,0.866670
10636,0.777902
10637,0.989914
10638,0.519247
10639,0.679435
10640,0.560219
10641,0.571480
10642,0.669195
10643,0.047412
10644,0.185380
10645,0.988987
10646,0.078789
10647,0.052815
10648,0.015712
10649,0.887039
10650,0.558593
10651,0.539492
10652,0.983447
10653,0.678871
10654,0.845994
10655,0.536495
10656,0.954008
10657,0.609283
10658,0.583303
10659,0.202976
10660,0.020904
10661,0.908561
10662,0.290138
10663,0.559928
10664,0.439485
10665,0.091498
10666,0.718831
10667,0.635704
10668,0.747885
10669,0.099217
10670,0.209905
10671,0.045946
10672,0.019566
10673,0.442826
10674,0.646989
10675,0.719550
10676,0.245242
10677,0.951485
10678,0.378475
10679,0.273455
10680,0.033558
10681,0.726509
10682,0.301767
10683,0.694990
10684,0.286267
10685,0.913006
10686,0.965568
10687,0.168602
10688,0.204890
10689,0.825292
10690,0.104747
10691,0.685101
10692,0.847188
10693,0.833970
10694,0.153600
10695,0.681486
10696,0.439212
10697,0.160330
10698,0.839431
10699,0.998815
10700,0.847882
10701,0.540144
10702,0.114366
10703,0.893701
10704,0.664927
10705,0.961423
10706,0.746183
10707,0.872174
10708,0.013486
10709,0.479812
10710,0.083645
10711,0.012969
10712,0.546435
10713,0.488711
10714,0.051746
10715,0.556099
10716,0.787037
10717,0.449363
10718,0.000456
10719,0.681504
10720,0.794782
10721,0.936473
10722,0.899710
10723,0.880111
10724,0.084557
10725,0.559372
10726,0.756593
10727,0.977557
10728,0.276163
10729,0.422895
10730,0.064322
10731,0.989399
10732,0.403184
10733,0.380961
10734,0.496283
10735,0.945757
10736,0.042519
10737,0.639908
10738,0.017031
10739,0.854822
10740,0.648795
10741,0.601494
10742,0.859141
10743,0.079250
10744,0.795703
10745,0.593362
10746,0.793420
10747,0.137480
10748,0.891228
10749,0.987028
10750,0.798879
10751,0.149303
10752,0.360861
10753,0.529125
10754,0.649097
10755,0.197124
10756,0.489279
10757,0.794007
10758,0.735129
10759,0.405800
10760,0.589822
10761,0.128605
10762,0.454370
10763,0.671479
10764,0.910980
10765,0.835802
10766,0.300189
10767,0.521416
10768,0.047791
10769,0.513661
10770,0.975019
10771,0.319081
10772,0.166767
10773,0.031788
10774,0.147100
10775,0.669486
10776,0.716481
10777,0.213337
10778,0.340185
10779,0.809509
10780,0.072950
10781,0.349617
10782,0.030231
10783,0.820374
10784,0.516919
10785,0.654503
10786,0.882734
10787,0.468500
10788,0.157313
10789,0.990355
10790,0.636079
10791,0.425252
10792,0.118696
10793,0.784722
10794,0.564939
10795,0.657710
10796,0.372179
10797,0.342281
10798,0.781889
10799,0.625614
10800,0.521176
10801,0.205209
10802,0.057954
10803,0.329075
10804,0.964775
10805,0.807264
10806,0.374649
10807,0.443299
10808,0.418655
10809,0.445460
10810,0.879207
10811,0.283092
10812,0.212395
10813,0.257624
10814,0.365761
10815,0.679713
10816,0.458067
10817,0.928037
10818,0.399310
10819,0.354829
10820,0.027444
10821,0.458654
10822,0.256243
10823,0.304850
10824,0.061897
10825,0.375506
10826,0.420464
10827,0.029097
10828,0.778166
10829,0.417389
10830,0.462014
10831,0.674306
10832,0.593555
10833,0.264178
10834,0.349373
10835,0.651066
10836,0.231431
10837,0.696836
10838,0.688477
10839,0.587846
10840,0.124543
10841,0.530152
10842,0.828556
10843,0.944566
10844,0.692853
10845,0.406936
10846,0.511237
10847,0.230620
10848,0.593516
10849,0.352137
10850,0.553471
10851,0.585289
10852,0.856745
10853,0.287619
10854,0.000881
10855,0.167047
10856,0.426261
10857,0.283835
10858,0.559525
10859,0.937151
10860,0.597260
10861,0.424039
10862,0.444701
10863,0.593013
10864,0.879543
10865,0.593227
10866,0.399622
10867,0.407964
10868,0.274948
10869,0.896922
10870,0.631343
10871,0.266384
10872,0.332487
10873,0.412112
10874,0.968130
10875,0.511262
10876,0.460598
10877,0.335294
10878,0.047397
10879,0.866577
10880,0.264372
10881,0.896665
10882,0.859053
10883,0.774027
10884,0.934006
10885,0.064629
10886,0.796718
10887,0.329071
10888,0.921484
10889,0.465894
10890,0.799642
10891,0.147705
10892,0.085101
10893,0.890948
10894,0.948553
10895,0.906731
10896,0.435816
10897,0.310112
10898,0.186079
10899,0.082674
10900,0.223655
10901,0.702089
10902,0.409774
10903,0.516463
10904,0.135104
10905,0.766589
10906,0.425659
10907,0.326571
10908,0.759360
10909,0.123516
10910,0.901863
10911,0.940443
10912,0.092368
10913,0.859615
10914,0.999455
10915,0.777019
10916,0.921163
10917,0.523662
10918,0.654350
10919,0.558296
10920,0.939379
10921,0.973111
10922,0.878615
10923,0.808699
10924,0.729713
10925,0.352632
10926,0.745274
10927,0.237631
10928,0.703939
10929,0.883137
10930,0.659989
10931,0.515897
10932,0.168198
10933,0.544947
10934,0.578375
10935,0.895250
10936,0.671737
10937,0.517908
10938,0.946546
10939,0.631916
10940,0.833535
10941,0.981648
10942,0.695598
10943,0.085024
10944,0.216644
10945,0.548009
10946,0.214688
10947,0.338913
10948,0.023184
10949,0.243320
10950,0.107979
10951,0.880123
10952,0.357078
10953,0.248641
10954,0.372054
10955,0.651056
10956,0.720193
10957,0.008156
10958,0.206107
10959,0.021170
10960,0.909865
10961,0.655915
10962,0.752980
10963,0.606317
10964,0.004420
10965,0.764686
10966,0.873083
10967,0.884862
10968,0.561141
10969,0.537563
10970,0.371072
10971,0.487285
10972,0.696796
10973,0.711844
10974,0.656766
10975,0.758076
10976,0.486482
10977,0.911827
10978,0.487173
10979,0.029920
10980,0.867889
10981,0.713894
10982,0.960492
10983,0.360322
10984,0.280372
10985,0.891630
10986,0.369010
10987,0.271947
10988,0.563514
10989,0.408576
10990,0.389873
10991,0.379521
10992,0.228831
10993,0.422991
10994,0.048985
10995,0.558541
10996,0.657252
10997,0.236193
10998,0.277583
10999,0.389898
11000,0.224240
11001,0.180890
11002,0.682629
11003,0.716394
11004,0.955677
11005,0.065152
11006,0.066575
11007,0.510352
11008,0.584402
11009,0.318303
11010,0.378379
11011,0.022247
11012,0.535572
11013,0.711806
11014,0.298072
11015,0.445780
11016,0.114144
11017,0.858364
11018,0.090746
11019,0.487377
11020,0.847783
11021,0.147608
11022,0.630770
11023,0.060792
11024,0.801556
11025,0.469697
11026,0.762602
11027,0.587987
11028,0.832094
11029,0.167446
11030,0.253556
11031,0.168716
11032,0.827547
11033,0.395358
11034,0.152875
11035,0.869478
11036,0.383292
11037,0.977315
11038,0.599155
11039,0.962023
11040,0.102352
11041,0.329131
11042,0.897598
11043,0.311394
11044,0.557271
11045,0.846024
11046,0.263121
11047,0.736858
11048,0.221373
11049,0.137168
11050,0.805580
11051,0.620165
11052,0.664793
11053,0.735210
11054,0.970482
11055,0.806439
11056,0.542640
11057,0.275183
11058,0.389930
11059,0.229209
11060,0.614148
11061,0.751833
11062,0.928574
11063,0.009046
11064,0.814656
11065,0.940447
11066,0.278901
11067,0.382150
11068,0.867506
11069,0.884301
11070,0.333508
11071,0.270467
11072,0.876272
11073,0.250516
11074,0.983795
11075,0.416224
11076,0.477647
11077,0.243460
11078,0.740809
11079,0.204155
11080,0.034359
11081,0.158093
11082,0.809914
11083,0.463003
11084,0.311129
11085,0.457366
11086,0.577190
11087,0.077616
11088,0.104929
11089,0.968353
11090,0.949422
11091,0.161434
11092,0.859933
11093,0.791427
11094,0.451076
11095,0.873510
11096,0.664229
11097,0.368329
11098,0.533027
11099,0.901347
11100,0.463509
11101,0.556428
11102,0.220345
11103,0.846584
11104,0.349364
11105,0.483620
11106,0.909976
11107,0.963903
11108,0.646609
11109,0.951295
11110,0.398506
11111,0.868798
11112,0.336566
11113,0.009969
11114,0.503212
11115,0.628984
11116,0.534224
11117,0.906590
11118,0.499243
11119,0.871617
11120,0.057407
11121,0.508779
11122,0.094080
11123,0.984199
11124,0.786771
11125,0.965595
11126,0.352487
11127,0.425507
11128,0.891012
11129,0.129999
11130,0.329827
11131,0.838894
11132,0.430116
11133,0.763505
11134,0.418690
11135,0.882550
11136,0.636150
11137,0.157308
11138,0.909728
11139,0.297164
11140,0.892492
11141,0.181291
11142,0.543555
11143,0.901132
11144,0.160720
11145,0.533846
11146,0.900798
11147,0.112790
11148,0.958438
11149,0.304359
11150,0.774284
11151,0.436216
11152,0.174798
11153,0.786076
11154,0.270999
11155,0.595291
11156,0.229524
11157,0.722341
11158,0.904131
11159,0.169493
11160,0.841008
11161,0.964577
11162,0.584817
11163,0.822284
11164,0.318577
11165,0.689151
11166,0.491300
11167,0.222402
11168,0.976544
11169,0.701950
11170,0.234906
11171,0.810759
11172,0.282480
11173,0.085175
11174,0.440432
11175,0.598545
11176,0.318289
11177,0.895103
11178,0.084617
11179,0.062560
11180,0.837889
11181,0.639973
11182,0.910429
11183,0.718994
11184,0.017111
11185,0.841553
11186,0.309849
11187,0.967648
11188,0.353140
11189,0.574341
11190,0.373776
11191,0.988604
11192,0.609972
11193,0.430564
11194,0.466635
11195,0.548093
11196,0.165596
11197,0.412641
11198,0.778337
11199,0.851090
11200,0.604218
11201,0.113192
11202,0.006068
11203,0.501459
11204,0.120850
11205,0.344224
11206,0.071413
11207,0.577118
11208,0.171016
11209,0.917436
11210,0.259474
11211,0.413525
11212,0.422123
11213,0.047527
11214,0.828029
11215,0.346328
11216,0.551319
11217,0.581040
11218,0.489088
11219,0.978071
11220,0.488441
11221,0.657885
11222,0.582199
11223,0.031698
11224,0.431839
11225,0.990528
11226,0.141117
11227,0.496340
11228,0.684249
11229,0.499541
11230,0.019971
11231,0.959711
