index,target
0,0.0103807081880958
1,0.864891423389086
2,0.1159040226389381
3,0.0424489032019692
4,0.9897182907188992
5,0.0061908361345356
6,0.811962354280193
7,0.1393401444034987
8,0.0158700792847126
9,0.9187460821376452
10,0.0060429873092409
11,0.0032754771281171
12,0.0787260468762412
13,0.6272978983768662
14,0.3316969889112725
15,0.4389541855777514
16,0.2083322163943085
17,0.8393159424603723
18,0.8257336395232122
19,0.9653540170336424
20,0.1389936790842297
21,0.7859639612711646
22,0.9737599825868816
23,0.1399412229835244
24,0.9833004083189938
25,0.0390124458003675
26,0.0116258716203415
27,0.0184032141221892
28,0.0158463426035086
29,0.0026799770787341
30,0.0347148139153709
31,0.0066616299015233
32,0.0039963618575605
33,0.4820742164572826
34,0.0748293576083033
35,0.1380810997905002
36,0.7658789237219907
37,0.0105581545363111
38,0.0927443024640873
39,0.1056459958264356
40,0.2049121549493694
41,0.9538938447291448
42,0.0060035475817817
43,0.3124936936496442
44,0.9647548929307688
45,0.0158178089329952
46,0.8371670424915857
47,0.1521286557178875
48,0.2295708491984134
49,0.0569288760366292
50,0.0541165928747496
51,0.0064387563289437
52,0.3801814722871062
53,0.0106317607930114
54,0.1183951603554272
55,0.0262394779201638
56,0.0307278837184959
57,0.9754117160669422
58,0.04189839324982
59,0.8388495945812555
60,0.0416691527834038
61,0.0163352453929986
62,0.8829073396827052
63,0.6982613725440604
64,0.1748815876380674
65,0.0048407837370249
66,0.0540494329488854
67,0.9320620372496022
68,0.9756980156887044
69,0.5117851782760054
70,0.0810373822718558
71,0.4546522081419137
72,0.0522698567307054
73,0.1875209341608684
74,0.0844786838840459
75,0.009948693940853
76,0.004967275720605
77,0.0064278812008313
78,0.0266010069927403
79,0.4111243330685059
80,0.1785083552195854
81,0.3168298129125888
82,0.1730827306159139
83,0.089056005560371
84,0.1512370264758185
85,0.3881891207676799
86,0.6104037769360843
87,0.0170381626290475
88,0.1234617490506186
89,0.0023007127996713
90,0.7645177530621702
91,0.0238966460179757
92,0.0600131133643811
93,0.0787938915559808
94,0.0678969195339944
95,0.850932669262172
96,0.4558076379247985
97,0.1533203749304635
98,0.9741047961619936
99,0.3464382357575624
100,0.0046889727257179
101,0.0918480486723408
102,0.0480515615097508
103,0.0997398815507987
104,0.411771702690736
105,0.0542846651260849
106,0.9087304208691488
107,0.6894944871393884
108,0.252257125535919
109,0.1367708853363848
110,0.9712853273929344
111,0.0192785773073907
112,0.0927268227687513
113,0.0127757621426281
114,0.0131940550500941
115,0.334424514544018
116,0.889472496499801
117,0.2076479101252219
118,0.4000887597906727
119,0.9844873529856591
120,0.9894277125192946
121,0.0029302043496346
122,0.1173624979889795
123,0.1336089408211063
124,0.1111842477941408
125,0.0950533700196585
126,0.0254673345927812
127,0.1351263425078583
128,0.1481517782011066
129,0.1122041411822819
130,0.0033789891660967
131,0.0352895694499079
132,0.981854747478916
133,0.0579322411449005
134,0.9750437178792996
135,0.9723760190154284
136,0.9807083593189124
137,0.840064352039578
138,0.8347139065653952
139,0.1011922361301889
140,0.0231885052374527
141,0.3244111901319531
142,0.0167939838950607
143,0.0679523841435064
144,0.0062286453851758
145,0.9884887369590224
146,0.7825651289628788
147,0.940694277032653
148,0.9687211900530228
149,0.0542177200810034
150,0.3542609215163963
151,0.1466536693470262
152,0.0485858179925323
153,0.0083969239675911
154,0.043260083389545
155,0.0259925742602708
156,0.365469218474474
157,0.4798657341549705
158,0.0485577111398091
159,0.0261613388138683
160,0.0073384237678967
161,0.5332543796195038
162,0.0504459001904887
163,0.8039114018978236
164,0.0384489151714062
165,0.0283854559180503
166,0.0844970957604023
167,0.0154678544192834
168,0.981199679295862
169,0.0080598367726029
170,0.0535338866781562
171,0.0288366545591247
172,0.0807226459528518
173,0.9166264567025548
174,0.0114632631616558
175,0.0147230589407131
176,0.9882791670563118
177,0.9593034865667665
178,0.0034547782114715
179,0.9576895882950528
180,0.148068753161469
181,0.0428027131422231
182,0.8628338768357837
183,0.1277276314769599
184,0.9703854321211548
185,0.0611464563894051
186,0.5534933126134944
187,0.0063705945274268
188,0.1328342883289495
189,0.0099982826812592
190,0.0073747825066267
191,0.9574242465227016
192,0.0647167266311518
193,0.0383719817309307
194,0.0707030303695639
195,0.987535452031685
196,0.041272974127849
197,0.984691080497621
198,0.0732157748824865
199,0.3437937181761282
200,0.1219370090334032
201,0.022444752489621
202,0.9713388650496416
203,0.0058632497299959
204,0.0494079956207106
205,0.0255963004785091
206,0.1064229591550784
207,0.92210799063789
208,0.0409740778777984
209,0.9984260448960238
210,0.0943921341367865
211,0.0072270503715776
212,0.4881602952492295
213,0.0119527527798283
214,0.0237095754759782
215,0.3323695581231384
216,0.0698671476732729
217,0.4756776595681656
218,0.8933733735115819
219,0.5480871639892542
220,0.1284481706531911
221,0.0387813297911883
222,0.0226033260790266
223,0.0218919024563924
224,0.2694058338922265
225,0.9893677949894396
226,0.9577841404918952
227,0.074548633462751
228,0.9684685429457488
229,0.0035279288509746
230,0.0388657571620355
231,0.9922006231642142
232,0.197021356133105
233,0.0211212032774699
234,0.2863747293943187
235,0.0911593431761652
236,0.2261350103004603
237,0.4788524119470821
238,0.0962005740109374
239,0.9768255957815126
240,0.0186139425769163
241,0.0134560935662552
242,0.2481700982500869
243,0.3925504407723101
244,0.8527255525189414
245,0.1409493023631314
246,0.0492018337000461
247,0.0090945023154623
248,0.6537972661571968
249,0.9967009613140758
250,0.0740303077368374
251,0.051413251030963
252,0.0307192264288057
253,0.2757714045233432
254,0.0699660389777113
255,0.2166123011545432
256,0.1893124353432956
257,0.8606307710296179
258,0.0137216144833169
259,0.0164056750643445
260,0.188237682513663
261,0.0609207098444085
262,0.9969479487446216
263,0.9361122093844166
264,0.0067805596511807
265,0.1019817523300388
266,0.9355206640659648
267,0.107011697124253
268,0.0092826071732217
269,0.0039230283505389
270,0.5524829211154774
271,0.2715135517304221
272,0.073084910141145
273,0.0373587165684624
274,0.9976784103352784
275,0.99691259603747
276,0.0895348711157703
277,0.0142734884874578
278,0.0132023315608366
279,0.0334346528590297
280,0.9759201846084492
281,0.9558033812787028
282,0.9637881924829728
283,0.010197450554398
284,0.1573955211077257
285,0.136084342019384
286,0.0235872092072631
287,0.0204219565045501
288,0.9875472205784036
289,0.4145871015944326
290,0.3095947953118751
291,0.975704007526609
292,0.835591665798382
293,0.9903688636114896
294,0.0073929448213907
295,0.0856397441779423
296,0.0930344944717359
297,0.0737660008943554
298,0.0044875357138611
299,0.9870886163719216
300,0.16482582519483
301,0.9544454057016508
302,0.9008836180710512
303,0.0638988401725023
304,0.8052282157089161
305,0.7972771953332091
306,0.1056404377923536
307,0.0338663163965757
308,0.4882318779666258
309,0.5028540290298583
310,0.9863863391042568
311,0.0851761662398247
312,0.4243502517070069
313,0.0075759986342656
314,0.5813312166960446
315,0.037796013704876
316,0.9649032875918367
317,0.0227861562168263
318,0.0037661896693838
319,0.8076737614175133
320,0.160823338313224
321,0.0349634482178084
322,0.0028457755921653
323,0.0438976971135848
324,0.1224086424619047
325,0.8695240454227742
326,0.1576912145178244
327,0.7618380572672289
328,0.0114096888652425
329,0.0095659154493405
330,0.7886720539164215
331,0.0132902489291377
332,0.118309625871884
333,0.0520550072360698
334,0.1269936252806132
335,0.3531662567652814
336,0.0443163678111737
337,0.9723631584302496
338,0.0126509840616576
339,0.0355663586397378
340,0.0047625054556083
341,0.9903576303752216
342,0.9711196461272996
343,0.114773369049606
344,0.1118996128993445
345,0.979877160284458
346,0.5492189556102314
347,0.0700706927842996
348,0.0029575502569563
349,0.3965878925955799
350,0.9971866737301018
351,0.0294117735894692
352,0.0662264069721817
353,0.0334195748402391
354,0.0727272379633541
355,0.0710581215641282
356,0.9453142176355588
357,0.0221202162275583
358,0.9774850386169291
359,0.2006203536455581
360,0.0705301874000404
361,0.6220081396828265
362,0.0115686602556456
363,0.066472988882599
364,0.0131665493757913
365,0.6885590049435095
366,0.0181787904663029
367,0.4848584512016246
368,0.398053150219181
369,0.9716683853967876
370,0.8557860167138124
371,0.7541016534143743
372,0.0189282702160322
373,0.1376247184778636
374,0.018417020026362
375,0.789568169607319
376,0.1315706896434391
377,0.0398592092096231
378,0.0148734011108093
379,0.0101909618423663
380,0.0777809314910851
381,0.1119069552073327
382,0.9664492590570666
383,0.064786389667188
384,0.1098936697553243
385,0.1830496014573094
386,0.0304643685035155
387,0.6766297011674801
388,0.1154942798752252
389,0.0360250328049977
390,0.8085907439303424
391,0.016852341478803
392,0.0188824584570695
393,0.930073944831476
394,0.9708868263211304
395,0.8810476044564155
396,0.9363773538090924
397,0.3677222782331059
398,0.1685222891232719
399,0.0028841655589735
400,0.0757848837342933
401,0.0086117203492964
402,0.0035480883634126
403,0.1367446427534981
404,0.0153149185670233
405,0.0315685665164485
406,0.9723917211804828
407,0.5517325043892212
408,0.0265500996369232
409,0.096502086685708
410,0.0592542796593174
411,0.8127746548732941
412,0.0686294680946163
413,0.3468560286549861
414,0.1057376618760165
415,0.0271271770280222
416,0.8474419945755898
417,0.177481839011341
418,0.0767547508438818
419,0.987499103462625
420,0.1638379269975977
421,0.0023649654309964
422,0.0127904067475089
423,0.6434689495522421
424,0.9710469932062032
425,0.0131089852923359
426,0.0678789636147898
427,0.0051795163309345
428,0.9144820465918024
429,0.9516865821762958
430,0.9953006672509724
431,0.0808388673267751
432,0.3664872444669808
433,0.0497201995141002
434,0.93154765097985
435,0.016379022664831
436,0.9710416507790264
437,0.0731155708794936
438,0.0399201703019949
439,0.9821016256343766
440,0.8864372555701073
441,0.0947445040802289
442,0.0311904528809907
443,0.0059496417854191
444,0.2519089385041603
445,0.0235822105973447
446,0.9866791453126768
447,0.3235670901540192
448,0.0156446083193127
449,0.6885336830624502
450,0.0688125396251472
451,0.4819007509345768
452,0.9792721952812936
453,0.4160216688367158
454,0.0659228801766231
455,0.898056099420826
456,0.899159915142944
457,0.0369132849320798
458,0.2372170572403997
459,0.6849852873765208
460,0.2372624012169121
461,0.7083909464981563
462,0.3122798728054304
463,0.9297284247666288
464,0.0341272561227176
465,0.9893881267673972
466,0.9043221079290916
467,0.0113463339774775
468,0.4538314928539427
469,0.950978576007062
470,0.1375947199995472
471,0.2819407448669717
472,0.937017266535014
473,0.0240517374349551
474,0.0346534621320113
475,0.0103448625062469
476,0.0196850535971074
477,0.0854402771815327
478,0.0735532677142254
479,0.7184048166925037
480,0.0174022104619214
481,0.9920078460618548
482,0.1146790695292647
483,0.9664108884721406
484,0.4160149067663979
485,0.0148658927681778
486,0.0412100308250063
487,0.1002096266755306
488,0.0092562504584702
489,0.0091717242969457
490,0.0580883242557744
491,0.012317772975983
492,0.003991074622651
493,0.0213173945082251
494,0.4603212470120563
495,0.1108320194102244
496,0.0182522848811254
497,0.6056057817484658
498,0.3087976517480825
499,0.077712118263607
500,0.9673037866353438
501,0.0798504621949042
502,0.0877465028324298
503,0.4051946499222864
504,0.8703116434207889
505,0.1909627244219127
506,0.0162276477212606
507,0.9911609545122316
508,0.9119609177925304
509,0.031561549558632
510,0.0484569162776905
511,0.8588766564639854
512,0.0361250487749621
513,0.982510585629824
514,0.9864382931416378
515,0.943100052421503
516,0.9170676267266497
517,0.3145697072262733
518,0.1415215971902014
519,0.1321486700071183
520,0.5466156637300386
521,0.1173603774200154
522,0.9545837072069662
523,0.4318625785883158
524,0.0791145116474871
525,0.9365694917416262
526,0.5247408439248151
527,0.0085535584936788
528,0.2549477538008343
529,0.9800886111434854
530,0.0134983146999661
531,0.0040683785473412
532,0.0269073728938946
533,0.00748964731944
534,0.0075356397284603
535,0.0738359606593702
536,0.1006061267305183
537,0.9495922080123848
538,0.0926343758239307
539,0.9026221346743872
540,0.5060316829221324
541,0.0410281281644214
542,0.0029066921384335
543,0.4088191006589975
544,0.6981633164345675
545,0.0124179993588351
546,0.4117440370056612
547,0.0032222396688941
548,0.0413129143520965
549,0.0411630173083695
550,0.9845686515917588
551,0.8862337980630784
552,0.1888781788686161
553,0.010662033903897
554,0.1055103427953352
555,0.5883899971227113
556,0.0291821723379442
557,0.0792208226425269
558,0.754762207904399
559,0.0125715578929025
560,0.045725927352007
561,0.3101003168217041
562,0.9520978353322718
563,0.3468530602236427
564,0.0064550013351762
565,0.8402015422888971
566,0.116216170323068
567,0.0242858366529313
568,0.4718441665851941
569,0.1859165764224597
570,0.1787408854790885
571,0.1362387679912484
572,0.8169242063497066
573,0.0552276382945424
574,0.5514253237287132
575,0.0649676675754272
576,0.9617871449447256
577,0.0063698540540876
578,0.0290830868323771
579,0.1572171656373718
580,0.1083529177376713
581,0.1264249528544876
582,0.0054808166801629
583,0.0075398165577099
584,0.0023221184055887
585,0.3715315060036481
586,0.264171187106703
587,0.5566942047926273
588,0.006653344622681
589,0.0884918737305138
590,0.097677016570573
591,0.0030608397784249
592,0.0511118019880677
593,0.0220197773858964
594,0.0629259885306468
595,0.3096306153324522
596,0.0858550863010345
597,0.1143928104015787
598,0.1958776417305048
599,0.9649713650353764
600,0.0175621540453543
601,0.0171951206109311
602,0.0364800242197111
603,0.0808047144133496
604,0.9013122424773056
605,0.0571552584974664
606,0.0307824607296355
607,0.0086076743053083
608,0.0082293750132428
609,0.0058610829865057
610,0.0719860595689081
611,0.1174791252860122
612,0.0124001093935438
613,0.0098188587857837
614,0.151068890547303
615,0.5394155071590427
616,0.0299581288457133
617,0.0575671990221726
618,0.0050186883789101
619,0.0272921696458965
620,0.0273711306023453
621,0.0045746860626213
622,0.4740718672614623
623,0.0292991334024352
624,0.0717651310813052
625,0.5414028110254105
626,0.9478525032572404
627,0.9862778756845922
628,0.014431801010468
629,0.9093138139565364
630,0.0217389025580181
631,0.0482855941259617
632,0.4851532728446256
633,0.987764408113534
634,0.0235378755055688
635,0.5581663723141779
636,0.0159340997775858
637,0.0109916323913426
638,0.0144091398422592
639,0.970005862005022
640,0.1258509354706034
641,0.8203593971227195
642,0.0777175079468421
643,0.0222344883915957
644,0.9393102417107584
645,0.0128315233892648
646,0.0229874153691544
647,0.085018481489556
648,0.1071652406333972
649,0.5654323087948371
650,0.0481274856072697
651,0.98168555434506
652,0.9389803567485546
653,0.0114419752607437
654,0.0494636459874224
655,0.0026844229107618
656,0.2543536007166861
657,0.9628293252532124
658,0.6503161604138309
659,0.1993206771722807
660,0.0129011689480009
661,0.3452842147456253
662,0.0656952415104158
663,0.154686433630618
664,0.6507467641254875
665,0.0449386278860258
666,0.0283059636298912
667,0.9838890291765598
668,0.3783721794292018
669,0.483069930246131
670,0.0363913416230752
671,0.3728371550147231
672,0.0463505599946129
673,0.0598674895518485
674,0.9981878530040332
675,0.04447586480484
676,0.0225486955293664
677,0.4932953334368877
678,0.0616029606367863
679,0.6226306473828557
680,0.1901876210783711
681,0.0407633029891258
682,0.9827785587250496
683,0.1078991249282776
684,0.1127126927201629
685,0.0952758846119028
686,0.097164594427249
687,0.04548799421997
688,0.9822051214368543
689,0.106334063965819
690,0.9622069163653222
691,0.0961937299854496
692,0.0046695846575042
693,0.8180659204590408
694,0.0272947693560481
695,0.8723150003356028
696,0.0147747082926521
697,0.4573644635202584
698,0.9970005550403188
699,0.0166954878369512
700,0.0237643298599737
701,0.1791386924990414
702,0.0040373568938414
703,0.0019432119013823
704,0.0150460926305133
705,0.0210697400640803
706,0.0715127129076568
707,0.5905710816636794
708,0.0920932352598044
709,0.0227228674745893
710,0.0332549933971881
711,0.049074237422278
712,0.9974718980098958
713,0.0970853271997482
714,0.9554630535789588
715,0.0576970994497794
716,0.0082528076789692
717,0.2941513357028637
718,0.112556066224632
719,0.0203463513682162
720,0.022610076537714
721,0.0581844954254924
722,0.3348357133789711
723,0.7389928758468188
724,0.8977463565120374
725,0.8343316736026603
726,0.0440643162760287
727,0.8546104293029643
728,0.0957380916855162
729,0.2399140007657208
730,0.1530433164776656
731,0.0105538828470441
732,0.9828100552774688
733,0.9473530682081772
734,0.1207735007681748
735,0.0585097054660335
736,0.7098681739991979
737,0.0529014007681621
738,0.5546502350384628
739,0.5391857258464646
740,0.9874628200861189
741,0.8955264119376286
742,0.3318633932437584
743,0.1402804447382686
744,0.0666218601559852
745,0.0227035161909147
746,0.9471163269081372
747,0.7982949126616206
748,0.1024186257437815
749,0.791901233239533
750,0.0744518976048896
751,0.0836083068788252
752,0.0720538697244698
753,0.2348632000011876
754,0.0147282776043197
755,0.0199674812739957
756,0.3969773917904329
757,0.0615415534117952
758,0.0091587530695812
759,0.016221827783537
760,0.9135223336831632
761,0.0755715700669406
762,0.7146543914061142
763,0.0218611852656698
764,0.0040195583328411
765,0.9541545602405436
766,0.1869286497987053
767,0.8681824331802879
768,0.1779715589466138
769,0.6648862280091736
770,0.1340521954907314
771,0.0194536029775714
772,0.9827482045663448
773,0.00806062805971
774,0.352237187536287
775,0.9948939766287516
776,0.4857908103254309
777,0.0141601160328576
778,0.3027181914033516
779,0.299800989569464
780,0.0048335436956562
781,0.0275944077060635
782,0.6152238608676913
783,0.0870693935820845
784,0.5388549712574016
785,0.9725766640236108
786,0.7924289487244358
787,0.0074422864214065
788,0.9631605032099636
789,0.0525467277607195
790,0.8923598753538542
791,0.0685526743386969
792,0.0977654894531895
793,0.0532269559385322
794,0.304940673727055
795,0.1182605233116006
796,0.0516713837382833
797,0.0094986766127363
798,0.795903205989505
799,0.1410252705929999
800,0.4826770795143974
801,0.8288156826970042
802,0.0059671601860255
803,0.0056347052532162
804,0.0717132847955001
805,0.0734700167593815
806,0.0128460370517165
807,0.0340480048732978
808,0.1078622667993795
809,0.3714601853975992
810,0.0920706108454028
811,0.0741039164308678
812,0.983259995776642
813,0.1692998912148008
814,0.96632130781026
815,0.0279248364310046
816,0.2643472990489426
817,0.9507547923720886
818,0.438409425117551
819,0.0135882352345928
820,0.9894775185124284
821,0.9976623194829316
822,0.1554910851176575
823,0.0165484248219724
824,0.3476181297863276
825,0.0027305308270972
826,0.0418661013987943
827,0.1245735961428479
828,0.0372203087005706
829,0.982169768308248
830,0.916974288691496
831,0.0310513797364602
832,0.990752649993692
833,0.4381763323558684
834,0.8969411056976806
835,0.0035512287321457
836,0.3161338301982455
837,0.3908855442895096
838,0.2005912054637808
839,0.9915105409518736
840,0.0953109317273716
841,0.0200845708434759
842,0.2100439362374293
843,0.0087572768000768
844,0.2808366710952067
845,0.9972841693288568
846,0.997752510146962
847,0.0262518796299837
848,0.0068423954886927
849,0.9325611652492246
850,0.6087283834376724
851,0.9049132247342796
852,0.095081765759658
853,0.0370446435495298
854,0.9236656757980252
855,0.0097576346368285
856,0.8889425416701989
857,0.9713147347236876
858,0.0188562410736801
859,0.6125665042791077
860,0.0084976487345596
861,0.8257185033796759
862,0.3674863952952878
863,0.9420801877378636
864,0.0057925729672432
865,0.3571564542817724
866,0.888622224560142
867,0.0299984238816332
868,0.0725719420998889
869,0.919720057919596
870,0.0169593578941014
871,0.9975341160438964
872,0.0383315129751799
873,0.0158951189921473
874,0.9723575056492834
875,0.4211355279160139
876,0.0111841452618332
877,0.1028446971473775
878,0.2543624555204571
879,0.7302050645136899
880,0.0800660318544315
881,0.0889479234281985
882,0.8742842240405742
883,0.1402990241996981
884,0.0236121832052866
885,0.9848268249327884
886,0.0203766738008713
887,0.9806417267331002
888,0.0502922546328999
889,0.0067350830002438
890,0.2469174246190528
891,0.539749501535538
892,0.1597105263159473
893,0.100998697158089
894,0.4781655994124273
895,0.3880329421370939
896,0.8973957980053062
897,0.0952711011113499
898,0.0056060910639704
899,0.7267396112507382
900,0.1088897074157693
901,0.0082914136980716
902,0.652918918059162
903,0.8646810921727945
904,0.0282596245011717
905,0.9828470623635034
906,0.1359160970253165
907,0.0129537327534991
908,0.9878301332959168
909,0.0295858144267883
910,0.0452977343123542
911,0.0612780316304421
912,0.0230174630712108
913,0.0360121250380404
914,0.0281161978592316
915,0.0271544540248672
916,0.1550282095100793
917,0.6361970485231506
918,0.0999972828536717
919,0.6759950235558195
920,0.0088295729763534
921,0.0242386044892535
922,0.0468475171258406
923,0.9974702931967868
924,0.9807559193752058
925,0.9651680965149804
926,0.0670258642320623
927,0.1105961153450482
928,0.0190357336089865
929,0.579288912486066
930,0.5921383333791279
931,0.0309737549723508
932,0.9482540568926217
933,0.0139307083306902
934,0.0298278394000323
935,0.053915915566419
936,0.9852946945682932
937,0.0393255035728538
938,0.0384613928864495
939,0.5686583591396204
940,0.0698633151185191
941,0.9689669630353662
942,0.9734286869279358
943,0.9948643921501916
944,0.3817232471492066
945,0.3794591859304214
946,0.0200224260033419
947,0.8844741748603873
948,0.0278344691765306
949,0.0372284879989547
950,0.9760373802908792
951,0.3199348739405159
952,0.2898095454669892
953,0.0818984852851822
954,0.0669221604530808
955,0.5176658507975872
956,0.9757919577108688
957,0.348656745184052
958,0.0087084604341539
959,0.5157366629834904
960,0.0037581928176893
961,0.9719607565776912
962,0.0491633529815891
963,0.4811176668256058
964,0.415328731359919
965,0.0520815038105002
966,0.2694373760186993
967,0.0070731407357494
968,0.0094821062714741
969,0.0036443070385371
970,0.1692668791216247
971,0.0998092387357411
972,0.9973626558250608
973,0.0990876451177783
974,0.5152757902566262
975,0.0072284177886544
976,0.0116406698797566
977,0.8629458746657088
978,0.0898606467830104
979,0.9893832171152944
980,0.9171609647991668
981,0.9901049757733996
982,0.4750400576063407
983,0.0189330019066363
984,0.9770311294292936
985,0.0548127294111212
986,0.9708179197526844
987,0.0846880232725463
988,0.2311974197921089
989,0.8493664874123722
990,0.969425248492984
991,0.159017966124326
992,0.0273649498599976
993,0.0316009893485807
994,0.0148571309568144
995,0.996864401685282
996,0.0607940970947159
997,0.0755760797247156
998,0.1273837070643508
999,0.724408959240581
1000,0.95738993484664
1001,0.9891329843387228
1002,0.0055895324929
1003,0.0067673984928906
1004,0.2953028543447413
1005,0.9251736524818628
1006,0.9937564527306844
1007,0.3083097798271597
1008,0.0504273822941088
1009,0.3076893427499804
1010,0.0326596487659136
1011,0.090747335334562
1012,0.073042494990521
1013,0.3070042659603635
1014,0.5065640006102691
1015,0.041503481551569
1016,0.0186988195737167
1017,0.2755326919988552
1018,0.7467139572771413
1019,0.0038699102945638
1020,0.0253658381470837
1021,0.9827345089529812
1022,0.2402917638362239
1023,0.9537499772336184
1024,0.0135446737049444
1025,0.0258502061319676
1026,0.0138386960830441
1027,0.1087297493446867
1028,0.0333373510019168
1029,0.2307191582521545
1030,0.0034390619030382
1031,0.0598985532454806
1032,0.498886188428978
1033,0.0046435927886789
1034,0.572442355101483
1035,0.0174902357489732
1036,0.1571734246698839
1037,0.9611520185608986
1038,0.0422014823965058
1039,0.9536566788956088
1040,0.4133365603913964
1041,0.040641560064606
1042,0.0311130975617082
1043,0.4314874429890212
1044,0.0024032074876734
1045,0.135704255482024
1046,0.0042727726175111
1047,0.159226725613911
1048,0.6105356178932079
1049,0.8735991295858788
1050,0.0057391454459087
1051,0.1072716572006728
1052,0.0292093897939607
1053,0.9717792445281812
1054,0.6766929309838339
1055,0.0900318696721969
1056,0.1342441672511183
1057,0.3290158171172463
1058,0.0032814644247708
1059,0.9619556885614128
1060,0.2506002280438548
1061,0.0506394596909062
1062,0.0047327989454454
1063,0.2466727365903354
1064,0.970243531998658
1065,0.0723293536815584
1066,0.0202204066686526
1067,0.2386033551034713
1068,0.1170007298813954
1069,0.9902130807372423
1070,0.2724311767630495
1071,0.464458892419486
1072,0.0226779722075307
1073,0.9166300664521472
1074,0.0067203262174354
1075,0.016427735405931
1076,0.0045221115806126
1077,0.0190757755894041
1078,0.0321491454429909
1079,0.8210384835897515
1080,0.0056630386800162
1081,0.0277171889189699
1082,0.8950738068102967
1083,0.0507103867229112
1084,0.8917667113021117
1085,0.4392540996700891
1086,0.7864813398263399
1087,0.2973153210777086
1088,0.003260309881283
1089,0.9515248601283258
1090,0.0279829535051313
1091,0.9798041742759748
1092,0.0529350322046502
1093,0.0741131029258302
1094,0.9978531014013796
1095,0.8933119978265525
1096,0.0612900711748259
1097,0.775779101912859
1098,0.0284065653729333
1099,0.4020701324900679
1100,0.0961579163791421
1101,0.0237483463365578
1102,0.1451903861804406
1103,0.1687369937111046
1104,0.0618495242914017
1105,0.1127762315571658
1106,0.1559296998334822
1107,0.0543908047166384
1108,0.0228702370655665
1109,0.3758259147849357
1110,0.9169578037034696
1111,0.0108194648239144
1112,0.0333769918246187
1113,0.3170016258963242
1114,0.4637016526534497
1115,0.2097962408269898
1116,0.0987501376294084
1117,0.9255733605292624
1118,0.1374395729191487
1119,0.01315434004288
1120,0.0314568212010051
1121,0.0541235169311347
1122,0.0340387672480699
1123,0.6473509400225612
1124,0.0349852089404005
1125,0.1089690007220255
1126,0.954512182083086
1127,0.32328354594364
1128,0.0130799176804624
1129,0.0585296557273963
1130,0.0076537997423305
1131,0.0192954297515353
1132,0.0119880598871648
1133,0.0038809233681294
1134,0.9973072162320262
1135,0.0283491519824123
1136,0.0196856935520211
1137,0.0037655095510142
1138,0.9486390287488342
1139,0.1362238308854766
1140,0.5731482046409514
1141,0.9883927701990266
1142,0.016547346091965
1143,0.1287381926482126
1144,0.5648689889399058
1145,0.9214739498902113
1146,0.99787055953351
1147,0.0979613740812516
1148,0.0034496822244148
1149,0.4026892925128356
1150,0.8733982867140472
1151,0.0030792066641113
1152,0.1091695976014687
1153,0.982093783931166
1154,0.1336748387884271
1155,0.0223318987032898
1156,0.1359428344885253
1157,0.3888261458812468
1158,0.820228346524438
1159,0.9134916984567236
1160,0.0215496265679195
1161,0.0239179210146471
1162,0.3549291411107504
1163,0.0078802228570105
1164,0.5649752535755108
1165,0.0166190523813775
1166,0.4347334273640902
1167,0.9519163335078
1168,0.9837930880513968
1169,0.9003457789901015
1170,0.0067898875195552
1171,0.0161371599397302
1172,0.9722439499271304
1173,0.0532844248725146
1174,0.0367434096617113
1175,0.2277093829018088
1176,0.040652993223935
1177,0.003883192385659
1178,0.0127306522759567
1179,0.0098137647046861
1180,0.9660937073491942
1181,0.0668554205821653
1182,0.0175323656860372
1183,0.0710015275752615
1184,0.5656766516902575
1185,0.0682301994562234
1186,0.9084584657921212
1187,0.0087737887966605
1188,0.0050287275006207
1189,0.1534212252245322
1190,0.0727635167126857
1191,0.1250999435621239
1192,0.8975853926445079
1193,0.0734704626921281
1194,0.0409176070330837
1195,0.0070587022174042
1196,0.306230852761153
1197,0.9636278227134298
1198,0.0932662027311854
1199,0.9790598794185688
1200,0.5069036599004507
1201,0.2047979715777656
1202,0.2170869204394594
1203,0.0461893468962054
1204,0.5906433686726489
1205,0.0329270445971378
1206,0.4081174104390436
1207,0.0205904538780487
1208,0.1060870725329656
1209,0.0519280614479927
1210,0.9518661811843392
1211,0.1970447136812077
1212,0.0134044832659181
1213,0.0068956936369792
1214,0.0408111610420939
1215,0.0441641419058019
1216,0.0127677816017774
1217,0.578660988398124
1218,0.0538952873886874
1219,0.0153308795769716
1220,0.5801614611818156
1221,0.0812992726107559
1222,0.5483403213555126
1223,0.0637485516585938
1224,0.1120533018284345
1225,0.7620202550336593
1226,0.0807017593663787
1227,0.9883228962708624
1228,0.0971030125011125
1229,0.7759425845973129
1230,0.0070060078974919
1231,0.975241178613502
1232,0.5545376115551415
1233,0.0254667086188693
1234,0.0348181326935787
1235,0.8131623044153612
1236,0.4041791986223517
1237,0.1715725012310854
1238,0.1145176450057649
1239,0.5990508092564171
1240,0.6497298189228803
1241,0.0250337708022094
1242,0.0082493570607107
1243,0.2514740823723191
1244,0.3636064548561802
1245,0.0545127032289482
1246,0.0046270222412773
1247,0.0233717709426249
1248,0.1251828945213623
1249,0.9861500203605508
1250,0.2556747157558862
1251,0.0153671287529365
1252,0.907510967687686
1253,0.9776750951953072
1254,0.9961866948771012
1255,0.7908219998825152
1256,0.0922847092588775
1257,0.9816813628234357
1258,0.0039769072247752
1259,0.997936666635171
1260,0.4073802057539401
1261,0.0706609887791901
1262,0.0044942424307866
1263,0.0093666456886337
1264,0.1164561480591342
1265,0.9713360952499976
1266,0.0260218293034077
1267,0.971172991549127
1268,0.105903464530597
1269,0.0349158545997081
1270,0.2775304922702102
1271,0.0192666742682801
1272,0.1125175503807914
1273,0.3571568521873804
1274,0.9488010382423062
1275,0.1699842904526082
1276,0.024813003523026
1277,0.1807392006045145
1278,0.3064796734542291
1279,0.0093160231952069
1280,0.9754428897228716
1281,0.042519271772648
1282,0.9639298622301182
1283,0.0465054150161822
1284,0.1030471893846579
1285,0.4399311611523764
1286,0.2591231497703739
1287,0.2506751486741917
1288,0.2226993665744229
1289,0.0023312194993067
1290,0.516753906159209
1291,0.1978935380178671
1292,0.1549878833546872
1293,0.0289188112092269
1294,0.1669817863885135
1295,0.5045634077255258
1296,0.8842232359488811
1297,0.0499283389841013
1298,0.0287834769455354
1299,0.0109983023421273
1300,0.312046791538895
1301,0.0560376194047303
1302,0.0730775639141886
1303,0.97391977975428
1304,0.0605432087250089
1305,0.9947405461053962
1306,0.1332161297970699
1307,0.0086880477197799
1308,0.0037194816576529
1309,0.986968768432776
1310,0.096923281856743
1311,0.061629123213488
1312,0.6108000669567554
1313,0.0057028370333847
1314,0.9564845028149828
1315,0.0435028383122489
1316,0.0874176223956504
1317,0.5242444392980123
1318,0.3041922927490074
1319,0.4059827866242101
1320,0.2194264633031891
1321,0.9599490877449002
1322,0.0063965998394105
1323,0.0304374626158769
1324,0.0651728575614883
1325,0.0163360822772377
1326,0.9386093230989274
1327,0.7613107144094764
1328,0.0210751623341796
1329,0.1993322954862756
1330,0.9041988633445144
1331,0.2906678300148568
1332,0.0424993960190533
1333,0.0134050269013545
1334,0.9024755906557416
1335,0.5154557470192449
1336,0.0161787631102103
1337,0.0109626903164207
1338,0.0126446012617288
1339,0.0606962659246543
1340,0.4833415989884813
1341,0.9534056862658888
1342,0.9727929270205288
1343,0.2823462836020561
1344,0.3176020305465064
1345,0.0437256767442738
1346,0.9973513524468668
1347,0.9148943242977636
1348,0.0852586281780788
1349,0.0150013060599111
1350,0.1562349267676824
1351,0.059700551745591
1352,0.3587511540081642
1353,0.0161605029975475
1354,0.1513107365509664
1355,0.9873359975912772
1356,0.0182036788344685
1357,0.5668869384211486
1358,0.2780050831770665
1359,0.0668416369634851
1360,0.9408566564025216
1361,0.1735011892028316
1362,0.9121592956045884
1363,0.9661631978814232
1364,0.0497353854081461
1365,0.9902358821853484
1366,0.0375029856526566
1367,0.9824056395715598
1368,0.8975353062056162
1369,0.3102266448568646
1370,0.2465707115719206
1371,0.2916028610341301
1372,0.0268530045977439
1373,0.1043487186828971
1374,0.0224231014823693
1375,0.9672317745319636
1376,0.1015437478809117
1377,0.9983810887577582
1378,0.0349073599803258
1379,0.01541381430929
1380,0.954836474755656
1381,0.8354469246832688
1382,0.0020011861332695
1383,0.9887973390165784
1384,0.0181804320842176
1385,0.5776685572208616
1386,0.7713214049325015
1387,0.9761258457107338
1388,0.8372955867868064
1389,0.9971612423010562
1390,0.014579241096839
1391,0.9804812983293524
1392,0.4539228067151433
1393,0.4393700556996422
1394,0.004393036428592
1395,0.7073401182365365
1396,0.0758161022388585
1397,0.0192047544950462
1398,0.0152540750476721
1399,0.9896112566723394
1400,0.0215641385523372
1401,0.0078037103907685
1402,0.0099984590454736
1403,0.2504329075719328
1404,0.0097376358279327
1405,0.1104018331633718
1406,0.0216665731861616
1407,0.1830345968032564
1408,0.0214772023126204
1409,0.0039296541326722
1410,0.0106814700279115
1411,0.0921482947034993
1412,0.6228192721073903
1413,0.9635009212935336
1414,0.0268990408436873
1415,0.2306626738155835
1416,0.9634695718282896
1417,0.0410732544813048
1418,0.1579752494447227
1419,0.5728230894655053
1420,0.2555368985102831
1421,0.9833223370424008
1422,0.0335335774813666
1423,0.0056649758080294
1424,0.0066546121500275
1425,0.0146145907666473
1426,0.0509753988517756
1427,0.0082243012163146
1428,0.0362384983159905
1429,0.0141059677512253
1430,0.1248054415899764
1431,0.7751671087776154
1432,0.0794733125793851
1433,0.7995792221499569
1434,0.643664402757334
1435,0.0127539037541619
1436,0.0042171356137929
1437,0.8433231282454859
1438,0.013118168954688
1439,0.9864981132260356
1440,0.0091700258775457
1441,0.0787589181892654
1442,0.4621991291490676
1443,0.0093859629956685
1444,0.0828688051489984
1445,0.7823960842242619
1446,0.8472260978721359
1447,0.0879757060680036
1448,0.0782608188362378
1449,0.9712447803990828
1450,0.2459356286672588
1451,0.0055284289053751
1452,0.2634608708061645
1453,0.9769466938875426
1454,0.9793263199282358
1455,0.0538910762131513
1456,0.0543559484251687
1457,0.0553798731608598
1458,0.982967950869328
1459,0.978861846253983
1460,0.0150241847393778
1461,0.0339439731342761
1462,0.060732768531318
1463,0.9656824069040348
1464,0.4028898304359057
1465,0.0311657871909289
1466,0.7112704425431036
1467,0.5059651593121917
1468,0.977629404578855
1469,0.9901021433337908
1470,0.9886515531750324
1471,0.238242874035289
1472,0.3809654503504475
1473,0.9805557503869564
1474,0.4653416098873605
1475,0.2247135322635861
1476,0.9880652768124834
1477,0.9289471023434144
1478,0.2038834900664977
1479,0.0349446690467427
1480,0.16686829121985
1481,0.0154830982513505
1482,0.923861698634317
1483,0.0555474394211084
1484,0.0488770142214597
1485,0.0457107995583799
1486,0.124899805614182
1487,0.4245350043111355
1488,0.3413749241212379
1489,0.0276727145474861
1490,0.6253004092462784
1491,0.0046796894457712
1492,0.9858530050376242
1493,0.9935738834355068
1494,0.9948364223896208
1495,0.0613189440563382
1496,0.7970504987455499
1497,0.0232329882542624
1498,0.7432700635123923
1499,0.8531241185912675
1500,0.0645341367894632
1501,0.1010737711516649
1502,0.1210361495310084
1503,0.0534862248498985
1504,0.0763113625410397
1505,0.296574733039409
1506,0.1698939646494552
1507,0.4993544827002348
1508,0.0404226513443789
1509,0.0078786103293627
1510,0.2777214991159827
1511,0.6694318517963712
1512,0.0304848103295866
1513,0.636424429477693
1514,0.9329115492451456
1515,0.0237333106117315
1516,0.0842132627000311
1517,0.0056014489005031
1518,0.4745582869464196
1519,0.0773579367167212
1520,0.011002658335753
1521,0.0115272749989512
1522,0.1122851362775378
1523,0.025339690491675
1524,0.8559676298833439
1525,0.0076022757968646
1526,0.0094547464734695
1527,0.7213600459707085
1528,0.0148733939725819
1529,0.9111466794668828
1530,0.023371567804034
1531,0.3035359330507875
1532,0.958249998558995
1533,0.118826656036135
1534,0.0713529562311285
1535,0.0066693455346847
1536,0.0784267211863056
1537,0.3788456465802037
1538,0.1122520307023126
1539,0.7226457525077601
1540,0.9588820901061956
1541,0.9360271568113632
1542,0.0789150257429862
1543,0.0035477640636607
1544,0.0499680260542118
1545,0.1261064589533826
1546,0.8077217633946856
1547,0.8763583721505137
1548,0.0335844918175977
1549,0.9096302454715568
1550,0.54054886649391
1551,0.0887277036847652
1552,0.0038041735277605
1553,0.8739929939209974
1554,0.0258784373270591
1555,0.0064548627400068
1556,0.0059430218952591
1557,0.0614833104071731
1558,0.008528955001696
1559,0.2038007004277665
1560,0.0373765436778201
1561,0.0419302478163952
1562,0.1731330837096568
1563,0.5051434008176197
1564,0.1439540282546773
1565,0.0300922707332108
1566,0.004437730968965
1567,0.1944267364608563
1568,0.6881239042129104
1569,0.2725791999463812
1570,0.0389660007533206
1571,0.3918784303677595
1572,0.1269296990545426
1573,0.4710305810821499
1574,0.3245200255443659
1575,0.0492941176111097
1576,0.7483338619949929
1577,0.1487261098895386
1578,0.0115715235445889
1579,0.67709066370229
1580,0.9898822009744002
1581,0.9748872116270096
1582,0.1315842296551717
1583,0.0225437876960537
1584,0.1273669025593977
1585,0.983775051638368
1586,0.0159467360219335
1587,0.0113229599310318
1588,0.9437431020671532
1589,0.9665021904277372
1590,0.0575764328993919
1591,0.0335994562683486
1592,0.0235910327948315
1593,0.0718876591131024
1594,0.0058460295012878
1595,0.2581925716394457
1596,0.1828094867299661
1597,0.6207577030970033
1598,0.3510197482577815
1599,0.0904833122485492
1600,0.0574240282344694
1601,0.1699751283741175
1602,0.257311772404276
1603,0.9529898282487924
1604,0.8441199434689273
1605,0.9876929565837826
1606,0.0114117900195768
1607,0.0286918641211856
1608,0.0379606848603552
1609,0.7400695061747208
1610,0.5668973801889242
1611,0.8552077826649749
1612,0.0737964260783122
1613,0.0961122245959422
1614,0.0540436701332901
1615,0.971744321582902
1616,0.1225874508895999
1617,0.0033954822959492
1618,0.0409799288976047
1619,0.0389687270145004
1620,0.0612448779640758
1621,0.8953472892817878
1622,0.0640414723567937
1623,0.0719073606374079
1624,0.961973508628098
1625,0.0059038440420559
1626,0.0123812298341514
1627,0.2374631563178978
1628,0.9817189156338386
1629,0.0242628029858708
1630,0.0381771830301971
1631,0.0125774246293488
1632,0.0594697369824679
1633,0.9365693533967328
1634,0.6548437667695406
1635,0.0217697289963621
1636,0.0835675676468517
1637,0.3450505752147945
1638,0.9962628008511722
1639,0.1204198512532382
1640,0.1910008419393392
1641,0.0401366638753161
1642,0.0345913186487655
1643,0.0426691388464262
1644,0.0880634399466964
1645,0.0086462999419354
1646,0.0506835208251075
1647,0.2045065698385299
1648,0.0105786633226351
1649,0.0059949752273748
1650,0.2121944745098242
1651,0.080551303057026
1652,0.1223136132848637
1653,0.0356352895240709
1654,0.0641495399596005
1655,0.2704998364968756
1656,0.5415690940026134
1657,0.1382490718265704
1658,0.2033850312469751
1659,0.1279953462223262
1660,0.009607841853979
1661,0.5037965382144132
1662,0.3018114777571438
1663,0.2659079656657543
1664,0.0050273292537389
1665,0.8990917345382536
1666,0.1880245908702162
1667,0.9661923606208362
1668,0.0395769479386652
1669,0.0198891715334976
1670,0.0189786895364158
1671,0.151201513982476
1672,0.1147170704594416
1673,0.0077584797916741
1674,0.9873071602112716
1675,0.013154593919038
1676,0.0040619743883655
1677,0.3514673604259243
1678,0.1627476883330514
1679,0.0311619054807728
1680,0.1170842498903116
1681,0.1948371864852791
1682,0.0026700973903089
1683,0.022784590205776
1684,0.0071556568391196
1685,0.0504842843045093
1686,0.07533073047173
1687,0.2162386410665864
1688,0.0528360501978617
1689,0.9979004209795264
1690,0.2177048029042726
1691,0.9523944254195742
1692,0.9882983750827165
1693,0.9871291437165726
1694,0.5494502664915186
1695,0.9674853125199228
1696,0.9846337976113388
1697,0.0604475041367787
1698,0.1567917871161593
1699,0.5055709341894222
1700,0.4683975157703584
1701,0.0113880409100213
1702,0.0221268532904139
1703,0.9975871525277834
1704,0.0072367183900687
1705,0.5830217916544553
1706,0.0210923617171748
1707,0.2673796054530374
1708,0.0147848155451045
1709,0.9781804072602792
1710,0.0039179536943509
1711,0.065640006114303
1712,0.042019574945148
1713,0.1673845314088223
1714,0.127853722347854
1715,0.0046429596955599
1716,0.0142811920822035
1717,0.1316460735776966
1718,0.0586753855025567
1719,0.1043169592273059
1720,0.0035228558186959
1721,0.0555930144486276
1722,0.0387625546072602
1723,0.9351442311469816
1724,0.0050624180414124
1725,0.03682824839957
1726,0.0113152327368252
1727,0.5003213323395513
1728,0.2944261027606431
1729,0.0305037654927031
1730,0.9764723676429048
1731,0.2916295877564404
1732,0.009744892828263
1733,0.9901263556053688
1734,0.9660365871626212
1735,0.0944848830007808
1736,0.0793562531747486
1737,0.997938957020665
1738,0.0901541640002389
1739,0.9235860845553476
1740,0.0110676316039428
1741,0.984710214634272
1742,0.0196691412124525
1743,0.0463977125825697
1744,0.0149371842962711
1745,0.0792814505450973
1746,0.0412437529729487
1747,0.006160505512373
1748,0.0464545183315666
1749,0.9670614694224065
1750,0.0557899067141324
1751,0.0026830482571488
1752,0.9398486046080832
1753,0.3209918396770099
1754,0.2983828528686507
1755,0.9454635420874452
1756,0.7397059076344076
1757,0.0219582438312725
1758,0.1401835446371726
1759,0.0152293735783745
1760,0.6313959104829283
1761,0.013391654560394
1762,0.9148264696131564
1763,0.2150260441716174
1764,0.0802766275834252
1765,0.0622350954073759
1766,0.0462148664110532
1767,0.869403861714168
1768,0.9856876544197344
1769,0.0038393776517363
1770,0.0463282851665507
1771,0.8713172341710037
1772,0.9716345195109618
1773,0.9972203734612614
1774,0.7402790789596463
1775,0.8565811691921255
1776,0.7353233969647115
1777,0.0028282241622563
1778,0.0772943293830727
1779,0.3895044295400295
1780,0.0061071763478403
1781,0.9839294845564636
1782,0.0214021594678305
1783,0.7959195874602852
1784,0.1675144700006784
1785,0.0168397815312165
1786,0.7591639025544155
1787,0.5423245521883033
1788,0.011318817804694
1789,0.0240351915706287
1790,0.0199082075167486
1791,0.0106029687924142
1792,0.2055901542993949
1793,0.0859941961418877
1794,0.0046097866548039
1795,0.0446427954853023
1796,0.2634313983027323
1797,0.126802462270919
1798,0.0382395423144411
1799,0.0152537433070949
1800,0.0190093824765334
1801,0.0208693531591084
1802,0.1217063580222223
1803,0.6746275838777875
1804,0.0025343751120636
1805,0.0433973156559634
1806,0.6912478018928137
1807,0.012515636986554
1808,0.0761061522047716
1809,0.0211213420777544
1810,0.0169331048152683
1811,0.0145161481498448
1812,0.222299706413012
1813,0.070472524799116
1814,0.5294166052655989
1815,0.118824483469099
1816,0.0799195217673218
1817,0.3727426869080422
1818,0.0354228711822784
1819,0.1279143203445079
1820,0.9688961443040792
1821,0.0097693137042751
1822,0.252196169747592
1823,0.2963465730900396
1824,0.0314004426250674
1825,0.9727289246394496
1826,0.0221926917016584
1827,0.9724784444924008
1828,0.0149304788663155
1829,0.1701130239454084
1830,0.4917694485877517
1831,0.081530018027006
1832,0.116606057184188
1833,0.9852792997914404
1834,0.0827111180854202
1835,0.0226709556793157
1836,0.0202460017051531
1837,0.0282111090785939
1838,0.0112294050351812
1839,0.0258288819015726
1840,0.074921158787982
1841,0.9714215650454148
1842,0.0796061895352962
1843,0.1187050961753482
1844,0.0124480084374281
1845,0.9733610033624494
1846,0.0673552175598157
1847,0.0225801866745689
1848,0.9215793126138456
1849,0.3579897660008043
1850,0.0913434203615793
1851,0.036686845594758
1852,0.0420636520761037
1853,0.1035338812898404
1854,0.0493357944437228
1855,0.0216843963847278
1856,0.962173242135982
1857,0.0160624957976618
1858,0.0283178767320992
1859,0.2093232160381675
1860,0.0998080287629205
1861,0.0090819868600159
1862,0.1959889868405415
1863,0.0049870138008302
1864,0.9288814903356386
1865,0.0322731752492674
1866,0.0593148447177541
1867,0.0591372780621919
1868,0.4236815833287833
1869,0.9780197868162916
1870,0.0204291094781096
1871,0.3753538418087637
1872,0.0935244358237781
1873,0.0180224477452579
1874,0.6231134795327878
1875,0.3136759743376158
1876,0.0357247145838268
1877,0.018885548249563
1878,0.0173599565703838
1879,0.1177372305067447
1880,0.0729320142521372
1881,0.1402081049986252
1882,0.004153619718057
1883,0.98440658571122
1884,0.9800844687450982
1885,0.0088453450169494
1886,0.3712127982526462
1887,0.4062770845210025
1888,0.1062582147247367
1889,0.0036528179481488
1890,0.0117870652976033
1891,0.3788068805544734
1892,0.8235206249999886
1893,0.8186949984840092
1894,0.0776055074843075
1895,0.0200485788330709
1896,0.9062234626219992
1897,0.0033610260370436
1898,0.9342539952939908
1899,0.0426035096963271
1900,0.0939115030540457
1901,0.1808426390063978
1902,0.0695040282621841
1903,0.0220760257517973
1904,0.1262762266727843
1905,0.0173000477024044
1906,0.9981917876610809
1907,0.0380763251649723
1908,0.0065886243783073
1909,0.2132801641730915
1910,0.9603508241484804
1911,0.1215146671504023
1912,0.0426799660040298
1913,0.3863138901131283
1914,0.0642533022778846
1915,0.9835011087754236
1916,0.0769592811942165
1917,0.968847469965154
1918,0.4447826912452786
1919,0.2341724623970107
1920,0.1728076281329471
1921,0.9800487856367344
1922,0.1387277845386665
1923,0.005767869473106
1924,0.8213476623809175
1925,0.1782002323829812
1926,0.9682760338631652
1927,0.9795678467866976
1928,0.414400847420681
1929,0.1448760584222205
1930,0.9692562146702106
1931,0.0200245134876916
1932,0.0455694561811501
1933,0.2233186535590632
1934,0.1314502576145935
1935,0.966885711891026
1936,0.3804874915412277
1937,0.0304454384844995
1938,0.0441251583573216
1939,0.0387446311153401
1940,0.3005797431306568
1941,0.0106808777925407
1942,0.976360886631286
1943,0.3862683815597365
1944,0.0109750316855807
1945,0.0032880540879814
1946,0.428256125126439
1947,0.1291604534819268
1948,0.2516591844166753
1949,0.0050002645173529
1950,0.4299371908016708
1951,0.966646493605676
1952,0.9663355862593828
1953,0.1454427070206265
1954,0.0441115644669821
1955,0.0194613752367976
1956,0.0307631442507927
1957,0.5932222080509222
1958,0.3001025766849733
1959,0.0616841346586558
1960,0.0637680982313885
1961,0.1924055508015025
1962,0.3195058594597755
1963,0.0977295423943967
1964,0.0730659797043005
1965,0.0532322390190455
1966,0.9816338884561948
1967,0.0200404568148501
1968,0.0288433430525352
1969,0.1671620621134535
1970,0.1964606684086577
1971,0.9844501538931518
1972,0.9158160726821192
1973,0.029518229112532
1974,0.9433168578190648
1975,0.7002315222774826
1976,0.0180143879794869
1977,0.9910834780803468
1978,0.0197253938132353
1979,0.9961204485686886
1980,0.9775352628786718
1981,0.5674610653097039
1982,0.1328031124591019
1983,0.03013573953686
1984,0.331857174366987
1985,0.0268314827076272
1986,0.2755139198350694
1987,0.7217543172846189
1988,0.0041614978958672
1989,0.0617250562393833
1990,0.2734827970264841
1991,0.973827663593817
1992,0.0465705155478181
1993,0.007879411022901
1994,0.5163958714372971
1995,0.439296347873922
1996,0.2398371946817709
1997,0.6433893193514442
1998,0.5794264534185894
1999,0.8590754324278382
2000,0.3594249078641215
2001,0.0192853749121796
2002,0.0443216190288496
2003,0.9792233299980236
2004,0.0245200630425755
2005,0.0519239667315699
2006,0.9638852561385276
2007,0.0645177435228011
2008,0.1470925538909951
2009,0.1136792187892656
2010,0.956512278008058
2011,0.9151624067057458
2012,0.6062688036274831
2013,0.8346405123163572
2014,0.9788246253268116
2015,0.0089364941004455
2016,0.3228840110975047
2017,0.9300930779084532
2018,0.0034993890234796
2019,0.091197985615861
2020,0.0079513102393253
2021,0.9684084246944392
2022,0.234520175309124
2023,0.3369277107391509
2024,0.98187020563884
2025,0.9669074758167232
2026,0.8568409710123794
2027,0.011320395135005
2028,0.0593346801183147
2029,0.0044535385761954
2030,0.990167766762358
2031,0.2075692043839795
2032,0.9908913788318272
2033,0.5798629142781886
2034,0.927040488269904
2035,0.9909515649512473
2036,0.0378659658759486
2037,0.013466108209696
2038,0.0238036621118684
2039,0.9958490809315286
2040,0.006160125084933
2041,0.7308627055831983
2042,0.2661039825906994
2043,0.9777949544973245
2044,0.6673194900789781
2045,0.0034813775526878
2046,0.0126338410496084
2047,0.2485629798587986
2048,0.079755557633618
2049,0.9707447117737552
2050,0.9580104822846948
2051,0.9050532671890514
2052,0.0229147524035457
2053,0.2198056245975317
2054,0.6329229185824878
2055,0.0102823756297383
2056,0.0232304388023901
2057,0.799080754165105
2058,0.0068107467445995
2059,0.0129654019992849
2060,0.044128746176298
2061,0.3200544819600129
2062,0.1837342834179386
2063,0.0578646920807695
2064,0.8445647515850445
2065,0.5830524984484844
2066,0.3754474630439669
2067,0.9768019278163124
2068,0.4963935839211594
2069,0.3201365903900965
2070,0.1686694980763378
2071,0.5123648664260935
2072,0.2996778193153093
2073,0.0052761143058313
2074,0.0615375967010643
2075,0.4556020634565239
2076,0.0093842975866424
2077,0.0969276584723111
2078,0.0114429834529662
2079,0.0524591414527705
2080,0.0097259980893596
2081,0.8862147464168323
2082,0.3199471850123165
2083,0.0208194587901803
2084,0.495621966214483
2085,0.0683679340897721
2086,0.017067761253124
2087,0.0322879684721561
2088,0.958984706537752
2089,0.0597320498967825
2090,0.8244738675947986
2091,0.0917015665560941
2092,0.0271475920223749
2093,0.0167155608751376
2094,0.5121961712056669
2095,0.9973781092418524
2096,0.1419870459897225
2097,0.0042274677619896
2098,0.8381698884483122
2099,0.4858983307023797
2100,0.9908583504587468
2101,0.0225670039699127
2102,0.7309171909958698
2103,0.2600101591423678
2104,0.0244556981120766
2105,0.0044856024391843
2106,0.0179862200938827
2107,0.5659535411214209
2108,0.0129520777768671
2109,0.0104190463336238
2110,0.0075871747271235
2111,0.5365554932722508
2112,0.0372887102365835
2113,0.1174974486647069
2114,0.4636962561171539
2115,0.1647935492960036
2116,0.9686217691824291
2117,0.9132134895706968
2118,0.0084960131137155
2119,0.9269980799260588
2120,0.2144152435101392
2121,0.0324464951825037
2122,0.1395099600587357
2123,0.9687047857410817
2124,0.0187137165693238
2125,0.9295943837333674
2126,0.0478234053919293
2127,0.0619306858963423
2128,0.0403557624061741
2129,0.1347285364744692
2130,0.0245862589581973
2131,0.1066659963078065
2132,0.9647675905995609
2133,0.055628849168458
2134,0.0162165663158966
2135,0.1357538288008837
2136,0.007507752131808
2137,0.9926184810184482
2138,0.0080970260338336
2139,0.0889187017669159
2140,0.0111751827434725
2141,0.2302370132922108
2142,0.1325888091823154
2143,0.8950957639781778
2144,0.8235334374020892
2145,0.8808362725624863
2146,0.2550664287765313
2147,0.9947840483635784
2148,0.020930395204226
2149,0.934813692048274
2150,0.4034081062147259
2151,0.9566580554084788
2152,0.7614409005356352
2153,0.1791353858890173
2154,0.025409640161588
2155,0.1323390161768866
2156,0.9843920293442704
2157,0.0127919854107307
2158,0.6853446991212917
2159,0.8209349560114253
2160,0.8919193946739878
2161,0.0107640589833941
2162,0.0766839633452972
2163,0.033995944252018
2164,0.0712190974495623
2165,0.2775488391986145
2166,0.1384383396649451
2167,0.509877809068024
2168,0.0477996192027994
2169,0.0227594036322203
2170,0.9519409691747062
2171,0.0140054193363061
2172,0.4613883799437194
2173,0.9735420702360807
2174,0.4154033008347593
2175,0.0181766480508335
2176,0.0717756568748585
2177,0.0206360277006405
2178,0.0637735013890893
2179,0.0376897426913373
2180,0.8792677269811207
2181,0.0185182444947362
2182,0.0053245490756954
2183,0.5307714114581743
2184,0.0548991282030446
2185,0.1139279162929006
2186,0.3744282483716858
2187,0.025856658285538
2188,0.0977194038722844
2189,0.6778645449269786
2190,0.0030503960741112
2191,0.9532575789743988
2192,0.97085413035205
2193,0.1961052588721679
2194,0.0324199759092481
2195,0.0658873976273509
2196,0.0761000576436942
2197,0.9739165866877746
2198,0.938458552730596
2199,0.0424984561618178
2200,0.0155970059914323
2201,0.1097735763352165
2202,0.0076236240863749
2203,0.9468143130199728
2204,0.896432816898014
2205,0.6975168852188434
2206,0.2347872957056396
2207,0.1506516519218582
2208,0.9579029555319474
2209,0.3577557664007607
2210,0.1318298657635651
2211,0.0725385791512695
2212,0.6320320676407154
2213,0.0077377995978972
2214,0.0277321191684932
2215,0.0096109787053546
2216,0.4029810714553856
2217,0.3430122218774694
2218,0.0302647950115131
2219,0.0031729521506299
2220,0.005219069477794
2221,0.0253016552023028
2222,0.0039380194530216
2223,0.9675456860907437
2224,0.2448635651960156
2225,0.0114141297612303
2226,0.1677819233322523
2227,0.7316356476822727
2228,0.4695129494136391
2229,0.0080758498706909
2230,0.4998045023747609
2231,0.0448197242867775
2232,0.5752131521353055
2233,0.0107019707939307
2234,0.971842460947392
2235,0.0577417101417588
2236,0.261189960887622
2237,0.028358116238043
2238,0.1589840958319869
2239,0.7068368766154431
2240,0.2713372591059004
2241,0.007010657925945
2242,0.0105290875604449
2243,0.2623401604154556
2244,0.0026940429089373
2245,0.0127460398815755
2246,0.079876424780616
2247,0.0336567035205569
2248,0.0683357886694139
2249,0.6908688743734124
2250,0.0317318265287597
2251,0.4795976519769611
2252,0.8122864593029451
2253,0.9786224321901276
2254,0.0102349994600355
2255,0.0370520228363079
2256,0.1594421395660008
2257,0.0062193527626253
2258,0.0111134522609324
2259,0.0248344462578274
2260,0.3294314224048874
2261,0.3977959477949216
2262,0.8234955674162003
2263,0.4271976176428825
2264,0.0269263755600546
2265,0.0056645625372988
2266,0.5555694382293425
2267,0.957284065542996
2268,0.1380825210731407
2269,0.2645249123517623
2270,0.1115438870479492
2271,0.2567917589432366
2272,0.112353262760605
2273,0.9825139394777264
2274,0.9291452628994334
2275,0.0034793465618058
2276,0.0384368046869509
2277,0.9802743029879486
2278,0.5949895446310104
2279,0.0339903335845961
2280,0.0437167071995791
2281,0.2008718166562064
2282,0.0755386016970749
2283,0.1505101171312742
2284,0.5772148470915921
2285,0.0381188565887918
2286,0.9904100179108056
2287,0.0599491300931651
2288,0.0083703161501888
2289,0.0067534073772055
2290,0.0083813976326738
2291,0.955989165798469
2292,0.2787995653512234
2293,0.0346274109841698
2294,0.0227238242610229
2295,0.9695759491046968
2296,0.8947623953897035
2297,0.2816634771466745
2298,0.0129664131547826
2299,0.0259783327249126
2300,0.0475401176977875
2301,0.0523659645853685
2302,0.0281825729187787
2303,0.2814332562000592
2304,0.8036336360951588
2305,0.0743775622603291
2306,0.0620044775397059
2307,0.3472610354824551
2308,0.1628681056473939
2309,0.0042936320089075
2310,0.0088981398747544
2311,0.0067230281924519
2312,0.0041330531137305
2313,0.0105670631108371
2314,0.9809964805361456
2315,0.0761167098249359
2316,0.05886596599008
2317,0.7394668042821284
2318,0.1381953872166949
2319,0.0034004492166785
2320,0.1239242948208697
2321,0.9979664836314656
2322,0.6948355599813578
2323,0.1474899248422163
2324,0.9570434100724804
2325,0.0856848906220964
2326,0.5049843442354097
2327,0.0074678216095881
2328,0.987147001962855
2329,0.1729527964669542
2330,0.0281859263750689
2331,0.0043900090615957
2332,0.0573815049651085
2333,0.9920680144035898
2334,0.0020482804825811
2335,0.0866663165805163
2336,0.0319629663161406
2337,0.9709673032464936
2338,0.0919895291427635
2339,0.9887912909140856
2340,0.0443370878478797
2341,0.0101211695551356
2342,0.3257640228370018
2343,0.9862222099555148
2344,0.0488332034455238
2345,0.0306775137916921
2346,0.0566152311259635
2347,0.4891857734442774
2348,0.0024582556418748
2349,0.2459102513759448
2350,0.1562690187313893
2351,0.9232772651031298
2352,0.5420569970347224
2353,0.967791098860754
2354,0.0151992015802176
2355,0.0930968209567301
2356,0.285093900061442
2357,0.9753993398942004
2358,0.0225286998273771
2359,0.0165837815422528
2360,0.1868207844870354
2361,0.1357916916009594
2362,0.0085995967925413
2363,0.0622508255278241
2364,0.0229334615145867
2365,0.6539092442492209
2366,0.6983174475246934
2367,0.037015297066766
2368,0.0205563330715745
2369,0.0089220490605519
2370,0.0792670869030182
2371,0.9895379244294544
2372,0.3417498021367749
2373,0.0246771660973883
2374,0.007847125353573
2375,0.960514512711348
2376,0.0316690237832105
2377,0.2243531280951228
2378,0.9837905173066293
2379,0.0068819306868125
2380,0.0156388605931315
2381,0.0141513506007522
2382,0.913642734959236
2383,0.7136022442581922
2384,0.94259254953772
2385,0.3192035405736902
2386,0.0652355064654413
2387,0.2589058600504181
2388,0.991031554633969
2389,0.0064853901760502
2390,0.1221965299769198
2391,0.1565216180093105
2392,0.0159163021595415
2393,0.1463777142676638
2394,0.7906746061974259
2395,0.0733881796914629
2396,0.0455436411500481
2397,0.5320647741432031
2398,0.021305299919096
2399,0.5636511192306514
2400,0.0194679183331991
2401,0.0290356919970706
2402,0.070730787073827
2403,0.1793463406187284
2404,0.9861254080353228
2405,0.0694860358341605
2406,0.0874310790544944
2407,0.2411567122223951
2408,0.2285037431467373
2409,0.0568561588523057
2410,0.0215868150675052
2411,0.019953258096457
2412,0.0052064731870413
2413,0.9852333242901024
2414,0.0068696879612253
2415,0.991389876313372
2416,0.5684984353873873
2417,0.9223383191081566
2418,0.0225324241855651
2419,0.0242804767579529
2420,0.965913293280072
2421,0.2013771858071824
2422,0.0047470279595869
2423,0.0617083050147848
2424,0.0418804654289729
2425,0.6533362112089119
2426,0.9109934812748296
2427,0.998513401922624
2428,0.005016652863657
2429,0.9648108195550542
2430,0.8557293516422764
2431,0.8627675848853202
2432,0.9465886081748331
2433,0.0635395274180829
2434,0.0815040574929637
2435,0.1036782145282183
2436,0.3267582652082864
2437,0.9747241245852436
2438,0.1157738019731282
2439,0.154172433365138
2440,0.3337622821014521
2441,0.9956708126503788
2442,0.1436039933824027
2443,0.0682819986431896
2444,0.9490907599997448
2445,0.2976937402892607
2446,0.3710257151560192
2447,0.0375585980852529
2448,0.004420925162403
2449,0.9210353933539768
2450,0.1600342323738516
2451,0.011772008119272
2452,0.3998678239249739
2453,0.6967824985777392
2454,0.0207427642035486
2455,0.3673902480191011
2456,0.004422620827634
2457,0.9826741742262216
2458,0.3156795768967958
2459,0.8723782934599913
2460,0.0614901177728825
2461,0.0169514211957163
2462,0.0152706692841403
2463,0.8401841060627278
2464,0.0066104051005472
2465,0.0149605392826491
2466,0.0479494864695553
2467,0.0227952723028897
2468,0.9670476199164632
2469,0.7373514622348691
2470,0.9935324867072192
2471,0.0106014163175056
2472,0.1083770684804244
2473,0.022253003724524
2474,0.004161002836531
2475,0.0027600809646941
2476,0.8985180636953888
2477,0.0517432424957008
2478,0.0162826869832198
2479,0.1305318293359096
2480,0.9854552942524376
2481,0.0488136792178842
2482,0.2795235302773589
2483,0.5635643977668542
2484,0.0161956848038039
2485,0.8411970264918225
2486,0.0831671945707122
2487,0.9780614372627268
2488,0.8380202953011056
2489,0.0426572989190097
2490,0.2663524229527633
2491,0.0031920276396863
2492,0.5575000146457941
2493,0.2866327827784532
2494,0.0196714987241008
2495,0.6125559451922908
2496,0.0577596062780795
2497,0.2226531735480102
2498,0.1657909368700056
2499,0.99814914919205
2500,0.0134858698093876
2501,0.061386731886726
2502,0.0445022239273344
2503,0.189650070579782
2504,0.9957453766552864
2505,0.0730485105044195
2506,0.051988929219066
2507,0.6367379493792464
2508,0.1201964983133211
2509,0.0586807989528319
2510,0.0561053814811924
2511,0.1121898248263311
2512,0.0472264057476194
2513,0.0847346036592092
2514,0.0974264388750403
2515,0.1062291353154863
2516,0.0532150352165506
2517,0.910208778730609
2518,0.1380322517970621
2519,0.1057449202021085
2520,0.0333742956177958
2521,0.195273468788058
2522,0.2181816163611412
2523,0.0725331082100397
2524,0.0132206555583815
2525,0.034847516918587
2526,0.1266030111341219
2527,0.3896008103273242
2528,0.277247899950104
2529,0.0534690472442229
2530,0.5065626683173359
2531,0.0232400821925523
2532,0.9752805940349007
2533,0.2574560995395027
2534,0.0278344945165831
2535,0.989697687319093
2536,0.0643122419127705
2537,0.027896313959328
2538,0.0298895120779093
2539,0.7650452384480932
2540,0.0386862654581184
2541,0.2633774636227557
2542,0.1590986628803926
2543,0.165658085479578
2544,0.9769780948781824
2545,0.006479987209536
2546,0.4979174463822157
2547,0.0114015257083405
2548,0.7475836465280111
2549,0.0076703704051807
2550,0.8181306418362442
2551,0.3454799859545845
2552,0.0193512009726787
2553,0.0140231897873242
2554,0.0030029780290687
2555,0.7969311566504791
2556,0.9880516049756544
2557,0.3245208803494393
2558,0.0217997231765586
2559,0.1891463791986554
2560,0.0746118455165182
2561,0.0138003817574429
2562,0.6026264837089691
2563,0.2267907757445658
2564,0.9205170999398709
2565,0.590676148179816
2566,0.0746481537911684
2567,0.9851364010349244
2568,0.1422592994966848
2569,0.0041334662890506
2570,0.0192012178996381
2571,0.2020097240425678
2572,0.0414121517753702
2573,0.0930341820484559
2574,0.0133098520060905
2575,0.9863020732108247
2576,0.9968715656205134
2577,0.1250147112930662
2578,0.0427743530239358
2579,0.5399801042948881
2580,0.0993167860064604
2581,0.9315674649371268
2582,0.0305273720942972
2583,0.1082263297695183
2584,0.2092222664788078
2585,0.0805105053396072
2586,0.0104582536493337
2587,0.1760632805042145
2588,0.8369043186117844
2589,0.0118437766087999
2590,0.0183673076410789
2591,0.0566879127773659
2592,0.1640914911090038
2593,0.1254693901641988
2594,0.0917100766059253
2595,0.0399158131710744
2596,0.0426894590193008
2597,0.9690145522281834
2598,0.97909049946624
2599,0.1486898970814359
2600,0.2128558398755525
2601,0.0308710630727225
2602,0.078838688324518
2603,0.9885621461137136
2604,0.9206660280105624
2605,0.0405480153984201
2606,0.2376694536366471
2607,0.4232395903423091
2608,0.9939387468288984
2609,0.0562702893285708
2610,0.9815975981244222
2611,0.8904749556985916
2612,0.0043481045335672
2613,0.5286512942790187
2614,0.0049417437622542
2615,0.0094271400631486
2616,0.0263854855659916
2617,0.0209610573668675
2618,0.0107998307361564
2619,0.9801577477770538
2620,0.0426702771513499
2621,0.993290239987549
2622,0.2010968328840012
2623,0.0318193468064725
2624,0.1107781132780212
2625,0.0479384922167756
2626,0.9130363461586506
2627,0.0041150783221785
2628,0.3163689650017961
2629,0.9858097843067922
2630,0.1806584419812973
2631,0.7574140597041922
2632,0.98096250329359
2633,0.2658326212175155
2634,0.981272946886356
2635,0.3800379100226667
2636,0.9973738882483096
2637,0.296655644957117
2638,0.0085386539518682
2639,0.0267506386046651
2640,0.0111803297439417
2641,0.0155997194296979
2642,0.2521972085326649
2643,0.9948490114756195
2644,0.9124567275182214
2645,0.003277232203433
2646,0.0028321272980098
2647,0.6026196145748431
2648,0.0051690797440384
2649,0.915167257460584
2650,0.1230636137672773
2651,0.0496613702207871
2652,0.7012370412035352
2653,0.5045722153113795
2654,0.0221832086470984
2655,0.0335057138395832
2656,0.0988813304527005
2657,0.8222726737305428
2658,0.6116874163759167
2659,0.4256098353208425
2660,0.955621598161068
2661,0.0083313133607157
2662,0.0038299880656448
2663,0.016155353146016
2664,0.0112900263216883
2665,0.9698187231181412
2666,0.985580710730571
2667,0.0699043694090739
2668,0.328698542909138
2669,0.4517628842476384
2670,0.787098790316552
2671,0.6244854879530308
2672,0.0604413856560991
2673,0.0644327331034012
2674,0.0685029422958047
2675,0.0409200666565842
2676,0.9883453739805834
2677,0.994662573924312
2678,0.0918644070845317
2679,0.0542138903953017
2680,0.9882834089972587
2681,0.0168048911975392
2682,0.0039794070332008
2683,0.7768983971679415
2684,0.0038947392737552
2685,0.2509175451748897
2686,0.9404133286591518
2687,0.014336992058846
2688,0.9282693130955711
2689,0.0967177526137633
2690,0.016798762362173
2691,0.0351851473869044
2692,0.0085783331669377
2693,0.1244533518187343
2694,0.1405849122984791
2695,0.1202166886093517
2696,0.0479920918790241
2697,0.9908442977104224
2698,0.2869390570946569
2699,0.0581630351042077
2700,0.1346738464853287
2701,0.9449922652724309
2702,0.957575890673548
2703,0.982220846182781
2704,0.9184562002035876
2705,0.237272944943174
2706,0.0410236769137023
2707,0.9980702479358878
2708,0.0050730858591928
2709,0.9251258276216384
2710,0.4169184689357575
2711,0.0109699501371228
2712,0.0425476859392935
2713,0.0448364734118198
2714,0.9302274565089844
2715,0.0705756609344008
2716,0.0021356590915394
2717,0.962870261615502
2718,0.1535916698169042
2719,0.1096492098734391
2720,0.7432196740990091
2721,0.0417131558637983
2722,0.9781223812607188
2723,0.0120824534674635
2724,0.3233655961115344
2725,0.0164149196945491
2726,0.8113475609573912
2727,0.9393363030057262
2728,0.0136233051591676
2729,0.3054690979819306
2730,0.3907096108413933
2731,0.0329526040146723
2732,0.2010177470601549
2733,0.0088089646468708
2734,0.0090039210229761
2735,0.0196341913918849
2736,0.3095167593416393
2737,0.0101328302095854
2738,0.6349806292087631
2739,0.1561664587751556
2740,0.7730297599196323
2741,0.9970415473951182
2742,0.9966842113608464
2743,0.0931621863697375
2744,0.2890327897360387
2745,0.945739534779631
2746,0.8910657406767453
2747,0.6288384701376007
2748,0.0376113575005146
2749,0.0869059692683186
2750,0.0202771572121593
2751,0.0647714311665397
2752,0.1208268209495419
2753,0.0880259275921113
2754,0.0527910540319932
2755,0.8646240761458692
2756,0.2540562615853494
2757,0.0681825949213179
2758,0.0804506226859477
2759,0.0641598731431665
2760,0.1658495410293357
2761,0.8486502450862925
2762,0.9837403335196973
2763,0.3025475282145985
2764,0.017721982640353
2765,0.1390988618624538
2766,0.0508576632584816
2767,0.6118189052111325
2768,0.0080810590476036
2769,0.9885713264677236
2770,0.0422578370990407
2771,0.0316528724394077
2772,0.0829810530019155
2773,0.969079754401848
2774,0.1244636045807438
2775,0.2128699023837384
2776,0.5222945339111956
2777,0.0248797110195524
2778,0.0893103420164979
2779,0.0330023209789862
2780,0.3320119596651193
2781,0.6123058439195184
2782,0.0054541391792196
2783,0.002833693634258
2784,0.0446133607856284
2785,0.0313423983792279
2786,0.0040864137664878
2787,0.003691754503625
2788,0.0694805554897571
2789,0.0334307244986799
2790,0.0125297779621727
2791,0.019076939311863
2792,0.930829233060836
2793,0.972372841864356
2794,0.4525226324956473
2795,0.1765105778274055
2796,0.0089891486823142
2797,0.025977301067457
2798,0.6419259448438753
2799,0.9362470204021114
2800,0.0489668248620185
2801,0.9708975237922662
2802,0.0385767054467154
2803,0.9692284805965986
2804,0.0228768035370913
2805,0.0407550118682935
2806,0.0180646428334077
2807,0.0591620766550151
2808,0.0358950011055195
2809,0.1156688794285274
2810,0.0139518165061016
2811,0.0029560050132436
2812,0.984357774173546
2813,0.024125062620609
2814,0.0043841335145406
2815,0.9090642886694053
2816,0.0546768382444458
2817,0.0620137902630188
2818,0.575959410706109
2819,0.9824502807173592
2820,0.9132691747034214
2821,0.0266362163820266
2822,0.1303899078098918
2823,0.34644983377711
2824,0.512663262736207
2825,0.0409722236013248
2826,0.985827067447699
2827,0.0669226351318623
2828,0.0116705923872793
2829,0.9378469323552592
2830,0.0228204384299491
2831,0.053055791708738
2832,0.067641568718733
2833,0.9283442718693876
2834,0.9697046616438636
2835,0.0134566651759368
2836,0.0192492541601234
2837,0.0430667197785575
2838,0.0309777154292929
2839,0.0602986548450449
2840,0.0164409196500205
2841,0.9904958813915886
2842,0.9914876467075658
2843,0.9498552510624776
2844,0.0203827102303412
2845,0.014205908721589
2846,0.2627052569040625
2847,0.0122033894624179
2848,0.0306944678252566
2849,0.0152740382591881
2850,0.0758905316567941
2851,0.8763457276034157
2852,0.0116102130535611
2853,0.943410262695178
2854,0.0030665575814089
2855,0.4104990737753651
2856,0.0138753267981449
2857,0.1177577024857471
2858,0.0123245131127396
2859,0.0757888687627615
2860,0.0192763680800778
2861,0.1259524533172532
2862,0.4297328888470202
2863,0.0143454463263578
2864,0.5849907298208425
2865,0.916103484780886
2866,0.0057387109410324
2867,0.0511546377298856
2868,0.0025681486534569
2869,0.0475993057375553
2870,0.0152100586958387
2871,0.0188863956399827
2872,0.2127443390294299
2873,0.1452374527334146
2874,0.0151500395539452
2875,0.0546993354731543
2876,0.0265212986470456
2877,0.0471617243319302
2878,0.2499647201941484
2879,0.1181558661390441
2880,0.8457601518755041
2881,0.4938242214304069
2882,0.2935666860612256
2883,0.0050430428328367
2884,0.529924287608647
2885,0.9633808459517832
2886,0.9973944520237
2887,0.8672751465898241
2888,0.2047706539173433
2889,0.0185976181345584
2890,0.5167710990920175
2891,0.988796495020124
2892,0.0036156373485506
2893,0.3686810445374096
2894,0.3413047631212108
2895,0.9641237668647624
2896,0.0694849836418431
2897,0.0081344208883118
2898,0.6265451232504804
2899,0.1091695351628176
2900,0.0634881196908286
2901,0.0865290297412094
2902,0.1257587298980159
2903,0.0027945051614187
2904,0.0338140885427907
2905,0.5796696050593549
2906,0.178483055871649
2907,0.0031705891592428
2908,0.1599016487831225
2909,0.0172798612298137
2910,0.5994818060529341
2911,0.10077481445567
2912,0.8360975645895551
2913,0.0271179017910708
2914,0.9914594538003254
2915,0.168197115416297
2916,0.4524803814958095
2917,0.1853352030457812
2918,0.7997543403741649
2919,0.0585853603235358
2920,0.055374333067865
2921,0.2697448891475705
2922,0.080938420106719
2923,0.0110657387536961
2924,0.8859876282742989
2925,0.8770525752682319
2926,0.8051634691720815
2927,0.0896649168911988
2928,0.7791792178133501
2929,0.975760722952814
2930,0.0951386474616976
2931,0.996155233961456
2932,0.9898827932110564
2933,0.1284522522110575
2934,0.0120106849081944
2935,0.2559464707656066
2936,0.0076568901761366
2937,0.024994212151501
2938,0.7257764668117532
2939,0.9795337863866772
2940,0.4983477770973323
2941,0.009053111434986
2942,0.8971563606956198
2943,0.0301752195371192
2944,0.3176706993259214
2945,0.0597779813979911
2946,0.0570584956886226
2947,0.0524007421022592
2948,0.1271763495701574
2949,0.0145524946334043
2950,0.0446021610246454
2951,0.0066148505138369
2952,0.5478277001488927
2953,0.9833812895655858
2954,0.0684442500104814
2955,0.0353980314692208
2956,0.9638869362707868
2957,0.3298191474137646
2958,0.0375277356161588
2959,0.3108783294714384
2960,0.0337767168592761
2961,0.0043338234091727
2962,0.8523383327758393
2963,0.1851992852079232
2964,0.9378248687689356
2965,0.9040196169461476
2966,0.0613113629147606
2967,0.264793793276912
2968,0.0131095958401402
2969,0.3565371723628013
2970,0.0148358824042511
2971,0.0955198077561977
2972,0.011809199215225
2973,0.212979909029743
2974,0.9220573183596898
2975,0.1758158738060963
2976,0.0704827478458156
2977,0.973516225979704
2978,0.0056467577995668
2979,0.0377221647591863
2980,0.0076886853255412
2981,0.0344248808755125
2982,0.5942665450073096
2983,0.8764138197688387
2984,0.1868854728974839
2985,0.139926249504822
2986,0.0255657805705911
2987,0.0299471772405845
2988,0.0281673890891217
2989,0.0518570084878247
2990,0.0241599369226627
2991,0.827402031642653
2992,0.9792506730757372
2993,0.2545505544465378
2994,0.2774528482662876
2995,0.029568760566676
2996,0.0546406334738309
2997,0.1798261224398232
2998,0.0888765363189806
2999,0.5910967699432522
3000,0.1087571057573402
3001,0.0036316445902494
3002,0.9708440692773124
3003,0.0022792412440362
3004,0.3479950892889635
3005,0.945161593897569
3006,0.112735348047294
3007,0.341700306558762
3008,0.4671978194778114
3009,0.0988929287756378
3010,0.0067638117177484
3011,0.0499210936848111
3012,0.9605769971947444
3013,0.1713144230000773
3014,0.0025195424525464
3015,0.0031446634477926
3016,0.0064035488737813
3017,0.9475087260924075
3018,0.018504196394921
3019,0.7483583955618556
3020,0.078875013662924
3021,0.2290588289139114
3022,0.9630448280227046
3023,0.0047225002585036
3024,0.0973695202463663
3025,0.1982313977348083
3026,0.9119023062473056
3027,0.0965880280444575
3028,0.0863212007147322
3029,0.2006644832805255
3030,0.0154222356583429
3031,0.0183485147119774
3032,0.0759380941929677
3033,0.6509548908863185
3034,0.2487391730234388
3035,0.4230543638362484
3036,0.4280255802616455
3037,0.1142060069481091
3038,0.3618426063457443
3039,0.0160407896196995
3040,0.0552907753672506
3041,0.1183763938718012
3042,0.9508092279486134
3043,0.0224267894669143
3044,0.2491825074510322
3045,0.8143384351825353
3046,0.0321073298890817
3047,0.0295072394724122
3048,0.9865885531007308
3049,0.8972905003745971
3050,0.9969970936206878
3051,0.953813804424964
3052,0.0132348201693141
3053,0.9105852568556156
3054,0.1105663166089006
3055,0.0440039284218556
3056,0.4501665684439574
3057,0.0086022540544159
3058,0.994281751953099
3059,0.0028794704729433
3060,0.9568789679647316
3061,0.9980492405068828
3062,0.1812016959336863
3063,0.205693025748917
3064,0.0518822377591311
3065,0.0061395853127964
3066,0.5364111255842609
3067,0.1897257399098063
3068,0.637896612491248
3069,0.0420070744284869
3070,0.0095324915974302
3071,0.0093706000619588
3072,0.0172825624175937
3073,0.2276393948269787
3074,0.6813617245331957
3075,0.1497140288275095
3076,0.0040222765311979
3077,0.9919713556897642
3078,0.992353779340275
3079,0.0643054260090544
3080,0.0062525034270286
3081,0.0323264522936077
3082,0.8619355923870657
3083,0.0344186361960563
3084,0.203980753130765
3085,0.546928871290136
3086,0.0447065602910912
3087,0.0770610748229637
3088,0.0482999081297373
3089,0.1105808925912808
3090,0.0240880591510113
3091,0.0593059618821541
3092,0.005810809775091
3093,0.9394145118266336
3094,0.0109512180066774
3095,0.1136583837125001
3096,0.1140944572025593
3097,0.0262127329058479
3098,0.9980623008637168
3099,0.0119117199087416
3100,0.0408786770665109
3101,0.0066066583923817
3102,0.0076215557991608
3103,0.0202700299852762
3104,0.1738769670714896
3105,0.4858380376549251
3106,0.0648093538079259
3107,0.7807233642793943
3108,0.0210253183403552
3109,0.0045563583286029
3110,0.0066207376901829
3111,0.0974661786889568
3112,0.0022118854404319
3113,0.0660484406493914
3114,0.0072103319043196
3115,0.9399242057413496
3116,0.0498032495507876
3117,0.0037248564864587
3118,0.4340144770559287
3119,0.3794576446050608
3120,0.0019726227049137
3121,0.012775759967102
3122,0.0164260645884037
3123,0.9874621000887424
3124,0.0332363406767364
3125,0.2665915167834963
3126,0.0149352938514049
3127,0.9236029432598508
3128,0.0045590655293819
3129,0.0334957771121841
3130,0.5671619390268574
3131,0.945732917464316
3132,0.0329634162172343
3133,0.0711349092668437
3134,0.0108777532965713
3135,0.006767737426586
3136,0.140827056128546
3137,0.0278053890761817
3138,0.0215168110563386
3139,0.9864424480852492
3140,0.09128967871996
3141,0.0050563671139872
3142,0.970870589344332
3143,0.6246039462885231
3144,0.9873102366704558
3145,0.0351493220079044
3146,0.0604979530094502
3147,0.0962344159566536
3148,0.1824409905322223
3149,0.9777406397788988
3150,0.0030558179561744
3151,0.3067597063315133
3152,0.004949917514792
3153,0.0096815343563933
3154,0.0310926237140357
3155,0.0286269988049684
3156,0.0244931731819861
3157,0.1754160546893143
3158,0.0071462168925566
3159,0.0539212358586996
3160,0.4760893256383749
3161,0.021082730281232
3162,0.9582018946985832
3163,0.0163108610221674
3164,0.160790376225211
3165,0.0114165870700175
3166,0.0467812724794122
3167,0.0193174177881126
3168,0.0121569005016589
3169,0.969309196376532
3170,0.0227982583696291
3171,0.180233958900867
3172,0.0877568461920478
3173,0.0116127028480519
3174,0.9071325758425612
3175,0.7893038161308918
3176,0.0032594020440333
3177,0.4433815125730918
3178,0.2693518665901782
3179,0.0038904200141517
3180,0.0833226502829038
3181,0.0559296110902151
3182,0.0976175818370577
3183,0.6740087277171893
3184,0.0031371702022922
3185,0.3762000374974654
3186,0.1074239965087116
3187,0.9863035713273436
3188,0.0122857707015815
3189,0.0270336701287718
3190,0.997482236284256
3191,0.8079131511300861
3192,0.0113448305036585
3193,0.0331776975526245
3194,0.0242535867688614
3195,0.9255419730408396
3196,0.8708633324426858
3197,0.005512958588981
3198,0.0061910729030637
3199,0.2495052447200862
3200,0.9921227147876964
3201,0.065166053314069
3202,0.007537069129339
3203,0.061048144827093
3204,0.2810883844678866
3205,0.9638765886024064
3206,0.8884910336126429
3207,0.0207842168909372
3208,0.106640783021812
3209,0.964323030270092
3210,0.0056637764897552
3211,0.9684424781552536
3212,0.0671279690291307
3213,0.8637733294201968
3214,0.0320070836513658
3215,0.0780096032587659
3216,0.9756844232938297
3217,0.922445643906738
3218,0.899798699159349
3219,0.9160716371961488
3220,0.7645303445821533
3221,0.0927627868359598
3222,0.3251256958444501
3223,0.876891280048474
3224,0.0088447687409177
3225,0.0082413638000448
3226,0.1634909158106842
3227,0.993683010706409
3228,0.9870932005241853
3229,0.7961547670918704
3230,0.0261628060833724
3231,0.0526470489244386
3232,0.4068674854704687
3233,0.1789503829575566
3234,0.1713899212074997
3235,0.0379242727296382
3236,0.4344969409458122
3237,0.9801990122610345
3238,0.0147393822833635
3239,0.5028131566765662
3240,0.0344143478557726
3241,0.0258580774616583
3242,0.4867337540711047
3243,0.0978247272784136
3244,0.0935435841533525
3245,0.9052892343374276
3246,0.2322557420332926
3247,0.2297753133455707
3248,0.0703584316220189
3249,0.0242429672837748
3250,0.6977500049090702
3251,0.0177320513150803
3252,0.0333763044722818
3253,0.0067026625103526
3254,0.3689599024027623
3255,0.0091543356614129
3256,0.008717497374758
3257,0.0033096348894423
3258,0.8488628247191217
3259,0.0137971863841984
3260,0.6262160853669988
3261,0.1598332093731608
3262,0.0260662640614486
3263,0.1663763359823203
3264,0.0111028871174478
3265,0.0563967036890815
3266,0.1606921901255419
3267,0.9637525653310862
3268,0.9880689331806964
3269,0.0516811772293569
3270,0.1337068364952799
3271,0.9604503863570936
3272,0.3010753591636803
3273,0.0511431402343596
3274,0.0056579781320502
3275,0.1478586419076304
3276,0.3240277014304821
3277,0.2424105241321739
3278,0.9850068242394244
3279,0.647533232652966
3280,0.0557901349922284
3281,0.0051507616962174
3282,0.088675611370679
3283,0.0056734396826679
3284,0.9659900767923916
3285,0.0069116433805191
3286,0.7860867601945101
3287,0.2812440608482878
3288,0.8370902712860357
3289,0.0041501639333714
3290,0.1606032954230946
3291,0.0177683040870621
3292,0.0601897910990204
3293,0.6804749697018416
3294,0.750084109665439
3295,0.8862636151298471
3296,0.0157426041571487
3297,0.8141946369719042
3298,0.7688266746597632
3299,0.9717211809600048
3300,0.0028297566345574
3301,0.0254733500846787
3302,0.6171013584930332
3303,0.0141904492507865
3304,0.3800208367868748
3305,0.9980815555972706
3306,0.9975960176604752
3307,0.7245052585202001
3308,0.5212708940860735
3309,0.0212928548433685
3310,0.9667082647809164
3311,0.4517022757317051
3312,0.426400740385193
3313,0.0456989615193318
3314,0.3357004712124854
3315,0.1435491970498786
3316,0.9366254246991796
3317,0.9781580485254256
3318,0.6786161976774703
3319,0.988721616165284
3320,0.0032951395775443
3321,0.0126653945430218
3322,0.014846042296398
3323,0.0412298645987627
3324,0.8588023001155736
3325,0.0981233595819643
3326,0.0057331815605652
3327,0.1630897875078855
3328,0.0158605563142829
3329,0.9746329089848034
3330,0.9913190166207928
3331,0.1363672204900568
3332,0.9556380972434818
3333,0.7091085499775357
3334,0.1128217554544591
3335,0.9817000306938972
3336,0.987183207646126
3337,0.8837923133137435
3338,0.2418299217535705
3339,0.0268398051232946
3340,0.9765512933625848
3341,0.9657327438569676
3342,0.4514681112916296
3343,0.0163598392258566
3344,0.4882978763680724
3345,0.4091666461037017
3346,0.85926675621421
3347,0.7009799894114432
3348,0.4800425665231193
3349,0.0145997314673834
3350,0.0659843846160257
3351,0.3112993123496309
3352,0.7244499268256451
3353,0.0246883931023404
3354,0.0120090844325499
3355,0.3670316709296455
3356,0.0104224840870536
3357,0.494864151095311
3358,0.002485426463368
3359,0.0124681663578317
3360,0.0038995011782132
3361,0.0030256292754195
3362,0.0734410093158653
3363,0.0360764473241695
3364,0.1338088495317673
3365,0.0165039176274577
3366,0.902272736432742
3367,0.0794826627525171
3368,0.2057032809101934
3369,0.0126477944078333
3370,0.781141973062126
3371,0.1153701345637736
3372,0.0272754906381826
3373,0.0037360560423185
3374,0.5714606679001115
3375,0.0704773765134569
3376,0.0070411844355456
3377,0.7574263094429692
3378,0.9794425372740102
3379,0.0596066463812124
3380,0.1839556110539549
3381,0.0074626193286912
3382,0.1036479258948233
3383,0.3269771594083906
3384,0.960599116413898
3385,0.9295194565387104
3386,0.0171406218393917
3387,0.0189982171133111
3388,0.2581817860020546
3389,0.1166148344086352
3390,0.2333775682239678
3391,0.9978555690705704
3392,0.0029726977788343
3393,0.1221095546277111
3394,0.106302960145866
3395,0.1598821598498095
3396,0.9633924244855032
3397,0.9935128392858916
3398,0.0081917115879518
3399,0.0404932167861681
3400,0.0547936747771932
3401,0.025038400553611
3402,0.0287955403261113
3403,0.9649406830803086
3404,0.1313365011075681
3405,0.0530539882701033
3406,0.390105358608119
3407,0.7949179437718441
3408,0.0454048605631461
3409,0.0156234984080135
3410,0.9921884386049
3411,0.0483426389934191
3412,0.9846787222947376
3413,0.9567324353133306
3414,0.094766120220834
3415,0.3361996161475545
3416,0.011540004521924
3417,0.0719183910234917
3418,0.0160293575976277
3419,0.0604814450614878
3420,0.6858715519496323
3421,0.0152214647070016
3422,0.0423813308259082
3423,0.0753427802874947
3424,0.0559237976371
3425,0.0156114606119777
3426,0.041383020260216
3427,0.0089346299486054
3428,0.0496171387269651
3429,0.735804828165302
3430,0.0054937272613604
3431,0.5401931676500148
3432,0.3627029222274084
3433,0.0135209892814835
3434,0.9872667794128868
3435,0.0619161082877027
3436,0.1653193639566824
3437,0.2918299290499604
3438,0.2484116708509593
3439,0.2747441405928025
3440,0.9560606411842696
3441,0.6480464140562749
3442,0.0078406623762616
3443,0.4717867083671982
3444,0.5314146013460511
3445,0.1403266448161543
3446,0.4350961978379211
3447,0.0357284162642907
3448,0.0322862197088967
3449,0.0538614192362602
3450,0.0617637580171306
3451,0.0261486287148636
3452,0.1828356071632523
3453,0.9088793033692872
3454,0.9971296875700498
3455,0.8162677034888963
3456,0.519746991037435
3457,0.273557553507746
3458,0.1812569355658027
3459,0.0032682398342565
3460,0.1110245077508518
3461,0.9865728556020852
3462,0.1649784017007244
3463,0.015070611782713
3464,0.0124639893432726
3465,0.0620407135040457
3466,0.00732651551164
3467,0.011513092712317
3468,0.123854321204443
3469,0.920747488427376
3470,0.0136144691747063
3471,0.3666857490566557
3472,0.0166589328845252
3473,0.0101628507088539
3474,0.0050423948688836
3475,0.7311350335459603
3476,0.0631985453919443
3477,0.0356771806951168
3478,0.0084940269557564
3479,0.988952210781568
3480,0.951612945039368
3481,0.052507501726565
3482,0.0565932840388804
3483,0.867254449154447
3484,0.0068736036538734
3485,0.7869396168794829
3486,0.9820650799355688
3487,0.0390237695691032
3488,0.0104703887234432
3489,0.159220390197817
3490,0.020697778773027
3491,0.0611326291150204
3492,0.0784682272396954
3493,0.102646776759698
3494,0.2478661100091962
3495,0.3213505654123916
3496,0.8977311947702182
3497,0.7044863008051708
3498,0.0028949287952391
3499,0.5359087013844772
3500,0.8845795901750888
3501,0.7335608366079325
3502,0.0084319822715283
3503,0.099438840739489
3504,0.0373436756822021
3505,0.0067194382374466
3506,0.0164477011002029
3507,0.1926284296379346
3508,0.5277867787071115
3509,0.0159354268608952
3510,0.0036604959998976
3511,0.8771422197586127
3512,0.0080438397609926
3513,0.0186520882871873
3514,0.0581081026871707
3515,0.033747202907478
3516,0.0109733517001586
3517,0.9685682703460672
3518,0.4972867925214358
3519,0.9877024269964508
3520,0.0298849177598006
3521,0.0168921886843211
3522,0.1450093216852417
3523,0.117784296744856
3524,0.1942256504772264
3525,0.1598388199847637
3526,0.2743734518176501
3527,0.0245890278600055
3528,0.0452054073397417
3529,0.6757995338282685
3530,0.0194137519419481
3531,0.0469206751020347
3532,0.9858822806518734
3533,0.0210409666606998
3534,0.2009417689764226
3535,0.0166464861735646
3536,0.0199333981070038
3537,0.0465341312259211
3538,0.0132841903516254
3539,0.9754609443348226
3540,0.0045507486361866
3541,0.110341800519392
3542,0.0102744659332829
3543,0.7120293409559049
3544,0.0596001492147337
3545,0.1015606365069045
3546,0.0266327761840991
3547,0.0044766237614281
3548,0.0060077498631722
3549,0.0260550895346833
3550,0.0271904719476074
3551,0.9525423544663932
3552,0.9954905465117528
3553,0.3008034253229263
3554,0.4243544186000409
3555,0.9885866215489963
3556,0.1128253321331635
3557,0.6132633981124322
3558,0.0042571032899495
3559,0.2201852703561829
3560,0.0053090558438489
3561,0.1103362176362147
3562,0.1120218266331442
3563,0.9544366807351709
3564,0.3271963705468846
3565,0.9733169493650063
3566,0.9129981212035446
3567,0.0395933523636065
3568,0.004885797585126
3569,0.836024954629589
3570,0.2328258028093209
3571,0.8319098749352924
3572,0.6055972149662099
3573,0.0051249556430896
3574,0.0224301143171723
3575,0.5433200581331935
3576,0.9982373301931556
3577,0.0242799954822134
3578,0.9806676083655508
3579,0.9362544203775848
3580,0.3085826352006919
3581,0.006187664521328
3582,0.5394747873727684
3583,0.0234918969555492
3584,0.9916398982388556
3585,0.2809833822474222
3586,0.8309864661799624
3587,0.0087425424173847
3588,0.1425027944475251
3589,0.9841725359879988
3590,0.0294849106785686
3591,0.5698400732084918
3592,0.9199937608005976
3593,0.8473814567959218
3594,0.9872060781876956
3595,0.0301103635761413
3596,0.0710034909510187
3597,0.9382907230081968
3598,0.0148152010836491
3599,0.0123371607477261
3600,0.9333614796059564
3601,0.0070022829760634
3602,0.0026257411669434
3603,0.0522755271134195
3604,0.0530725512617178
3605,0.3283694784932692
3606,0.9893935934561078
3607,0.0025033280598513
3608,0.4069383111082104
3609,0.0020209030859233
3610,0.1825123985923213
3611,0.6604219387608409
3612,0.3084349424431473
3613,0.9409983795225494
3614,0.9428000428071462
3615,0.018033241527778
3616,0.0092516208153828
3617,0.0404356310836176
3618,0.9910392406447376
3619,0.8058078771844052
3620,0.114878473817207
3621,0.6107384058454447
3622,0.0096660118730484
3623,0.964078863729753
3624,0.02299383270977
3625,0.7715738298530926
3626,0.7286970237385044
3627,0.4697558900708765
3628,0.1894103211304607
3629,0.0763388542979271
3630,0.975334986682812
3631,0.062711441817139
3632,0.0380727265123097
3633,0.0306652956790379
3634,0.0410224546844683
3635,0.0108793716346333
3636,0.0446901514989169
3637,0.0346162287903653
3638,0.9625794506652878
3639,0.0358464759585194
3640,0.0874999610534979
3641,0.0860369833056638
3642,0.0054505122363378
3643,0.0046979528249144
3644,0.9970174000483812
3645,0.9298246918142824
3646,0.9133931470740816
3647,0.0717735553922234
3648,0.6306961393211964
3649,0.8918856979237237
3650,0.0140468103319313
3651,0.0323499739819042
3652,0.0107265144643203
3653,0.0246922750601313
3654,0.6828907583875744
3655,0.5332035076013789
3656,0.0153018084183586
3657,0.0031029735756275
3658,0.048510170297117
3659,0.8465603242078967
3660,0.288519015890617
3661,0.4785630802215019
3662,0.0209310767900704
3663,0.1632007447809143
3664,0.0099800244864821
3665,0.3695422451219405
3666,0.9704333563312086
3667,0.0467143488371212
3668,0.7315755806762265
3669,0.7204275948886308
3670,0.1775102686995214
3671,0.0083610142894644
3672,0.0183763856008449
3673,0.6322440544790903
3674,0.1277811991438819
3675,0.9804941231290896
3676,0.0603082716857638
3677,0.0674792047683126
3678,0.983282645501476
3679,0.8769219675879227
3680,0.0128506405496908
3681,0.0710691707937399
3682,0.0216803907939767
3683,0.1213913282866317
3684,0.5185000980034978
3685,0.3032485452110812
3686,0.9944129416975488
3687,0.1529635638647483
3688,0.222216760468871
3689,0.9322752317068856
3690,0.0129451286653097
3691,0.8122248002305087
3692,0.253407826742047
3693,0.9961648736894232
3694,0.0071754969249594
3695,0.9116337633257996
3696,0.0125715603837056
3697,0.7136516833338309
3698,0.0053706141011449
3699,0.0366250971025677
3700,0.31820486531771
3701,0.0743733716666249
3702,0.9922028719961036
3703,0.09255583815306
3704,0.950293598723632
3705,0.9885136482859502
3706,0.0860539730629853
3707,0.3084788959478922
3708,0.3640750751717288
3709,0.0049178591806557
3710,0.0221100669952789
3711,0.9650141611452474
3712,0.1251595699236539
3713,0.138643780965022
3714,0.3658368160002568
3715,0.0142244539850588
3716,0.1079570637035988
3717,0.7430077395888688
3718,0.8859840196973167
3719,0.1121143757509535
3720,0.9573870504165488
3721,0.30508101719002
3722,0.9431739650602212
3723,0.9880364836065898
3724,0.0071320965489234
3725,0.1225765210851514
3726,0.0358658723826354
3727,0.158484714471621
3728,0.3354287929684918
3729,0.6000434092953251
3730,0.8970243536097672
3731,0.0309943406325818
3732,0.1163080940216378
3733,0.08308782812072
3734,0.027920417288284
3735,0.1987470069719715
3736,0.0042343038001135
3737,0.0094575791435152
3738,0.9914409024776067
3739,0.9714456146968902
3740,0.4287556365284207
3741,0.9153874790126642
3742,0.9553291687076992
3743,0.0415040198196984
3744,0.658183964477486
3745,0.384086805470349
3746,0.4986502976193761
3747,0.0864445912858305
3748,0.7037780944284466
3749,0.0189944018464516
3750,0.0408560541947763
3751,0.0203701194867481
3752,0.0140678298146116
3753,0.309845885822013
3754,0.9520043426420364
3755,0.0178997259807237
3756,0.0148683063997443
3757,0.0316370717570712
3758,0.0254966335881399
3759,0.4112179921884172
3760,0.7621178572645371
3761,0.9511865534943056
3762,0.5456381980188508
3763,0.2184435355802317
3764,0.1970160899938758
3765,0.4833463413338315
3766,0.0474189696489682
3767,0.1533569762337163
3768,0.0837614795302632
3769,0.9604451330202208
3770,0.0996556513437776
3771,0.9827561693828776
3772,0.3295289529098274
3773,0.0127129870991299
3774,0.0189401518202884
3775,0.0681167220848298
3776,0.1386325783017954
3777,0.0707137377991969
3778,0.0096282082023377
3779,0.0249025455999042
3780,0.1544147298340398
3781,0.4035193307113458
3782,0.816956990383481
3783,0.1172610392237195
3784,0.1983821089951704
3785,0.9322956895067658
3786,0.0662311501637119
3787,0.4900529118771287
3788,0.0216039822671728
3789,0.78435621797714
3790,0.977488545399776
3791,0.984468243518024
3792,0.9593019051982704
3793,0.0721498988445014
3794,0.2500016807865858
3795,0.44896491021855
3796,0.8721123916466931
3797,0.1058128857072812
3798,0.2035544205007286
3799,0.0244696937179469
3800,0.0048460926443966
3801,0.0301079022122751
3802,0.9882646435156996
3803,0.0954144385549143
3804,0.8016804616297997
3805,0.027743376259385
3806,0.2869990555292452
3807,0.9965905594775434
3808,0.303631404629398
3809,0.0572786850367603
3810,0.1062469699509883
3811,0.2391385282895116
3812,0.0561696952618487
3813,0.0186341961289166
3814,0.944181943916242
3815,0.0719341023709893
3816,0.4658355991497657
3817,0.0667226871754536
3818,0.982615174526892
3819,0.925852145383946
3820,0.2645615764118215
3821,0.0694723654870264
3822,0.456346706668568
3823,0.0738800865983553
3824,0.0420811193831775
3825,0.9980552798384302
3826,0.2893684645480799
3827,0.04813925405014
3828,0.8811421364872416
3829,0.0691287608221686
3830,0.079001388441133
3831,0.9981837550775214
3832,0.0054288124797644
3833,0.1264030784901794
3834,0.4638409654769332
3835,0.0295781111111348
3836,0.7200186120531629
3837,0.9965918402024962
3838,0.5932932221358733
3839,0.9268032761015076
3840,0.111690727317324
3841,0.0785780160703573
3842,0.0691087288228289
3843,0.2403225787066608
3844,0.1024549574951676
3845,0.995282273168094
3846,0.0169110631458059
3847,0.9901640403668122
3848,0.0027719021356359
3849,0.0179621297313171
3850,0.420747538653547
3851,0.9692488225917864
3852,0.0516083458032151
3853,0.6974125029946581
3854,0.903881171904206
3855,0.0051085503738134
3856,0.0427053406009649
3857,0.011962799409853
3858,0.0445280456147913
3859,0.0262275007714161
3860,0.0122521878070848
3861,0.0545050833723465
3862,0.0321792578693888
3863,0.9839578199837388
3864,0.9977703881776796
3865,0.2004042724289196
3866,0.998255875501758
3867,0.0232354397411222
3868,0.6292522998529144
3869,0.0178678397757926
3870,0.515666267921726
3871,0.0272079041231187
3872,0.4370012368993376
3873,0.3261323541881519
3874,0.130837143151056
3875,0.9958556304139188
3876,0.3580125834458481
3877,0.986473803807654
3878,0.0657441769447365
3879,0.0054544759858213
3880,0.9966140499891958
3881,0.9930758201946496
3882,0.1785958315750663
3883,0.3176430104963811
3884,0.024279030461309
3885,0.0430730434901908
3886,0.915313430144078
3887,0.1952706609554348
3888,0.085422413850826
3889,0.1689846232084829
3890,0.0302202622804616
3891,0.9473363269375376
3892,0.0107876499817412
3893,0.9223489788244064
3894,0.0505669704255805
3895,0.2390629985696842
3896,0.228097915788614
3897,0.974409676074864
3898,0.550644816984226
3899,0.5616502285951025
3900,0.0773300413808112
3901,0.0041871919270597
3902,0.9723280081874672
3903,0.6369975790032658
3904,0.0344000675354335
3905,0.0892456061973723
3906,0.9877378224014466
3907,0.0763254608367394
3908,0.1006647514480372
3909,0.9981262671538242
3910,0.0029748880816935
3911,0.0073609223198338
3912,0.3216792327530064
3913,0.018488966986082
3914,0.9170255165349396
3915,0.0556980305721283
3916,0.6461894107387929
3917,0.0367201238820885
3918,0.0698214753736975
3919,0.0117764323483461
3920,0.0529753951128436
3921,0.0040213016981962
3922,0.2907320129694042
3923,0.0341074481457892
3924,0.0509096566778987
3925,0.9776459848619142
3926,0.3637311820060943
3927,0.0128052576069163
3928,0.0658921497880534
3929,0.8885939339608806
3930,0.9915780384668218
3931,0.0034200608726833
3932,0.1927992046079293
3933,0.01020113787068
3934,0.9269099969122988
3935,0.0106169701427215
3936,0.0766126946902275
3937,0.230678687084017
3938,0.9794661833427074
3939,0.0562298961523855
3940,0.0872635744081663
3941,0.9729838343526952
3942,0.0124530132642107
3943,0.1775126794970639
3944,0.9657931891911316
3945,0.9146646632888916
3946,0.0400058904100338
3947,0.015973246618534
3948,0.1797640201106601
3949,0.9844098635695868
3950,0.0952946851736942
3951,0.0829133388270301
3952,0.9344246112745108
3953,0.0197907849968089
3954,0.996208773011773
3955,0.0104554153225491
3956,0.0965845917079925
3957,0.3021238312972185
3958,0.0776509220069563
3959,0.951201054436548
3960,0.0781349465526095
3961,0.0447474587987327
3962,0.0278455963936113
3963,0.9395402990554136
3964,0.4396335584129773
3965,0.1269716102392588
3966,0.5630028198219419
3967,0.0155624872206788
3968,0.0041449622544661
3969,0.0462982531810932
3970,0.226800664117533
3971,0.9890452017933042
3972,0.4875453573031723
3973,0.5020167742474863
3974,0.0225364573498013
3975,0.7988791556459081
3976,0.9661358043588436
3977,0.2446406272167897
3978,0.0306417270050328
3979,0.5429000736805236
3980,0.9290410056311
3981,0.9393041678185734
3982,0.9811652204455854
3983,0.0044177552015848
3984,0.6685860932451158
3985,0.0206285754013054
3986,0.3323066415408167
3987,0.0031781257268997
3988,0.8331760852931289
3989,0.0074138861371238
3990,0.3651080151911727
3991,0.924625912273746
3992,0.0211333678884142
3993,0.1054746856268252
3994,0.5268123675320732
3995,0.9657069017461288
3996,0.4074994257507934
3997,0.0026570108924618
3998,0.0866023668906688
3999,0.0165363530416715
4000,0.0180636783226058
4001,0.055627673447246
4002,0.0272653477762466
4003,0.0965476610243493
4004,0.7290631673878509
4005,0.3359612022988011
4006,0.0955366437105932
4007,0.0063034649286786
4008,0.9938635156068538
4009,0.0579652011922589
4010,0.9972037704195016
4011,0.9596739568990228
4012,0.0421888445990411
4013,0.0191949472508718
4014,0.9981819216390392
4015,0.9476723497656974
4016,0.0987740461438745
4017,0.0687153994682272
4018,0.1596886757261928
4019,0.0108197192123606
4020,0.0152212219211171
4021,0.0544806312317462
4022,0.0190100717349521
4023,0.0108684958191448
4024,0.0045236755558611
4025,0.7099847818179089
4026,0.9234275869722816
4027,0.006795020581607
4028,0.038409981277389
4029,0.0527260817186143
4030,0.0059834825330323
4031,0.9379380558679904
4032,0.1129037238554246
4033,0.030709101328419
4034,0.0378337465261927
4035,0.0337154263421362
4036,0.0227712892347356
4037,0.0122001483926906
4038,0.9844444471297528
4039,0.0087020488109088
4040,0.4488418795050394
4041,0.9848248475690238
4042,0.0403142885284976
4043,0.0596986262902185
4044,0.0133351236185485
4045,0.0046644010313086
4046,0.0097249789785974
4047,0.1729492572242314
4048,0.1501347885764712
4049,0.1122008094991038
4050,0.1102382634713182
4051,0.1031553413814116
4052,0.0598008289774073
4053,0.8753905424492187
4054,0.0564009484920701
4055,0.0101480600303537
4056,0.0721578873492627
4057,0.2773239556152102
4058,0.5556214613168229
4059,0.0799456348392297
4060,0.0797282392883963
4061,0.9867416733109452
4062,0.1059254799438325
4063,0.3349252874189526
4064,0.3771118575214372
4065,0.2476043599044071
4066,0.0222675146269975
4067,0.4458381609754808
4068,0.0146924704691887
4069,0.0227199873851245
4070,0.0510306476076817
4071,0.9899335641027006
4072,0.0027267769642173
4073,0.0444834146083956
4074,0.0943614001265342
4075,0.0331106322896823
4076,0.6456669006785674
4077,0.0493275959794439
4078,0.2513727516811915
4079,0.1719289960426958
4080,0.0041355810649713
4081,0.7554835991529247
4082,0.9546792442030696
4083,0.3474478384383109
4084,0.0413264097176468
4085,0.0893489604987884
4086,0.0714345961403074
4087,0.0238788170030425
4088,0.0955707817538093
4089,0.0185105154733489
4090,0.1962232131990775
4091,0.0059168904620884
4092,0.1974352327505949
4093,0.3505811667378519
4094,0.0189450144268169
4095,0.0142810270713269
4096,0.0176557043773732
4097,0.1645128197616312
4098,0.0210147735240066
4099,0.9776868728835364
4100,0.4185487980847192
4101,0.0828894011823741
4102,0.1109819596329774
4103,0.2266224166285578
4104,0.9835332356876736
4105,0.5644021842701796
4106,0.2389667089668342
4107,0.8224964718120937
4108,0.9883343797826184
4109,0.9599245832297212
4110,0.05153718312452
4111,0.0037907997446387
4112,0.970862546722788
4113,0.2920113713119772
4114,0.0380875193129539
4115,0.0145643170342016
4116,0.0266562357133896
4117,0.9910260693741412
4118,0.0268550635813525
4119,0.138667673602256
4120,0.9791684360792768
4121,0.71626323964026
4122,0.8567465941398703
4123,0.0070982247369815
4124,0.4824671156778179
4125,0.0115054239985798
4126,0.1105030293175602
4127,0.0776931969924186
4128,0.1337099788078932
4129,0.3667636893450919
4130,0.0143949836318133
4131,0.2544779906832685
4132,0.8818758583386421
4133,0.9724730793345904
4134,0.0213198207886343
4135,0.1937310652063069
4136,0.0239486607602544
4137,0.911951289463699
4138,0.0037000019815557
4139,0.0134511183345795
4140,0.9969649207886268
4141,0.8400451747478319
4142,0.081640158131076
4143,0.0625667655194216
4144,0.9718786386258548
4145,0.1587120019490983
4146,0.1174992118013352
4147,0.1676738549009249
4148,0.1855431107191928
4149,0.0293390048315242
4150,0.2508589979721115
4151,0.0225787965036704
4152,0.0190130204524272
4153,0.1942993599341549
4154,0.5847315059032918
4155,0.7767686815383346
4156,0.0533316438455176
4157,0.0049943705154936
4158,0.9147464590779628
4159,0.1401100229583193
4160,0.2732695529627525
4161,0.3595388813685058
4162,0.0095772967684529
4163,0.0078425867326621
4164,0.984579294825259
4165,0.3037740169567486
4166,0.0121315563530951
4167,0.9781132420152594
4168,0.2266306701773641
4169,0.0995088730056766
4170,0.9973126632923952
4171,0.027436307140805
4172,0.9014681075842303
4173,0.0241842691128291
4174,0.0231379895672244
4175,0.2837874900603159
4176,0.0258441102670376
4177,0.0061154871327997
4178,0.7347919945138045
4179,0.2391563174071745
4180,0.9533369789652336
4181,0.3796347172099104
4182,0.0058589915795943
4183,0.8212171748458029
4184,0.9631887793136084
4185,0.8190135347519727
4186,0.9672866344791478
4187,0.0549692563442171
4188,0.027739705983598
4189,0.0320472964652421
4190,0.0020275024243663
4191,0.244910551381501
4192,0.9206108658024216
4193,0.0944265155143702
4194,0.9172282037346836
4195,0.0562903892222326
4196,0.99774406861161
4197,0.8835527967673806
4198,0.1052087476503848
4199,0.9660490895397648
4200,0.0177864741505116
4201,0.5295363831907572
4202,0.1647067987979085
4203,0.1073152507912174
4204,0.0312516436060103
4205,0.0574057901158768
4206,0.5639061415778396
4207,0.1482762777528634
4208,0.2606872316183704
4209,0.2516733733679218
4210,0.4331939147953564
4211,0.0639415097191745
4212,0.0769046114053256
4213,0.335397066561607
4214,0.0429311955601913
4215,0.0400646851369787
4216,0.0223229309642124
4217,0.9892993160247204
4218,0.9966281105790332
4219,0.009007471235972
4220,0.3221763405260162
4221,0.990867658661361
4222,0.0930675677477711
4223,0.4117282700305643
4224,0.0318546989571811
4225,0.0688267351256533
4226,0.9966505053704374
4227,0.2337499515372683
4228,0.011816878982994
4229,0.3700812455207957
4230,0.8903657518048487
4231,0.0161021275439722
4232,0.0078396471776106
4233,0.0603860569696721
4234,0.0037655975144147
4235,0.3594018412081874
4236,0.0294340349087659
4237,0.0418525873781637
4238,0.0326974238627558
4239,0.082537306795097
4240,0.6377076246496589
4241,0.942468798012986
4242,0.0082166314087549
4243,0.0713838723243954
4244,0.9882071523363654
4245,0.0749024584125572
4246,0.0327846741532561
4247,0.0046888340871234
4248,0.0418051250669507
4249,0.6493370504761737
4250,0.2035191555836663
4251,0.0802760324343738
4252,0.0052153033434467
4253,0.8147448458723314
4254,0.0177880064762847
4255,0.0264596806571639
4256,0.0617225589308088
4257,0.0035926480531564
4258,0.932170375005522
4259,0.0045702741163924
4260,0.9885198709400512
4261,0.9696626590065678
4262,0.3294137192062362
4263,0.9276479742532192
4264,0.0182874554417709
4265,0.3217304067259369
4266,0.9542676349357212
4267,0.0053465194659869
4268,0.9506806096142888
4269,0.1179665969677747
4270,0.1486199459033401
4271,0.0153678912480362
4272,0.1007503497469207
4273,0.0077292950167288
4274,0.0092620289204371
4275,0.9688804751852808
4276,0.6447198760799122
4277,0.0680196298511581
4278,0.0156248606178219
4279,0.1505889064214299
4280,0.965784650715327
4281,0.4284996971519442
4282,0.1107254913911478
4283,0.010894626670424
4284,0.0238196331667001
4285,0.3476916364628853
4286,0.1858255412760303
4287,0.7356559379562497
4288,0.6319206062858759
4289,0.0243811276225995
4290,0.6523526309123844
4291,0.0319895446031043
4292,0.0153061829635162
4293,0.656813301972989
4294,0.9068340668017424
4295,0.5832096173116597
4296,0.2567380670907931
4297,0.9818977433238568
4298,0.0825651146294324
4299,0.0197061587457331
4300,0.0737156422830446
4301,0.998379809400032
4302,0.0137599164747386
4303,0.0445846581327199
4304,0.1669300085921854
4305,0.0172824122463515
4306,0.049511305099615
4307,0.0354611855402526
4308,0.981296957548107
4309,0.9672486092321048
4310,0.0533124703632951
4311,0.0074423354774022
4312,0.9813964842904188
4313,0.961938235545695
4314,0.0421394329727764
4315,0.0144285018802771
4316,0.9404405186744064
4317,0.9264762852610736
4318,0.8963201075308174
4319,0.0047416223946893
4320,0.8348495981539299
4321,0.009904622944639
4322,0.2698325838704508
4323,0.1826809040292946
4324,0.5667115722453667
4325,0.2251995277541781
4326,0.0030424056305551
4327,0.5190941130203057
4328,0.9880689230381224
4329,0.0132916826545295
4330,0.0574676549303393
4331,0.0383052450017465
4332,0.023769919486867
4333,0.0115634708602748
4334,0.203453047570689
4335,0.0641893342580909
4336,0.0493221794339564
4337,0.0666166283060211
4338,0.0570198153429041
4339,0.3738862597040192
4340,0.1028241916088337
4341,0.0684229546122535
4342,0.114674743928605
4343,0.9889083542585791
4344,0.9465063874215958
4345,0.0179058789936506
4346,0.0054126197522818
4347,0.0304779263502091
4348,0.0560452310891322
4349,0.0056208662782643
4350,0.0182572923186319
4351,0.0173956917220124
4352,0.9861276385443984
4353,0.1689411374391576
4354,0.0744400025168911
4355,0.0445956256165076
4356,0.984034461614717
4357,0.0887343174519269
4358,0.1656308997328027
4359,0.0038303689117968
4360,0.984727873057456
4361,0.6129586024309639
4362,0.8353248653935527
4363,0.0696839576016984
4364,0.6835174328191034
4365,0.1646590253141549
4366,0.0915162219109135
4367,0.9629932033068772
4368,0.0022168241610121
4369,0.0512187796411969
4370,0.1511905116551999
4371,0.0634964361810279
4372,0.9982885814821624
4373,0.0205650121385653
4374,0.087055420316134
4375,0.7080153084641763
4376,0.0757458680317839
4377,0.1815408475947676
4378,0.98458683375504
4379,0.9979786286494086
4380,0.1060018060932882
4381,0.0168746335054102
4382,0.1101652352806617
4383,0.1215919642616217
4384,0.7888686167262221
4385,0.0344657286701315
4386,0.0927365714030458
4387,0.0019134546015216
4388,0.0897913751434258
4389,0.0211618932292704
4390,0.7725526913127286
4391,0.0385698711497533
4392,0.947237069262249
4393,0.0559222304091589
4394,0.3711709046024454
4395,0.0254736518322947
4396,0.9413240088555684
4397,0.0035234898130318
4398,0.997233820334546
4399,0.0939995455365026
4400,0.9824059891331688
4401,0.1263462126179537
4402,0.1025553255675001
4403,0.0126318011117455
4404,0.0274110090146424
4405,0.1672085012143081
4406,0.0026845183675779
4407,0.0891236446508081
4408,0.3440891423865285
4409,0.1342930706684734
4410,0.0155816968123497
4411,0.0028937526502141
4412,0.0183967541909465
4413,0.0549637772676129
4414,0.4774412572940483
4415,0.0228541410458567
4416,0.2662193522346175
4417,0.0215790079947659
4418,0.0171131722879198
4419,0.373346200033688
4420,0.0215516798128753
4421,0.0099696094961441
4422,0.0021473989139087
4423,0.0762306159604276
4424,0.0089669501372843
4425,0.0525864421397316
4426,0.0597701656355317
4427,0.0078975741132541
4428,0.0221911849820677
4429,0.1567342782700702
4430,0.0203951123255298
4431,0.4157184743790051
4432,0.0030850307317269
4433,0.0646097215843047
4434,0.0213090250601982
4435,0.1466449915683963
4436,0.0107223238089303
4437,0.3934567206125484
4438,0.0443354959515158
4439,0.2700884796870462
4440,0.9005481058008036
4441,0.0151485188394849
4442,0.5655227594824398
4443,0.1152659638089852
4444,0.3561436440461814
4445,0.1126705457028958
4446,0.0251349067315547
4447,0.6118900157326783
4448,0.0284639336662543
4449,0.8802599902364021
4450,0.0961905630804053
4451,0.7630813300798812
4452,0.9208246575270034
4453,0.1779752929168278
4454,0.8317339903580763
4455,0.0322512470497978
4456,0.0648138435289112
4457,0.956991605173258
4458,0.0309996776751713
4459,0.1392462495068556
4460,0.5080046300235568
4461,0.0456838409173915
4462,0.0162696147591664
4463,0.0094005559721046
4464,0.0838043138176799
4465,0.0206031745146925
4466,0.1378896191589868
4467,0.9968332574485288
4468,0.926781363665138
4469,0.0315498941482297
4470,0.0567163848040342
4471,0.0051493747372849
4472,0.3161110658714273
4473,0.2052097376613153
4474,0.1621560147114792
4475,0.9843526489234352
4476,0.1375128046557866
4477,0.021286997341058
4478,0.8078032313231277
4479,0.2598581308442643
4480,0.6570108435902906
4481,0.1252759343686694
4482,0.0156497836422793
4483,0.9686750927096772
4484,0.0177729041821425
4485,0.0394499050367952
4486,0.9747461077652972
4487,0.0854282081736324
4488,0.0601348815617695
4489,0.0171618898005042
4490,0.0734985742325463
4491,0.0023569897948207
4492,0.030932690080752
4493,0.2655931788392692
4494,0.2281961967725803
4495,0.109741947103935
4496,0.3015992011096874
4497,0.2188119482268662
4498,0.0187009591288456
4499,0.0250245443039231
4500,0.3857880347310699
4501,0.0184855588645887
4502,0.2005564566024286
4503,0.9839958021766206
4504,0.2897394668585149
4505,0.0902668897667319
4506,0.4946120362695679
4507,0.0839182109448659
4508,0.0052426428779809
4509,0.0163219649066795
4510,0.2150562645201701
4511,0.2996249793592946
4512,0.0151653430690572
4513,0.0024652072816338
4514,0.0322094941361032
4515,0.5468575616629001
4516,0.9560425095748516
4517,0.1413063029696185
4518,0.9877069917154312
4519,0.0718542248818935
4520,0.1547104578468006
4521,0.8430234244255767
4522,0.2645359163684621
4523,0.973836827866214
4524,0.6879752214267945
4525,0.9728889540334148
4526,0.0411076681333482
4527,0.0441979916289153
4528,0.0023753643624058
4529,0.9873489204050208
4530,0.6242047740910684
4531,0.0295073783939834
4532,0.0147116824630753
4533,0.2898351897680478
4534,0.68982864902395
4535,0.0163129587714166
4536,0.4514330038844693
4537,0.1260392669729128
4538,0.0464487215331061
4539,0.5866204592939935
4540,0.1932024770270085
4541,0.0133753460851309
4542,0.0228712001781571
4543,0.9811907535639643
4544,0.9705649792011036
4545,0.0965333736557051
4546,0.3645004686825629
4547,0.1196763503468705
4548,0.6609388052248265
4549,0.1005942500520589
4550,0.0272709112146175
4551,0.9790435154414632
4552,0.5032200449371204
4553,0.3450743899741609
4554,0.0425146030876128
4555,0.1771698298671006
4556,0.0351053777738369
4557,0.5932550442959614
4558,0.9891337008273584
4559,0.4987530365658045
4560,0.0027649227378586
4561,0.0096258311396454
4562,0.9822951594005777
4563,0.0081400550379
4564,0.0677331954367416
4565,0.1463225394612743
4566,0.1040543545124182
4567,0.3731886598418077
4568,0.0064246012146348
4569,0.018256939155116
4570,0.0158991495636037
4571,0.0232470377421632
4572,0.1139796574054839
4573,0.0336278288423599
4574,0.4129298751597741
4575,0.0077280753815566
4576,0.1202272649042279
4577,0.2689585242061648
4578,0.0307430971627403
4579,0.0316644831338553
4580,0.1579146969955458
4581,0.1838542936685407
4582,0.9449289304227604
4583,0.0229072589369798
4584,0.9442423218044442
4585,0.908140218225468
4586,0.1851060838967198
4587,0.2625581851952752
4588,0.0419067841399466
4589,0.0288470580544597
4590,0.0301270252559645
4591,0.0128439968524982
4592,0.0321477896320523
4593,0.0095016465025638
4594,0.9375110509806124
4595,0.0163726017418478
4596,0.0705443302868022
4597,0.9877198988781009
4598,0.6118344406682421
4599,0.7093054198314132
4600,0.0095931180507232
4601,0.0069554874760611
4602,0.0424376520690528
4603,0.0270855385409385
4604,0.0073913627321081
4605,0.1453951624061899
4606,0.0621569871724839
4607,0.0935669492221158
4608,0.9871651678414676
4609,0.008087064427235
4610,0.9763281503821352
4611,0.0579094633212962
4612,0.1621441120085392
4613,0.0850919094818505
4614,0.9761687828867464
4615,0.9523113443672452
4616,0.0292491848335086
4617,0.2366450189758171
4618,0.962694127121112
4619,0.7706038652376064
4620,0.9698100072495516
4621,0.0924293583103997
4622,0.5111642570104337
4623,0.0501270708453794
4624,0.4685168845272203
4625,0.0032172755832874
4626,0.0754913932705351
4627,0.0737961571611136
4628,0.7969549935445324
4629,0.1131866209465584
4630,0.1068537200490598
4631,0.911922660331444
4632,0.0664844852396872
4633,0.8089691560274486
4634,0.0161192601271117
4635,0.0580898971973469
4636,0.0775485797084429
4637,0.9764305242668636
4638,0.0597592126499093
4639,0.0341509865360892
4640,0.0739786882743877
4641,0.084439929920799
4642,0.9677554390603994
4643,0.9981593576295535
4644,0.9967910006512596
4645,0.0047803561633203
4646,0.7709329016626314
4647,0.1259979002311129
4648,0.0272279039437674
4649,0.71619360037769
4650,0.0062263340958668
4651,0.6415325783112311
4652,0.0188387851595756
4653,0.3021419246249637
4654,0.1134566836903957
4655,0.0185889310762669
4656,0.7739690101518183
4657,0.9869517723474528
4658,0.030576391048384
4659,0.8117428406891132
4660,0.1566920714923187
4661,0.2540542940722656
4662,0.0556633958354924
4663,0.0669833319950607
4664,0.2091354756616339
4665,0.0046786350622967
4666,0.7232051419228365
4667,0.0220191629576648
4668,0.0302498739497931
4669,0.0294049621579947
4670,0.0908028883159288
4671,0.996175424002098
4672,0.1292690988221359
4673,0.0071393968319286
4674,0.0064147565146076
4675,0.9820921641381776
4676,0.0317713452840269
4677,0.0211875198460117
4678,0.0111049988718657
4679,0.9463625239983768
4680,0.1151907166392941
4681,0.026930669569697
4682,0.0216125924611255
4683,0.4275847873537527
4684,0.0138200744699373
4685,0.6143066057333405
4686,0.3998593780466227
4687,0.0117466497694474
4688,0.0504816353591186
4689,0.1233929225359278
4690,0.0469018807224865
4691,0.1461548945446696
4692,0.0553019474703296
4693,0.9877840051969649
4694,0.0237212326951944
4695,0.5581618774429737
4696,0.1277068272919123
4697,0.3218541576503376
4698,0.9951141612520455
4699,0.0676502337736596
4700,0.4720977880852787
4701,0.0678178116374471
4702,0.0061733925252826
4703,0.2532295692498304
4704,0.0153456914913328
4705,0.069859631771705
4706,0.0316039058020882
4707,0.0051648347678807
4708,0.0555133152004371
4709,0.0239343804323698
4710,0.3770856031282322
4711,0.9889668111040526
4712,0.2421476591679727
4713,0.0362633760910328
4714,0.0034569228691583
4715,0.0933695156209073
4716,0.0048717335577421
4717,0.0315507533317994
4718,0.5461619477624189
4719,0.4142895036316655
4720,0.018849686956894
4721,0.1134057890005359
4722,0.9773054932872488
4723,0.817895082048522
4724,0.0585563303222403
4725,0.0106645564826111
4726,0.0558659401973422
4727,0.0590339808113584
4728,0.1749375103727119
4729,0.0239591801728811
4730,0.0078064947622005
4731,0.0049228459233119
4732,0.0803699422001775
4733,0.9666959091455862
4734,0.0450313014684339
4735,0.0203284086199352
4736,0.928950030840278
4737,0.3173038949206354
4738,0.6739287577192048
4739,0.5039026781222333
4740,0.9958750102368744
4741,0.0230153967463731
4742,0.9750050255268348
4743,0.0509660208866543
4744,0.0603661637868931
4745,0.2338784160922279
4746,0.0597358820988997
4747,0.0708821779444197
4748,0.0135352658455633
4749,0.1227442811517104
4750,0.7822030103199318
4751,0.9581279888316916
4752,0.0558808958973361
4753,0.4051989929234436
4754,0.1587101760036386
4755,0.2037693416457805
4756,0.0066889382176062
4757,0.0451446947980331
4758,0.0778352073806383
4759,0.0804699488027067
4760,0.9433150869194458
4761,0.514772620973531
4762,0.0385700977665121
4763,0.0140084457060521
4764,0.0055956427337547
4765,0.2800316469022922
4766,0.2455533229724213
4767,0.5635238241893914
4768,0.9257976556738025
4769,0.5976530877204602
4770,0.0127593911502678
4771,0.0194331526493621
4772,0.1033669275812972
4773,0.0057128870428186
4774,0.4523178949620593
4775,0.0038415646836444
4776,0.0182268258853708
4777,0.0252047366601887
4778,0.0084264666786675
4779,0.9817948896178984
4780,0.9915163863548596
4781,0.2160501826043653
4782,0.987208335993974
4783,0.1103421008881767
4784,0.2857127253512209
4785,0.0656153048129838
4786,0.0252751492438145
4787,0.9135239921393116
4788,0.0849373433718232
4789,0.006130354408654
4790,0.0075234802399554
4791,0.008744832137626
4792,0.8196017468859345
4793,0.9845205621236984
4794,0.0531193919794881
4795,0.0066582459593347
4796,0.9964849868097172
4797,0.0154236103939718
4798,0.5926609085161785
4799,0.5416326058278861
4800,0.432232434668355
4801,0.7344253394033616
4802,0.0064916820564242
4803,0.0092149469611684
4804,0.027039553587529
4805,0.0140168365313045
4806,0.3474568573184139
4807,0.9681342723303948
4808,0.0892456151379527
4809,0.0680559990121078
4810,0.0415231406446104
4811,0.1509180339027596
4812,0.1839981334502999
4813,0.7596265588915798
4814,0.986163082955042
4815,0.1851929832977636
4816,0.3216845186318139
4817,0.0303651056312698
4818,0.1360581613146853
4819,0.1125677822287369
4820,0.9960311811065136
4821,0.7432324098806637
4822,0.0153735847224601
4823,0.6494171262018212
4824,0.1926858737902748
4825,0.8006075707526095
4826,0.0162965679404536
4827,0.0517478571876711
4828,0.0136059818306608
4829,0.0447893820231115
4830,0.017023703968953
4831,0.4233645739350738
4832,0.162953427253527
4833,0.1740793617801599
4834,0.0280112221834938
4835,0.0529142916970538
4836,0.0439322783492626
4837,0.064055442345605
4838,0.018922884029946
4839,0.0057773535994596
4840,0.9658802917964324
4841,0.2978737454022411
4842,0.984339900049404
4843,0.0367165101207456
4844,0.1393890791959935
4845,0.0820855868902717
4846,0.0094467881161354
4847,0.9745013840978054
4848,0.7429567583614123
4849,0.004814497854731
4850,0.3862340686678412
4851,0.0414629583150894
4852,0.5377963280835034
4853,0.3373206067632524
4854,0.8682927579800953
4855,0.1770246172877622
4856,0.7151433620519536
4857,0.1223000057468703
4858,0.1263875114522637
4859,0.0644660873223593
4860,0.0626535200726036
4861,0.5624455920567355
4862,0.1029413223519607
4863,0.0180846630146676
4864,0.5914354316624064
4865,0.2121744882258192
4866,0.0042597941854932
4867,0.0818167172325405
4868,0.1061511138151254
4869,0.0048451117124928
4870,0.2187761209924015
4871,0.3057010946134157
4872,0.2041092171798342
4873,0.0594531338848946
4874,0.9847528061130076
4875,0.3192474066783789
4876,0.0260002005998491
4877,0.0202138027318231
4878,0.954708090756977
4879,0.7231677370252598
4880,0.8920333574539494
4881,0.964862066872726
4882,0.0352700218078332
4883,0.054681646345921
4884,0.125411676171731
4885,0.8599865323768012
4886,0.9722787252175152
4887,0.0126661460542739
4888,0.0499536021931967
4889,0.2528616209498319
4890,0.0436182889084458
4891,0.6940750006511078
4892,0.987487584381192
4893,0.8278217807120634
4894,0.1436409568193326
4895,0.1276066345959654
4896,0.6384583198713931
4897,0.9494886126088457
4898,0.2619749658882205
4899,0.9061903291488148
4900,0.0115073028890392
4901,0.926543167394247
4902,0.2060226857963735
4903,0.0545648053653829
4904,0.0462860743657894
4905,0.2204567720885842
4906,0.0081424499403228
4907,0.7998665809063815
4908,0.0527567144327823
4909,0.0584214252384726
4910,0.9468140574295618
4911,0.2726727814839654
4912,0.0344994305082492
4913,0.9101423501559665
4914,0.0446983932928104
4915,0.968111734212326
4916,0.2153149069764509
4917,0.3825750442807967
4918,0.983827526322189
4919,0.5125430779350141
4920,0.0329955454807723
4921,0.9755895173174364
4922,0.9909376344274232
4923,0.0055181880184354
4924,0.957047328686959
4925,0.0969008888197768
4926,0.0143820659540764
4927,0.8508793982288008
4928,0.4824053796067259
4929,0.0174389951057327
4930,0.9862947148517944
4931,0.8418909631759024
4932,0.8080095402777567
4933,0.9599664854352234
4934,0.0834927845391042
4935,0.0711358429528347
4936,0.0409152265737386
4937,0.523457004114644
4938,0.0386870873648133
4939,0.9362131305328104
4940,0.0237043539791372
4941,0.0051671362688841
4942,0.5182488996146629
4943,0.0054554016791349
4944,0.0274488005548787
4945,0.1770969224864782
4946,0.0709664799645167
4947,0.076434735416431
4948,0.1656580714689267
4949,0.9334060563731476
4950,0.3858568208340353
4951,0.2691081544730259
4952,0.1647371445564631
4953,0.1364865851815214
4954,0.6631518462583261
4955,0.4185070480611285
4956,0.137746691202517
4957,0.1113928840776073
4958,0.9906483828459498
4959,0.6157388403988111
4960,0.002863269259544
4961,0.2619265724076533
4962,0.099694677942453
4963,0.1853453678967465
4964,0.9641925087475608
4965,0.007520987235165
4966,0.0280592689750538
4967,0.27153830876671
4968,0.0036730703126107
4969,0.1495215660331447
4970,0.9891085067492345
4971,0.1825058044739989
4972,0.0767122494198568
4973,0.0183536153965421
4974,0.0482728147542802
4975,0.8479091748979726
4976,0.1764783194034776
4977,0.5690726044423126
4978,0.012475073638705
4979,0.8586896564885531
4980,0.6578458182800231
4981,0.0046158782678917
4982,0.0666675898273311
4983,0.8956886997422008
4984,0.42592141500567
4985,0.5554960928951133
4986,0.9908902585268192
4987,0.9642037572880812
4988,0.0255696445338646
4989,0.0028397254094776
4990,0.0086442902910032
4991,0.7934604232034784
4992,0.0119327077542858
4993,0.077023453497985
4994,0.128045324340472
4995,0.0181874724757243
4996,0.84944357578594
4997,0.0120202293252402
4998,0.3750941833966625
4999,0.5183997497402277
5000,0.0251928308618085
5001,0.0146246291933969
5002,0.0777918296856344
5003,0.4467100321291142
5004,0.2648403394506889
5005,0.0376539109327147
5006,0.0277075309706341
5007,0.867207474626094
5008,0.9752323983658856
5009,0.0304273601058484
5010,0.0026771502540157
5011,0.6611438497306834
5012,0.0348829048571921
5013,0.1014015961624168
5014,0.1057748330854558
5015,0.4159699523731738
5016,0.9571467547122974
5017,0.3661762399864552
5018,0.945149331379838
5019,0.9714987301924548
5020,0.0203987767464396
5021,0.2846358149400935
5022,0.0145763420436373
5023,0.0023792718030346
5024,0.3448821831907865
5025,0.0478100947972096
5026,0.0436221162051155
5027,0.1689215800045065
5028,0.9978082148144708
5029,0.7964133919504117
5030,0.0138618547572972
5031,0.0289066806709613
5032,0.2709436976000827
5033,0.9584539342731452
5034,0.9489126064626484
5035,0.0159291191962535
5036,0.0184513507583624
5037,0.0035053899904724
5038,0.0085752951775499
5039,0.2920582139495598
5040,0.8915246106511991
5041,0.2556753228765497
5042,0.9671137223123628
5043,0.0667558296789652
5044,0.0085256304582477
5045,0.3294567552587771
5046,0.1440218778558968
5047,0.0045561488088163
5048,0.3770381835917836
5049,0.0962973669764939
5050,0.0856014182061278
5051,0.8432384566341744
5052,0.0125524658783646
5053,0.0522176264789252
5054,0.0531225848346101
5055,0.0062147996379617
5056,0.9185458297695808
5057,0.0173518633681975
5058,0.96027177214103
5059,0.0724585696461721
5060,0.1446771073812925
5061,0.0290428010922896
5062,0.0136619803347847
5063,0.014178929128197
5064,0.0385335445985969
5065,0.5811030757401229
5066,0.5643574407751109
5067,0.03996538700988
5068,0.973529898445983
5069,0.7475073790533315
5070,0.9713809389567298
5071,0.0639443627971852
5072,0.0355695371927295
5073,0.0185266536282024
5074,0.0108437019570946
5075,0.7552598570634304
5076,0.3656130571991675
5077,0.1367370785651007
5078,0.1679112529644963
5079,0.9758474470252988
5080,0.0241006207475171
5081,0.0048307690939798
5082,0.0455165274879928
5083,0.0483960547957208
5084,0.0036187577475727
5085,0.9593382786333536
5086,0.9976050139639512
5087,0.0081550778124926
5088,0.1044071247875851
5089,0.0152892413001183
5090,0.3925465667742309
5091,0.0638669041274426
5092,0.994627089525709
5093,0.4138843895695463
5094,0.0922788289543989
5095,0.0821391171441487
5096,0.0258805906402819
5097,0.0316358179937359
5098,0.1399798922692598
5099,0.0040215743132514
5100,0.0714410397608731
5101,0.2232342809701686
5102,0.6226853809697094
5103,0.0046737197849091
5104,0.0076807356828578
5105,0.0413752105524318
5106,0.998270002791783
5107,0.9862497989112232
5108,0.6392509175844832
5109,0.9452371167948648
5110,0.0186070990198719
5111,0.970659111418799
5112,0.8769644928039518
5113,0.1846972870579327
5114,0.9829138116680178
5115,0.9576342457316188
5116,0.4073434478694278
5117,0.8230259501595759
5118,0.9607134673008026
5119,0.0336906182728011
5120,0.9786231161311734
5121,0.0212276824626113
5122,0.0342013792218064
5123,0.8411027278138015
5124,0.0090877179424152
5125,0.9801198406494704
5126,0.0759023397290286
5127,0.5677951731249246
5128,0.0433842879010171
5129,0.7624905011967329
5130,0.0291847825988628
5131,0.0142417059986108
5132,0.2482109836753097
5133,0.2168142116937452
5134,0.8221370771433893
5135,0.6066817212617648
5136,0.0032073791943804
5137,0.7787166327871431
5138,0.0231148467537618
5139,0.311732977164365
5140,0.0705694458854417
5141,0.3940491447943074
5142,0.1106507635117594
5143,0.0048152234023732
5144,0.0086695846503287
5145,0.0035118428831209
5146,0.0308145473200089
5147,0.0105031461160186
5148,0.0342586990625386
5149,0.0114317065413182
5150,0.2500567305422402
5151,0.7902163952309142
5152,0.1130336780241261
5153,0.0636963671851554
5154,0.9569155181436118
5155,0.2239217966958486
5156,0.0058103783381916
5157,0.0162140505999466
5158,0.008613233462287
5159,0.0474085115971595
5160,0.1839493525926949
5161,0.0592300602581977
5162,0.0096560080177715
5163,0.0673812654040336
5164,0.0236249148732749
5165,0.1091295736764208
5166,0.5411790512680743
5167,0.0524799000665098
5168,0.0599537810809729
5169,0.0414491423653494
5170,0.1323139683319547
5171,0.710658137837186
5172,0.751229093382507
5173,0.0346610680778856
5174,0.0238432710340882
5175,0.9976335594813076
5176,0.2388763361689879
5177,0.9683685547387268
5178,0.934386338439386
5179,0.9191467333635172
5180,0.0235476231952246
5181,0.1400438960645154
5182,0.144362821511826
5183,0.0028503840165182
5184,0.0763817756862333
5185,0.1020636358037307
5186,0.002715074409198
5187,0.0545357620671562
5188,0.9905660619936646
5189,0.0335922698872147
5190,0.0807713635354954
5191,0.5037323207818369
5192,0.0938856354548065
5193,0.2434898525463585
5194,0.2482774863844042
5195,0.4100295822885225
5196,0.0793492236627609
5197,0.0173377306492652
5198,0.0397930678833229
5199,0.012646344592568
5200,0.0081001831999227
5201,0.0785981097009772
5202,0.0556407407790403
5203,0.0171785307668926
5204,0.1906996500671869
5205,0.0074831459477408
5206,0.0651878874559859
5207,0.4639724617725922
5208,0.0161554841054291
5209,0.5426400481525033
5210,0.971937165837381
5211,0.9598882840099748
5212,0.2343904850507087
5213,0.3002105866052711
5214,0.0322637215126251
5215,0.686876190307877
5216,0.9707829789624328
5217,0.0218838492425503
5218,0.715218912553628
5219,0.0036147503610445
5220,0.9394722135992736
5221,0.0334616569649803
5222,0.0353199144160409
5223,0.455722089026146
5224,0.6428552945741045
5225,0.0081675155179237
5226,0.9682434760991924
5227,0.8960562380310758
5228,0.9564543929889304
5229,0.9900838680795798
5230,0.0400723529232958
5231,0.2481967675194507
5232,0.9531264962914804
5233,0.0200965931123475
5234,0.0479867898502938
5235,0.0047722643499742
5236,0.0082348158903551
5237,0.9545872606095922
5238,0.1808465394828912
5239,0.0335047010456382
5240,0.0270666765047719
5241,0.0172881207091801
5242,0.0359008273114965
5243,0.0727618174979226
5244,0.9791376413598862
5245,0.564393796216712
5246,0.1089288430660943
5247,0.0907260767954844
5248,0.04219927435206
5249,0.3129335425987449
5250,0.1529742504271539
5251,0.4547768281073791
5252,0.6806894994171355
5253,0.0156433552629781
5254,0.0417503196574501
5255,0.3485268798118263
5256,0.007539845831439
5257,0.2462409448529519
5258,0.921208106067908
5259,0.8626540451890882
5260,0.1229708558170618
5261,0.0142558469760154
5262,0.9138134809232769
5263,0.0076195230992074
5264,0.7219098157576815
5265,0.0793167127446076
5266,0.9852779252772572
5267,0.002965453798041
5268,0.065062363480713
5269,0.0215603962085327
5270,0.3239625596354446
5271,0.1313286725929453
5272,0.9800869403438788
5273,0.0084537429824787
5274,0.5046990254771578
5275,0.7278337024833048
5276,0.1341200338504403
5277,0.8043586697714173
5278,0.2820631065658979
5279,0.007827508142926
5280,0.0114325807195937
5281,0.0041070299564435
5282,0.9920863922342106
5283,0.0745257397616591
5284,0.0156920561561778
5285,0.0075618902740072
5286,0.0156861954700152
5287,0.053393338619905
5288,0.0858066695227868
5289,0.0469676833296624
5290,0.0048070239273416
5291,0.9911844726435918
5292,0.9411127366893378
5293,0.1539127872532862
5294,0.8356645787272456
5295,0.0179594705311789
5296,0.118716576704557
5297,0.005920801232401
5298,0.3785227404100795
5299,0.0069062031398149
5300,0.0123280220742011
5301,0.2366240263282681
5302,0.4641939251266842
5303,0.1437864397170753
5304,0.0858442117931442
5305,0.0769643496277431
5306,0.0896840788203265
5307,0.753994568942956
5308,0.0687751590749131
5309,0.1599786193254461
5310,0.0455063342683301
5311,0.8442729529446558
5312,0.2678199978300158
5313,0.0404497901623122
5314,0.8225203080386425
5315,0.3131019628286011
5316,0.0712373301355169
5317,0.0913394503544105
5318,0.0060316409681726
5319,0.677371854875223
5320,0.0185764846724937
5321,0.0651580116584002
5322,0.2933838867579383
5323,0.0277630500178165
5324,0.9324945438226424
5325,0.1403729786591541
5326,0.004295473681907
5327,0.032845388886873
5328,0.0357067506461305
5329,0.9708265077960452
5330,0.0101231526220457
5331,0.111915637055827
5332,0.0045440661013969
5333,0.0705460254531064
5334,0.9806653932412908
5335,0.6182519477592151
5336,0.0099176124714772
5337,0.0457723832769888
5338,0.1108762978499737
5339,0.1191436671300897
5340,0.0072913310076769
5341,0.00348115332247
5342,0.9716445785468664
5343,0.0807887370974266
5344,0.0437806861378342
5345,0.0143035150736879
5346,0.1691746480235413
5347,0.9783018677601926
5348,0.0510126296102751
5349,0.0396237038087893
5350,0.8260902340217615
5351,0.9943547447320874
5352,0.7911947277451208
5353,0.0327015656937143
5354,0.3455512287979768
5355,0.9558658409891576
5356,0.0189450750971908
5357,0.262319500191001
5358,0.9959234993120948
5359,0.0076138878276056
5360,0.0374594397131206
5361,0.7409866987680941
5362,0.0789769805135437
5363,0.0122227433304505
5364,0.0059463556456209
5365,0.9660636463932764
5366,0.0038836253112871
5367,0.0037792352526801
5368,0.8794114183536026
5369,0.7102880507525733
5370,0.0491787297974079
5371,0.0372503500433434
5372,0.0168784891022478
5373,0.2448766567726884
5374,0.0101908764816532
5375,0.020382600769644
5376,0.0439899269851044
5377,0.0053005308490948
5378,0.0430988338225073
5379,0.3189889521041122
5380,0.6003375642201758
5381,0.0422495348155557
5382,0.299857959028163
5383,0.1308959890345668
5384,0.0505913546605195
5385,0.0739512405342986
5386,0.0161046451988159
5387,0.7829039136549015
5388,0.012279729053865
5389,0.9598402297790288
5390,0.5825044401252469
5391,0.0081395159786808
5392,0.0038631534116231
5393,0.9814636216068476
5394,0.0340768348512326
5395,0.7001649178908718
5396,0.0560576636093032
5397,0.2829107769249597
5398,0.1934163434316192
5399,0.2794341585992431
5400,0.0223430916014883
5401,0.3150830957076043
5402,0.0054699282757128
5403,0.1111684117585741
5404,0.0263874926992633
5405,0.0682263309195439
5406,0.908809434349762
5407,0.8746060259881978
5408,0.0179638334313298
5409,0.0140311083800379
5410,0.304473648799602
5411,0.259359263392994
5412,0.9802186298783692
5413,0.1066820646924748
5414,0.0078495794054235
5415,0.9909911208741294
5416,0.0285153080389904
5417,0.0480076181299413
5418,0.0863407256811105
5419,0.3145662785702948
5420,0.0313071827912122
5421,0.0525978136459578
5422,0.0299950476452338
5423,0.0535711072257392
5424,0.9478875576706794
5425,0.984256379422008
5426,0.0266371835385801
5427,0.0220548070945449
5428,0.004552067566042
5429,0.0029030598814829
5430,0.5918537536553778
5431,0.0207449415441755
5432,0.7690911515888651
5433,0.2437172339364824
5434,0.9670600704543632
5435,0.5567166814753453
5436,0.990451582601565
5437,0.037457095124857
5438,0.2352342038694487
5439,0.2989536450954101
5440,0.9734400519061523
5441,0.0101210896411525
5442,0.0882885298563016
5443,0.6222955285576806
5444,0.009051074687606
5445,0.8387918411011951
5446,0.148804230043791
5447,0.1903422548448252
5448,0.0432994336122758
5449,0.0043492223326288
5450,0.9658099891557056
5451,0.0033698177577171
5452,0.9456495419545764
5453,0.1566351319699581
5454,0.0583101684464068
5455,0.9595736877237664
5456,0.0048599689363525
5457,0.0528694101405636
5458,0.0075336554656944
5459,0.9734120947698366
5460,0.9867883300367656
5461,0.0097774554324878
5462,0.0205293159101802
5463,0.013868394748951
5464,0.0080459404357297
5465,0.1253786691635518
5466,0.865624366418561
5467,0.991285338114817
5468,0.0585838895342231
5469,0.1508201018019228
5470,0.9981450672834064
5471,0.2902768017599396
5472,0.1441314661025041
5473,0.003540087226169
5474,0.3735881771887326
5475,0.0089217157392388
5476,0.0690241720940781
5477,0.7296679960627579
5478,0.1929573571438252
5479,0.9819020594864064
5480,0.0550680301096138
5481,0.0990523900586191
5482,0.006573418468873
5483,0.2499553056409736
5484,0.6096867659686366
5485,0.1822425496516019
5486,0.0617601547501878
5487,0.5062192820136968
5488,0.2749631177515083
5489,0.1262170635559646
5490,0.0273178528990976
5491,0.4460351754813779
5492,0.0554144160198135
5493,0.0135779819205211
5494,0.8671194871483829
5495,0.7156541136312736
5496,0.0245355848127539
5497,0.1356531639885254
5498,0.0626337150517934
5499,0.0068086182935074
5500,0.003846533689537
5501,0.2354071149795211
5502,0.0161222328904628
5503,0.1004889202846898
5504,0.947452533790248
5505,0.9778915034052272
5506,0.0190247689431258
5507,0.3098616541014208
5508,0.0317287983918812
5509,0.987171836553806
5510,0.0101449119506135
5511,0.9893124595336732
5512,0.0065788917488629
5513,0.0601388816575104
5514,0.357119018675877
5515,0.0030399055817666
5516,0.0225257935228643
5517,0.106102527873275
5518,0.2641973218164046
5519,0.0324613500089827
5520,0.0208126807088401
5521,0.9960869023341395
5522,0.8167162761787481
5523,0.2238857850665063
5524,0.9848299692674772
5525,0.0548381256755023
5526,0.0983599291594237
5527,0.7262638332299838
5528,0.0076061177143422
5529,0.0146586990486596
5530,0.0817436644217252
5531,0.055155379645229
5532,0.1298315664041094
5533,0.1079305355176359
5534,0.1473323739745267
5535,0.0917737304889147
5536,0.1972179399472291
5537,0.0536833685176943
5538,0.0141593196644513
5539,0.1043375789346844
5540,0.947268512910472
5541,0.0120216035233037
5542,0.0801521930517711
5543,0.0078854499535571
5544,0.0107465755422848
5545,0.951942562906542
5546,0.5507318261572495
5547,0.0334938999641334
5548,0.0568270530009335
5549,0.988080224877562
5550,0.0177011085919116
5551,0.1213527323974781
5552,0.0758560490505011
5553,0.0775586646185415
5554,0.3257443224323795
5555,0.140185355512087
5556,0.0836868663678194
5557,0.4804929565689191
5558,0.9886660747303756
5559,0.0832018100150373
5560,0.9753641256937092
5561,0.6972273885887745
5562,0.0031568504997424
5563,0.0623955412921077
5564,0.0231563975765454
5565,0.9891581522296669
5566,0.3015301080928903
5567,0.0252142723417707
5568,0.0358213403998976
5569,0.0513185241849484
5570,0.9916890259451538
5571,0.0249530617301976
5572,0.0032248852336656
5573,0.0533282575367824
5574,0.9304082836916394
5575,0.3471589504400557
5576,0.0303378307213527
5577,0.0281398669196431
5578,0.1897392823034265
5579,0.5298125890908881
5580,0.9902972492026676
5581,0.2639190967625416
5582,0.0131029933508935
5583,0.0133426435232072
5584,0.4394882239775812
5585,0.0134965084499725
5586,0.199506341883599
5587,0.5139218391806262
5588,0.1133588529249617
5589,0.3226765484968611
5590,0.1209545550012946
5591,0.0290954154864326
5592,0.5718273437601464
5593,0.0074179683130585
5594,0.0244446772969725
5595,0.1012116290905563
5596,0.4288904247277775
5597,0.9750890033752576
5598,0.0235132923895182
5599,0.9039506873602292
5600,0.983965814858004
5601,0.0819370964197086
5602,0.1177390247609619
5603,0.3960763056591917
5604,0.0031640046749605
5605,0.7573744178778986
5606,0.0762275040293219
5607,0.0036382367211232
5608,0.3138202705737393
5609,0.9219932602254955
5610,0.0390430223138152
5611,0.0989411804684385
5612,0.0550466689275485
5613,0.2057406244007761
5614,0.2155994464004869
5615,0.0029630780380785
5616,0.0276025014413594
5617,0.8558941913548311
5618,0.9966928194895952
5619,0.1017211036965633
5620,0.0384423979952923
5621,0.2055820689585166
5622,0.0428840700214401
5623,0.0045758056799615
5624,0.2679415791506954
5625,0.7987898627177124
5626,0.1167556007014114
5627,0.9974337710280916
5628,0.0539058195619371
5629,0.1191503268186917
5630,0.9747247524831903
5631,0.0380191604937382
5632,0.0128603275412604
5633,0.0045272631857062
5634,0.5167631292570515
5635,0.1271695913156075
5636,0.002601756786229
5637,0.119800006072281
5638,0.8374389093199097
5639,0.0047199941801855
5640,0.0117451495701834
5641,0.1717161090123058
5642,0.0241505489120063
5643,0.8931058847388111
5644,0.0858242727772436
5645,0.020156013498185
5646,0.9527027787983516
5647,0.1214645540259815
5648,0.0306297215913786
5649,0.0498878609614303
5650,0.0139060967157952
5651,0.1651936790708186
5652,0.026540601292069
5653,0.0078368200145118
5654,0.0117304437384119
5655,0.9748232005950284
5656,0.2578572459186746
5657,0.2273623971358129
5658,0.0182455126252455
5659,0.1320135882030588
5660,0.0302582931000929
5661,0.974735513220667
5662,0.0484090654325322
5663,0.2000521531489706
5664,0.0099805267241053
5665,0.9146636272484694
5666,0.1086322530336922
5667,0.9739488632438668
5668,0.9977870056746362
5669,0.6830627232295136
5670,0.899331185823736
5671,0.0818004251836633
5672,0.0173873067281584
5673,0.4168135626900254
5674,0.9191760194338068
5675,0.2534281529500086
5676,0.9971520286214202
5677,0.0656565085907075
5678,0.0873265372643673
5679,0.9680065848762432
5680,0.0103981406719979
5681,0.0404896327344499
5682,0.6157221090804215
5683,0.3113126539708969
5684,0.0326236955210548
5685,0.0644068862995119
5686,0.1560269427856959
5687,0.1791412652740049
5688,0.0380927878500764
5689,0.0359357327279162
5690,0.0259649228875413
5691,0.0105812026994344
5692,0.028394939336584
5693,0.280164757518954
5694,0.0478733569786588
5695,0.467877167149531
5696,0.2283233274695293
5697,0.3001899510913902
5698,0.0374276306198608
5699,0.4011242439574329
5700,0.0450020191883937
5701,0.9855081334184056
5702,0.0688061296996469
5703,0.34944531153
5704,0.9520598191440888
5705,0.8104635543568847
5706,0.05437560748811
5707,0.0241429887548309
5708,0.1393363915471325
5709,0.9685145785784756
5710,0.9465700357181396
5711,0.0696818299559941
5712,0.0041390352425818
5713,0.014674171825499
5714,0.3297469364387881
5715,0.0445003284767257
5716,0.002660868504617
5717,0.7896169108314088
5718,0.9558070358765508
5719,0.0072607156602494
5720,0.6295294905151758
5721,0.0039915850453537
5722,0.9970304840726464
5723,0.5021426164154171
5724,0.0216154139476503
5725,0.0853169051845686
5726,0.4019525444806579
5727,0.960588569379628
5728,0.9019207204261104
5729,0.0082733340989263
5730,0.2634766892870901
5731,0.991314469947614
5732,0.0188344514394569
5733,0.1680427006222748
5734,0.995640587536072
5735,0.0168560065577682
5736,0.0041934989054201
5737,0.9435421223008612
5738,0.8819882836502891
5739,0.0079448334808581
5740,0.1883016771680577
5741,0.0729750736865942
5742,0.0654797188144735
5743,0.8474275553535959
5744,0.222478323569241
5745,0.0073575056755818
5746,0.0269660502544321
5747,0.0488071935347879
5748,0.0414413968571362
5749,0.3112177333228514
5750,0.979538383541493
5751,0.0057153215432134
5752,0.0798949117406751
5753,0.026840053334838
5754,0.0058691953100194
5755,0.0781386490273512
5756,0.0126069285471977
5757,0.0935967698009738
5758,0.9125284029177544
5759,0.2058044801826233
5760,0.0203271321640369
5761,0.0034028762099026
5762,0.5850765642437972
5763,0.960357145771124
5764,0.0024710632133844
5765,0.8219609193705573
5766,0.9834812793812048
5767,0.048005877512295
5768,0.8473195659045512
5769,0.0037141004941836
5770,0.0576650129240673
5771,0.9946052280541672
5772,0.159097462347599
5773,0.6696014493935938
5774,0.9730334604902326
5775,0.1577237404298853
5776,0.937061442963149
5777,0.0040961707339824
5778,0.0375446772738021
5779,0.024349808566085
5780,0.0252342861111864
5781,0.256405448320388
5782,0.0208696355473536
5783,0.3261714232323211
5784,0.8920566994739366
5785,0.8212038778084418
5786,0.0027458469590261
5787,0.0663312833863975
5788,0.9757285786303856
5789,0.0330935576685858
5790,0.9908198897123464
5791,0.9978877249905704
5792,0.0256799641905907
5793,0.1690237179956928
5794,0.1406853773805584
5795,0.078334859042289
5796,0.0855036071125454
5797,0.9387849881725324
5798,0.9915047437287512
5799,0.0293442919986842
5800,0.1014955131403032
5801,0.3269124089236133
5802,0.9695098519984116
5803,0.3180988053202344
5804,0.0424871139731925
5805,0.0830714197271312
5806,0.9527495006260438
5807,0.0242979994703396
5808,0.9981005133277384
5809,0.0185803030837112
5810,0.0821012421053368
5811,0.9702462749303102
5812,0.9873290628730512
5813,0.9690468743566576
5814,0.968297391595058
5815,0.9809709380398364
5816,0.9583491046634888
5817,0.9792865892531096
5818,0.0315154792111638
5819,0.9951755943873726
5820,0.3902399007170403
5821,0.0202316524806647
5822,0.9969890175576938
5823,0.0118889936302561
5824,0.8119832740716277
5825,0.0289642040141142
5826,0.0193923850375872
5827,0.0140839648048267
5828,0.9451978877355404
5829,0.2930828358222602
5830,0.0695178957572579
5831,0.0946656452315823
5832,0.4615095400124384
5833,0.1086874732631607
5834,0.0741963071354736
5835,0.6050698242808833
5836,0.1339787669491568
5837,0.6363894502114873
5838,0.0062555381716654
5839,0.0066581931100282
5840,0.0053741696182576
5841,0.9448990144110656
5842,0.0943754472948217
5843,0.1412390625915964
5844,0.0370555394237341
5845,0.487882076678728
5846,0.9719047585017232
5847,0.1519985268056866
5848,0.0962137870023675
5849,0.0363843354456327
5850,0.990647058109331
5851,0.9404959909867424
5852,0.887238646065446
5853,0.1642892407412291
5854,0.7970773127935589
5855,0.0121314720612626
5856,0.0441923788371445
5857,0.0953045823231299
5858,0.2790265912242063
5859,0.0296473501118208
5860,0.9722566635235858
5861,0.0139781804703628
5862,0.6688507506380116
5863,0.0513361301968329
5864,0.1760095470042135
5865,0.1436035100242499
5866,0.0831867716731402
5867,0.1528149563449312
5868,0.0723351949671395
5869,0.0407724587169548
5870,0.0044228681352134
5871,0.1249017652958634
5872,0.0073395258684384
5873,0.0549858318211893
5874,0.9901336865007024
5875,0.9977756064293724
5876,0.0299991508792803
5877,0.939722760000428
5878,0.110773657096641
5879,0.0355772271300464
5880,0.2742226426648838
5881,0.212041756399447
5882,0.0318223333031809
5883,0.1589482652420901
5884,0.8166174425201961
5885,0.0068440159451284
5886,0.4994331538176104
5887,0.9061148841609674
5888,0.4125630711410473
5889,0.9334234852320504
5890,0.0058564642982175
5891,0.0173262997708513
5892,0.6204469496742965
5893,0.055485133814651
5894,0.0682391379469909
5895,0.1015112463591761
5896,0.023654786902564
5897,0.046018838888399
5898,0.7743426416535538
5899,0.0864311018317685
5900,0.0911255754942639
5901,0.6921857179566073
5902,0.3406594598342998
5903,0.9735085488098189
5904,0.945098280508756
5905,0.619538519157319
5906,0.0649822576880384
5907,0.9899306482060778
5908,0.0360013018927405
5909,0.0613280779071112
5910,0.1270312131669062
5911,0.1079929026538559
5912,0.962555255131766
5913,0.0051610661966102
5914,0.0521581762200694
5915,0.1685677093003619
5916,0.010206681208581
5917,0.0121552251434819
5918,0.9478749255265606
5919,0.0640562159085237
5920,0.9771186811946988
5921,0.0560267058015371
5922,0.1482479708598353
5923,0.0515153869526262
5924,0.1693449136927981
5925,0.0719962936772636
5926,0.9768541328841248
5927,0.2727743492632645
5928,0.1146317735016449
5929,0.0082868734067236
5930,0.1198977594408214
5931,0.9721143036665212
5932,0.0318235150210242
5933,0.9535985120106596
5934,0.4871569975064712
5935,0.1518473508974219
5936,0.011161213682184
5937,0.0679194784443709
5938,0.3422535385892985
5939,0.0051416594993268
5940,0.9727479150802024
5941,0.0483672909679157
5942,0.0979949085246965
5943,0.0683050990094897
5944,0.368363049152162
5945,0.9730562667228012
5946,0.0898874622861065
5947,0.0840725084671361
5948,0.0698508942736516
5949,0.8518974107100118
5950,0.0077708877348881
5951,0.3623779324172176
5952,0.1029694114524404
5953,0.5116353736024363
5954,0.535751974584225
5955,0.0443401621722646
5956,0.9411582660748904
5957,0.8967161955563197
5958,0.8793393606385163
5959,0.2104656059133581
5960,0.0424473166780974
5961,0.0064947539107524
5962,0.3300393579051894
5963,0.0048985415366907
5964,0.8955550123187402
5965,0.0962247996999347
5966,0.0442791090209359
5967,0.0052731365634957
5968,0.0651447399780158
5969,0.5196914849770282
5970,0.9647814663564428
5971,0.0291311967381194
5972,0.9704234278415622
5973,0.1317225404910144
5974,0.9391891622423628
5975,0.6133904915448375
5976,0.0055832646206062
5977,0.4430822486020724
5978,0.4087784092860915
5979,0.937751401620326
5980,0.2065653373909322
5981,0.2236116502517727
5982,0.0193855544056253
5983,0.0206935129555529
5984,0.9052327444772916
5985,0.0517104474978834
5986,0.0949132155561176
5987,0.0456658526646742
5988,0.6756906162455641
5989,0.9613022915771674
5990,0.0180479770160085
5991,0.977088759706532
5992,0.1201167087915102
5993,0.3854229164635495
5994,0.0129667953991547
5995,0.0613442344502405
5996,0.04147678031725
5997,0.980408125101656
5998,0.693107613657199
5999,0.8628646705544087
6000,0.02095080098305
6001,0.5710665782443913
6002,0.7603100653841289
6003,0.2330330630066073
6004,0.0629217777030018
6005,0.0066658844847976
6006,0.8492107149850414
6007,0.971042829338978
6008,0.6981141848968333
6009,0.8995620638859154
6010,0.0347834005538459
6011,0.9544347405994876
6012,0.0955176057040294
6013,0.1699121843556232
6014,0.0231455585678322
6015,0.0237330929474184
6016,0.0856466223374525
6017,0.0217216484954185
6018,0.9967633390424104
6019,0.0338292225739959
6020,0.9649994278001676
6021,0.4188244470592032
6022,0.968019593376824
6023,0.9413401296927476
6024,0.0262935223024871
6025,0.0552758825384693
6026,0.0698678769080062
6027,0.6348694527925371
6028,0.0734358578792981
6029,0.6339790460295724
6030,0.0187906921299082
6031,0.012610747354681
6032,0.0557307732075589
6033,0.0186897858112809
6034,0.5430482903449577
6035,0.1375831009434197
6036,0.9788919619708452
6037,0.6765118611541796
6038,0.9232653749980178
6039,0.007370414480941
6040,0.0546615322111584
6041,0.9796632769199434
6042,0.9476811835675708
6043,0.8717948520660717
6044,0.9556812567788864
6045,0.9591065416013398
6046,0.0147031776522492
6047,0.0886336916998986
6048,0.290175787695925
6049,0.470956458617789
6050,0.0115044649922183
6051,0.1573340742570974
6052,0.0369160548363204
6053,0.0023654912800976
6054,0.0333695466936686
6055,0.0666599052746832
6056,0.1475802551995038
6057,0.0160044159968142
6058,0.2152873785806694
6059,0.8427647118764863
6060,0.0273932116430154
6061,0.3109121502020163
6062,0.0537826211286288
6063,0.9732718145841988
6064,0.0108889935171107
6065,0.0364587281629445
6066,0.2009440428965234
6067,0.0165245423340733
6068,0.4630259099248169
6069,0.0036853296187078
6070,0.0393928847800041
6071,0.018826346360294
6072,0.997361725732501
6073,0.0216873992493901
6074,0.1334041346015809
6075,0.0624667664544126
6076,0.2891756796343873
6077,0.0530188130040381
6078,0.3666122396967008
6079,0.0336045275940823
6080,0.7865895376535196
6081,0.0081119298913447
6082,0.600279263795822
6083,0.0135773863028079
6084,0.9891634145868212
6085,0.1651250337470569
6086,0.017852366516094
6087,0.0527579547743538
6088,0.1380536613975866
6089,0.0785270851333399
6090,0.0204022154894093
6091,0.0177776056850025
6092,0.9792001838840544
6093,0.3315921032474679
6094,0.0779580478032686
6095,0.3979684327028463
6096,0.973622029756638
6097,0.0663298854041303
6098,0.0051581651484495
6099,0.8837682234579227
6100,0.9586416180574244
6101,0.9084169500361388
6102,0.0857986919487096
6103,0.2207109841779809
6104,0.1124842448843742
6105,0.0066797617522106
6106,0.0300508863588916
6107,0.5746540000335066
6108,0.9800211268144718
6109,0.0066440014033883
6110,0.2912773085837561
6111,0.8681081808370645
6112,0.0154081547071645
6113,0.004903933276687
6114,0.0399725180760091
6115,0.9842525651303649
6116,0.84500724462237
6117,0.003606289648495
6118,0.0761432572762358
6119,0.5085151681031806
6120,0.3719737893250451
6121,0.0100552087645349
6122,0.1064282074187603
6123,0.9712470267498724
6124,0.1615962455236488
6125,0.5686080997969295
6126,0.0042230157382064
6127,0.841918545875542
6128,0.0045798324906557
6129,0.626653257719009
6130,0.0296689823699797
6131,0.0451854852918808
6132,0.970985020849907
6133,0.0902352114422746
6134,0.2170805207275209
6135,0.071526270715136
6136,0.9411274639030452
6137,0.1190312594654571
6138,0.020030211698582
6139,0.0775107048828882
6140,0.0283280283495025
6141,0.9974662986256344
6142,0.912934693768532
6143,0.9443374654819322
6144,0.0180308015636048
6145,0.9725162872664324
6146,0.4389538867962634
6147,0.025608195340517
6148,0.7503090990309675
6149,0.3410335791425382
6150,0.0074985138251384
6151,0.0570453554764328
6152,0.0572620530401427
6153,0.0243438231023409
6154,0.8314092335573815
6155,0.0263139290812831
6156,0.3519314619844178
6157,0.0774733284375049
6158,0.1452020269571974
6159,0.0188333061267582
6160,0.8546050604703415
6161,0.463107201492233
6162,0.9834040450837088
6163,0.9477046333969622
6164,0.0259687293347787
6165,0.2122454515822075
6166,0.984533593049314
6167,0.9863599196983992
6168,0.9205435793474528
6169,0.4084095068257339
6170,0.9391225274794954
6171,0.4327229482662553
6172,0.9484330340916703
6173,0.1532754065109356
6174,0.2220940392507279
6175,0.7361550462522208
6176,0.0166955247344532
6177,0.0732573228357548
6178,0.9618330775921426
6179,0.0744385989764733
6180,0.9536929182341242
6181,0.9527087282219232
6182,0.1791078487193249
6183,0.0368652369632918
6184,0.1201213180134014
6185,0.6991553812991905
6186,0.2591822411442822
6187,0.0034367601945244
6188,0.0869622647956565
6189,0.1807403737391464
6190,0.1182407786202238
6191,0.997609549547516
6192,0.1396662669509201
6193,0.0318078770771255
6194,0.9881369250091152
6195,0.0174164419370238
6196,0.970137371025973
6197,0.9882826090222184
6198,0.8889281666307348
6199,0.081840375696346
6200,0.967597712624232
6201,0.0097260343556143
6202,0.0253973265075135
6203,0.0169116448154031
6204,0.1453701916563307
6205,0.0238740332928668
6206,0.0392771955747768
6207,0.0134132190616131
6208,0.9902259300696468
6209,0.0959606089309299
6210,0.6064100960523601
6211,0.9409663911862872
6212,0.0204949087444276
6213,0.0075834651983883
6214,0.337199286595861
6215,0.1557433040424733
6216,0.0265885758411112
6217,0.0472242637409063
6218,0.1666124022572028
6219,0.1066561482585422
6220,0.0577904070685037
6221,0.2491510206508436
6222,0.0081537526969898
6223,0.0090576806575263
6224,0.0167914234940987
6225,0.0041769304801955
6226,0.0082706645815991
6227,0.0170227775988865
6228,0.023761661800458
6229,0.9824662509388558
6230,0.002834371494594
6231,0.04140664348259
6232,0.0745673352418735
6233,0.0475979796620835
6234,0.9976437439956124
6235,0.4245740656376208
6236,0.150691921004659
6237,0.2560473278042217
6238,0.0628859672514429
6239,0.8628787863243099
6240,0.0176758171851504
6241,0.5900099286878736
6242,0.008891529600274
6243,0.0098568232374608
6244,0.0020700394288512
6245,0.0028465482365405
6246,0.9832810322807876
6247,0.0664478108776952
6248,0.0208951141812298
6249,0.3780310980549599
6250,0.3883510793070233
6251,0.0894179335119935
6252,0.9663827776872848
6253,0.9527453396051097
6254,0.9628572062649569
6255,0.9802719631898582
6256,0.9926461065030234
6257,0.6162489469167856
6258,0.995169844592586
6259,0.013146844502474
6260,0.004572515779035
6261,0.0558271771346851
6262,0.1049154841461625
6263,0.1376361291589715
6264,0.6112003399799004
6265,0.0657238900970866
6266,0.9640590746414024
6267,0.0592249117888956
6268,0.0634468638539228
6269,0.0099259829577672
6270,0.0929793714018053
6271,0.0167653931947405
6272,0.1341229711042846
6273,0.0510776622691726
6274,0.1084537486089658
6275,0.0067703412319785
6276,0.984957581536247
6277,0.06447621905497
6278,0.0571557484365963
6279,0.9867590191319152
6280,0.0818402852038685
6281,0.0039962149067151
6282,0.175397920235616
6283,0.1410789102564875
6284,0.5909386971956592
6285,0.5477445021368836
6286,0.0210241194400074
6287,0.0347328237755134
6288,0.98803762453281
6289,0.9049464890488336
6290,0.0611630556703778
6291,0.0470904692704486
6292,0.0589598067457217
6293,0.0871513324098162
6294,0.4987168897582814
6295,0.053287895354312
6296,0.8082072044539119
6297,0.0104463117783288
6298,0.268351251575509
6299,0.95620577950617
6300,0.9179904481661898
6301,0.0158434643020801
6302,0.0405845791757901
6303,0.0165467201879621
6304,0.4861656352806589
6305,0.9052463045701508
6306,0.8207874261056036
6307,0.5582258855565557
6308,0.7963878339304122
6309,0.0167251160584533
6310,0.9456149297759447
6311,0.7428831497069532
6312,0.9715481703245856
6313,0.9962230261384728
6314,0.028346640219164
6315,0.5070786690143058
6316,0.3709688423799901
6317,0.0947334099562882
6318,0.2218986799580324
6319,0.1228187523724517
6320,0.1290278036440785
6321,0.0028584265843052
6322,0.9976645757810224
6323,0.0023938828880226
6324,0.1758879037189747
6325,0.0041277723647786
6326,0.0078600490735404
6327,0.2876720527135764
6328,0.0202798687859529
6329,0.0542640860176257
6330,0.6480420241078033
6331,0.0156923636724455
6332,0.9972729904662424
6333,0.8063052543342035
6334,0.0051739487075587
6335,0.9909918049129378
6336,0.3896885333179609
6337,0.8043299252500551
6338,0.0953889995054348
6339,0.1379890244478131
6340,0.0066239027942
6341,0.0152625802297143
6342,0.5682203549386537
6343,0.030011655627445
6344,0.0644448682011
6345,0.0067877660752752
6346,0.1102143450211972
6347,0.0591218264832486
6348,0.1802567534315283
6349,0.9474291387666828
6350,0.8775813657545328
6351,0.4396802898051082
6352,0.5214376553425175
6353,0.0426410597301936
6354,0.0229141168791751
6355,0.0709907979667612
6356,0.1153731586143575
6357,0.2212123144715394
6358,0.0037142997315878
6359,0.2819002762609486
6360,0.123388204204161
6361,0.1739322941155729
6362,0.0176091018953985
6363,0.9898789780719548
6364,0.0106255119556186
6365,0.0245534194371105
6366,0.0037524955652911
6367,0.0348842703391565
6368,0.2208294556794179
6369,0.968733807422828
6370,0.3045135368830802
6371,0.034000541246698
6372,0.0063002504745304
6373,0.3391867689365572
6374,0.0360403335042144
6375,0.3688192213858181
6376,0.4234469234856858
6377,0.1542613469865323
6378,0.0203135745221531
6379,0.0184033759257421
6380,0.0084299647144976
6381,0.2004554702550895
6382,0.022591901655761
6383,0.0222469841911998
6384,0.0707058378323939
6385,0.9971361913698696
6386,0.1095905978571154
6387,0.0388169398665153
6388,0.9529199840537188
6389,0.6534896313151968
6390,0.8797613798600226
6391,0.9230382640785698
6392,0.0645524289609154
6393,0.0211488162479557
6394,0.0125661094027946
6395,0.8893537582573405
6396,0.2151675798595684
6397,0.9887048533552908
6398,0.9588181162569476
6399,0.9544736588086704
6400,0.8707461493016058
6401,0.9887482240861278
6402,0.9245541535535962
6403,0.002864284763846
6404,0.0064213011836006
6405,0.5996026099012899
6406,0.9546034375537934
6407,0.9088545867482516
6408,0.3517761984801759
6409,0.8786654352280804
6410,0.0288660939497058
6411,0.1769301260680909
6412,0.1803627390986183
6413,0.9619908870119376
6414,0.002373974931058
6415,0.9755021053820542
6416,0.0810784866195521
6417,0.7008275411336384
6418,0.0329086319164288
6419,0.0766872851875291
6420,0.2056622883816978
6421,0.0886234413403866
6422,0.0332045904064626
6423,0.1210637626557135
6424,0.8755510751098028
6425,0.6072716248552387
6426,0.093750729558828
6427,0.1799453891865268
6428,0.1272313714939146
6429,0.9690019059694118
6430,0.9891904793187896
6431,0.0829672954116931
6432,0.1114131513159078
6433,0.0033611834324882
6434,0.0599868420347567
6435,0.0431862596095836
6436,0.1007591871087903
6437,0.9860392764089568
6438,0.0478522392920042
6439,0.0522774455697028
6440,0.0309510230728676
6441,0.0219431193952074
6442,0.026440265972394
6443,0.0113642859650793
6444,0.9320004211538312
6445,0.9827870111848146
6446,0.1691393489327602
6447,0.0282625968422082
6448,0.0083064836116689
6449,0.687040573796998
6450,0.0354383589990544
6451,0.8341507975815459
6452,0.1333173703759322
6453,0.0117313585792348
6454,0.1156699161501816
6455,0.1242118242528782
6456,0.8838203394596718
6457,0.0587610053674794
6458,0.8550038644911098
6459,0.0118519376071747
6460,0.020913553916377
6461,0.0365304400452307
6462,0.0290633887723074
6463,0.0040142422062608
6464,0.985556948440202
6465,0.5898322134815943
6466,0.0618902663668332
6467,0.4197674799564624
6468,0.0283604241179859
6469,0.9829698409170772
6470,0.9325698326489076
6471,0.4151296774565579
6472,0.1941592990775888
6473,0.0496382087109595
6474,0.3273152023362121
6475,0.0788696866997624
6476,0.19915440208464
6477,0.0050788543138293
6478,0.0935656405137328
6479,0.8666687011837673
6480,0.0089668176210437
6481,0.0163557650256147
6482,0.7715898384707698
6483,0.0560762916915279
6484,0.1433036685063803
6485,0.1520294002141769
6486,0.5287124362074184
6487,0.0207267498561553
6488,0.0786708438514135
6489,0.0119294433289969
6490,0.3534895837123574
6491,0.2570775407763611
6492,0.9847861682202944
6493,0.0297852114277979
6494,0.068655106323669
6495,0.0591051930613994
6496,0.0332405482216724
6497,0.9196545377020802
6498,0.9558789458727146
6499,0.5194647540727768
6500,0.9976896210015858
6501,0.9966503692897016
6502,0.0090870472496596
6503,0.9696251488308258
6504,0.0105457102206713
6505,0.714605866716309
6506,0.9963133669859068
6507,0.1298547584278504
6508,0.0551173566985847
6509,0.048001535187203
6510,0.0833476939181867
6511,0.991037072389823
6512,0.0407423433486724
6513,0.973673708081229
6514,0.0068386488630449
6515,0.0420465487091418
6516,0.0064669020139839
6517,0.0487051704534202
6518,0.0758852870592695
6519,0.2040806063015904
6520,0.9477772549218856
6521,0.0848160417804427
6522,0.0030907587473785
6523,0.5154366554237146
6524,0.0841420651019466
6525,0.1897564692219086
6526,0.07244983630922
6527,0.0048757437083302
6528,0.0147428592808327
6529,0.0197514895287239
6530,0.0111304396500814
6531,0.9675315779036706
6532,0.3863419624934677
6533,0.3615153594744326
6534,0.8362926981042371
6535,0.1125914037615066
6536,0.8668363536432041
6537,0.0315040468803618
6538,0.0103134988428228
6539,0.0930343638103613
6540,0.0343761289930952
6541,0.9208565061558944
6542,0.0051080373140831
6543,0.0406900705726366
6544,0.0420056335065103
6545,0.1676019974938989
6546,0.0627418632706828
6547,0.8850595601120865
6548,0.1444437984198088
6549,0.983976509008736
6550,0.0622111231172892
6551,0.0849161717775901
6552,0.6598438410354783
6553,0.0630501155332525
6554,0.0758279365895175
6555,0.4519980547557598
6556,0.9836265106679658
6557,0.4808058660413117
6558,0.9717635093671212
6559,0.3014984582227198
6560,0.8342015460207945
6561,0.3293354975075869
6562,0.8717296324949966
6563,0.9675139149775538
6564,0.0154671515220736
6565,0.6390349246199617
6566,0.989003591842018
6567,0.1899937790253427
6568,0.280783624432593
6569,0.5794756142919494
6570,0.0326336659953317
6571,0.0243631513903908
6572,0.0408456594350768
6573,0.9905612883436165
6574,0.0509473327689905
6575,0.8576510566073401
6576,0.084566247015694
6577,0.0567032651305306
6578,0.040524730795552
6579,0.202508235746558
6580,0.0045395730704436
6581,0.0046337098437095
6582,0.1609503552648896
6583,0.2016919873900391
6584,0.7382008573475626
6585,0.0480070841386042
6586,0.5139727044325131
6587,0.8388744957687961
6588,0.0040524210502841
6589,0.0886552353726229
6590,0.0188003171608584
6591,0.0301295941644559
6592,0.0298976100121438
6593,0.0897134564621717
6594,0.1332589009994121
6595,0.6878707243101789
6596,0.0528120512271816
6597,0.01633843100695
6598,0.2139947094455873
6599,0.86652602188247
6600,0.281522237394496
6601,0.6638913408494647
6602,0.033272397107663
6603,0.3959372468602469
6604,0.0116500486244965
6605,0.0193179995613165
6606,0.6824985340889915
6607,0.0196914144732927
6608,0.8656708061518221
6609,0.0096842602139876
6610,0.0383663050171039
6611,0.0669410112184635
6612,0.984193734662644
6613,0.0420624362367773
6614,0.2900455269856775
6615,0.1059434962464592
6616,0.0222544941793002
6617,0.01634186789132
6618,0.94334029052048
6619,0.0483110452586274
6620,0.2273810299338081
6621,0.997555310370413
6622,0.726892399494531
6623,0.0036425526978234
6624,0.0609565245626668
6625,0.0796844860054875
6626,0.0710249504434818
6627,0.0338491160362903
6628,0.0095516812226322
6629,0.0320827492073256
6630,0.1698279045075125
6631,0.0364032789343075
6632,0.0231049211198816
6633,0.1109603021089531
6634,0.0280427529728758
6635,0.3173716349784568
6636,0.0173260515364045
6637,0.0370015105103448
6638,0.0576938794283548
6639,0.9852835982300024
6640,0.0135507272565596
6641,0.0546955858662825
6642,0.946606294448137
6643,0.1227808768340839
6644,0.2280077462870208
6645,0.1479210167465365
6646,0.9055260818660208
6647,0.1633856691704798
6648,0.9103910035531694
6649,0.9609598679961296
6650,0.2500817239384448
6651,0.940347769499611
6652,0.3949485437800148
6653,0.2222701787310245
6654,0.1223027848916062
6655,0.0853399577327186
6656,0.0051657326852054
6657,0.9185092894267172
6658,0.0644115138764217
6659,0.966281813194396
6660,0.0240946523303262
6661,0.1870157519456182
6662,0.9846249619358444
6663,0.0293232670120029
6664,0.0512041636808884
6665,0.9046670614657444
6666,0.1053093605925114
6667,0.5142733344595448
6668,0.0233046444024372
6669,0.1817500465038637
6670,0.1097185079094351
6671,0.9705277204385768
6672,0.029750723802305
6673,0.0061214243443354
6674,0.0631569916174487
6675,0.8101555073329766
6676,0.3676515756551061
6677,0.0255190991356029
6678,0.1182208923371364
6679,0.1021249029804411
6680,0.2544279327487759
6681,0.1975864732794041
6682,0.0602131159650348
6683,0.2152495723857904
6684,0.0436071415063376
6685,0.9675964970133444
6686,0.8226528087463606
6687,0.0029085163402099
6688,0.0065862557555898
6689,0.963769222464297
6690,0.9864646247501369
6691,0.9971423508186114
6692,0.0157119788748569
6693,0.4366928035434901
6694,0.043560032827549
6695,0.9451027176205232
6696,0.1152826133103418
6697,0.0534353053069033
6698,0.9822246114114976
6699,0.8335706693002813
6700,0.3031431777415513
6701,0.0168622884119009
6702,0.9504288076963484
6703,0.8847297725010332
6704,0.1207501592136153
6705,0.9654645205576452
6706,0.0225194642541569
6707,0.028972296810076
6708,0.036207261736378
6709,0.2939026485152932
6710,0.1033324159602214
6711,0.052111822759724
6712,0.0050659619745569
6713,0.376270454734518
6714,0.9809152062662444
6715,0.0267265676378508
6716,0.0379199607875862
6717,0.5243550944868203
6718,0.9842921163363731
6719,0.0526162993788374
6720,0.0044570564822364
6721,0.0019933364782264
6722,0.381603061496501
6723,0.0570715160672192
6724,0.0099397194176764
6725,0.9978969741078708
6726,0.9051781755023062
6727,0.943441070260308
6728,0.0518304183118404
6729,0.9649797268482478
6730,0.1745746001984516
6731,0.1809906609621172
6732,0.1691551666147184
6733,0.9520485564349992
6734,0.0154163217095541
6735,0.9949203742370658
6736,0.3998729340576203
6737,0.9973165296623894
6738,0.9838749543732932
6739,0.0030391017197924
6740,0.0055008000346881
6741,0.0069714543653995
6742,0.1554876699202676
6743,0.0622568084357023
6744,0.0386207538924355
6745,0.0035795710571589
6746,0.81238422930459
6747,0.4494109870936258
6748,0.9197786808247363
6749,0.0961236808367439
6750,0.9855271725734338
6751,0.1071726991944635
6752,0.0134514921086144
6753,0.2593108377588236
6754,0.0069963259649518
6755,0.1568259187673948
6756,0.9870999030417124
6757,0.0757794165878839
6758,0.8560848614003576
6759,0.0275395839153983
6760,0.0856249306815364
6761,0.0211042970975015
6762,0.9734387169945228
6763,0.0090668765211432
6764,0.0531690110075426
6765,0.1315798184179947
6766,0.8956440746225902
6767,0.9910564172235148
6768,0.9325937816733508
6769,0.0386904475154586
6770,0.0151354559433587
6771,0.0659348969933224
6772,0.982474342970103
6773,0.0280239579629296
6774,0.0115398211626862
6775,0.0336114177862972
6776,0.1737500701408587
6777,0.0588975918931484
6778,0.0536461195711951
6779,0.1183322709692138
6780,0.8929645090010618
6781,0.0185445211997243
6782,0.1123348071891376
6783,0.0832775438606793
6784,0.0053943569975625
6785,0.7727716993388631
6786,0.7881580515706563
6787,0.8549436801822536
6788,0.9189656245166482
6789,0.1042391936916551
6790,0.0078648221465918
6791,0.8142438550862594
6792,0.9849372932553294
6793,0.1366348821389235
6794,0.2927466220379544
6795,0.9826027361811592
6796,0.6896062733939522
6797,0.0841285142520168
6798,0.2462541234395988
6799,0.0231664442758646
6800,0.789885689980421
6801,0.822221414109721
6802,0.413627688299135
6803,0.0521355323256504
6804,0.4963242493029477
6805,0.0037262117633867
6806,0.7637643217507917
6807,0.0045019698859511
6808,0.0382564792293146
6809,0.0913376549082641
6810,0.8914301818031529
6811,0.0304176109369247
6812,0.0198528405769534
6813,0.906597019308026
6814,0.0277975210149794
6815,0.2401282038973318
6816,0.0452711683193598
6817,0.0164445352647986
6818,0.9692704640623896
6819,0.0113594952891541
6820,0.0322968683909156
6821,0.9720495588925206
6822,0.0068254901936784
6823,0.1622312136512879
6824,0.0171959011009312
6825,0.027551577081399
6826,0.0679280900869834
6827,0.0027229649041195
6828,0.962030856913302
6829,0.0027109912094326
6830,0.9904912756931096
6831,0.0495347485289668
6832,0.0175007727652508
6833,0.0704351947528295
6834,0.0223846156823293
6835,0.5795099468495165
6836,0.6657916763570834
6837,0.9971892474882552
6838,0.4354646075336332
6839,0.1108829163085605
6840,0.6590086057960323
6841,0.0536768468673634
6842,0.921919758562106
6843,0.0033161089512589
6844,0.0668802395607376
6845,0.9904976322317104
6846,0.1641758644799704
6847,0.0142554481760653
6848,0.8867005457135488
6849,0.0334178210395304
6850,0.0134234886514834
6851,0.2012713364380373
6852,0.2289542591377944
6853,0.7821604765739529
6854,0.0632713243739014
6855,0.0424519446915592
6856,0.0990891953125051
6857,0.8980326209531129
6858,0.9444960422442228
6859,0.9566077334739018
6860,0.9752189778035878
6861,0.0160850604974093
6862,0.0870677928139962
6863,0.0352084212401148
6864,0.0789819274382408
6865,0.003764927242992
6866,0.1359822892460702
6867,0.7983600236604441
6868,0.9510311353541252
6869,0.2923889794953296
6870,0.5130949731190297
6871,0.9423893101320656
6872,0.0162864445772628
6873,0.0333017557826811
6874,0.0857750860758375
6875,0.0973111203088832
6876,0.9824350547492092
6877,0.9129166970947484
6878,0.0174876602116977
6879,0.0280147392696887
6880,0.0481284218025581
6881,0.406381373457649
6882,0.95268382751083
6883,0.4062505560533513
6884,0.1059587382806962
6885,0.0362907953672704
6886,0.9919990823846774
6887,0.961279248895014
6888,0.802194298900307
6889,0.2618729932808716
6890,0.9596133253430426
6891,0.0429148729400287
6892,0.0131682916482093
6893,0.0341722719349896
6894,0.14727364084098
6895,0.0498537751799784
6896,0.998342990048364
6897,0.0780462098225305
6898,0.9887034129404126
6899,0.0314910538287786
6900,0.6548076395319572
6901,0.0102677026118777
6902,0.0502778183431593
6903,0.0283702000590384
6904,0.0672653778098186
6905,0.9813448646943944
6906,0.9594244885297942
6907,0.0630015457912945
6908,0.0687551797061297
6909,0.0057118471879093
6910,0.7710276589624794
6911,0.0081627938650752
6912,0.9731979693538264
6913,0.980122094014017
6914,0.0044347934750468
6915,0.0312530794626335
6916,0.9824033424210812
6917,0.3237841038220876
6918,0.9171100329905998
6919,0.019652438195207
6920,0.0509225325061811
6921,0.5810242968354536
6922,0.0034518920043135
6923,0.0443722035352712
6924,0.0335385533230424
6925,0.011052703275818
6926,0.8711848414174763
6927,0.0093464660968019
6928,0.0030900959293254
6929,0.0149634049013256
6930,0.4261370601050185
6931,0.0700076565229272
6932,0.0576506390921461
6933,0.7802527190588342
6934,0.0663106026943385
6935,0.1813263567068995
6936,0.0062391782727241
6937,0.003781928855533
6938,0.1698585842613562
6939,0.0331935814835751
6940,0.9793594412249916
6941,0.0096221227511152
6942,0.8322526782303115
6943,0.0753152100261352
6944,0.9747813094201064
6945,0.5637548685055801
6946,0.0026357838429383
6947,0.9526894713125048
6948,0.0121219147066333
6949,0.0968964546335524
6950,0.963248213628754
6951,0.587769143187353
6952,0.0428594174571146
6953,0.003867186334262
6954,0.011549106876118
6955,0.9269779245608396
6956,0.0523226143085258
6957,0.9978902787344236
6958,0.9776906347535744
6959,0.0406689037267016
6960,0.0670747653790168
6961,0.1341102717125623
6962,0.7565628564307484
6963,0.0485984184517546
6964,0.7107416785045848
6965,0.009744933718491
6966,0.0315585671126813
6967,0.0161895443990144
6968,0.9891497539166536
6969,0.99374472612711
6970,0.003496424359846
6971,0.0052633111253858
6972,0.1342083764496225
6973,0.0225843401675209
6974,0.3515538228257108
6975,0.1101302979164954
6976,0.0202138862592022
6977,0.0974472871245189
6978,0.0148979159134177
6979,0.0170380098219279
6980,0.4180335344765467
6981,0.078824111497573
6982,0.9981172331575642
6983,0.3628560173811913
6984,0.0230302188700819
6985,0.4380794256271375
6986,0.9574773489393796
6987,0.1103172979991207
6988,0.0388756975311526
6989,0.0081821003746388
6990,0.0055680248999568
6991,0.0096353240793512
6992,0.0467277911660065
6993,0.7895709048896835
6994,0.840571370385151
6995,0.0287944714376291
6996,0.6876703719738136
6997,0.9467474867117824
6998,0.0104516295296413
6999,0.0670488024545978
7000,0.4550335983071846
7001,0.1470869674663856
7002,0.0916631030381417
7003,0.1285496310333441
7004,0.0019500548107435
7005,0.0708125788639727
7006,0.0071761977107193
7007,0.9600819755387566
7008,0.1142187217887462
7009,0.0275844118391897
7010,0.1686657997651952
7011,0.9133762874737048
7012,0.0054682990823528
7013,0.6298159318008565
7014,0.8204432017853489
7015,0.0045163557536022
7016,0.9794704401530054
7017,0.0505083537432517
7018,0.2650067379980946
7019,0.0179296984527015
7020,0.0542709928207387
7021,0.0091063994474628
7022,0.3653131385632756
7023,0.1236903250106277
7024,0.754459645148128
7025,0.0443494789727937
7026,0.022594270992363
7027,0.0255100610998431
7028,0.0631901198026796
7029,0.0622962657725195
7030,0.2839787390740077
7031,0.9479231322939023
7032,0.0140886143911401
7033,0.8306510307973396
7034,0.12858026027666
7035,0.3276209024103382
7036,0.7845315823312234
7037,0.9818917068994084
7038,0.0183562708023252
7039,0.0035546684522547
7040,0.0724900116790927
7041,0.9551721073879144
7042,0.0125054649194575
7043,0.7133498736957258
7044,0.0590722556996279
7045,0.2326312056143591
7046,0.6462141289378955
7047,0.9207997705004394
7048,0.9490445082827416
7049,0.2183947394886133
7050,0.1708039442500959
7051,0.0151329356336928
7052,0.0367488084365435
7053,0.1730190906104429
7054,0.0171642530298046
7055,0.132248774984724
7056,0.1615698030604006
7057,0.2389149869454906
7058,0.6143057907371162
7059,0.0469583151653482
7060,0.0233607994851811
7061,0.8972346623837573
7062,0.9540087287735668
7063,0.0780946986849118
7064,0.0329092201906514
7065,0.2134899396197519
7066,0.2028232799713106
7067,0.0398866437156212
7068,0.1289015190322472
7069,0.9784809911659396
7070,0.9913245385467696
7071,0.0639188526012502
7072,0.0062702598661741
7073,0.0594173089560811
7074,0.1001372862739583
7075,0.99773033699143
7076,0.4834595678700534
7077,0.989810186956357
7078,0.9793513985488836
7079,0.7539864449590842
7080,0.0603051524409405
7081,0.1891509135202719
7082,0.0351678483499972
7083,0.6690224200736035
7084,0.0527316615750187
7085,0.4989484444200762
7086,0.2072923707867326
7087,0.0146185397854265
7088,0.0132374371859177
7089,0.9739413489685332
7090,0.084933332293262
7091,0.2038621189429435
7092,0.0166371780853505
7093,0.5560902131588704
7094,0.7636150019677596
7095,0.3474603554438398
7096,0.2580106184302854
7097,0.0265140989470339
7098,0.9858029389579286
7099,0.0045362671811883
7100,0.998109178736738
7101,0.8352201928070191
7102,0.4667306560025478
7103,0.997649296563722
7104,0.00343797901208
7105,0.0359669927693086
7106,0.012166130091263
7107,0.1396243530883847
7108,0.0508412123109787
7109,0.0035587373884192
7110,0.0031601682494456
7111,0.1422082162954577
7112,0.2764217692368655
7113,0.1604277359103365
7114,0.986655285305322
7115,0.0886192373054585
7116,0.0151376813078221
7117,0.5421662087558741
7118,0.0333196400650059
7119,0.3269641059041032
7120,0.1572055195904225
7121,0.0204227456484041
7122,0.045376384335537
7123,0.0454557980969498
7124,0.8593658053640054
7125,0.0717075093428295
7126,0.5109788584627972
7127,0.1294804878174133
7128,0.1752715199013688
7129,0.8383058557747803
7130,0.0369756610329998
7131,0.964362534998445
7132,0.3306130335177474
7133,0.0124825933945191
7134,0.9682603845928274
7135,0.3785534027690999
7136,0.0508818343372705
7137,0.1303554389365533
7138,0.7526618533759946
7139,0.046296612881408
7140,0.0729420906607353
7141,0.0106902812006044
7142,0.0602794317720322
7143,0.0058135833400763
7144,0.94042096331108
7145,0.1417208603190063
7146,0.0400627245376155
7147,0.0030271266467823
7148,0.9969190100764426
7149,0.08500448928526
7150,0.0485092555079278
7151,0.0090412608063806
7152,0.0829476002854434
7153,0.3304768966532549
7154,0.0464327829629846
7155,0.1616485089593727
7156,0.0072633854359855
7157,0.0257755514864578
7158,0.0164989733147119
7159,0.0256082199165766
7160,0.0489958372981887
7161,0.974470936633326
7162,0.0028914992876934
7163,0.9737743750285132
7164,0.9968740529445088
7165,0.0180986088262474
7166,0.0477234082153207
7167,0.4111166849144491
7168,0.9836661310532542
7169,0.1690551308066425
7170,0.9899737808051357
7171,0.4607392525723857
7172,0.9566923181837044
7173,0.9525581193315464
7174,0.0169648935669207
7175,0.0243905680954972
7176,0.4398913022341794
7177,0.9503291959492076
7178,0.7525715081293323
7179,0.006411047243831
7180,0.0304881121428009
7181,0.1745473739749684
7182,0.0675504548420383
7183,0.913649139849871
7184,0.0166861864807362
7185,0.3186922187474618
7186,0.8148688573344133
7187,0.0319729193785155
7188,0.6135779819975853
7189,0.7445048762705894
7190,0.0316035578167392
7191,0.1136443573674478
7192,0.0270716335152658
7193,0.5553291956369747
7194,0.0243401324161891
7195,0.9909318559307252
7196,0.0175249174957403
7197,0.0171882302730487
7198,0.0263317232164197
7199,0.16824064163732
7200,0.046247499463884
7201,0.0422643371441183
7202,0.2855943644587989
7203,0.0224043575377519
7204,0.1465513032383045
7205,0.0612473975456557
7206,0.896779844798568
7207,0.9871739417229098
7208,0.5915753439179412
7209,0.8598629402581337
7210,0.9349813696071446
7211,0.0137305210453879
7212,0.1691777485846594
7213,0.9913574340645204
7214,0.0797031207388259
7215,0.0334458327955847
7216,0.0318962249592372
7217,0.2394843077184408
7218,0.1194947987874605
7219,0.0076831111998334
7220,0.4523669035328458
7221,0.3730901359489323
7222,0.002805210359589
7223,0.983882859920652
7224,0.978095214628385
7225,0.1581888404575359
7226,0.0231054713217106
7227,0.0151760134058452
7228,0.1463080501038064
7229,0.0873339368667423
7230,0.9510441566007084
7231,0.0457792217293039
7232,0.4213523486210407
7233,0.0479249742844943
7234,0.9778935131559632
7235,0.0608880569237185
7236,0.0419643509147586
7237,0.2709078255854391
7238,0.5771191152123945
7239,0.4948577061253068
7240,0.003249476978187
7241,0.3554754833274653
7242,0.2230610806802236
7243,0.0152444735553181
7244,0.964072431291417
7245,0.0884663695341503
7246,0.0542283657961781
7247,0.0692461853747987
7248,0.97943994679146
7249,0.3216648218410841
7250,0.0094181165249354
7251,0.5930226379575771
7252,0.3391091494554737
7253,0.2104497752635177
7254,0.2448199854185288
7255,0.2309622915803508
7256,0.501650799795877
7257,0.8449950375394152
7258,0.1370831687058601
7259,0.053967592993796
7260,0.8339541294703172
7261,0.9861609856762592
7262,0.0505669696771566
7263,0.9505917682870784
7264,0.0350846901749882
7265,0.1781194994506806
7266,0.027585610322282
7267,0.015389935122409
7268,0.005179909033454
7269,0.078233672466982
7270,0.0219828697568489
7271,0.0333847833212956
7272,0.3965166194320267
7273,0.1135506930435352
7274,0.004435727871101
7275,0.9432283367556278
7276,0.0026048746371504
7277,0.0585592300592301
7278,0.1914777132269394
7279,0.0611269405803457
7280,0.0678945742622827
7281,0.930787164382152
7282,0.9815665470416486
7283,0.0466136738864106
7284,0.3156071291023597
7285,0.1586850036028142
7286,0.1867826516924554
7287,0.003772001816768
7288,0.9496406242166056
7289,0.9497524570522424
7290,0.0186298307477018
7291,0.1156884515587136
7292,0.0811008067420456
7293,0.5147914411872748
7294,0.1185108181258514
7295,0.0456139664841229
7296,0.0116347568806526
7297,0.4914764394277555
7298,0.9374466220486742
7299,0.6705632889731113
7300,0.307485881273863
7301,0.9659102706397776
7302,0.9750409541609372
7303,0.3265940338556441
7304,0.0373679597550466
7305,0.1252851942013642
7306,0.1313715240806048
7307,0.0927523515105892
7308,0.020454209237413
7309,0.0031643607117378
7310,0.0718460082581123
7311,0.976883470845699
7312,0.0223363626253927
7313,0.6146021941888736
7314,0.0249837744962084
7315,0.0132314974294676
7316,0.0760926090695076
7317,0.0519880427059397
7318,0.0907420320828223
7319,0.7771385808951913
7320,0.0153418571551364
7321,0.947367869717922
7322,0.0035215704374102
7323,0.0275983764833695
7324,0.9291926644401596
7325,0.0162510281944904
7326,0.0476343823450962
7327,0.4972269185356067
7328,0.958206400769506
7329,0.0029473986750212
7330,0.9873841606115352
7331,0.0736121386313551
7332,0.0194061029868436
7333,0.0763330332616054
7334,0.0759263279771743
7335,0.0995621390611813
7336,0.237370193052789
7337,0.0199260471313333
7338,0.0337288629477078
7339,0.0582879242439624
7340,0.0428907946674332
7341,0.4992347946816041
7342,0.02859263584224
7343,0.958098863633178
7344,0.0215139722559074
7345,0.0214369000791296
7346,0.7743540659130638
7347,0.2032799158449092
7348,0.0093277244577869
7349,0.9780824936356458
7350,0.5676867447617445
7351,0.9977799017720308
7352,0.5453965905252889
7353,0.0475452661270702
7354,0.2287835460281479
7355,0.0325589777613641
7356,0.9295999985754738
7357,0.0055459699979639
7358,0.0363775585992959
7359,0.1741973721154179
7360,0.0345876228657686
7361,0.0153287754484343
7362,0.0340308771782829
7363,0.7162572907128787
7364,0.0209687604654628
7365,0.0451936696026393
7366,0.018787286457617
7367,0.2808374794685083
7368,0.0379547795244379
7369,0.0189737876474802
7370,0.1125110804698995
7371,0.0183668234485351
7372,0.0300413023712644
7373,0.0403665865547001
7374,0.7141517586376999
7375,0.9747135963069148
7376,0.229308742791144
7377,0.0046696933815303
7378,0.8980724271187502
7379,0.9489466017099044
7380,0.2753726763997847
7381,0.0049458687361199
7382,0.0398316213473483
7383,0.0040450180296631
7384,0.0159908417022005
7385,0.9903279799929016
7386,0.0601422625259552
7387,0.97245374903432
7388,0.0033799651420002
7389,0.9294788508732288
7390,0.6852067398111275
7391,0.0678861642896797
7392,0.0543501528786182
7393,0.0228893252511229
7394,0.0167928424497555
7395,0.9460762904675916
7396,0.9971971245986924
7397,0.0139827999037933
7398,0.1618804467837148
7399,0.0158685395350519
7400,0.0081584373545908
7401,0.0132241934077393
7402,0.0078201472413753
7403,0.3168520157817849
7404,0.0101810743931363
7405,0.1386623568151406
7406,0.9751727266399788
7407,0.0079757021348704
7408,0.1335127104650587
7409,0.0146241659184029
7410,0.1409601972124007
7411,0.0861563965054111
7412,0.9965383938070224
7413,0.2244759723016616
7414,0.0227884942630959
7415,0.9977341519447448
7416,0.4549110614400772
7417,0.6778137979831809
7418,0.0070539244781528
7419,0.8073570213844846
7420,0.8917297380127045
7421,0.770790896655969
7422,0.0827355818336871
7423,0.433217897972706
7424,0.0887877469069839
7425,0.1462799606335565
7426,0.0345410422452141
7427,0.9826035593804354
7428,0.1639491243783585
7429,0.9264138877973233
7430,0.9516095962096868
7431,0.0329413461138389
7432,0.0133493391208911
7433,0.2656271842101692
7434,0.3015474093729437
7435,0.5082332025535377
7436,0.9446325310551678
7437,0.0712417613916893
7438,0.942615931478471
7439,0.038428334328742
7440,0.0037064437806331
7441,0.9201826162205936
7442,0.0309644933577759
7443,0.0723591083860331
7444,0.0871209342107647
7445,0.9608383527138008
7446,0.2718177869634618
7447,0.9474240546209246
7448,0.318382598656404
7449,0.5986312074728903
7450,0.2417968701719731
7451,0.1868515445565716
7452,0.0140440349857426
7453,0.9380461981557532
7454,0.0135850394317892
7455,0.1761566061785311
7456,0.0942395083364059
7457,0.030147526770361
7458,0.0371711428890321
7459,0.2183341651450408
7460,0.0263195368811735
7461,0.0517977678747879
7462,0.7817048942925259
7463,0.185283810782888
7464,0.0895173729930233
7465,0.0074217765908187
7466,0.0045873959652243
7467,0.7979173985018964
7468,0.2440921282525106
7469,0.035706356030756
7470,0.1640465346280532
7471,0.7796359114813809
7472,0.1803290848993697
7473,0.0273052821099553
7474,0.0099204330229881
7475,0.0510040216962943
7476,0.004560882939481
7477,0.0488826363364419
7478,0.005535285928771
7479,0.0186645133032235
7480,0.6506500825296333
7481,0.064937641308774
7482,0.0043925715081013
7483,0.9972360933357908
7484,0.0127789561311879
7485,0.0122141835905394
7486,0.2911964359447126
7487,0.166432794877329
7488,0.0502634512499963
7489,0.0544571255313808
7490,0.0032695608044432
7491,0.1892297539763555
7492,0.086889418278275
7493,0.0722952067984828
7494,0.0158621298201187
7495,0.0212233909266925
7496,0.1364124699964017
7497,0.0277962117062486
7498,0.0493946320059595
7499,0.00674419001524
7500,0.0753891490046289
7501,0.2305923774040505
7502,0.4977380752488207
7503,0.948945179052672
7504,0.0176184691629645
7505,0.0943028633980563
7506,0.0234812449100423
7507,0.0527986637941095
7508,0.7445920689644505
7509,0.2692891307713679
7510,0.928408841590964
7511,0.0566754845779198
7512,0.1381724951053695
7513,0.0041914146336008
7514,0.0367493839872976
7515,0.2543735270397504
7516,0.0790862054565764
7517,0.0100924800949897
7518,0.0182080711769965
7519,0.9782095147708684
7520,0.039779571331026
7521,0.008605809645407
7522,0.0178927645008129
7523,0.9357911260007892
7524,0.2261239354504755
7525,0.976174246546106
7526,0.0101440022312945
7527,0.9977555410402584
7528,0.139615159529793
7529,0.0490923247606858
7530,0.0664577677456507
7531,0.0045186301983951
7532,0.9738700672038006
7533,0.1512273054401432
7534,0.0194035893233489
7535,0.9008717885164838
7536,0.8598352274690911
7537,0.1095855078651412
7538,0.0074572812986371
7539,0.0177486429395182
7540,0.6728331161123221
7541,0.0253533210655451
7542,0.8709097607293126
7543,0.1420434074233657
7544,0.0411689062437202
7545,0.8541461208756853
7546,0.9973924122779516
7547,0.0846651223923159
7548,0.1226555778656963
7549,0.2097382955296071
7550,0.0691327128548597
7551,0.9777315803163412
7552,0.2649951701568604
7553,0.2954713397780369
7554,0.1830779180241755
7555,0.949214397647132
7556,0.1314467149586782
7557,0.0119348777951558
7558,0.2317612008978558
7559,0.1148616995899209
7560,0.6775876550029867
7561,0.2543048876455163
7562,0.0652220125366806
7563,0.04371404373118
7564,0.4047744754761154
7565,0.0704029847399118
7566,0.5619930410662741
7567,0.8053684389273699
7568,0.0492711577660911
7569,0.9821136982228712
7570,0.0893952667103465
7571,0.0101324782848998
7572,0.0534065866498975
7573,0.0134402264987565
7574,0.0242997014802974
7575,0.103979636272913
7576,0.0129689028541367
7577,0.1087396897195218
7578,0.0167509514387495
7579,0.9201013084595272
7580,0.9878127802745512
7581,0.1107086114959784
7582,0.5383514750347375
7583,0.962192623087566
7584,0.0169091367583438
7585,0.5707374104730447
7586,0.1116616501360956
7587,0.9388627743258906
7588,0.0054583179653257
7589,0.9214586324525812
7590,0.3222080935409405
7591,0.0818399387589833
7592,0.0201513900371265
7593,0.0202784311739814
7594,0.0777262519738158
7595,0.9930959736612284
7596,0.0162375890225179
7597,0.9003886372559384
7598,0.4981004154720175
7599,0.0503951948664802
7600,0.0285413811626744
7601,0.0114320860923058
7602,0.0221660872481494
7603,0.9063889268276536
7604,0.0315501972566598
7605,0.1705086810741875
7606,0.8263823215899153
7607,0.2711058959114973
7608,0.0256555766763571
7609,0.0067033875027861
7610,0.0978635453070091
7611,0.0137906022081259
7612,0.0594546047463834
7613,0.0440734114196507
7614,0.0955608658804858
7615,0.8183360651710052
7616,0.4971384582183108
7617,0.0261084138345531
7618,0.3620750148875685
7619,0.1730924740688045
7620,0.0275711959547737
7621,0.088911271381712
7622,0.9683307052089484
7623,0.981882818616469
7624,0.038903169430287
7625,0.0564921564124433
7626,0.2286335703512135
7627,0.9886052546082376
7628,0.9596967534805488
7629,0.1220637218833335
7630,0.986782303831603
7631,0.04604314181636
7632,0.2312069745164087
7633,0.4217657545520871
7634,0.0055225281016896
7635,0.3336625213609737
7636,0.401313580259362
7637,0.5294743043834469
7638,0.9720219894619364
7639,0.0054419305445223
7640,0.0608066063869819
7641,0.1425694317609713
7642,0.1164535191006067
7643,0.0785301167578675
7644,0.003648100817497
7645,0.2565331220298767
7646,0.0419524387862199
7647,0.0653760563952931
7648,0.0057856660697978
7649,0.0280721522771443
7650,0.9742597174772
7651,0.9784584789874392
7652,0.4675043363129451
7653,0.0135497349742499
7654,0.0538858218865358
7655,0.973237057677036
7656,0.5830315012704412
7657,0.4484563546237755
7658,0.0922351909815126
7659,0.5321113916434003
7660,0.1445091663925588
7661,0.0618643977854529
7662,0.0230120723601086
7663,0.2561072363536047
7664,0.6907029127720261
7665,0.0033490661025942
7666,0.0120711623455048
7667,0.0354830289843507
7668,0.0144217188508843
7669,0.0800853040639422
7670,0.2393524363117514
7671,0.7534998162897415
7672,0.9475625131495472
7673,0.9010015049850852
7674,0.0960003698843869
7675,0.1535941053738508
7676,0.0780313694167225
7677,0.1340492882580307
7678,0.3590457336907711
7679,0.0396503681120519
7680,0.0048862129257107
7681,0.0027901923369147
7682,0.0026189114614486
7683,0.8525306490508273
7684,0.0144905587028189
7685,0.9472152180867854
7686,0.9972206681211406
7687,0.0095966003329104
7688,0.0853135962591375
7689,0.8853154413974371
7690,0.032115728698326
7691,0.0242597259816444
7692,0.2058942295704799
7693,0.2453718024429286
7694,0.5602895295745365
7695,0.0050323623892616
7696,0.1522582929761108
7697,0.4860757526925792
7698,0.0061204466822645
7699,0.0883655022656392
7700,0.0208932982418417
7701,0.0767815746333845
7702,0.24837751265834
7703,0.981305670629674
7704,0.8940201799571125
7705,0.0079492438522611
7706,0.1964882473595483
7707,0.3552409931863029
7708,0.0224401210885282
7709,0.0355988043503851
7710,0.0278042040695056
7711,0.0682065940020448
7712,0.0119878599187546
7713,0.4854049727494001
7714,0.0037530353787295
7715,0.2857212461323555
7716,0.0042590987346998
7717,0.0462128559568726
7718,0.5462221676459731
7719,0.9301811732757768
7720,0.180352464631151
7721,0.039974207903998
7722,0.0698886073136274
7723,0.3306082809403782
7724,0.0338858235846989
7725,0.0352145785722271
7726,0.6213236411159931
7727,0.9693883171240718
7728,0.0359223236053949
7729,0.8103836326600014
7730,0.7547826908516113
7731,0.1781920757748583
7732,0.9902650009673462
7733,0.0101190549803928
7734,0.0487736551462464
7735,0.0855928798446059
7736,0.0128151955166793
7737,0.2824565091736205
7738,0.1451321934368095
7739,0.1338836120533154
7740,0.9979896325446472
7741,0.9975587288358352
7742,0.0234058060334384
7743,0.3108789690094327
7744,0.977125891650197
7745,0.9603284901265792
7746,0.0720029021230753
7747,0.8589984267299129
7748,0.3033031972159289
7749,0.2510412422109779
7750,0.0337008576867647
7751,0.0424577582320725
7752,0.972133178069862
7753,0.1735364575547726
7754,0.0174202375428308
7755,0.472495770633091
7756,0.4268973819577869
7757,0.0868923861022793
7758,0.7730789502379649
7759,0.1510926697850549
7760,0.0456244461559708
7761,0.5104550408338534
7762,0.0989343084793302
7763,0.2465220262600659
7764,0.0758344514908458
7765,0.0450543661174231
7766,0.0070717991036854
7767,0.0758528646177746
7768,0.9969839083200404
7769,0.7952169045409827
7770,0.717365938358814
7771,0.2804139439941937
7772,0.0174549395868535
7773,0.1654752341333805
7774,0.9623517410341756
7775,0.683774436926162
7776,0.0201829850465458
7777,0.1368927369499228
7778,0.9687936155715636
7779,0.8886813531396711
7780,0.0741391176234728
7781,0.1225294004044449
7782,0.9587692253331735
7783,0.0472450393986819
7784,0.0844460735970709
7785,0.9964940612321048
7786,0.955232092980968
7787,0.959849424929114
7788,0.9796988786664144
7789,0.2070680548409844
7790,0.9777082762723436
7791,0.993405107787644
7792,0.9346082489592172
7793,0.2917746217365891
7794,0.9660993008169184
7795,0.7430927797775646
7796,0.0501213720785193
7797,0.0306332230519768
7798,0.0326673086532296
7799,0.9977125598063544
7800,0.3483339788365412
7801,0.4542330597001243
7802,0.0149303372591202
7803,0.0036057066124809
7804,0.0087017150180908
7805,0.1290594881448911
7806,0.8733379797420502
7807,0.9300890382864482
7808,0.6556984349761908
7809,0.0210580587042113
7810,0.9769408083860588
7811,0.977752771995428
7812,0.055094400492934
7813,0.945002726839786
7814,0.9797602048437444
7815,0.3198005837482621
7816,0.2691769850802599
7817,0.0027267418955704
7818,0.0048501625416176
7819,0.0993503185477978
7820,0.0286742816898082
7821,0.0043020440923225
7822,0.1423721738198139
7823,0.9823785867200114
7824,0.0059216087761307
7825,0.9831376593576766
7826,0.3361465417879102
7827,0.1614434546894445
7828,0.9910093123274804
7829,0.7703340531839039
7830,0.3409866309173678
7831,0.9540854932547664
7832,0.0942317530329144
7833,0.9984914544207878
7834,0.0048222009258605
7835,0.0573409799461815
7836,0.9844168414214156
7837,0.0193090298646864
7838,0.023513130155486
7839,0.0514876959424285
7840,0.9792016756249842
7841,0.0267171821150505
7842,0.1416244207066508
7843,0.0595720804885179
7844,0.8385610201486744
7845,0.0098891339669364
7846,0.8632869487316142
7847,0.0041704130690827
7848,0.6159585461187099
7849,0.869728562770179
7850,0.1176195409704058
7851,0.0031574677975159
7852,0.706270314304621
7853,0.0060305533370724
7854,0.1465905851990626
7855,0.9411792188943396
7856,0.0362531821050353
7857,0.0457748402259247
7858,0.0222970544085847
7859,0.9710849930552208
7860,0.2986015339434777
7861,0.3565988023917224
7862,0.1388605729351761
7863,0.0376260594414398
7864,0.0636698362868908
7865,0.0259980576077782
7866,0.9550444083756828
7867,0.0100826352383049
7868,0.7195295428623534
7869,0.7807512881314332
7870,0.4118814735862232
7871,0.0520506310706283
7872,0.2465432098950745
7873,0.9858407209215568
7874,0.9722659936033092
7875,0.0239350264366207
7876,0.1405258847839551
7877,0.9121919810421196
7878,0.9977695902101578
7879,0.9762370363510378
7880,0.9896918484229416
7881,0.3641549944850897
7882,0.9651075938718632
7883,0.4307323901704076
7884,0.0089151241778343
7885,0.0550918495115142
7886,0.0091796477489976
7887,0.0296068914764618
7888,0.9771385208319604
7889,0.0168653570187987
7890,0.8891548241608079
7891,0.0382937453505369
7892,0.2581755798108692
7893,0.6203661900197524
7894,0.0025352861596873
7895,0.2617492686915433
7896,0.0245954719706236
7897,0.0653715695712241
7898,0.0856564572313279
7899,0.0760868178267586
7900,0.297966816731823
7901,0.1458839197391732
7902,0.0263955110502774
7903,0.7841125672208091
7904,0.0054354943732036
7905,0.1062885967951096
7906,0.3838684502037922
7907,0.6446633587953318
7908,0.6108159308617804
7909,0.0619186373344001
7910,0.0294415821763961
7911,0.9923660116484568
7912,0.0334763896587406
7913,0.0127412816766608
7914,0.0171751341695159
7915,0.8818253142239294
7916,0.0316305399045987
7917,0.8196405963545723
7918,0.0568742190762674
7919,0.1403368956904011
7920,0.95787642831861
7921,0.1650197455577911
7922,0.030560882322009
7923,0.0094794276127932
7924,0.0245207483067769
7925,0.109821647871624
7926,0.1133343302702817
7927,0.1234784335615732
7928,0.2358547441763471
7929,0.0689560698211752
7930,0.8552050882259672
7931,0.0119561902807885
7932,0.0176723344398718
7933,0.0286155463409352
7934,0.0085424823531503
7935,0.4726458254586019
7936,0.0920015603903022
7937,0.4071303515154819
7938,0.2049759588851799
7939,0.0558876478741938
7940,0.2627904021254073
7941,0.0165996138160316
7942,0.0116719302571946
7943,0.2836504474553725
7944,0.0353280084224546
7945,0.0063078625966791
7946,0.4236225446739489
7947,0.076764441205978
7948,0.1632374183433391
7949,0.9611832153193284
7950,0.0620370748101913
7951,0.9729939340788905
7952,0.9252862210615104
7953,0.6627621437784839
7954,0.1581676628015424
7955,0.3305502158557397
7956,0.1469721183597992
7957,0.0342124704453691
7958,0.6521701234817423
7959,0.0390237463655455
7960,0.0316947447271462
7961,0.1200051179545482
7962,0.026893207377653
7963,0.6354530804089554
7964,0.1423514191093663
7965,0.0868337729174002
7966,0.9673758324515896
7967,0.0171995511388228
7968,0.8493266236679665
7969,0.0066417316850309
7970,0.994740871318009
7971,0.0026947156750718
7972,0.0130181830614739
7973,0.0131051265486792
7974,0.004383766022204
7975,0.2796524450245643
7976,0.8590884106110491
7977,0.0162289713592645
7978,0.8957898635476801
7979,0.030418515454351
7980,0.8097715957395761
7981,0.0621018756969208
7982,0.0414464746573847
7983,0.248728031742158
7984,0.0100547852440298
7985,0.010230564178856
7986,0.0305022969185801
7987,0.0637641707903322
7988,0.0597637070937321
7989,0.0100849156992402
7990,0.3105011349315351
7991,0.9852439986603196
7992,0.269864847824788
7993,0.2480272728869474
7994,0.9323476084303955
7995,0.0294007205580909
7996,0.5193180578503737
7997,0.965563457628642
7998,0.0724980432033595
7999,0.9826617233492102
8000,0.0070128780444088
8001,0.0193199763141043
8002,0.922801950673148
8003,0.0479891148433372
8004,0.1241228320879196
8005,0.0783172333932495
8006,0.1167344766028687
8007,0.1036072802605544
8008,0.3279981902523845
8009,0.009653228515635
8010,0.0857875303390007
8011,0.207773169499936
8012,0.2732143338184057
8013,0.1401771380132025
8014,0.9804509886832276
8015,0.1790146826535535
8016,0.0570652798752116
8017,0.1566591250573862
8018,0.7298051246763912
8019,0.0238994622528346
8020,0.0035944200823061
8021,0.0340531095708556
8022,0.0896170509688564
8023,0.1222836124764813
8024,0.8813678529942299
8025,0.0153459871461047
8026,0.9386414679277594
8027,0.0072006230442265
8028,0.265810421089518
8029,0.2208166283286355
8030,0.2349406433186535
8031,0.7955581988494287
8032,0.0421773080753328
8033,0.0033077467721897
8034,0.2416940904616158
8035,0.1626130927125277
8036,0.003865329521805
8037,0.0161862069551824
8038,0.0321408767657282
8039,0.0071137681583388
8040,0.0077954541196194
8041,0.0299880329026573
8042,0.7724123717037061
8043,0.7086402007408913
8044,0.0225547803885778
8045,0.0491202422383491
8046,0.0217517663785678
8047,0.3394935331603206
8048,0.9979975547950186
8049,0.0367519342686157
8050,0.2243022037311314
8051,0.974672047916186
8052,0.0061718867513017
8053,0.976648454380564
8054,0.0078468466682481
8055,0.0988394050536447
8056,0.9854592943440376
8057,0.97948183806524
8058,0.1384321893243896
8059,0.0708011569120825
8060,0.001976445416509
8061,0.0433563916791978
8062,0.6567655202258026
8063,0.02710434736487
8064,0.3467193110400506
8065,0.5648885143902442
8066,0.3090860268919736
8067,0.6818497223399189
8068,0.0204498129737694
8069,0.1350967426285536
8070,0.5823527375216908
8071,0.9702613983609272
8072,0.1939956131839079
8073,0.987596971615134
8074,0.9081227925599652
8075,0.0052326438534396
8076,0.990087569940199
8077,0.9870759455451696
8078,0.1038253451718798
8079,0.9905466448589956
8080,0.1181497211782083
8081,0.1599576702761429
8082,0.0072562989317726
8083,0.930580401374218
8084,0.0033008051657008
8085,0.7034408539921582
8086,0.0086136891554108
8087,0.0116840548404227
8088,0.0472047328706442
8089,0.9463476110740104
8090,0.0525874703179003
8091,0.9926643086330482
8092,0.9805551286002196
8093,0.0682028513783017
8094,0.7112875133119616
8095,0.0163200400997935
8096,0.9924642962696636
8097,0.0158915995757567
8098,0.0054896559093259
8099,0.7829718483711675
8100,0.1081310065245496
8101,0.195892860074893
8102,0.0051405553001965
8103,0.0073413181249252
8104,0.9635850274859634
8105,0.2264678910771806
8106,0.0032108420737459
8107,0.2012100788131345
8108,0.7573803215131509
8109,0.7329041689318002
8110,0.167200163712246
8111,0.0083057003273446
8112,0.9608148430832776
8113,0.0465748403018863
8114,0.026531921705779
8115,0.0811288678885668
8116,0.9777777369544264
8117,0.840228288349572
8118,0.2004380699330464
8119,0.0589412942081054
8120,0.0805049128137688
8121,0.0041998520498871
8122,0.9740126407181596
8123,0.0191631251950104
8124,0.1140806516582982
8125,0.01793821368143
8126,0.4189938182168934
8127,0.982922695169518
8128,0.1988624994306013
8129,0.0173323362734738
8130,0.6178676603883402
8131,0.1114014980732496
8132,0.0095175297581398
8133,0.0408643045997829
8134,0.9736057649297865
8135,0.7068606830170772
8136,0.1167511077571616
8137,0.0533635087670085
8138,0.004635871114579
8139,0.0532638448559763
8140,0.0065851215531446
8141,0.023171638843229
8142,0.2379341653923335
8143,0.0920338062602324
8144,0.1063038672260548
8145,0.3824297789335872
8146,0.0203895685430356
8147,0.2287227012420391
8148,0.0948648706392795
8149,0.4536685600066737
8150,0.0244697457503646
8151,0.99010676119208
8152,0.8098387184083778
8153,0.022694569945776
8154,0.1086772999579208
8155,0.1956194462640819
8156,0.0274226068925315
8157,0.0481637217031123
8158,0.1486042251056828
8159,0.0062596230967382
8160,0.8401652431256041
8161,0.1989082724437325
8162,0.0164497121411641
8163,0.0075670949503075
8164,0.3309009077738564
8165,0.0156997490131039
8166,0.0953218086184525
8167,0.974841401005084
8168,0.1028999331292634
8169,0.8816994052634918
8170,0.2521671049285783
8171,0.053139038754032
8172,0.381048842659153
8173,0.6918264780477419
8174,0.0893436227050566
8175,0.8627537925875255
8176,0.0924198195851585
8177,0.1348664378882841
8178,0.6377498347706716
8179,0.0890393543718554
8180,0.004684592446704
8181,0.1158569717865512
8182,0.9706839762795116
8183,0.428713152275389
8184,0.0236239850962752
8185,0.045058654807639
8186,0.3639598989918033
8187,0.5795176195214594
8188,0.9811827112639612
8189,0.2084538249273773
8190,0.1485038346741942
8191,0.0407481971667789
8192,0.9740854874164776
8193,0.0406808942517137
8194,0.02555759131332
8195,0.029311310612255
8196,0.9798547611633432
8197,0.1682876059595609
8198,0.6437213396405902
8199,0.0288412633469849
8200,0.3950612112981794
8201,0.1743935116114363
8202,0.0104160449252356
8203,0.0732932040285523
8204,0.7242362036839488
8205,0.0562169912786091
8206,0.0590857269439145
8207,0.176274802137141
8208,0.9912159074486888
8209,0.8418148474370744
8210,0.2493132098767557
8211,0.0280743032222003
8212,0.0030126609591783
8213,0.004059250863615
8214,0.9015778440579914
8215,0.1833623653444631
8216,0.086170914505375
8217,0.4786863480859989
8218,0.2617187402208513
8219,0.0053073663979527
8220,0.0780719223946754
8221,0.958742023207962
8222,0.0204059590464413
8223,0.2211094891745717
8224,0.2082405700294665
8225,0.3994600152649062
8226,0.2040674393804563
8227,0.0157421841142668
8228,0.0172977075757601
8229,0.0037858655060317
8230,0.2891945312616087
8231,0.031102947313224
8232,0.9976864465081098
8233,0.0374793559961396
8234,0.3917972719934772
8235,0.9698922111905156
8236,0.9838067001212204
8237,0.0132548339427625
8238,0.0114143864940832
8239,0.0303812596798908
8240,0.938934148080954
8241,0.994247937305058
8242,0.0141173159038336
8243,0.0871282681077778
8244,0.116411081623167
8245,0.0866094614747124
8246,0.1379160304019162
8247,0.9895650750798332
8248,0.3960491373042586
8249,0.2431554011430796
8250,0.369682291761198
8251,0.1409474447669514
8252,0.1919354244295871
8253,0.2941882961683477
8254,0.2091374784607734
8255,0.8345595787770854
8256,0.1653006368920801
8257,0.0026813987067766
8258,0.5988101353083958
8259,0.452850541444602
8260,0.0055152478249962
8261,0.0146056993174125
8262,0.3250794719979168
8263,0.0824290076696823
8264,0.0075799241673812
8265,0.0566120487578935
8266,0.2413628928816305
8267,0.9772661745297784
8268,0.0392779821010827
8269,0.4968188073323999
8270,0.0253956138894565
8271,0.1399403193651403
8272,0.1713047739267478
8273,0.1578745940884082
8274,0.1185782039686279
8275,0.9800134031829086
8276,0.0987322189986243
8277,0.2085105880046698
8278,0.1099592565075918
8279,0.1237867950598099
8280,0.1487760134208403
8281,0.0045398053345113
8282,0.0171078924229626
8283,0.9957640222115932
8284,0.2610603426412177
8285,0.9552329101271622
8286,0.0271871450647814
8287,0.0228667049927778
8288,0.9225088797559482
8289,0.5627586547514869
8290,0.0231410161420237
8291,0.0122293824855939
8292,0.0035573757645475
8293,0.2473976961794903
8294,0.5702098987782805
8295,0.3519984453580074
8296,0.0289489751650266
8297,0.8500346807124722
8298,0.492165377049487
8299,0.9907249659180112
8300,0.0186186895830431
8301,0.0100305397815695
8302,0.0279579863992064
8303,0.0244976484607981
8304,0.0675526832762091
8305,0.0148860344279625
8306,0.6688169268461759
8307,0.9789123985218652
8308,0.0062024389809085
8309,0.2017274429975024
8310,0.135604560870569
8311,0.9869551602248524
8312,0.9388815167333586
8313,0.1749902124995676
8314,0.115280736391114
8315,0.9908969802786772
8316,0.6325388050355975
8317,0.0238093971598566
8318,0.0101263029734513
8319,0.0312889751936898
8320,0.0158356586209409
8321,0.017826544004343
8322,0.7603201537174353
8323,0.0913242482924563
8324,0.0182444464012104
8325,0.0122944708320639
8326,0.2416770935792508
8327,0.0188274750527453
8328,0.0363971670628657
8329,0.2208232197927039
8330,0.9925071255055888
8331,0.2635172035039802
8332,0.3110945391210339
8333,0.003824602041012
8334,0.7116847316019181
8335,0.892230851212349
8336,0.5980833735383739
8337,0.0784612826884353
8338,0.0062245704100035
8339,0.1207948665551336
8340,0.0409553745835986
8341,0.2164546319480548
8342,0.9747053110650306
8343,0.0437974702010339
8344,0.9547059223808434
8345,0.0239170001029491
8346,0.938034451637044
8347,0.1587850976616595
8348,0.2307989871688405
8349,0.1577152662743466
8350,0.2230082071807348
8351,0.0224768176663855
8352,0.9696807002529996
8353,0.590197480416883
8354,0.0072670960326757
8355,0.9185009588998764
8356,0.0435413111450975
8357,0.285142981511263
8358,0.0803604724052073
8359,0.7144950575596347
8360,0.988480477307847
8361,0.2425396212642611
8362,0.9707002965167696
8363,0.1312336120478393
8364,0.9969036251842184
8365,0.7552886947045743
8366,0.0229321264013104
8367,0.4645577617062286
8368,0.8168154374698842
8369,0.007733791974654
8370,0.1010530464881566
8371,0.7313119184400871
8372,0.1150232676442306
8373,0.5837172282780689
8374,0.1484066810083572
8375,0.1886578934835253
8376,0.0752953818844146
8377,0.0225037832977355
8378,0.1596475809492351
8379,0.0070182654993796
8380,0.4663218130338656
8381,0.4862396295737985
8382,0.9984203635818176
8383,0.0180328464047029
8384,0.0064115857278753
8385,0.0507872067190536
8386,0.8797491355364873
8387,0.9785475024316664
8388,0.1455932489407251
8389,0.1174987370021566
8390,0.0071249662968076
8391,0.0577817595262138
8392,0.0080460276134771
8393,0.7446505748685854
8394,0.5004978193400969
8395,0.2226451047887646
8396,0.100919934328932
8397,0.9976884321617498
8398,0.9817111412945492
8399,0.0985691569183586
8400,0.2342272612145565
8401,0.7683869778705679
8402,0.9213457569132067
8403,0.6876054351892477
8404,0.0411202231756039
8405,0.8912808387508755
8406,0.1227116951549803
8407,0.9878276983275308
8408,0.0044090898511074
8409,0.027461857063823
8410,0.0398765031134502
8411,0.1221434578673948
8412,0.0646078038117679
8413,0.0706610049934543
8414,0.0326304071119404
8415,0.3267413046474531
8416,0.0052855006866422
8417,0.0690872810507544
8418,0.0159523340131473
8419,0.8446426090221137
8420,0.0178047861381959
8421,0.9977514154342276
8422,0.038854264582199
8423,0.2744719888349004
8424,0.0031250364907675
8425,0.6674373409448668
8426,0.9974464803140548
8427,0.450775848081162
8428,0.9679505651772556
8429,0.0856727816594655
8430,0.0282878528339954
8431,0.5054902025202699
8432,0.0197679274501642
8433,0.8194863010827524
8434,0.1810419672955817
8435,0.0503357639468764
8436,0.9121885926704848
8437,0.8098994764398247
8438,0.0297253761398382
8439,0.0760126123848024
8440,0.0318295312300256
8441,0.5265760046471875
8442,0.012673154618602
8443,0.280659240487538
8444,0.0450398581119472
8445,0.0143997233000318
8446,0.0176570661475866
8447,0.2714610466579389
8448,0.0532952342870192
8449,0.4940128366338298
8450,0.0249732529100674
8451,0.0654063274613145
8452,0.0047809548865871
8453,0.9972757711936894
8454,0.4335700048220891
8455,0.2921498075759448
8456,0.3854429468714812
8457,0.0404910577329098
8458,0.995218039286892
8459,0.3027226823955464
8460,0.1666165364303202
8461,0.0603246264665037
8462,0.053063155554074
8463,0.0283165065185661
8464,0.0595502600707687
8465,0.0127200118814864
8466,0.9475359181562591
8467,0.0056275751643482
8468,0.8149166788237188
8469,0.1521161618585987
8470,0.0299510525737893
8471,0.9894788310599172
8472,0.9893028460818072
8473,0.0506869897524389
8474,0.0105616599672032
8475,0.9179468104451296
8476,0.1288412871723725
8477,0.4162137505549433
8478,0.6157772806483852
8479,0.0088715704817227
8480,0.0114125653810711
8481,0.0052011733973316
8482,0.0124709811253644
8483,0.0084130209008454
8484,0.1920380628131886
8485,0.0746917644645617
8486,0.1948763405140907
8487,0.0396583021908849
8488,0.0023141413546602
8489,0.766473643320477
8490,0.0737612305759805
8491,0.9174994577905318
8492,0.6602460629360987
8493,0.008227631866538
8494,0.0265219302037202
8495,0.9647040032887916
8496,0.2323947029358552
8497,0.0638361857054682
8498,0.0585660869380483
8499,0.2579362461207318
8500,0.0430256314072262
8501,0.0757125811140194
8502,0.1104557257194457
8503,0.7365959083393356
8504,0.052683648791441
8505,0.008324109345569
8506,0.04487457326178
8507,0.0397340075127435
8508,0.0409667159535933
8509,0.0174587877363144
8510,0.0457124685432304
8511,0.0181904177647942
8512,0.0195715416011251
8513,0.0114007985329306
8514,0.0410691988601879
8515,0.1488216477249455
8516,0.0353029372144043
8517,0.0350860007529719
8518,0.167797904685411
8519,0.0207317590043455
8520,0.0097616341961896
8521,0.0922701963098854
8522,0.8329059655440632
8523,0.0766593970863943
8524,0.98960027374857
8525,0.0070484119302351
8526,0.7754614315765277
8527,0.0356603969344311
8528,0.0610469537305336
8529,0.6847480347711978
8530,0.5988225202724349
8531,0.850766671881472
8532,0.6884374327315708
8533,0.0145887081987315
8534,0.0117314680978773
8535,0.9940875454083542
8536,0.139429133235141
8537,0.0877603980018085
8538,0.4154609878895621
8539,0.0333610772909465
8540,0.1327615419972717
8541,0.1831107888763146
8542,0.0748450996066077
8543,0.9422637111445956
8544,0.97696477024665
8545,0.1555646662883086
8546,0.0362779382985418
8547,0.1423372306065575
8548,0.256363861940417
8549,0.1036564771586539
8550,0.0716541080855902
8551,0.143697191760757
8552,0.0314868191072647
8553,0.0887744606973581
8554,0.294840636471006
8555,0.0395882777471856
8556,0.1851548611027821
8557,0.7701181093104452
8558,0.9817701407499242
8559,0.855237007074108
8560,0.9745846158247056
8561,0.716644200749937
8562,0.1027761658629812
8563,0.0943241224576133
8564,0.0307451370984916
8565,0.0228344598061849
8566,0.9237528189106836
8567,0.8719057226585323
8568,0.9675232283659988
8569,0.1900011772703429
8570,0.6578592622674867
8571,0.0375785112933874
8572,0.9981190867201322
8573,0.1663738933221597
8574,0.0513059594240124
8575,0.0612354650482725
8576,0.0059862603176202
8577,0.8352193692659691
8578,0.9680903302071712
8579,0.0550573185494221
8580,0.4690094775506769
8581,0.5448104340975681
8582,0.0158731576539464
8583,0.4355963592773343
8584,0.8828535650510512
8585,0.0282091871605295
8586,0.0575747565355806
8587,0.0601560155067362
8588,0.1204140817829727
8589,0.0119410185297504
8590,0.3481008522456238
8591,0.9840271320817674
8592,0.0991837224306187
8593,0.0794697631659554
8594,0.0064523669820093
8595,0.95420787351111
8596,0.3783569752991216
8597,0.0100847764160457
8598,0.8607474118258837
8599,0.8126095558995444
8600,0.0754660978373369
8601,0.0512995624700745
8602,0.0780192054425111
8603,0.1562960509340261
8604,0.5210320525926007
8605,0.0301349779857721
8606,0.0446169764986642
8607,0.4762490085692562
8608,0.969444519368565
8609,0.0170313402725744
8610,0.0441590749103081
8611,0.6169639027186146
8612,0.095442332343921
8613,0.9887206492898248
8614,0.9519642115058516
8615,0.1829186999234135
8616,0.0603274288470862
8617,0.0345279242695804
8618,0.6644614083120073
8619,0.0363352278667173
8620,0.0554835650920092
8621,0.9272823375963708
8622,0.1396446430529659
8623,0.9280707466753048
8624,0.0161381316999607
8625,0.100310549122366
8626,0.0650415785187462
8627,0.0433286737986312
8628,0.4663638552254938
8629,0.0091559671255832
8630,0.9529163713075208
8631,0.1422768766366167
8632,0.0602398709725348
8633,0.9418038266717704
8634,0.1011168238082484
8635,0.8626311765940208
8636,0.91957736088648
8637,0.9828969473653316
8638,0.0187395903965199
8639,0.5450234978409234
8640,0.0290564114489742
8641,0.1475635263253378
8642,0.0036657732722143
8643,0.9245714290623728
8644,0.0041620894112213
8645,0.0052882297703429
8646,0.3499468631135729
8647,0.4592892571543907
8648,0.0425582884025086
8649,0.2520909597024047
8650,0.0031727486382262
8651,0.0056155057129046
8652,0.7689679626149064
8653,0.0032884147647209
8654,0.0179498138230141
8655,0.005654937187078
8656,0.0128308128505282
8657,0.2400040640932246
8658,0.1399963045120401
8659,0.0383886413510672
8660,0.0052481500764424
8661,0.2440570207512348
8662,0.0038565290601633
8663,0.0728663001765779
8664,0.006933005088578
8665,0.0092626709264926
8666,0.9516834164786618
8667,0.030878740611456
8668,0.02245273579125
8669,0.2558027856634719
8670,0.0032530889030662
8671,0.4669232604779497
8672,0.948216343175047
8673,0.0210803651726564
8674,0.0633334049952533
8675,0.9708157800368888
8676,0.9501412610161832
8677,0.0061414083213805
8678,0.0500887105302176
8679,0.1022342789492973
8680,0.1983414543389034
8681,0.1936838127109957
8682,0.9604952673564512
8683,0.5425861791275606
8684,0.2191390920882992
8685,0.0077310652162655
8686,0.0890928369861961
8687,0.0245765333384553
8688,0.9653950692703628
8689,0.0897802515688901
8690,0.0374652467730021
8691,0.9872399053404112
8692,0.1170401016041967
8693,0.0218415079562371
8694,0.9981403468788408
8695,0.981281561793628
8696,0.0314789780327445
8697,0.9744410542411828
8698,0.1294691572857665
8699,0.0471546093742049
8700,0.0581908900833953
8701,0.9509518410016352
8702,0.0231278707862774
8703,0.0694737215719931
8704,0.0028398645521203
8705,0.3501712264122124
8706,0.9978672560602504
8707,0.0189145917935066
8708,0.0154632438734043
8709,0.0140910156516394
8710,0.1264241882517025
8711,0.0210249881900704
8712,0.0355108108912771
8713,0.1568576237290839
8714,0.8221821979122579
8715,0.020227488069718
8716,0.0130197031370511
8717,0.3931673412757246
8718,0.9512893165863844
8719,0.0196765339948677
8720,0.0390963117552632
8721,0.0407663164404793
8722,0.9578128487637856
8723,0.005162643419753
8724,0.0063376145727647
8725,0.028722433987932
8726,0.0238632473198865
8727,0.0156855731622503
8728,0.2022673064268529
8729,0.9979367039273686
8730,0.8095518683997349
8731,0.5742878394400235
8732,0.8499581363079057
8733,0.8591606820580543
8734,0.0087470889366984
8735,0.0894906612016431
8736,0.8474536270972555
8737,0.910244824826341
8738,0.1679627071264548
8739,0.3662256917730452
8740,0.978909364331176
8741,0.9857261143351106
8742,0.9943061278546166
8743,0.0550944521744781
8744,0.0057572996722201
8745,0.1173497513641027
8746,0.174496547877435
8747,0.1201773235415091
8748,0.0401257836714787
8749,0.0743061495620465
8750,0.0407282552553935
8751,0.1313190290710888
8752,0.6050647433819878
8753,0.9625292247218156
8754,0.1893700947385026
8755,0.9792765883489282
8756,0.1930951217563841
8757,0.149384836408588
8758,0.0303456088378129
8759,0.2427588563981065
8760,0.0078718087809612
8761,0.773033319908764
8762,0.0203164824468115
8763,0.9860378120134652
8764,0.2372028565444175
8765,0.1520845319907307
8766,0.003594785395418
8767,0.149364533457016
8768,0.0402620079310818
8769,0.0847548412095327
8770,0.0350307472093953
8771,0.0054151806608681
8772,0.0176783201679773
8773,0.0323705530329477
8774,0.7754159284386666
8775,0.0060311735994071
8776,0.0290144823160686
8777,0.3546399835919718
8778,0.0693151818827844
8779,0.0314782771876539
8780,0.004666881778
8781,0.9610841898952563
8782,0.0910121371647203
8783,0.0293249746783882
8784,0.0067287027599077
8785,0.0101188580125586
8786,0.075032010144662
8787,0.0092106244842731
8788,0.971976215555246
8789,0.0506379743323348
8790,0.9412037794169218
8791,0.1378431338859659
8792,0.0598482224178052
8793,0.0553766422968709
8794,0.9234541894996928
8795,0.7580393761636761
8796,0.0062368415031343
8797,0.8820934680753207
8798,0.6498101815212807
8799,0.0204142120907372
8800,0.0104774234206231
8801,0.0113451228787557
8802,0.015166290320777
8803,0.6294682585943789
8804,0.0093395286414436
8805,0.0611335191134055
8806,0.1610872312056519
8807,0.0241075857262792
8808,0.5146190311373969
8809,0.2857657303553878
8810,0.0206672250503694
8811,0.2860062890107587
8812,0.9706381299899084
8813,0.0090515733080942
8814,0.6403243639666424
8815,0.9426064616441848
8816,0.9212406817889812
8817,0.9891753837504456
8818,0.941559023117577
8819,0.2191460991958126
8820,0.5376734818995978
8821,0.069013637095028
8822,0.7243919214492539
8823,0.9518070783021494
8824,0.0131959134292196
8825,0.0296024408996832
8826,0.1076811755300887
8827,0.5676053938887022
8828,0.3226339566076577
8829,0.0623671679080774
8830,0.0258849269866078
8831,0.0416983237680972
8832,0.3317252276001002
8833,0.0157596497414362
8834,0.5703898962540302
8835,0.0058426717750591
8836,0.0563451936258106
8837,0.118719183857315
8838,0.2970220482641937
8839,0.1364551118482779
8840,0.0533927725925346
8841,0.9913456486447768
8842,0.9701134251288526
8843,0.0510455607899889
8844,0.5451586805901261
8845,0.1346107295761814
8846,0.0131121430082249
8847,0.0699448363684897
8848,0.976848020955548
8849,0.0759004412021672
8850,0.9614675006824036
8851,0.1105234774621383
8852,0.3677872689968566
8853,0.2514061421401167
8854,0.0026066733009632
8855,0.0326196490938067
8856,0.023793457386673
8857,0.0425509405315384
8858,0.0880593742009712
8859,0.4798581101429732
8860,0.0681245418661863
8861,0.0663910554821621
8862,0.0814214193323896
8863,0.2275330445301207
8864,0.006698928365148
8865,0.693314346760179
8866,0.9705326603753324
8867,0.0248554830862468
8868,0.7507043752058177
8869,0.5394446763254558
8870,0.0360537717465884
8871,0.342962657055758
8872,0.0669719107929052
8873,0.0080650180116275
8874,0.4017555423341248
8875,0.0946598453263838
8876,0.0132057466861797
8877,0.9969159099315116
8878,0.001844420706947
8879,0.0814930966632765
8880,0.0158725248713317
8881,0.1510657602618256
8882,0.1467531811146769
8883,0.2026238800638181
8884,0.9677567171368056
8885,0.3201431738473322
8886,0.0988492467071816
8887,0.0398200514752707
8888,0.0235589246922641
8889,0.0137118504452702
8890,0.1386014532672919
8891,0.2344676668581249
8892,0.1559067055952932
8893,0.3680708318524518
8894,0.1427089629221607
8895,0.9828233002730844
8896,0.3635351658592862
8897,0.5395714429510254
8898,0.5331527837855828
8899,0.0691390121766976
8900,0.2052554904701359
8901,0.3659984115725113
8902,0.9977758151297536
8903,0.5628217575549028
8904,0.6184460395534157
8905,0.6207797887065205
8906,0.9632619565214416
8907,0.0775813596441565
8908,0.0717587336772345
8909,0.9148376240581868
8910,0.5728920768764242
8911,0.0112393774510248
8912,0.2929706842390467
8913,0.0308408401041807
8914,0.1108916956601766
8915,0.0790333905791882
8916,0.0122087053843732
8917,0.0613154718669761
8918,0.0523411792829101
8919,0.2582800894463545
8920,0.0624118144816606
8921,0.1374817656496814
8922,0.9746780548723109
8923,0.0472878175353713
8924,0.5994986517555732
8925,0.5472255960074985
8926,0.0157078277567171
8927,0.7038671487130059
8928,0.9154990968351988
8929,0.6953132920403124
8930,0.4586351456418647
8931,0.0692032411206145
8932,0.9729058496601056
8933,0.0515942536330156
8934,0.1191527081216585
8935,0.7023548579985675
8936,0.8796834154196185
8937,0.0215139882523273
8938,0.9694705780040274
8939,0.0926883476087284
8940,0.1525147697292097
8941,0.0041935685143847
8942,0.3298218902046681
8943,0.3351522838733152
8944,0.6296286548560163
8945,0.4754732388120811
8946,0.1299450730787092
8947,0.9774038155779392
8948,0.1409548258535417
8949,0.5231571076368452
8950,0.8712922428335236
8951,0.9927054527735208
8952,0.1852637970839638
8953,0.0264676963264042
8954,0.0195420662409101
8955,0.9708469007383018
8956,0.8104505705688664
8957,0.9698610167009224
8958,0.9418931776901835
8959,0.218342064389008
8960,0.0119371394141219
8961,0.9261371049883228
8962,0.0153406225879499
8963,0.9760978713068044
8964,0.30208527209596
8965,0.0207787898610529
8966,0.1844195830374113
8967,0.0176709800214188
8968,0.0171956527368912
8969,0.0113058359087939
8970,0.0045544067444963
8971,0.0169182874243487
8972,0.0075860142621444
8973,0.3658792209418894
8974,0.034169630130046
8975,0.7129880280141563
8976,0.1082508504747788
8977,0.0519932016298615
8978,0.4751885464477638
8979,0.0038612471723124
8980,0.010304059169931
8981,0.822332200644293
8982,0.0333303986806399
8983,0.5380129625475721
8984,0.0049271534996593
8985,0.0269042139484111
8986,0.0080696974010812
8987,0.0265689471547483
8988,0.0065052089642832
8989,0.2683424801028644
8990,0.0154544124813435
8991,0.1431176327442145
8992,0.0157496169785269
8993,0.0679770983092467
8994,0.981660972013449
8995,0.521931319824499
8996,0.0113839339007643
8997,0.9862951135000196
8998,0.0357300997609957
8999,0.0871331039262132
9000,0.0749266262114971
9001,0.1762407338144043
9002,0.0155899917871184
9003,0.959495051775492
9004,0.2276931243303667
9005,0.8371207690748237
9006,0.9668756014360752
9007,0.2175490891188234
9008,0.0527404047057243
9009,0.1058973542449311
9010,0.8190422023636597
9011,0.9629890529668717
9012,0.0124252959479366
9013,0.0080926906133528
9014,0.0860248169559068
9015,0.0167468618491389
9016,0.3179901480216818
9017,0.0672355991639874
9018,0.910918869294975
9019,0.1922100250668452
9020,0.0466434603418792
9021,0.3024472804163407
9022,0.0259132025300336
9023,0.238635106484427
9024,0.0579493236071756
9025,0.5280500342661371
9026,0.0861671763571854
9027,0.9967266779914392
9028,0.0542973713861422
9029,0.0157131748847408
9030,0.5943957860442245
9031,0.1481001785403882
9032,0.1614044976439439
9033,0.9874527816532304
9034,0.0366948389899395
9035,0.0162935776748275
9036,0.0169247144355606
9037,0.0433436200277833
9038,0.1475786171034021
9039,0.1569387949007102
9040,0.0285070100275939
9041,0.4789604553256197
9042,0.1022697997461809
9043,0.5366597894294081
9044,0.0073482978927217
9045,0.0528735059010782
9046,0.0160662946571091
9047,0.0818638816872357
9048,0.0846908667691514
9049,0.9807428323521308
9050,0.089775884247239
9051,0.9701350121215936
9052,0.0318980525811288
9053,0.0177283885525117
9054,0.0676900903085125
9055,0.339070806314758
9056,0.5408138018476887
9057,0.043742387040948
9058,0.99616724775754
9059,0.0495669403832262
9060,0.0362112799564725
9061,0.2483853102794181
9062,0.9721842737702372
9063,0.024559364823917
9064,0.0258351849003944
9065,0.3875957293427401
9066,0.0945339191157862
9067,0.3198071202743072
9068,0.0191015707652613
9069,0.0191285022682777
9070,0.0721661189005166
9071,0.1068573969831266
9072,0.859092539373485
9073,0.5957190098436574
9074,0.972870558777514
9075,0.004634248959589
9076,0.9418856812576312
9077,0.0132737798432049
9078,0.1567823186070406
9079,0.5323152807777389
9080,0.7941355008817651
9081,0.1068219570465738
9082,0.5083430988207482
9083,0.3781760161050652
9084,0.0358025506215476
9085,0.9810730276382564
9086,0.8918837238879623
9087,0.9857094179036172
9088,0.8779503333848506
9089,0.162179162951069
9090,0.2983370886866722
9091,0.3145760464611892
9092,0.3178739687875854
9093,0.0166537583938192
9094,0.0263042670522283
9095,0.6873172066509967
9096,0.9492429203629762
9097,0.0070607930710797
9098,0.0665873492218499
9099,0.1251211473576414
9100,0.0073613170783694
9101,0.905598847162332
9102,0.0497473179387352
9103,0.7782701192717494
9104,0.2318931636629391
9105,0.0957344033592434
9106,0.1201818877829712
9107,0.0158184635655944
9108,0.376633285196174
9109,0.1286342639839808
9110,0.0025808086578171
9111,0.9323981142116649
9112,0.0095744801120104
9113,0.557192658582506
9114,0.0178388549822738
9115,0.857614912202471
9116,0.0505596199988899
9117,0.9243755541986648
9118,0.2191400278799146
9119,0.6011125352857764
9120,0.0526310080927088
9121,0.543649880659096
9122,0.0685275163721831
9123,0.2435352046155152
9124,0.0128965632333076
9125,0.6091276311347062
9126,0.0944739558372103
9127,0.034535976228242
9128,0.0059184288673244
9129,0.0165213209618365
9130,0.3999003292025316
9131,0.9771006394119977
9132,0.0891033110231159
9133,0.0214538711063784
9134,0.0763998799668379
9135,0.4743842743766721
9136,0.0088847764575942
9137,0.0591873048828147
9138,0.033839405347653
9139,0.0250943816103006
9140,0.9637562627420664
9141,0.0350119517068551
9142,0.0262152130782847
9143,0.8945715192577892
9144,0.0972619526713542
9145,0.0375943895134519
9146,0.0095335629107121
9147,0.0892492911307943
9148,0.1978454165841131
9149,0.1020461718433951
9150,0.1663040053164327
9151,0.0068599648954148
9152,0.7471324290609613
9153,0.1830577626316254
9154,0.9462704889254244
9155,0.9752983338160794
9156,0.6523306757772095
9157,0.9715499559332904
9158,0.337155670376036
9159,0.0049825530801102
9160,0.2950941277687577
9161,0.0151350321310514
9162,0.0608686469866266
9163,0.0039790074062264
9164,0.0273321017069091
9165,0.0272124298167152
9166,0.9707450823558832
9167,0.0098515995658831
9168,0.444521592832126
9169,0.9784517178798396
9170,0.8550089281456336
9171,0.9426123048490272
9172,0.8770417140772628
9173,0.3333917120133766
9174,0.0394418443228988
9175,0.0962727052009922
9176,0.0119426682693066
9177,0.2416581849616388
9178,0.4196347856102081
9179,0.0917358643126871
9180,0.0123967483439928
9181,0.2468746260463451
9182,0.0046396586118716
9183,0.0179217105416592
9184,0.4154047247332586
9185,0.0393879323309049
9186,0.1253887829711924
9187,0.0198858920430254
9188,0.0150136413581295
9189,0.8997661411020943
9190,0.0104533346735789
9191,0.0692247547169263
9192,0.98797433608886
9193,0.0028476299187549
9194,0.0159832420389736
9195,0.0110927417172948
9196,0.6763396958004805
9197,0.0148116463533508
9198,0.0084189220120584
9199,0.0700715835729136
9200,0.0829841397408839
9201,0.9982276178999776
9202,0.0507139764021484
9203,0.039070595755754
9204,0.1147480069009905
9205,0.0040608047025768
9206,0.3914804033109977
9207,0.4910256428002799
9208,0.0051821886784257
9209,0.0187256115866362
9210,0.9480512609868564
9211,0.8769983133762367
9212,0.5379462861916267
9213,0.0666583984628204
9214,0.0113500861476593
9215,0.0817396736543586
9216,0.3220307837380247
9217,0.0304202526072946
9218,0.1571730283641305
9219,0.0254528582293319
9220,0.0169287377470446
9221,0.308306560107696
9222,0.0812317730494005
9223,0.979621689837007
9224,0.1229495153326424
9225,0.981524509994565
9226,0.9545764098960215
9227,0.0447430321014567
9228,0.0072320449029602
9229,0.0094019822473298
9230,0.1413697253930889
9231,0.0613397977743428
9232,0.9341027498410346
9233,0.0063051482079533
9234,0.0681597561522736
9235,0.0946138971482045
9236,0.0131614654837891
9237,0.0682211379481184
9238,0.1783601858478096
9239,0.1104706107855001
9240,0.7457611119852678
9241,0.1979958249308316
9242,0.0028287928595239
9243,0.9692522227270396
9244,0.0166434782490113
9245,0.0551898589533122
9246,0.2199783192397398
9247,0.0382981217698039
9248,0.978143945940324
9249,0.9953763996475458
9250,0.0256212529314672
9251,0.6166396433065924
9252,0.0046530002401075
9253,0.0036958506709314
9254,0.1958276738439341
9255,0.9945352442438812
9256,0.0769771696551379
9257,0.4232770159035773
9258,0.8629684929392611
9259,0.0182888536202259
9260,0.0858873227263982
9261,0.9618545723013652
9262,0.7330605824898506
9263,0.0157164435768391
9264,0.0380769966521584
9265,0.0144367017522821
9266,0.8321080611232488
9267,0.782983205721491
9268,0.0649572236225242
9269,0.8856979071266173
9270,0.0094899362162059
9271,0.0029872385893641
9272,0.0714091770946421
9273,0.0306296068719087
9274,0.0247628425922633
9275,0.0174925282797944
9276,0.0154028666122435
9277,0.0752176206040934
9278,0.9902197265123344
9279,0.0871632783803038
9280,0.5144269434855142
9281,0.96990828235705
9282,0.1937308384520385
9283,0.826054585884453
9284,0.0605582546152698
9285,0.2911510461367249
9286,0.0958260793397659
9287,0.6884789954347543
9288,0.1113657661779196
9289,0.0697569247443756
9290,0.059101797590959
9291,0.0525881103188114
9292,0.2928578107104251
9293,0.2235891379565354
9294,0.0851807905748401
9295,0.1762359889589023
9296,0.1101130454309431
9297,0.9871704043349252
9298,0.053303223336531
9299,0.005079661608089
9300,0.1499216330910958
9301,0.2837841449211241
9302,0.0552695486092886
9303,0.0514172499532332
9304,0.0608694146409524
9305,0.0059459357568312
9306,0.1200556672862721
9307,0.4658332168955428
9308,0.9895648024195228
9309,0.9696985494142248
9310,0.0414379216734826
9311,0.7971099676807356
9312,0.8458782576947365
9313,0.9225820387666392
9314,0.0146945935259605
9315,0.5854587076815173
9316,0.935925926575373
9317,0.3709247860730599
9318,0.0049255239720828
9319,0.0566195610608826
9320,0.0184703822752789
9321,0.9193979957927656
9322,0.9090086071289728
9323,0.2778339848257509
9324,0.0131027976333581
9325,0.0500166864470645
9326,0.2724778031505189
9327,0.0741060057271319
9328,0.55992971366968
9329,0.0672580394741951
9330,0.8204311931210437
9331,0.0887668819351532
9332,0.0279161983870604
9333,0.0401726621884253
9334,0.3456948270502257
9335,0.0312991704669382
9336,0.0484211775892913
9337,0.7733259862196258
9338,0.0842735491457792
9339,0.2216838534086631
9340,0.0574699057660239
9341,0.0231516466675061
9342,0.0377001722006337
9343,0.016066128949526
9344,0.0566052528340594
9345,0.0038376746231493
9346,0.0389619527897862
9347,0.0240905969282465
9348,0.0294583328966459
9349,0.0678099791231022
9350,0.091361212809239
9351,0.0217798632892994
9352,0.0933791885922142
9353,0.0295488542616094
9354,0.0322152994488037
9355,0.3139784488983652
9356,0.5189456104615716
9357,0.055596045463013
9358,0.271136576209668
9359,0.9877380533835098
9360,0.1352393605868829
9361,0.0053661156261696
9362,0.0218872521518645
9363,0.1583619967454273
9364,0.4632817181309114
9365,0.0052551581817881
9366,0.1273678778732944
9367,0.9750653928194536
9368,0.0835844224370563
9369,0.0414864235643066
9370,0.9838882854810356
9371,0.3189841773131174
9372,0.0146432017489754
9373,0.0060969030006715
9374,0.0226568984594411
9375,0.1735592199653974
9376,0.7876488058689313
9377,0.0687394304903978
9378,0.997836918814086
9379,0.096357782717711
9380,0.0548774311778435
9381,0.9876832898147956
9382,0.1878791532053029
9383,0.963502753202412
9384,0.2840537959774962
9385,0.9833137095257324
9386,0.0050756765904443
9387,0.3905158376011587
9388,0.4019421858824726
9389,0.6418772236408321
9390,0.0109854636605419
9391,0.2150246958917354
9392,0.0209724738766461
9393,0.0331909510470673
9394,0.2890348954301431
9395,0.9541011177101196
9396,0.0243417262273111
9397,0.9970047165285384
9398,0.0167692747833129
9399,0.0061110602723877
9400,0.2300612136271873
9401,0.0234787069334176
9402,0.0681132128813462
9403,0.0104169445787432
9404,0.985379352544737
9405,0.6859043306950355
9406,0.0020287218619133
9407,0.0029158794775061
9408,0.4693267644471597
9409,0.2170675165612937
9410,0.7840045965390398
9411,0.1605338996762247
9412,0.0407862661833268
9413,0.0276336916255455
9414,0.0211765516567679
9415,0.2203251583641062
9416,0.0388963932485259
9417,0.0256342010253317
9418,0.0442063139765471
9419,0.4090147330161769
9420,0.9891953567589052
9421,0.0991076499780906
9422,0.9953139151604738
9423,0.0571440302999153
9424,0.9296342146747404
9425,0.9916179439606132
9426,0.3396416449039146
9427,0.1229507974986812
9428,0.0805854921781184
9429,0.6441482907910218
9430,0.0020078395461652
9431,0.9173178388434527
9432,0.0099358345981734
9433,0.9046989687910424
9434,0.0102093083460253
9435,0.99823100234083
9436,0.990860938220572
9437,0.0049251397145963
9438,0.3323301793395243
9439,0.0060355686254194
9440,0.2273360327766366
9441,0.5826230883723281
9442,0.0824436870304434
9443,0.0435240211629569
9444,0.0725503605125502
9445,0.9304474239007484
9446,0.0074435118507421
9447,0.9730823801110742
9448,0.0470621604283536
9449,0.023622267285295
9450,0.0290002621087397
9451,0.0127042465148607
9452,0.9925055492076368
9453,0.4013686245509318
9454,0.030395228431047
9455,0.0286977594681028
9456,0.0058440370019425
9457,0.458128454298069
9458,0.0075209249582172
9459,0.2769077679128116
9460,0.0350012680728843
9461,0.9199388875363804
9462,0.3467834429271619
9463,0.0626121481037516
9464,0.1303559367451916
9465,0.0068282546318963
9466,0.5653155834664453
9467,0.908556863563874
9468,0.1044952523984515
9469,0.0026941918508865
9470,0.973395826948578
9471,0.0086129913432248
9472,0.9403267175468352
9473,0.0776692133276212
9474,0.9688896764335252
9475,0.0254824087993246
9476,0.0348440657593053
9477,0.0886496140491481
9478,0.4111072162591203
9479,0.1970417894958848
9480,0.9042754758591306
9481,0.9538330150016978
9482,0.170189823856674
9483,0.9783745779932014
9484,0.0914640453229264
9485,0.2631002501809964
9486,0.9681564913780694
9487,0.9246445315275394
9488,0.9786762552390588
9489,0.262109883737169
9490,0.0174338956290027
9491,0.0287451807216571
9492,0.9859137218051984
9493,0.1075824525410709
9494,0.1114388668970954
9495,0.0042408425556812
9496,0.0135128769010061
9497,0.0445737761521689
9498,0.5144032952325661
9499,0.9781409427752272
9500,0.2005747116928511
9501,0.158161621883092
9502,0.9698154538377451
9503,0.9802673472250596
9504,0.3171504125256472
9505,0.7624106251466212
9506,0.9910414932722402
9507,0.0203342630123585
9508,0.0256172349080616
9509,0.1460156175975374
9510,0.0257714588280167
9511,0.1253907188795605
9512,0.4381451265921365
9513,0.7786254139252684
9514,0.1644578672571624
9515,0.0813659280920429
9516,0.3913667247322229
9517,0.0337727068884259
9518,0.0233472291345948
9519,0.0258950639637725
9520,0.0031720506441064
9521,0.016789081257505
9522,0.4474014737322405
9523,0.0765619906470501
9524,0.0481926275162448
9525,0.0030471752128948
9526,0.4069984694290736
9527,0.0615074977193988
9528,0.0717946427460959
9529,0.3063101410665859
9530,0.0400758026460477
9531,0.0507305422695197
9532,0.0225559591225678
9533,0.3432982274564572
9534,0.8836044999780548
9535,0.6729422279426519
9536,0.011074722203983
9537,0.9932814126772636
9538,0.0377297204428082
9539,0.3619248034062301
9540,0.9885914219465136
9541,0.2549174238424256
9542,0.4032772057194878
9543,0.0102526586310895
9544,0.0145284938933482
9545,0.0810928854062513
9546,0.9819961500220185
9547,0.4023185540282925
9548,0.0117452723118745
9549,0.216998297841359
9550,0.7979422025498724
9551,0.6598247324510396
9552,0.9683811508883372
9553,0.3335849156256593
9554,0.98305880188917
9555,0.4546432343415102
9556,0.0164384619516746
9557,0.9659044447526276
9558,0.1704688016366997
9559,0.0995980256382307
9560,0.0023526988029163
9561,0.0743233298945595
9562,0.992622967521261
9563,0.1178983461809295
9564,0.9768891102757848
9565,0.0059089134084392
9566,0.0943260688193321
9567,0.9925671918178518
9568,0.0323199771659652
9569,0.07031097648881
9570,0.0620662495357784
9571,0.0657336106411921
9572,0.1507598930889219
9573,0.934339423869014
9574,0.5738749960969896
9575,0.0796206470412168
9576,0.9704203514451256
9577,0.1933450011584866
9578,0.0089354086072521
9579,0.0102313672014317
9580,0.9352136995395202
9581,0.9412654198506348
9582,0.0071199937697972
9583,0.9242559985617484
9584,0.9305830223649804
9585,0.0554496095626145
9586,0.009581667615666
9587,0.0121445619432511
9588,0.948872017681599
9589,0.0378475138447192
9590,0.1354407459197749
9591,0.2384754389719104
9592,0.5901377152595672
9593,0.0303276622109191
9594,0.9814337892310436
9595,0.9836726117214838
9596,0.0275750231550804
9597,0.8397946723088712
9598,0.9883871006382932
9599,0.0869608781984037
9600,0.878323697196239
9601,0.8421517827276945
9602,0.0105929029687873
9603,0.0811902120465283
9604,0.0944718962487272
9605,0.1233697294586285
9606,0.0035491407858909
9607,0.1548350808242271
9608,0.2605434358925555
9609,0.5458641595853482
9610,0.010466476922596
9611,0.0043601565847309
9612,0.0274936088608452
9613,0.0513365663915807
9614,0.1841802276133318
9615,0.1635080538737176
9616,0.8616489910802797
9617,0.0387496756695386
9618,0.4816787433002858
9619,0.1306229254455282
9620,0.0056752940223613
9621,0.1406194768307244
9622,0.0104525572218743
9623,0.4764279140840056
9624,0.160629244260858
9625,0.0045073643920556
9626,0.0528303218697548
9627,0.090167050894456
9628,0.9863534312140642
9629,0.8608709756943687
9630,0.9599025218680098
9631,0.9979520626511408
9632,0.9937816037592324
9633,0.0420472010355281
9634,0.0897276120166331
9635,0.9981335319310854
9636,0.9909999020920984
9637,0.0099629279865839
9638,0.0577165360474403
9639,0.1480530505515294
9640,0.1860750840471267
9641,0.0153241341875236
9642,0.0752439045152748
9643,0.0954044991514764
9644,0.969612484877188
9645,0.1960165540714407
9646,0.577851278454365
9647,0.2762972541905037
9648,0.0038879425281887
9649,0.2426147581475532
9650,0.0238778641621064
9651,0.9917211347654964
9652,0.5394045407698302
9653,0.3205007163936254
9654,0.2148460657953251
9655,0.0243658791815074
9656,0.3251830204109838
9657,0.9719289187017428
9658,0.9982349125456396
9659,0.0676806526296841
9660,0.0390861771756373
9661,0.0443299816652872
9662,0.983703458269928
9663,0.0159860737989423
9664,0.0181596763058529
9665,0.059775374648055
9666,0.0533804821678581
9667,0.1123103710170759
9668,0.2720961657695814
9669,0.0727450366520552
9670,0.206023087331549
9671,0.2534659579752442
9672,0.0740731771315689
9673,0.0566235791802927
9674,0.7535152712055581
9675,0.091552378996508
9676,0.0821801596757514
9677,0.0086175721834623
9678,0.9568656881703276
9679,0.0422138323879002
9680,0.2965417179578311
9681,0.5919270914397146
9682,0.2124053648284644
9683,0.9518477071602276
9684,0.0203896343888553
9685,0.8388141843175934
9686,0.1134811538430735
9687,0.2278202623061906
9688,0.0182424632514631
9689,0.0052457031367657
9690,0.1474997119839951
9691,0.9122794572637212
9692,0.0904757166701901
9693,0.0251051835673377
9694,0.6267894751219732
9695,0.0077674184860709
9696,0.9662150403845262
9697,0.5581314040222889
9698,0.0486104246115831
9699,0.0090287104636824
9700,0.1363918370876525
9701,0.061602613123405
9702,0.9953165811867856
9703,0.1372450917769196
9704,0.0467129455865458
9705,0.1091911496412024
9706,0.8164793061874304
9707,0.1634670732496255
9708,0.0247175816172666
9709,0.1759012862742415
9710,0.669332329928183
9711,0.0465790768719754
9712,0.5033199994005072
9713,0.4466722056674934
9714,0.0126043484184495
9715,0.0306044673142255
9716,0.1751685013274493
9717,0.0245450440466703
9718,0.0174763830805871
9719,0.075936584287602
9720,0.9843491758388307
9721,0.9708875975061648
9722,0.1147744715166376
9723,0.0137073965445447
9724,0.1114879098210729
9725,0.9127099043194682
9726,0.1789190641160741
9727,0.1069693294923059
9728,0.3541283823030517
9729,0.0137330580152966
9730,0.9730979003391228
9731,0.0271789972972745
9732,0.0041675987289567
9733,0.0127120955566926
9734,0.0694151288111752
9735,0.1862773462546904
9736,0.1242201317070117
9737,0.0332532871257508
9738,0.052495376644142
9739,0.9812656895506155
9740,0.0713886725360216
9741,0.0503228037579037
9742,0.0371806041205661
9743,0.6023129559713246
9744,0.0263441998881464
9745,0.7684799604647695
9746,0.012823023478759
9747,0.4851958850414013
9748,0.7648553821944156
9749,0.9824815332079836
9750,0.0075217213014473
9751,0.9883950013949704
9752,0.0140969316808848
9753,0.97910319245735
9754,0.2910750464126768
9755,0.9950887070318885
9756,0.0812680878934662
9757,0.9612069318568384
9758,0.2307240748323378
9759,0.0411475411821053
9760,0.006265724200001
9761,0.1609061125770575
9762,0.0048845270250574
9763,0.1019818547331708
9764,0.94047077389321
9765,0.0621707946128775
9766,0.1731047253319864
9767,0.7232331549979715
9768,0.7707787501379582
9769,0.0101024172708598
9770,0.6109249685210922
9771,0.0610324128670965
9772,0.0301387201348009
9773,0.8049742400023692
9774,0.0142374136886028
9775,0.0850399055269885
9776,0.0034859822826499
9777,0.1293604956146163
9778,0.1182199081335388
9779,0.244900882403904
9780,0.9744857926398698
9781,0.1493377372976553
9782,0.8870595704043706
9783,0.2021922100334078
9784,0.2916336325172393
9785,0.981505794755944
9786,0.7680199213381083
9787,0.1333665787861838
9788,0.0070110859792343
9789,0.317343555637243
9790,0.2963990733674727
9791,0.0722294838712514
9792,0.1202493440016005
9793,0.1383813039483403
9794,0.6864322388868733
9795,0.0488819568748869
9796,0.0385670977770135
9797,0.7844374008535526
9798,0.7893004634000986
9799,0.0689263442499499
9800,0.0457992321068023
9801,0.0150846002315522
9802,0.1305498673942557
9803,0.0179405098793664
9804,0.918739175444255
9805,0.0075272827223098
9806,0.7591742882393657
9807,0.0478471994156982
9808,0.0402723723646396
9809,0.0830857780086564
9810,0.0089948910624612
9811,0.0191773069200227
9812,0.0548887842452896
9813,0.0039859918009715
9814,0.1336906168021419
9815,0.2827332932469713
9816,0.2724316483939704
9817,0.0171903525460068
9818,0.3847614685776849
9819,0.9755992236387836
9820,0.1550142416115108
9821,0.0391937065983271
9822,0.0098700012193715
9823,0.9678277801348304
9824,0.373324696454554
9825,0.9876201700130872
9826,0.0083852210309853
9827,0.9926341768600252
9828,0.6368831458896369
9829,0.6105575586305214
9830,0.9519825012071376
9831,0.0135015421367419
9832,0.057317003485253
9833,0.166734003813131
9834,0.0665666753143041
9835,0.2396461250376853
9836,0.9851778259345972
9837,0.9950139628499332
9838,0.002901025257061
9839,0.0552459841020005
9840,0.9963793730555848
9841,0.0332137784215629
9842,0.4678290873127593
9843,0.8277320163758775
9844,0.1106535887372065
9845,0.0032066168232851
9846,0.7690111561623931
9847,0.5161584465123026
9848,0.0259371180040871
9849,0.006773597130956
9850,0.1569095810940809
9851,0.0320199136689618
9852,0.0683875721504943
9853,0.0128167485773159
9854,0.0573299324589546
9855,0.2407487870899287
9856,0.0765765526324009
9857,0.9633667955014054
9858,0.0387446355974579
9859,0.8461224190422931
9860,0.0722782755866444
9861,0.0688231754240677
9862,0.0258415824093005
9863,0.0083429987080395
9864,0.9499638912596192
9865,0.9965930593268244
9866,0.0506152923449016
9867,0.001920675938992
9868,0.4315349456870572
9869,0.0972177632037102
9870,0.8464040097398974
9871,0.9758676432149866
9872,0.0978587211523304
9873,0.0240365694611897
9874,0.9508735152672988
9875,0.1445129597254179
9876,0.0745552491430594
9877,0.1062927510227382
9878,0.0255018367571855
9879,0.8995273544087008
9880,0.0113003654589778
9881,0.9508925481147992
9882,0.9278797628946042
9883,0.0308335829159322
9884,0.032529860551948
9885,0.0320046301030898
9886,0.1174502035935641
9887,0.0236524545300607
9888,0.9780955009234856
9889,0.9974934118870086
9890,0.3294541296442903
9891,0.0345095585600561
9892,0.2165338046566355
9893,0.2990094214922279
9894,0.0738138636916273
9895,0.0594069328476954
9896,0.8419881362686324
9897,0.1053394107842172
9898,0.0360371008771621
9899,0.1443867309618592
9900,0.3035959306801636
9901,0.0788600053544829
9902,0.0545831279746306
9903,0.0628163077726515
9904,0.7775718781252654
9905,0.0759103030228308
9906,0.1404415105458316
9907,0.412205910227185
9908,0.0047931564140948
9909,0.976142582747147
9910,0.929746634897512
9911,0.1121830628490192
9912,0.0336558149029357
9913,0.0134592686432788
9914,0.126449544630606
9915,0.9494361455949046
9916,0.0543541055581883
9917,0.0567856054808179
9918,0.0150719625568334
9919,0.653785263278938
9920,0.0146485579095923
9921,0.4669981366838358
9922,0.0029111437037287
9923,0.4923997556421615
9924,0.2008720879481322
9925,0.3352562937627947
9926,0.0748864120444282
9927,0.264394257951592
9928,0.004323123529792
9929,0.9713069938744262
9930,0.9385128127369144
9931,0.5198660608824849
9932,0.2184916430302592
9933,0.2396579427735574
9934,0.0123278192041812
9935,0.947650621639158
9936,0.991853974494152
9937,0.3118421121971159
9938,0.4351789417269824
9939,0.035942121347629
9940,0.2358090816916726
9941,0.0290352975306755
9942,0.0760982475896892
9943,0.0171873565281844
9944,0.0616901708067631
9945,0.9787813789169058
9946,0.0557993441123737
9947,0.0657267710335226
9948,0.0232654243032374
9949,0.0067979113758686
9950,0.0354668418491513
9951,0.3746067638228045
9952,0.0050326751147811
9953,0.9954515591728992
9954,0.9476504438064142
9955,0.1012409155797344
9956,0.6309553229542891
9957,0.0098632258325054
9958,0.9634056723590304
9959,0.1543145612142938
9960,0.9189580002821838
9961,0.0504168544962707
9962,0.0226456647473876
9963,0.0119346157920643
9964,0.2138525323370282
9965,0.0232299152925345
9966,0.0106104134085351
9967,0.0054093670162116
9968,0.0964130297025072
9969,0.0075637474135071
9970,0.1188403993428342
9971,0.9879536549644168
9972,0.0484598895666674
9973,0.0317109727770832
9974,0.0437903674970244
9975,0.9694874401187596
9976,0.2866910787880677
9977,0.2028330060646057
9978,0.1892404886586007
9979,0.0033714467714934
9980,0.0487075820606836
9981,0.0671510503716834
9982,0.0082761781015609
9983,0.0920259898362136
9984,0.0365706794149742
9985,0.0053346671914699
9986,0.0363128635469298
9987,0.1830346593211222
9988,0.0690144487237207
9989,0.1033267669548227
9990,0.125386233324341
9991,0.9618836004608466
9992,0.0647137152313701
9993,0.0303870678421501
9994,0.5435935163677463
9995,0.0029918651273527
9996,0.2838940435689295
9997,0.6773965618131724
9998,0.9928337306604544
9999,0.1109595422523597
10000,0.2865679538685809
10001,0.9703076236142272
10002,0.4692475756787482
10003,0.1432387906594351
10004,0.0117166051423618
10005,0.9676725624994956
10006,0.9590540120924214
10007,0.0147501746688316
10008,0.9878445006523138
10009,0.960697022446015
10010,0.077345977242634
10011,0.0320832409757118
10012,0.8758967731449769
10013,0.0253680204286554
10014,0.2573120962080864
10015,0.0730473904410578
10016,0.059847761649003
10017,0.0151775424062213
10018,0.0041144682188732
10019,0.0530099311574556
10020,0.0424924006272728
10021,0.0503053220399299
10022,0.9875112746133
10023,0.981899660131268
10024,0.7386163578445316
10025,0.0457124839432944
10026,0.0283600538020847
10027,0.071713899750609
10028,0.8695236131644807
10029,0.1230855200162494
10030,0.0054038203642973
10031,0.0572151062073495
10032,0.5422215819226949
10033,0.6363623355430151
10034,0.0095976085798644
10035,0.0420386204893558
10036,0.081391974569292
10037,0.963019984430701
10038,0.0059487479231211
10039,0.4504131581515668
10040,0.131469052402935
10041,0.0062857022356971
10042,0.9547447114867064
10043,0.0447849268412269
10044,0.3096901472869336
10045,0.0180374717862327
10046,0.0077925741361591
10047,0.9160735648879345
10048,0.078043470056997
10049,0.8493769263055231
10050,0.0115538066232413
10051,0.4910247672684692
10052,0.9846880226695264
10053,0.0461357867974122
10054,0.4085171409468562
10055,0.2100866065991639
10056,0.0060898171892915
10057,0.9483396661163704
10058,0.9505028275706002
10059,0.0631032599474484
10060,0.9229095954204082
10061,0.1599115253711586
10062,0.0031676904948412
10063,0.071048858914841
10064,0.9777413603181466
10065,0.3756447534454166
10066,0.0419621858555967
10067,0.0327752843395487
10068,0.0149838108893508
10069,0.0436298176922986
10070,0.0357900905077544
10071,0.5684744205272719
10072,0.9605519104881683
10073,0.6132606858133175
10074,0.1477297213748022
10075,0.780342441883486
10076,0.9512841716889308
10077,0.0588137499206075
10078,0.025862139089981
10079,0.073677691064576
10080,0.0630988135706982
10081,0.0521953475149529
10082,0.3156874253445026
10083,0.0142548513556599
10084,0.0596430035741627
10085,0.1946099297019757
10086,0.0925604600765702
10087,0.7854821707038602
10088,0.0339516989667816
10089,0.7843146531666174
10090,0.0033530331932467
10091,0.0839741182358489
10092,0.0051634119238809
10093,0.0440097201077031
10094,0.1992028341815916
10095,0.0190601650052286
10096,0.0338147943754754
10097,0.985052323624392
10098,0.2539722085601183
10099,0.2178447480255003
10100,0.0111033015229126
10101,0.0056028217277539
10102,0.0328017126244477
10103,0.0380227209701691
10104,0.967456173276856
10105,0.005064470130811
10106,0.19808890450124
10107,0.006018194627778
10108,0.3541536441932386
10109,0.0584544354790163
10110,0.1388214313334242
10111,0.0378117342936336
10112,0.0219406871394705
10113,0.0846471786298261
10114,0.0868118578396222
10115,0.0054998603523735
10116,0.6762598358041159
10117,0.0917091431239901
10118,0.0798212257416578
10119,0.1858474868682649
10120,0.6218759000134042
10121,0.2031654285637625
10122,0.2916163957682122
10123,0.126054965030999
10124,0.0071523449629375
10125,0.0904914850394947
10126,0.9792192096587682
10127,0.0285109044675154
10128,0.0587829553414585
10129,0.0458926673161962
10130,0.1181581174770941
10131,0.7337575161680865
10132,0.2982216752012567
10133,0.0825677819647509
10134,0.9865802643343138
10135,0.0676562500174235
10136,0.0165336001243683
10137,0.006686239598529
10138,0.5308493062172608
10139,0.942030624492638
10140,0.1597169746022124
10141,0.0923208194130458
10142,0.0117371997340872
10143,0.1211027689033559
10144,0.0032765620153481
10145,0.0136907578924542
10146,0.1032881298383776
10147,0.3523981562137389
10148,0.5175876380107405
10149,0.8454585263723629
10150,0.0673450054451929
10151,0.0486492367100992
10152,0.0147600145098828
10153,0.955814687183504
10154,0.0645426031143882
10155,0.0683476792297841
10156,0.2281575579684233
10157,0.2157710051325838
10158,0.5943415926066249
10159,0.243488439653504
10160,0.9726264030119928
10161,0.0193188979567039
10162,0.9015264789863828
10163,0.996226879860782
10164,0.0072932891634422
10165,0.0121067627582025
10166,0.0038460076343808
10167,0.6575533947265902
10168,0.4496295487436872
10169,0.6854165377436168
10170,0.0074257654361623
10171,0.289388179554693
10172,0.2357305579736972
10173,0.1294039689219774
10174,0.0050383274285049
10175,0.1864766546804838
10176,0.0048696787715317
10177,0.9981593307734752
10178,0.0121997861722851
10179,0.0324003665745919
10180,0.179520806138608
10181,0.0066110263454254
10182,0.0398422499981627
10183,0.919248288070846
10184,0.9970205780709002
10185,0.9367971820778282
10186,0.2419759880496364
10187,0.040665995480787
10188,0.0569461274414377
10189,0.0073824515069748
10190,0.004064421821666
10191,0.9842247527795048
10192,0.9826667894835512
10193,0.1258948186165846
10194,0.0433788333477357
10195,0.0176501537917432
10196,0.7558287592903251
10197,0.0157732398442682
10198,0.0562944397152072
10199,0.0676988207027706
10200,0.004850478878742
10201,0.0128787934407425
10202,0.0594665797561503
10203,0.0217250151151454
10204,0.9501981496278332
10205,0.0139262909813968
10206,0.9968594830315496
10207,0.0410905401020501
10208,0.9574071354398788
10209,0.4272866188740168
10210,0.983994361467688
10211,0.6834023958155654
10212,0.8867469208983882
10213,0.2159702601823202
10214,0.128692160348435
10215,0.0367970705028151
10216,0.196370859241976
10217,0.7608456287877471
10218,0.0103771897511287
10219,0.056301594825115
10220,0.060013652358687
10221,0.0107675549196044
10222,0.0036366287851431
10223,0.9656670150624234
10224,0.9238564668201256
10225,0.0917068373458662
10226,0.0319077544404297
10227,0.9975585913379386
10228,0.0099853727944879
10229,0.4398632879908541
10230,0.9965771330958956
10231,0.014001344659157
10232,0.1249040265990676
10233,0.3632810861214272
10234,0.1187646848572823
10235,0.0246934186494528
10236,0.0468666157529769
10237,0.6106822515121287
10238,0.0910489394074542
10239,0.9547684341397276
10240,0.0794348119570787
10241,0.0203326866766122
10242,0.2355853258154471
10243,0.0693458839621354
10244,0.0065424209246217
10245,0.9759207511481914
10246,0.0396721725989276
10247,0.5179063854011995
10248,0.4110762183883933
10249,0.8110930322173229
10250,0.0063871285812849
10251,0.0338110708910321
10252,0.0199177754953874
10253,0.8203240540297952
10254,0.4204324707467941
10255,0.146248391121381
10256,0.945138820401461
10257,0.557064636806135
10258,0.0211144986280559
10259,0.0371464453909473
10260,0.978227700897934
10261,0.013854539831782
10262,0.0025405502294474
10263,0.9273943499506554
10264,0.7259090231249752
10265,0.0253050708952072
10266,0.8571304626678906
10267,0.7792709619615659
10268,0.0144832638071224
10269,0.0463925453288695
10270,0.6858574366799299
10271,0.0113962798465469
10272,0.0765259899997698
10273,0.7388096587257302
10274,0.8393614826575498
10275,0.2666002906698106
10276,0.1196123565914621
10277,0.1462640588268671
10278,0.108544790010794
10279,0.9841148646943604
10280,0.0257512539349613
10281,0.5558785791621614
10282,0.020527990717864
10283,0.5684051200721738
10284,0.2718964164523772
10285,0.0682007867542878
10286,0.0911088268375764
10287,0.254986536686876
10288,0.9348284058080484
10289,0.7596556224677758
10290,0.1159772501039309
10291,0.0446773472437017
10292,0.0158366974090461
10293,0.1991578326260964
10294,0.5856419588019722
10295,0.1397420901498487
10296,0.972805786281714
10297,0.1457365308782731
10298,0.0274979749537082
10299,0.1967719645747305
10300,0.8159888559514791
10301,0.005721920409954
10302,0.84161534129663
10303,0.0658566844422607
10304,0.1473961148087102
10305,0.0183107277055237
10306,0.8742790392120197
10307,0.1206638986788336
10308,0.0753991419867961
10309,0.0833336138533837
10310,0.0748948677415032
10311,0.1172098041531014
10312,0.9585170017554432
10313,0.1021963067214613
10314,0.0023074134491721
10315,0.7425888082647092
10316,0.1410984274919953
10317,0.0640871892840654
10318,0.3313262283873988
10319,0.0191976321011169
10320,0.1338814707584569
10321,0.0781734379629163
10322,0.1149149440376615
10323,0.0665116675358768
10324,0.0027614015393906
10325,0.2132649942607113
10326,0.6218382366708151
10327,0.0080036526947074
10328,0.9110697679752212
10329,0.2684783626630171
10330,0.0242854789080428
10331,0.070873257651999
10332,0.0309922838271683
10333,0.582546501974085
10334,0.798432057400162
10335,0.9770985859728486
10336,0.7495622065792882
10337,0.3697431686821875
10338,0.2389882658813728
10339,0.6560283868252863
10340,0.7277519478131868
10341,0.0631976171599205
10342,0.5828956062089607
10343,0.9588840826203138
10344,0.7425066249269567
10345,0.0111497995484332
10346,0.9591468446319856
10347,0.9672895416771432
10348,0.0233156449411468
10349,0.6818084031569713
10350,0.2422098532732182
10351,0.9862891737390248
10352,0.0145061501462175
10353,0.9701842503118072
10354,0.553965659073391
10355,0.0933533644695742
10356,0.109383704153586
10357,0.1055967376591727
10358,0.9844897655623032
10359,0.022370469663577
10360,0.9659527915360928
10361,0.9508264222201032
10362,0.008212443118352
10363,0.0257274955437463
10364,0.2075989831324555
10365,0.0103016836217165
10366,0.0510769365979384
10367,0.0240354764237654
10368,0.9860900315022252
10369,0.0301124318373898
10370,0.004020458986486
10371,0.3043776134907566
10372,0.0271726462792202
10373,0.4728315192860145
10374,0.9785466807627394
10375,0.0031216520157576
10376,0.0181061025794332
10377,0.1448506465603654
10378,0.6718443488914634
10379,0.0245541156780515
10380,0.1306503068482366
10381,0.0899979842462333
10382,0.8711168992420865
10383,0.998248988956784
10384,0.0600667621825944
10385,0.0639209926768959
10386,0.066094003774515
10387,0.0108214037046894
10388,0.0499236084892891
10389,0.0191640078915835
10390,0.3692308918822756
10391,0.0070382495421866
10392,0.1875552214763451
10393,0.0186930847706813
10394,0.9427064524936908
10395,0.1133829505454654
10396,0.4154079918303974
10397,0.1271166917047717
10398,0.9742103689613366
10399,0.1211508563270238
10400,0.580171686788786
10401,0.4737365995715591
10402,0.4072233472573049
10403,0.0659553536012812
10404,0.017655453134202
10405,0.73959489025131
10406,0.4239552476550503
10407,0.021092476434116
10408,0.9327244785811836
10409,0.0796914699918314
10410,0.465261186756614
10411,0.0401567674742402
10412,0.0614833221511366
10413,0.0319579227996144
10414,0.9809473314037912
10415,0.114584972645543
10416,0.4386554782750441
10417,0.0498702248637498
10418,0.9664418422703992
10419,0.184629918662162
10420,0.7910431200409694
10421,0.8244079123678604
10422,0.5844775257363776
10423,0.0994421185630174
10424,0.2493096944908638
10425,0.3763791949757454
10426,0.0356893675472744
10427,0.0746272494586279
10428,0.0163504956963459
10429,0.0207259228751695
10430,0.163223366040189
10431,0.8642665153283646
10432,0.980684206997866
10433,0.097449193518634
10434,0.0163730468120033
10435,0.0508894404231872
10436,0.0323337895439345
10437,0.0056107732099556
10438,0.0080358071029931
10439,0.0030571295759029
10440,0.002717941674053
10441,0.7797280158912683
10442,0.9578454445266372
10443,0.3498269459906413
10444,0.3788333807381561
10445,0.026406675269351
10446,0.0091277346978825
10447,0.7179559853955789
10448,0.0165506899346602
10449,0.973756057260982
10450,0.9774994772950284
10451,0.1642536824291987
10452,0.9903865044067552
10453,0.795982522414242
10454,0.1219778628476712
10455,0.016668370764842
10456,0.006207519758131
10457,0.0079286915804932
10458,0.9344473319617176
10459,0.0482264248565932
10460,0.0160737451134183
10461,0.6040515024313288
10462,0.1658076755708155
10463,0.0315148786405894
10464,0.9762782337141224
10465,0.0248916521464772
10466,0.1550211949497772
10467,0.0327196094694127
10468,0.8233874959855523
10469,0.3497869700146325
10470,0.7249496111271806
10471,0.0128881124192212
10472,0.9358997296061924
10473,0.0906434921418009
10474,0.1543075488665692
10475,0.0385218885517407
10476,0.0864160350560289
10477,0.9908725241846276
10478,0.8851943003511576
10479,0.0384552942216562
10480,0.9846260270763444
10481,0.9773973692338368
10482,0.132052452238139
10483,0.0413225944274326
10484,0.969332716198802
10485,0.039933806517886
10486,0.0854432385055365
10487,0.0857798031168616
10488,0.0370205066149234
10489,0.45566661593879
10490,0.8982649765565875
10491,0.0413002734083285
10492,0.0028704210042971
10493,0.9908719498886688
10494,0.2107931998284947
10495,0.9753610277302082
10496,0.0640064404325046
10497,0.0746618957717209
10498,0.2445601312298654
10499,0.0699919162817135
10500,0.9865605642293832
10501,0.411644580288164
10502,0.4875112561740729
10503,0.9404001025422905
10504,0.2663760971440707
10505,0.0377543036175009
10506,0.2748804445768791
10507,0.1515282233912564
10508,0.0228341617121584
10509,0.0564605193463372
10510,0.710900883110571
10511,0.2567133279389855
10512,0.0178550948519289
10513,0.0578030726516773
10514,0.9431455763463634
10515,0.009234277371112
10516,0.8672764110099633
10517,0.029352029025381
10518,0.1598210030309394
10519,0.4843325418817221
10520,0.9857267478152943
10521,0.2677575552268719
10522,0.0042626044963458
10523,0.0157156947017922
10524,0.8775369577835311
10525,0.6136427599908809
10526,0.3141566123850463
10527,0.4416578878524055
10528,0.8751618217948927
10529,0.9764784270480972
10530,0.0359419885337853
10531,0.0568978939391127
10532,0.0213231057823992
10533,0.0373437280933334
10534,0.0999349257941797
10535,0.1351005687595476
10536,0.9680212674581292
10537,0.0720120688879264
10538,0.0145802221692847
10539,0.0698264023975206
10540,0.4938397358124546
10541,0.953283509268283
10542,0.0356750230563425
10543,0.9622703435394768
10544,0.9410449537509188
10545,0.9756182335766496
10546,0.9976119075206864
10547,0.9476396460360478
10548,0.028305985441572
10549,0.9858839275904556
10550,0.2075045522759663
10551,0.0098795729080141
10552,0.0201439041998559
10553,0.05069627020766
10554,0.9015318840362024
10555,0.0803735853100492
10556,0.2943249422218167
10557,0.0742797164208518
10558,0.8751479762032285
10559,0.9758309321630314
10560,0.0544403861604645
10561,0.0026923609796704
10562,0.1352256544211142
10563,0.9408314908412212
10564,0.641040254807043
10565,0.0142303073495719
10566,0.6355297640895079
10567,0.0673935676857724
10568,0.0462094524164603
10569,0.0833897906629329
10570,0.3897614425585256
10571,0.0660931111195803
10572,0.1260511228538049
10573,0.2837004542534077
10574,0.9579470329389864
10575,0.0196830685013711
10576,0.0312581917699762
10577,0.9634666039407496
10578,0.8702371215070087
10579,0.059368282340108
10580,0.0062910193299498
10581,0.0272964528712726
10582,0.9758087335681284
10583,0.9878984930084348
10584,0.0329853864591779
10585,0.9721282391390442
10586,0.5540207923320708
10587,0.9196034945065296
10588,0.0236644419085392
10589,0.1305431911810254
10590,0.6223609897441005
10591,0.0119848742963323
10592,0.6782817945067705
10593,0.038906791780436
10594,0.0511037861596292
10595,0.0056666249252792
10596,0.1024288975688652
10597,0.9405498044898318
10598,0.1074278481754897
10599,0.076499552545343
10600,0.0811373689941571
10601,0.494661527909696
10602,0.0492201621621354
10603,0.9695747477157054
10604,0.0034774358519491
10605,0.9048414660152228
10606,0.9801332551054645
10607,0.0134010543647617
10608,0.0237242303675733
10609,0.1497547138960819
10610,0.0563690910335413
10611,0.9270923542767836
10612,0.0202414547934929
10613,0.0456277137313189
10614,0.0281718138144105
10615,0.0375064157962766
10616,0.1462148650923178
10617,0.5840186014549579
10618,0.9777884961405802
10619,0.0099076900149874
10620,0.972554363953707
10621,0.1386670018207166
10622,0.4590498931702239
10623,0.062136699087342
10624,0.1515167698763325
10625,0.1082194903412012
10626,0.1122015932605882
10627,0.1097511587055973
10628,0.1632935512802713
10629,0.0060928296821799
10630,0.9904084487950268
10631,0.0044900396196015
10632,0.0199678702986253
10633,0.0166868213380638
10634,0.3265801262911506
10635,0.9697697324387232
10636,0.6888349195244308
10637,0.9973781406503812
10638,0.1548942372735075
10639,0.2297242702255033
10640,0.181928275312976
10641,0.1454312739107928
10642,0.3201852804241555
10643,0.0063932324421214
10644,0.0182468042719689
10645,0.9969746186126192
10646,0.0086359060430933
10647,0.0052878256911363
10648,0.003199353252155
10649,0.976649784365192
10650,0.1306922153657612
10651,0.1523779868533884
10652,0.9957990768071804
10653,0.4360463596323625
10654,0.9357774462985003
10655,0.1359369770716351
10656,0.9857781323518988
10657,0.250710722524406
10658,0.2196979864682602
10659,0.0179963535933908
10660,0.0029593946260522
10661,0.9615077945799032
10662,0.0433681815736562
10663,0.1622844324321071
10664,0.0760704531348388
10665,0.0090884139159983
10666,0.6280053990032513
10667,0.2586974590382266
10668,0.6333858394527607
10669,0.0122022487253726
10670,0.017407776672708
10671,0.0065392947237409
10672,0.0039961751498207
10673,0.0958614063583698
10674,0.2941061218444347
10675,0.5122945842551365
10676,0.0267569218204842
10677,0.9864306653215592
10678,0.0581422432427942
10679,0.0391542395432004
10680,0.006008016292706
10681,0.6815955934041249
10682,0.0454858877282344
10683,0.4300640364736424
10684,0.04259794871685
10685,0.9845975272070342
10686,0.9797582354650024
10687,0.0178214242265604
10688,0.0279571005633368
10689,0.8813200572781102
10690,0.0136847387772966
10691,0.3906221312499646
10692,0.8994246392663543
10693,0.9396457990643998
10694,0.0217396336293373
10695,0.442002398245282
10696,0.0648706785834139
10697,0.0107603991673239
10698,0.951215541215222
10699,0.9984440502720808
10700,0.9129669512232372
10701,0.169913267971647
10702,0.009743692002885
10703,0.9684358236291196
10704,0.3256169327373052
10705,0.9903391178484328
10706,0.5649860066610511
10707,0.9283084850674084
10708,0.0024528172688987
10709,0.1336457558423066
10710,0.0058051939305723
10711,0.0031557531500781
10712,0.1814810749535869
10713,0.1616653767386267
10714,0.0064404308442502
10715,0.1277720179110978
10716,0.8386006248634337
10717,0.0775110328311514
10718,0.0017622267802446
10719,0.3665213088490326
10720,0.8340549494547672
10721,0.974796440963562
10722,0.96924147166736
10723,0.9597121647574464
10724,0.0101079912418679
10725,0.2070035685395958
10726,0.43926425742414
10727,0.9876098056612428
10728,0.0375121544540179
10729,0.062952446736984
10730,0.007296661510094
10731,0.997209002057375
10732,0.0541903753037198
10733,0.0655694010063768
10734,0.1197599038104551
10735,0.9877047579152236
10736,0.0040770919201038
10737,0.259527545222903
10738,0.0033693123585578
10739,0.9690762542920788
10740,0.2595213550327615
10741,0.2549887827625436
10742,0.9146187040492813
10743,0.0080771291681138
10744,0.835239499072137
10745,0.2066066002111873
10746,0.8128303924404161
10747,0.0144177178161875
10748,0.9251765284395148
10749,0.9966435784725904
10750,0.823050758301725
10751,0.0150735405232198
10752,0.0539566859514684
10753,0.1584284019442823
10754,0.1156642681677808
10755,0.0263912478014017
10756,0.1019288248458428
10757,0.7042777324057481
10758,0.5758722348084782
10759,0.0562808812319875
10760,0.2347406814034214
10761,0.0172938226879458
10762,0.1197370901314867
10763,0.4073223116233891
10764,0.977737348928327
10765,0.9074416606465736
10766,0.0298784449625705
10767,0.1123330538119215
10768,0.0055238044405892
10769,0.0707711627803649
10770,0.9889956574955772
10771,0.028712149583761
10772,0.0167545808401263
10773,0.0052555959242103
10774,0.0104059134834461
10775,0.312427359325764
10776,0.5202636792358893
10777,0.0172593948575282
10778,0.0378014818759667
10779,0.8193374471667046
10780,0.007503204634084
10781,0.0640153075417838
10782,0.0047193814086708
10783,0.8943174367014751
10784,0.1637378698857305
10785,0.3173455243334336
10786,0.9364104213079224
10787,0.0848637951689813
10788,0.0227721688406733
10789,0.9965276058876088
10790,0.2195438254961002
10791,0.0912760451924464
10792,0.0127632603790417
10793,0.8456585262103637
10794,0.1251474393069251
10795,0.3564458153116013
10796,0.0566135909216128
10797,0.0547823868534751
10798,0.7314200468695394
10799,0.3053829639772472
10800,0.1762345728919786
10801,0.0198422850331799
10802,0.0072093010784096
10803,0.038663687610034
10804,0.9898025946634994
10805,0.8408237533178994
10806,0.064355552085215
10807,0.0721381527462202
10808,0.0938737127423504
10809,0.0536668877516342
10810,0.9553548217266742
10811,0.0338277872491103
10812,0.0207172667870806
10813,0.022831896829599
10814,0.0343864000427274
10815,0.4398576179881657
10816,0.0890815793174491
10817,0.9744209520845956
10818,0.0653837188658773
10819,0.0469146338784918
10820,0.0034933349302128
10821,0.1125557155523132
10822,0.0289843978229001
10823,0.0434204358464469
10824,0.0066804879882933
10825,0.0656690999783863
10826,0.0657709044114716
10827,0.0036646075619212
10828,0.6817312560872829
10829,0.0918392854780522
10830,0.1346323135937374
10831,0.4813037814348452
10832,0.1613286541857599
10833,0.0294556450814236
10834,0.0380586464086603
10835,0.3338952209061202
10836,0.029316093832613
10837,0.432570027128426
10838,0.4039902278627115
10839,0.2014438565686661
10840,0.0122701009805672
10841,0.1606507234853517
10842,0.8937350285767887
10843,0.9828431521244656
10844,0.590266298636761
10845,0.0929292549562586
10846,0.119816723516547
10847,0.0284092546384285
10848,0.268761687004982
10849,0.0655776771650227
10850,0.1739055538840161
10851,0.183665140930302
10852,0.9264525162342426
10853,0.0440767602262983
10854,0.0020523308131465
10855,0.0106959305587643
10856,0.0835000566780227
10857,0.0223682602703261
10858,0.1500002794525076
10859,0.9838586056485784
10860,0.2651494952792948
10861,0.0689911715482572
10862,0.1200030962338837
10863,0.3121093117316077
10864,0.971588421796913
10865,0.1681124958802312
10866,0.0538708401950035
10867,0.0885102408443228
10868,0.0466284384639999
10869,0.9522782273864314
10870,0.2627541785542185
10871,0.0339253264878046
10872,0.0286244551991176
10873,0.0833720980073977
10874,0.9810476789336008
10875,0.1151010208152692
10876,0.1128259207711485
10877,0.0536137786096853
10878,0.0062652782445304
10879,0.917373523246514
10880,0.0289747706066971
10881,0.9691525753205738
10882,0.9410027851378024
10883,0.7136291744456542
10884,0.9821284151025738
10885,0.0053000190523859
10886,0.7786705553906481
10887,0.0470033432807123
10888,0.97278942104245
10889,0.0689668111682301
10890,0.777219521147342
10891,0.0176844927538486
10892,0.0052148033021391
10893,0.9288436869225376
10894,0.9819335182670405
10895,0.9648611081555868
10896,0.0830365580415212
10897,0.0270849569959992
10898,0.0193898957100508
10899,0.010139133710148
10900,0.0183603939742311
10901,0.5438347897496885
10902,0.0606848512866728
10903,0.0996602451741719
10904,0.0160055107776398
10905,0.8446065144672655
10906,0.0541041278748603
10907,0.0429569026585709
10908,0.5798472618851882
10909,0.0156022710181463
10910,0.9757819230133538
10911,0.980788349124912
10912,0.007504155732678
10913,0.9641846454343406
10914,0.9980731088606908
10915,0.6991702860448987
10916,0.9882322044709804
10917,0.148598867030519
10918,0.3642657554601076
10919,0.2108668653886662
10920,0.9798755649160664
10921,0.9908140111246224
10922,0.9641688081107612
10923,0.8506055010067106
10924,0.5772657337495242
10925,0.0504088696791106
10926,0.7598335505803087
10927,0.0423182445364549
10928,0.5827000881060368
10929,0.9529430282876266
10930,0.2001031417627837
10931,0.1493811662541052
10932,0.0181943463889463
10933,0.1261565263552621
10934,0.1936701650841448
10935,0.9395941618562826
10936,0.4322368227223655
10937,0.1465158667835685
10938,0.9836446550010292
10939,0.2862442251645754
10940,0.8790555334599428
10941,0.9931630374561158
10942,0.4468041718906633
10943,0.0061768476234676
10944,0.0242790881370605
10945,0.1542516620499845
10946,0.0218646031255824
10947,0.0512904519469918
10948,0.0032845449604683
10949,0.0205995513065139
10950,0.010098447319702
10951,0.9732791569477977
10952,0.0404005364566913
10953,0.043472327645756
10954,0.0578995196100331
10955,0.3760556158785096
10956,0.6290379544011566
10957,0.002857335028033
10958,0.0302325661014829
10959,0.0040003102448627
10960,0.9741500834561548
10961,0.3966065685609244
10962,0.6129482156909781
10963,0.2913758897337598
10964,0.002388491466365
10965,0.7418978395292003
10966,0.9313116695915368
10967,0.9708912777036716
10968,0.1618085638429206
10969,0.1010618797483062
10970,0.0610929678800159
10971,0.1307992829560582
10972,0.5077092559337542
10973,0.5389511738802822
10974,0.3652192092391517
10975,0.7592106193246886
10976,0.0751764206806395
10977,0.9686289314680436
10978,0.1112757618933955
10979,0.0040768975145032
10980,0.9750781285710706
10981,0.4907474626878387
10982,0.988902402715352
10983,0.0584488019861005
10984,0.0410325079196974
10985,0.9480357998331
10986,0.0747968013678286
10987,0.0250900217686124
10988,0.2275039113335606
10989,0.0790975695722859
10990,0.0565736641378572
10991,0.0510722682539204
10992,0.0255465758124595
10993,0.0731577120610448
10994,0.004754363711401
10995,0.214270809918523
10996,0.2544170597154371
10997,0.0190844052245279
10998,0.0298395714889335
10999,0.0521354236220785
11000,0.0295810876496565
11001,0.0175611971710644
11002,0.3982794616114741
11003,0.5326806004932589
11004,0.9878613612671524
11005,0.0057910229152971
11006,0.0064819610540493
11007,0.104239162423077
11008,0.2486968887436818
11009,0.0518844507103724
11010,0.0416617902742051
11011,0.0042008481898591
11012,0.1473574075426019
11013,0.4823272695272819
11014,0.0385969216352418
11015,0.0897509704295809
11016,0.0143592360213983
11017,0.9315423637405014
11018,0.0077083336581259
11019,0.114986897842472
11020,0.922633164058385
11021,0.0181272460645433
11022,0.3565848781992511
11023,0.0087214235556484
11024,0.874952278351088
11025,0.1108202898392213
11026,0.6587730778104613
11027,0.2733626337553131
11028,0.8781184739137358
11029,0.0213586089054421
11030,0.0464331985518107
11031,0.0196925496571394
11032,0.8980052240449296
11033,0.084871014491198
11034,0.0148468376581168
11035,0.9106212899927192
11036,0.0530716698090499
11037,0.9915847948927564
11038,0.2219083544871875
11039,0.9837218407847904
11040,0.0116318582796671
11041,0.0511118554564822
11042,0.9606779829708736
11043,0.0537402080444212
11044,0.1829360382742304
11045,0.9434572743347998
11046,0.0370815379978535
11047,0.6641221458029382
11048,0.0300328694831815
11049,0.0144022144128584
11050,0.843062905348481
11051,0.2709860717955826
11052,0.4805402021529724
11053,0.5013255685219757
11054,0.9919789403412638
11055,0.8124730688852936
11056,0.2080844635006663
11057,0.0408471367032417
11058,0.0621342881687269
11059,0.0237943621340356
11060,0.2062919956141409
11061,0.6640107772073213
11062,0.986779203672442
11063,0.0027139775215103
11064,0.8685924011352375
11065,0.9891652752398074
11066,0.0265252176227376
11067,0.0593086792828707
11068,0.9539330134120396
11069,0.9657339380237504
11070,0.0503095525984823
11071,0.0332400949988988
11072,0.9514211480905768
11073,0.0436857767816682
11074,0.9968443338214218
11075,0.0636731757631804
11076,0.1009592445066711
11077,0.0363712655030619
11078,0.6144673211225744
11079,0.0260915835670587
11080,0.0054527065654874
11081,0.0166784517110874
11082,0.8811049493353857
11083,0.1006003766937049
11084,0.0331498566127419
11085,0.1085382966774466
11086,0.2301387578576675
11087,0.0093109952496018
11088,0.0108370485878327
11089,0.9907249570854952
11090,0.9826650050961412
11091,0.0170148715458304
11092,0.9156791672061726
11093,0.840156550126435
11094,0.0745554287737436
11095,0.93517149938292
11096,0.2328169620930162
11097,0.0766204252993009
11098,0.1878679082392707
11099,0.9699294489504144
11100,0.1194559406917385
11101,0.1534631142240373
11102,0.0243123873539448
11103,0.9695593329560894
11104,0.0858030259883864
11105,0.11032305033366
11106,0.967110875174164
11107,0.9883631374977366
11108,0.1849833960557299
11109,0.9877444723324637
11110,0.0901131831633325
11111,0.9331195875348486
11112,0.0531679141947532
11113,0.0033044566951682
11114,0.1023753522546191
11115,0.2430249533639929
11116,0.1501717804531796
11117,0.9741989807982828
11118,0.1230231433328914
11119,0.9374080876966364
11120,0.0074229723486698
11121,0.1140695659501474
11122,0.0085690281457826
11123,0.9963048661186108
11124,0.7885330123791638
11125,0.989343561387468
11126,0.0621018011181656
11127,0.0805101781122567
11128,0.961836807343815
11129,0.0175087295120608
11130,0.0180206349355181
11131,0.9675872986325228
11132,0.0832823264459521
11133,0.8684213014029832
11134,0.070036172322167
11135,0.9664785609706846
11136,0.2998635615342671
11137,0.0195163500063725
11138,0.977856013814681
11139,0.0291524638311633
11140,0.9631768968852144
11141,0.0148227934435111
11142,0.1617117925122027
11143,0.9587255992086348
11144,0.0174470706253632
11145,0.1257630523113931
11146,0.9672636250111766
11147,0.0131363681649951
11148,0.990827176716968
11149,0.035286766971858
11150,0.7814559298023721
11151,0.1239677311496359
11152,0.0199157700263851
11153,0.8200585273777656
11154,0.0312967868214294
11155,0.2372081883092376
11156,0.0266260875619607
11157,0.5616184725027386
11158,0.9400060551886188
11159,0.0167777198873381
11160,0.9055436378056368
11161,0.990689639896069
11162,0.1906562329202531
11163,0.8928047921161941
11164,0.0526503416609269
11165,0.5532368369807698
11166,0.1251632981867166
11167,0.0335274596737363
11168,0.9889884745704494
11169,0.3893024891800077
11170,0.0324754744595597
11171,0.8388376162606008
11172,0.0392122871158395
11173,0.0099386042059432
11174,0.061769850940376
11175,0.2491763661256132
11176,0.0553887795522046
11177,0.9427761873323126
11178,0.0077765562494906
11179,0.0061753230519143
11180,0.9362559234930156
11181,0.3028971929450829
11182,0.9788177534956414
11183,0.5138195618360244
11184,0.0035916750891724
11185,0.9081932298369652
11186,0.0493024862651108
11187,0.9833970954462016
11188,0.0285108055302727
11189,0.265408372920097
11190,0.0720094419691712
11191,0.9965811801562896
11192,0.2559122037642724
11193,0.0970775529426592
11194,0.1089062346630598
11195,0.2076401718084366
11196,0.0109599995221917
11197,0.0618567015907915
11198,0.7740977000266337
11199,0.9374110808180924
11200,0.2227125590063773
11201,0.0109258209119898
11202,0.0029907851256972
11203,0.1333599004034605
11204,0.0167089608665369
11205,0.0656381329047968
11206,0.0048994210469371
11207,0.2011156032237866
11208,0.0149001535198718
11209,0.9820111228988784
11210,0.0319183009923596
11211,0.0923875268147687
11212,0.0808252167261588
11213,0.0058408206330569
11214,0.9104188297113832
11215,0.0528525627537515
11216,0.1153683360638644
11217,0.1943693902556448
11218,0.1199565973195474
11219,0.992169426062129
11220,0.1440311142932724
11221,0.4227082183691134
11222,0.2227109196231553
11223,0.0050582255244019
11224,0.0966290832795042
11225,0.9971246511227148
11226,0.0185872023271825
11227,0.1302425832976967
11228,0.2938257035479691
11229,0.1548140287259576
11230,0.0039465125307362
11231,0.9876569606588058
